file_name	lemma_orth	tag	response_string	rt	trial_index	time_elapsed	gender	yob	checks_passed	raw_id	user_info	total_time	coda	lemma	nv_form	v_form	resp_v	rt_upper
mondasz_mondasz_participant_SESSION_2025-10-25_23h45.50.601.csv	nyelkeng	Prs.NDef.2Sg (mondas)	nyelkengsz	4391	8	43264	férfi	2003	8 / 8	TSG226	device: no device info, screen width: no width info, screen height: no height info, user info: no agent info	1414686	ng	ṉelkeng	nyelkengsz	nyelkengesz	FALSE	9515.785399999999
mondasz_mondasz_participant_SESSION_2025-10-25_23h45.50.601.csv	nésszent	Prs.NDef.3Pl (mondanak)	nésszentenek	3693	9	47463	férfi	2003	8 / 8	TSG226	device: no device info, screen width: no width info, screen height: no height info, user info: no agent info	1414686	nt	néssent	nésszentnek	nésszentenek	TRUE	9515.785399999999
mondasz_mondasz_participant_SESSION_2025-10-25_23h45.50.601.csv	dimbeszt	Prs.NDef.2Sg (mondas)	dimbesztesz	8679	10	56647	férfi	2003	8 / 8	TSG226	device: no device info, screen width: no width info, screen height: no height info, user info: no agent info	1414686	st	dimbest	dimbesztsz	dimbesztesz	TRUE	9515.785399999999
mondasz_mondasz_participant_SESSION_2025-10-25_23h45.50.601.csv	kucont	Prs.NDef.3Pl (mondanak)	kucontanak	15462	11	72613	férfi	2003	8 / 8	TSG226	device: no device info, screen width: no width info, screen height: no height info, user info: no agent info	1414686	nt	kucont	kucontnak	kucontanak	TRUE	9515.785399999999
mondasz_mondasz_participant_SESSION_2025-10-25_23h45.50.601.csv	sajlojt	Prs.1Sg›2 (mondalak)	sajlojtlak	11395	12	84512	férfi	2003	8 / 8	TSG226	device: no device info, screen width: no width info, screen height: no height info, user info: no agent info	1414686	jt	šajlojt	sajlojtlak	sajlojtalak	FALSE	9515.785399999999
mondasz_mondasz_participant_SESSION_2025-10-25_23h45.50.601.csv	nésszent	Prs.1Sg›2 (mondalak)	nésszentlek	15895	13	100911	férfi	2003	8 / 8	TSG226	device: no device info, screen width: no width info, screen height: no height info, user info: no agent info	1414686	nt	néssent	nésszentlek	nésszentelek	FALSE	9515.785399999999
mondasz_mondasz_participant_SESSION_2025-10-25_23h45.50.601.csv	ügönt	Prs.NDef.2Pl (mondotok)	ügönttök	4428	14	105844	férfi	2003	8 / 8	TSG226	device: no device info, screen width: no width info, screen height: no height info, user info: no agent info	1414686	nt	ügönt	ügönttök	ügöntötök	FALSE	9515.785399999999
mondasz_mondasz_participant_SESSION_2025-10-25_23h45.50.601.csv	ügönt	Prs.1Sg›2 (mondalak)	ügöntelek	4928	15	111276	férfi	2003	8 / 8	TSG226	device: no device info, screen width: no width info, screen height: no height info, user info: no agent info	1414686	nt	ügönt	ügöntlek	ügöntelek	TRUE	9515.785399999999
mondasz_mondasz_participant_SESSION_2025-10-25_23h45.50.601.csv	koszkojt	Prs.1Sg›2 (mondalak)	koszkojtalak	5129	16	116909	férfi	2003	8 / 8	TSG226	device: no device info, screen width: no width info, screen height: no height info, user info: no agent info	1414686	jt	koskojt	koszkojtlak	koszkojtalak	TRUE	9515.785399999999
mondasz_mondasz_participant_SESSION_2025-10-25_23h45.50.601.csv	kucont	Prs.NDef.2Sg (mondas)	kucontasz	2811	17	120225	férfi	2003	8 / 8	TSG226	device: no device info, screen width: no width info, screen height: no height info, user info: no agent info	1414686	nt	kucont	kucontsz	kucontasz	TRUE	9515.785399999999
mondasz_mondasz_participant_SESSION_2025-10-25_23h45.50.601.csv	vutojt	Prs.NDef.3Pl (mondanak)	vutojtanak	7047	19	133043	férfi	2003	8 / 8	TSG226	device: no device info, screen width: no width info, screen height: no height info, user info: no agent info	1414686	jt	vutojt	vutojtnak	vutojtanak	TRUE	9515.785399999999
mondasz_mondasz_participant_SESSION_2025-10-25_23h45.50.601.csv	hárkont	Prs.1Sg›2 (mondalak)	hárkontalak	3925	20	137471	férfi	2003	8 / 8	TSG226	device: no device info, screen width: no width info, screen height: no height info, user info: no agent info	1414686	nt	hárkont	hárkontlak	hárkontalak	TRUE	9515.785399999999
mondasz_mondasz_participant_SESSION_2025-10-25_23h45.50.601.csv	pégeng	Prs.1Sg›2 (mondalak)	pégenglek	5698	21	143673	férfi	2003	8 / 8	TSG226	device: no device info, screen width: no width info, screen height: no height info, user info: no agent info	1414686	ng	pégeng	pégenglek	pégengelek	FALSE	9515.785399999999
mondasz_mondasz_participant_SESSION_2025-10-25_23h45.50.601.csv	sökköjt	Prs.NDef.2Sg (mondas)	sökköjtesz	3580	22	147757	férfi	2003	8 / 8	TSG226	device: no device info, screen width: no width info, screen height: no height info, user info: no agent info	1414686	jt	šökköjt	sökköjtsz	sökköjtesz	TRUE	9515.785399999999
mondasz_mondasz_participant_SESSION_2025-10-25_23h45.50.601.csv	hördöng	Prs.NDef.3Pl (mondanak)	hördöngenek	4847	23	153108	férfi	2003	8 / 8	TSG226	device: no device info, screen width: no width info, screen height: no height info, user info: no agent info	1414686	ng	hördöng	hördöngnek	hördöngenek	TRUE	9515.785399999999
mondasz_mondasz_participant_SESSION_2025-10-25_23h45.50.601.csv	lahont	Prs.NDef.2Sg (mondas)	lahontasz	5062	24	158673	férfi	2003	8 / 8	TSG226	device: no device info, screen width: no width info, screen height: no height info, user info: no agent info	1414686	nt	lahont	lahontsz	lahontasz	TRUE	9515.785399999999
mondasz_mondasz_participant_SESSION_2025-10-25_23h45.50.601.csv	csumlong	Prs.NDef.2Sg (mondas)	csumlongasz	4796	25	163973	férfi	2003	8 / 8	TSG226	device: no device info, screen width: no width info, screen height: no height info, user info: no agent info	1414686	ng	čumlong	csumlongsz	csumlongasz	TRUE	9515.785399999999
mondasz_mondasz_participant_SESSION_2025-10-25_23h45.50.601.csv	ursojt	Prs.1Sg›2 (mondalak)	ursojtlak	4827	26	169305	férfi	2003	8 / 8	TSG226	device: no device info, screen width: no width info, screen height: no height info, user info: no agent info	1414686	jt	uršojt	ursojtlak	ursojtalak	FALSE	9515.785399999999
mondasz_mondasz_participant_SESSION_2025-10-25_23h45.50.601.csv	pégeng	Prs.NDef.3Pl (mondanak)	pégengenek	6863	27	176671	férfi	2003	8 / 8	TSG226	device: no device info, screen width: no width info, screen height: no height info, user info: no agent info	1414686	ng	pégeng	pégengnek	pégengenek	TRUE	9515.785399999999
mondasz_mondasz_participant_SESSION_2025-10-25_23h45.50.601.csv	ibreng	Prs.1Sg›2 (mondalak)	ibrenglek	4330	28	181505	férfi	2003	8 / 8	TSG226	device: no device info, screen width: no width info, screen height: no height info, user info: no agent info	1414686	ng	ibreng	ibrenglek	ibrengelek	FALSE	9515.785399999999
mondasz_mondasz_participant_SESSION_2025-10-25_23h45.50.601.csv	pégeng	Prs.NDef.2Pl (mondotok)	pégengtek	5163	29	187172	férfi	2003	8 / 8	TSG226	device: no device info, screen width: no width info, screen height: no height info, user info: no agent info	1414686	ng	pégeng	pégengtek	pégengetek	FALSE	9515.785399999999
mondasz_mondasz_participant_SESSION_2025-10-25_23h45.50.601.csv	sébeszt	Prs.1Sg›2 (mondalak)	sébesztelek	3645	30	191320	férfi	2003	8 / 8	TSG226	device: no device info, screen width: no width info, screen height: no height info, user info: no agent info	1414686	st	šébest	sébesztlek	sébesztelek	TRUE	9515.785399999999
mondasz_mondasz_participant_SESSION_2025-10-25_23h45.50.601.csv	vutojt	Prs.1Sg›2 (mondalak)	vutojtalak	3129	31	194954	férfi	2003	8 / 8	TSG226	device: no device info, screen width: no width info, screen height: no height info, user info: no agent info	1414686	jt	vutojt	vutojtlak	vutojtalak	TRUE	9515.785399999999
mondasz_mondasz_participant_SESSION_2025-10-25_23h45.50.601.csv	odojt	Prs.NDef.3Pl (mondanak)	odojtanak	3597	32	199054	férfi	2003	8 / 8	TSG226	device: no device info, screen width: no width info, screen height: no height info, user info: no agent info	1414686	jt	odojt	odojtnak	odojtanak	TRUE	9515.785399999999
mondasz_mondasz_participant_SESSION_2025-10-25_23h45.50.601.csv	gíneszt	Prs.1Sg›2 (mondalak)	gínesztelek	4227	33	203786	férfi	2003	8 / 8	TSG226	device: no device info, screen width: no width info, screen height: no height info, user info: no agent info	1414686	st	gínest	gínesztlek	gínesztelek	TRUE	9515.785399999999
mondasz_mondasz_participant_SESSION_2025-10-25_23h45.50.601.csv	gyahong	Prs.NDef.2Sg (mondas)	gyahongasz	2280	34	206570	férfi	2003	8 / 8	TSG226	device: no device info, screen width: no width info, screen height: no height info, user info: no agent info	1414686	ng	ḏahong	gyahongsz	gyahongasz	TRUE	9515.785399999999
mondasz_mondasz_participant_SESSION_2025-10-25_23h45.50.601.csv	pégeng	Prs.NDef.2Sg (mondas)	pégengsz	2028	35	209104	férfi	2003	8 / 8	TSG226	device: no device info, screen width: no width info, screen height: no height info, user info: no agent info	1414686	ng	pégeng	pégengsz	pégengesz	FALSE	9515.785399999999
mondasz_mondasz_participant_SESSION_2025-10-25_23h45.50.601.csv	szicsent	Prs.NDef.2Pl (mondotok)	szicsenttek	2911	36	212519	férfi	2003	8 / 8	TSG226	device: no device info, screen width: no width info, screen height: no height info, user info: no agent info	1414686	nt	sičent	szicsenttek	szicsentetek	FALSE	9515.785399999999
mondasz_mondasz_participant_SESSION_2025-10-25_23h45.50.601.csv	fedrent	Prs.1Sg›2 (mondalak)	fedrentelek	4346	37	217369	férfi	2003	8 / 8	TSG226	device: no device info, screen width: no width info, screen height: no height info, user info: no agent info	1414686	nt	fedrent	fedrentlek	fedrentelek	TRUE	9515.785399999999
mondasz_mondasz_participant_SESSION_2025-10-25_23h45.50.601.csv	ejjeng	Prs.NDef.2Sg (mondas)	ejjengsz	3062	38	220935	férfi	2003	8 / 8	TSG226	device: no device info, screen width: no width info, screen height: no height info, user info: no agent info	1414686	ng	ejjeng	ejjengsz	ejjengesz	FALSE	9515.785399999999
mondasz_mondasz_participant_SESSION_2025-10-25_23h45.50.601.csv	zsömhöjt	Prs.1Sg›2 (mondalak)	zsömhöjtlek	5412	39	226850	férfi	2003	8 / 8	TSG226	device: no device info, screen width: no width info, screen height: no height info, user info: no agent info	1414686	jt	žömhöjt	zsömhöjtlek	zsömhöjtelek	FALSE	9515.785399999999
mondasz_mondasz_participant_SESSION_2025-10-25_23h45.50.601.csv	löllöszt	Prs.NDef.2Pl (mondotok)	löllöszttök	4412	41	238301	férfi	2003	8 / 8	TSG226	device: no device info, screen width: no width info, screen height: no height info, user info: no agent info	1414686	st	löllöst	löllöszttök	löllösztötök	FALSE	9515.785399999999
mondasz_mondasz_participant_SESSION_2025-10-25_23h45.50.601.csv	vurmong	Prs.NDef.3Pl (mondanak)	vurmonganak	2812	42	241617	férfi	2003	8 / 8	TSG226	device: no device info, screen width: no width info, screen height: no height info, user info: no agent info	1414686	ng	vurmong	vurmongnak	vurmonganak	TRUE	9515.785399999999
mondasz_mondasz_participant_SESSION_2025-10-25_23h45.50.601.csv	mörgöng	Prs.NDef.2Sg (mondas)	mörgöngsz	2714	43	244834	férfi	2003	8 / 8	TSG226	device: no device info, screen width: no width info, screen height: no height info, user info: no agent info	1414686	ng	mörgöng	mörgöngsz	mörgöngesz	FALSE	9515.785399999999
mondasz_mondasz_participant_SESSION_2025-10-25_23h45.50.601.csv	kajszoszt	Prs.NDef.2Pl (mondotok)	kajszosztotok	5546	44	250884	férfi	2003	8 / 8	TSG226	device: no device info, screen width: no width info, screen height: no height info, user info: no agent info	1414686	st	kajsost	kajszoszttok	kajszosztotok	TRUE	9515.785399999999
mondasz_mondasz_participant_SESSION_2025-10-25_23h45.50.601.csv	kernyeszt	Prs.NDef.2Sg (mondas)	kernyesztesz	3747	45	255133	férfi	2003	8 / 8	TSG226	device: no device info, screen width: no width info, screen height: no height info, user info: no agent info	1414686	st	kerṉest	kernyesztsz	kernyesztesz	TRUE	9515.785399999999
mondasz_mondasz_participant_SESSION_2025-10-25_23h45.50.601.csv	ursojt	Prs.NDef.3Pl (mondanak)	ursojtanak	7545	46	263182	férfi	2003	8 / 8	TSG226	device: no device info, screen width: no width info, screen height: no height info, user info: no agent info	1414686	jt	uršojt	ursojtnak	ursojtanak	TRUE	9515.785399999999
mondasz_mondasz_participant_SESSION_2025-10-25_23h45.50.601.csv	odojt	Prs.1Sg›2 (mondalak)	odojtalak	3047	47	266732	férfi	2003	8 / 8	TSG226	device: no device info, screen width: no width info, screen height: no height info, user info: no agent info	1414686	jt	odojt	odojtlak	odojtalak	TRUE	9515.785399999999
mondasz_mondasz_participant_SESSION_2025-10-25_23h45.50.601.csv	füppönt	Prs.NDef.2Sg (mondas)	füppöntesz	2679	48	269915	férfi	2003	8 / 8	TSG226	device: no device info, screen width: no width info, screen height: no height info, user info: no agent info	1414686	nt	füppönt	füppöntsz	füppöntesz	TRUE	9515.785399999999
mondasz_mondasz_participant_SESSION_2025-10-25_23h45.50.601.csv	sökköjt	Prs.1Sg›2 (mondalak)	sökköjtelek	2664	49	273082	férfi	2003	8 / 8	TSG226	device: no device info, screen width: no width info, screen height: no height info, user info: no agent info	1414686	jt	šökköjt	sökköjtlek	sökköjtelek	TRUE	9515.785399999999
mondasz_mondasz_participant_SESSION_2025-10-25_23h45.50.601.csv	kucont	Prs.NDef.2Pl (mondotok)	kuconttok	4063	50	277648	férfi	2003	8 / 8	TSG226	device: no device info, screen width: no width info, screen height: no height info, user info: no agent info	1414686	nt	kucont	kuconttok	kucontotok	FALSE	9515.785399999999
mondasz_mondasz_participant_SESSION_2025-10-25_23h45.50.601.csv	zöccsöjt	Prs.NDef.3Pl (mondanak)	zöccsöjtenek	3365	51	281516	férfi	2003	8 / 8	TSG226	device: no device info, screen width: no width info, screen height: no height info, user info: no agent info	1414686	jt	zöččöjt	zöccsöjtnek	zöccsöjtenek	TRUE	9515.785399999999
mondasz_mondasz_participant_SESSION_2025-10-25_23h45.50.601.csv	ibreng	Prs.NDef.3Pl (mondanak)	ibrengenek	3497	52	285516	férfi	2003	8 / 8	TSG226	device: no device info, screen width: no width info, screen height: no height info, user info: no agent info	1414686	ng	ibreng	ibrengnek	ibrengenek	TRUE	9515.785399999999
mondasz_mondasz_participant_SESSION_2025-10-25_23h45.50.601.csv	rüvönt	Prs.NDef.2Sg (mondas)	rüvöntesz	2845	53	288864	férfi	2003	8 / 8	TSG226	device: no device info, screen width: no width info, screen height: no height info, user info: no agent info	1414686	nt	rüvönt	rüvöntsz	rüvöntesz	TRUE	9515.785399999999
mondasz_mondasz_participant_SESSION_2025-10-25_23h45.50.601.csv	áhong	Prs.NDef.3Pl (mondanak)	áhonganak	5080	54	294447	férfi	2003	8 / 8	TSG226	device: no device info, screen width: no width info, screen height: no height info, user info: no agent info	1414686	ng	áhong	áhongnak	áhonganak	TRUE	9515.785399999999
mondasz_mondasz_participant_SESSION_2025-10-25_23h45.50.601.csv	nyénnyejt	Prs.NDef.2Pl (mondotok)	nyénnyejtetek	3230	55	298181	férfi	2003	8 / 8	TSG226	device: no device info, screen width: no width info, screen height: no height info, user info: no agent info	1414686	jt	ṉéṉṉejt	nyénnyejttek	nyénnyejtetek	TRUE	9515.785399999999
mondasz_mondasz_participant_SESSION_2025-10-25_23h45.50.601.csv	potojt	Prs.NDef.2Sg (mondas)	potojtasz	7796	56	306480	férfi	2003	8 / 8	TSG226	device: no device info, screen width: no width info, screen height: no height info, user info: no agent info	1414686	jt	potojt	potojtsz	potojtasz	TRUE	9515.785399999999
mondasz_mondasz_participant_SESSION_2025-10-25_23h45.50.601.csv	jököng	Prs.1Sg›2 (mondalak)	jököngelek	2844	57	309830	férfi	2003	8 / 8	TSG226	device: no device info, screen width: no width info, screen height: no height info, user info: no agent info	1414686	ng	jököng	jökönglek	jököngelek	TRUE	9515.785399999999
mondasz_mondasz_participant_SESSION_2025-10-25_23h45.50.601.csv	sittyeszt	Prs.NDef.2Sg (mondas)	sittyesztesz	3447	58	313780	férfi	2003	8 / 8	TSG226	device: no device info, screen width: no width info, screen height: no height info, user info: no agent info	1414686	st	šiṯṯest	sittyesztsz	sittyesztesz	TRUE	9515.785399999999
mondasz_mondasz_participant_SESSION_2025-10-25_23h45.50.601.csv	pömpöng	Prs.NDef.3Pl (mondanak)	pömpöngenek	3211	59	317495	férfi	2003	8 / 8	TSG226	device: no device info, screen width: no width info, screen height: no height info, user info: no agent info	1414686	ng	pömpöng	pömpöngnek	pömpöngenek	TRUE	9515.785399999999
mondasz_mondasz_participant_SESSION_2025-10-25_23h45.50.601.csv	fesszent	Prs.NDef.2Pl (mondotok)	fesszentetek	2664	60	320663	férfi	2003	8 / 8	TSG226	device: no device info, screen width: no width info, screen height: no height info, user info: no agent info	1414686	nt	fessent	fesszenttek	fesszentetek	TRUE	9515.785399999999
mondasz_mondasz_participant_SESSION_2025-10-25_23h45.50.601.csv	togyont	Prs.NDef.2Sg (mondas)	togyontasz	2612	61	323779	férfi	2003	8 / 8	TSG226	device: no device info, screen width: no width info, screen height: no height info, user info: no agent info	1414686	nt	toḏont	togyontsz	togyontasz	TRUE	9515.785399999999
mondasz_mondasz_participant_SESSION_2025-10-25_23h45.50.601.csv	pétlent	Prs.NDef.3Pl (mondanak)	pétlentenek	4962	62	329245	férfi	2003	8 / 8	TSG226	device: no device info, screen width: no width info, screen height: no height info, user info: no agent info	1414686	nt	pétlent	pétlentnek	pétlentenek	TRUE	9515.785399999999
mondasz_mondasz_participant_SESSION_2025-10-25_23h45.50.601.csv	rupojt	Prs.NDef.2Pl (mondotok)	rupojtotok	2179	63	331928	férfi	2003	8 / 8	TSG226	device: no device info, screen width: no width info, screen height: no height info, user info: no agent info	1414686	jt	rupojt	rupojttok	rupojtotok	TRUE	9515.785399999999
mondasz_mondasz_participant_SESSION_2025-10-25_23h45.50.601.csv	csampojt	Prs.1Sg›2 (mondalak)	csampojtalak	2980	64	335412	férfi	2003	8 / 8	TSG226	device: no device info, screen width: no width info, screen height: no height info, user info: no agent info	1414686	jt	čampojt	csampojtlak	csampojtalak	TRUE	9515.785399999999
mondasz_mondasz_participant_SESSION_2025-10-25_23h45.50.601.csv	ofont	Prs.NDef.2Sg (mondas)	ofontasz	2445	65	338360	férfi	2003	8 / 8	TSG226	device: no device info, screen width: no width info, screen height: no height info, user info: no agent info	1414686	nt	ofont	ofontsz	ofontasz	TRUE	9515.785399999999
mondasz_mondasz_participant_SESSION_2025-10-25_23h45.50.601.csv	rüvönt	Prs.NDef.2Pl (mondotok)	rüvöntötök	5398	66	344261	férfi	2003	8 / 8	TSG226	device: no device info, screen width: no width info, screen height: no height info, user info: no agent info	1414686	nt	rüvönt	rüvönttök	rüvöntötök	TRUE	9515.785399999999
mondasz_mondasz_participant_SESSION_2025-10-25_23h45.50.601.csv	nyuttojt	Prs.NDef.3Pl (mondanak)	nyuttojtanak	2630	67	347394	férfi	2003	8 / 8	TSG226	device: no device info, screen width: no width info, screen height: no height info, user info: no agent info	1414686	jt	ṉuttojt	nyuttojtnak	nyuttojtanak	TRUE	9515.785399999999
mondasz_mondasz_participant_SESSION_2025-10-25_23h45.50.601.csv	nyelkeng	Prs.NDef.2Pl (mondotok)	nyelkengetek	3146	68	351044	férfi	2003	8 / 8	TSG226	device: no device info, screen width: no width info, screen height: no height info, user info: no agent info	1414686	ng	ṉelkeng	nyelkengtek	nyelkengetek	TRUE	9515.785399999999
mondasz_mondasz_participant_SESSION_2025-10-25_23h45.50.601.csv	fomong	Prs.NDef.3Pl (mondanak)	fomonganak	2763	69	354311	férfi	2003	8 / 8	TSG226	device: no device info, screen width: no width info, screen height: no height info, user info: no agent info	1414686	ng	fomong	fomongnak	fomonganak	TRUE	9515.785399999999
mondasz_mondasz_participant_SESSION_2025-10-25_23h45.50.601.csv	löllöszt	Prs.1Sg›2 (mondalak)	löllösztelek	2377	70	357192	férfi	2003	8 / 8	TSG226	device: no device info, screen width: no width info, screen height: no height info, user info: no agent info	1414686	st	löllöst	löllösztlek	löllösztelek	TRUE	9515.785399999999
mondasz_mondasz_participant_SESSION_2025-10-25_23h45.50.601.csv	ütvöszt	Prs.NDef.2Sg (mondas)	ütvösztesz	1898	71	359593	férfi	2003	8 / 8	TSG226	device: no device info, screen width: no width info, screen height: no height info, user info: no agent info	1414686	st	ütvöst	ütvösztsz	ütvösztesz	TRUE	9515.785399999999
mondasz_mondasz_participant_SESSION_2025-10-25_23h45.50.601.csv	tárnyont	Prs.NDef.2Sg (mondas)	tárnyontasz	3079	72	363175	férfi	2003	8 / 8	TSG226	device: no device info, screen width: no width info, screen height: no height info, user info: no agent info	1414686	nt	tárṉont	tárnyontsz	tárnyontasz	TRUE	9515.785399999999
mondasz_mondasz_participant_SESSION_2025-10-25_23h45.50.601.csv	gíneszt	Prs.NDef.3Pl (mondanak)	gínesztenek	2945	73	366625	férfi	2003	8 / 8	TSG226	device: no device info, screen width: no width info, screen height: no height info, user info: no agent info	1414686	st	gínest	gínesztnek	gínesztenek	TRUE	9515.785399999999
mondasz_mondasz_participant_SESSION_2025-10-25_23h45.50.601.csv	rupojt	Prs.NDef.3Pl (mondanak)	rupojtanak	2414	74	369543	férfi	2003	8 / 8	TSG226	device: no device info, screen width: no width info, screen height: no height info, user info: no agent info	1414686	jt	rupojt	rupojtnak	rupojtanak	TRUE	9515.785399999999
mondasz_mondasz_participant_SESSION_2025-10-25_23h45.50.601.csv	mógyong	Prs.NDef.3Pl (mondanak)	mógyonganak	4879	75	374925	férfi	2003	8 / 8	TSG226	device: no device info, screen width: no width info, screen height: no height info, user info: no agent info	1414686	ng	móḏong	mógyongnak	mógyonganak	TRUE	9515.785399999999
mondasz_mondasz_participant_SESSION_2025-10-25_23h45.50.601.csv	hüröszt	Prs.1Sg›2 (mondalak)	hürösztelek	8596	76	384025	férfi	2003	8 / 8	TSG226	device: no device info, screen width: no width info, screen height: no height info, user info: no agent info	1414686	st	hüröst	hürösztlek	hürösztelek	TRUE	9515.785399999999
mondasz_mondasz_participant_SESSION_2025-10-25_23h45.50.601.csv	nyuttojt	Prs.NDef.2Sg (mondas)	nyuttojtasz	18410	77	404702	férfi	2003	8 / 8	TSG226	device: no device info, screen width: no width info, screen height: no height info, user info: no agent info	1414686	jt	ṉuttojt	nyuttojtsz	nyuttojtasz	TRUE	9515.785399999999
mondasz_mondasz_participant_SESSION_2025-10-25_23h45.50.601.csv	nyelkeng	Prs.NDef.3Pl (mondanak)	nyelkengenek	2493	78	407713	férfi	2003	8 / 8	TSG226	device: no device info, screen width: no width info, screen height: no height info, user info: no agent info	1414686	ng	ṉelkeng	nyelkengnek	nyelkengenek	TRUE	9515.785399999999
mondasz_mondasz_participant_SESSION_2025-10-25_23h45.50.601.csv	áhong	Prs.1Sg›2 (mondalak)	áhonglak	2858	79	411076	férfi	2003	8 / 8	TSG226	device: no device info, screen width: no width info, screen height: no height info, user info: no agent info	1414686	ng	áhong	áhonglak	áhongalak	FALSE	9515.785399999999
mondasz_mondasz_participant_SESSION_2025-10-25_23h45.50.601.csv	fedrent	Prs.NDef.2Sg (mondas)	fedrentesz	2080	80	413660	férfi	2003	8 / 8	TSG226	device: no device info, screen width: no width info, screen height: no height info, user info: no agent info	1414686	nt	fedrent	fedrentsz	fedrentesz	TRUE	9515.785399999999
mondasz_mondasz_participant_SESSION_2025-10-25_23h45.50.601.csv	kajszoszt	Prs.1Sg›2 (mondalak)	kajszosztalak	4593	81	418759	férfi	2003	8 / 8	TSG226	device: no device info, screen width: no width info, screen height: no height info, user info: no agent info	1414686	st	kajsost	kajszosztlak	kajszosztalak	TRUE	9515.785399999999
mondasz_mondasz_participant_SESSION_2025-10-25_23h45.50.601.csv	fomong	Prs.NDef.2Sg (mondas)	fomongasz	2095	82	421358	férfi	2003	8 / 8	TSG226	device: no device info, screen width: no width info, screen height: no height info, user info: no agent info	1414686	ng	fomong	fomongsz	fomongasz	TRUE	9515.785399999999
mondasz_mondasz_participant_SESSION_2025-10-25_23h45.50.601.csv	cúrong	Prs.NDef.3Pl (mondanak)	cúronganak	2714	83	424576	férfi	2003	8 / 8	TSG226	device: no device info, screen width: no width info, screen height: no height info, user info: no agent info	1414686	ng	cúrong	cúrongnak	cúronganak	TRUE	9515.785399999999
mondasz_mondasz_participant_SESSION_2025-10-25_23h45.50.601.csv	csampojt	Prs.NDef.2Pl (mondotok)	csampojtotok	2285	84	427364	férfi	2003	8 / 8	TSG226	device: no device info, screen width: no width info, screen height: no height info, user info: no agent info	1414686	jt	čampojt	csampojttok	csampojtotok	TRUE	9515.785399999999
mondasz_mondasz_participant_SESSION_2025-10-25_23h45.50.601.csv	szicsent	Prs.NDef.3Pl (mondanak)	szicsentenek	12726	85	458583	férfi	2003	8 / 8	TSG226	device: no device info, screen width: no width info, screen height: no height info, user info: no agent info	1414686	nt	sičent	szicsentnek	szicsentenek	TRUE	9515.785399999999
mondasz_mondasz_participant_SESSION_2025-10-25_23h45.50.601.csv	flöföjt	Prs.NDef.2Pl (mondotok)	flöföjtötök	5431	86	464529	férfi	2003	8 / 8	TSG226	device: no device info, screen width: no width info, screen height: no height info, user info: no agent info	1414686	jt	flöföjt	flöföjttök	flöföjtötök	TRUE	9515.785399999999
mondasz_mondasz_participant_SESSION_2025-10-25_23h45.50.601.csv	vuzong	Prs.NDef.2Sg (mondas)	vuzongasz	5193	87	470227	férfi	2003	8 / 8	TSG226	device: no device info, screen width: no width info, screen height: no height info, user info: no agent info	1414686	ng	vuzong	vuzongsz	vuzongasz	TRUE	9515.785399999999
mondasz_mondasz_participant_SESSION_2025-10-25_23h45.50.601.csv	polloszt	Prs.1Sg›2 (mondalak)	pollosztalak	2677	88	473408	férfi	2003	8 / 8	TSG226	device: no device info, screen width: no width info, screen height: no height info, user info: no agent info	1414686	st	pollost	pollosztlak	pollosztalak	TRUE	9515.785399999999
mondasz_mondasz_participant_SESSION_2025-10-25_23h45.50.601.csv	tárnyont	Prs.1Sg›2 (mondalak)	tárnyontalak	2264	89	476176	férfi	2003	8 / 8	TSG226	device: no device info, screen width: no width info, screen height: no height info, user info: no agent info	1414686	nt	tárṉont	tárnyontlak	tárnyontalak	TRUE	9515.785399999999
mondasz_mondasz_participant_SESSION_2025-10-25_23h45.50.601.csv	kerzeng	Prs.NDef.2Sg (mondas)	kerzengesz	5975	90	482655	férfi	2003	8 / 8	TSG226	device: no device info, screen width: no width info, screen height: no height info, user info: no agent info	1414686	ng	kerzeng	kerzengsz	kerzengesz	TRUE	9515.785399999999
mondasz_mondasz_participant_SESSION_2025-10-25_23h45.50.601.csv	pagoszt	Prs.NDef.2Sg (mondas)	pagosztasz	2816	91	485976	férfi	2003	8 / 8	TSG226	device: no device info, screen width: no width info, screen height: no height info, user info: no agent info	1414686	st	pagost	pagosztsz	pagosztasz	TRUE	9515.785399999999
mondasz_mondasz_participant_SESSION_2025-10-25_23h45.50.601.csv	füppönt	Prs.NDef.2Pl (mondotok)	füppöntötök	11913	92	498393	férfi	2003	8 / 8	TSG226	device: no device info, screen width: no width info, screen height: no height info, user info: no agent info	1414686	nt	füppönt	füppönttök	füppöntötök	TRUE	9515.785399999999
mondasz_mondasz_participant_SESSION_2025-10-25_23h45.50.601.csv	haccsojt	Prs.NDef.2Sg (mondas)	haccsojtasz	3995	93	502892	férfi	2003	8 / 8	TSG226	device: no device info, screen width: no width info, screen height: no height info, user info: no agent info	1414686	jt	haččojt	haccsojtsz	haccsojtasz	TRUE	9515.785399999999
mondasz_mondasz_participant_SESSION_2025-10-25_23h45.50.601.csv	pagyont	Prs.1Sg›2 (mondalak)	pagyontalak	5062	94	508459	férfi	2003	8 / 8	TSG226	device: no device info, screen width: no width info, screen height: no height info, user info: no agent info	1414686	nt	paḏont	pagyontlak	pagyontalak	TRUE	9515.785399999999
mondasz_mondasz_participant_SESSION_2025-10-25_23h45.50.601.csv	füppönt	Prs.1Sg›2 (mondalak)	füppöntelek	7712	95	516674	férfi	2003	8 / 8	TSG226	device: no device info, screen width: no width info, screen height: no height info, user info: no agent info	1414686	nt	füppönt	füppöntlek	füppöntelek	TRUE	9515.785399999999
mondasz_mondasz_participant_SESSION_2025-10-25_23h45.50.601.csv	flöföjt	Prs.NDef.2Sg (mondas)	flöföjtesz	1762	96	518940	férfi	2003	8 / 8	TSG226	device: no device info, screen width: no width info, screen height: no height info, user info: no agent info	1414686	jt	flöföjt	flöföjtsz	flöföjtesz	TRUE	9515.785399999999
mondasz_mondasz_participant_SESSION_2025-10-25_23h45.50.601.csv	nyorojt	Prs.NDef.3Pl (mondanak)	nyorojtanak	2212	97	521656	férfi	2003	8 / 8	TSG226	device: no device info, screen width: no width info, screen height: no height info, user info: no agent info	1414686	jt	ṉorojt	nyorojtnak	nyorojtanak	TRUE	9515.785399999999
mondasz_mondasz_participant_SESSION_2025-10-25_23h45.50.601.csv	csölönt	Prs.NDef.3Pl (mondanak)	csölöntenek	2046	98	524207	férfi	2003	8 / 8	TSG226	device: no device info, screen width: no width info, screen height: no height info, user info: no agent info	1414686	nt	čölönt	csölöntnek	csölöntenek	TRUE	9515.785399999999
mondasz_mondasz_participant_SESSION_2025-10-25_23h45.50.601.csv	börköszt	Prs.NDef.3Pl (mondanak)	börkösztenek	1860	99	526573	férfi	2003	8 / 8	TSG226	device: no device info, screen width: no width info, screen height: no height info, user info: no agent info	1414686	st	börköst	börkösztnek	börkösztenek	TRUE	9515.785399999999
mondasz_mondasz_participant_SESSION_2025-10-25_23h45.50.601.csv	zsömhöjt	Prs.NDef.2Pl (mondotok)	zsömhöjtötök	2347	100	529424	férfi	2003	8 / 8	TSG226	device: no device info, screen width: no width info, screen height: no height info, user info: no agent info	1414686	jt	žömhöjt	zsömhöjttök	zsömhöjtötök	TRUE	9515.785399999999
mondasz_mondasz_participant_SESSION_2025-10-25_23h45.50.601.csv	zöccsöjt	Prs.NDef.2Pl (mondotok)	zöccsöjtötök	2278	101	532207	férfi	2003	8 / 8	TSG226	device: no device info, screen width: no width info, screen height: no height info, user info: no agent info	1414686	jt	zöččöjt	zöccsöjttök	zöccsöjtötök	TRUE	9515.785399999999
mondasz_mondasz_participant_SESSION_2025-10-25_23h45.50.601.csv	zöccsöjt	Prs.1Sg›2 (mondalak)	zöccsöjtelek	2128	102	534839	férfi	2003	8 / 8	TSG226	device: no device info, screen width: no width info, screen height: no height info, user info: no agent info	1414686	jt	zöččöjt	zöccsöjtlek	zöccsöjtelek	TRUE	9515.785399999999
mondasz_mondasz_participant_SESSION_2025-10-25_23h45.50.601.csv	tárnyont	Prs.NDef.2Pl (mondotok)	tárnyontotok	2580	104	542290	férfi	2003	8 / 8	TSG226	device: no device info, screen width: no width info, screen height: no height info, user info: no agent info	1414686	nt	tárṉont	tárnyonttok	tárnyontotok	TRUE	9515.785399999999
mondasz_mondasz_participant_SESSION_2025-10-25_23h45.50.601.csv	bákont	Prs.NDef.2Sg (mondas)	bákontasz	16577	105	559371	férfi	2003	8 / 8	TSG226	device: no device info, screen width: no width info, screen height: no height info, user info: no agent info	1414686	nt	bákont	bákontsz	bákontasz	TRUE	9515.785399999999
mondasz_mondasz_participant_SESSION_2025-10-25_23h45.50.601.csv	jököng	Prs.NDef.3Pl (mondanak)	jököngenek	2463	106	562337	férfi	2003	8 / 8	TSG226	device: no device info, screen width: no width info, screen height: no height info, user info: no agent info	1414686	ng	jököng	jököngnek	jököngenek	TRUE	9515.785399999999
mondasz_mondasz_participant_SESSION_2025-10-25_23h45.50.601.csv	sökköjt	Prs.NDef.2Pl (mondotok)	sökköjtötök	2380	107	565222	férfi	2003	8 / 8	TSG226	device: no device info, screen width: no width info, screen height: no height info, user info: no agent info	1414686	jt	šökköjt	sökköjttök	sökköjtötök	TRUE	9515.785399999999
mondasz_mondasz_participant_SESSION_2025-10-25_23h45.50.601.csv	csampojt	Prs.NDef.3Pl (mondanak)	csampojtanak	2196	109	571337	férfi	2003	8 / 8	TSG226	device: no device info, screen width: no width info, screen height: no height info, user info: no agent info	1414686	jt	čampojt	csampojtnak	csampojtanak	TRUE	9515.785399999999
mondasz_mondasz_participant_SESSION_2025-10-25_23h45.50.601.csv	fomong	Prs.1Sg›2 (mondalak)	fomongalak	8280	110	580121	férfi	2003	8 / 8	TSG226	device: no device info, screen width: no width info, screen height: no height info, user info: no agent info	1414686	ng	fomong	fomonglak	fomongalak	TRUE	9515.785399999999
mondasz_mondasz_participant_SESSION_2025-10-25_23h45.50.601.csv	gíneszt	Prs.NDef.2Pl (mondotok)	gínesztetek	3079	111	583705	férfi	2003	8 / 8	TSG226	device: no device info, screen width: no width info, screen height: no height info, user info: no agent info	1414686	st	gínest	gíneszttek	gínesztetek	TRUE	9515.785399999999
mondasz_mondasz_participant_SESSION_2025-10-25_23h45.50.601.csv	sébeszt	Prs.NDef.2Sg (mondas)	sébesztesz	3675	112	587886	férfi	2003	8 / 8	TSG226	device: no device info, screen width: no width info, screen height: no height info, user info: no agent info	1414686	st	šébest	sébesztsz	sébesztesz	TRUE	9515.785399999999
mondasz_mondasz_participant_SESSION_2025-10-25_23h45.50.601.csv	nyénnyejt	Prs.NDef.3Pl (mondanak)	nyénnyejtenek	3047	113	591437	férfi	2003	8 / 8	TSG226	device: no device info, screen width: no width info, screen height: no height info, user info: no agent info	1414686	jt	ṉéṉṉejt	nyénnyejtnek	nyénnyejtenek	TRUE	9515.785399999999
mondasz_mondasz_participant_SESSION_2025-10-25_23h45.50.601.csv	kernyeszt	Prs.NDef.3Pl (mondanak)	kernyesztenek	6229	114	598170	férfi	2003	8 / 8	TSG226	device: no device info, screen width: no width info, screen height: no height info, user info: no agent info	1414686	st	kerṉest	kernyesztnek	kernyesztenek	TRUE	9515.785399999999
mondasz_mondasz_participant_SESSION_2025-10-25_23h45.50.601.csv	rupojt	Prs.NDef.2Sg (mondas)	rupojtasz	6079	115	604752	férfi	2003	8 / 8	TSG226	device: no device info, screen width: no width info, screen height: no height info, user info: no agent info	1414686	jt	rupojt	rupojtsz	rupojtasz	TRUE	9515.785399999999
mondasz_mondasz_participant_SESSION_2025-10-25_23h45.50.601.csv	hárkont	Prs.NDef.2Sg (mondas)	hárkontasz	2262	116	607519	férfi	2003	8 / 8	TSG226	device: no device info, screen width: no width info, screen height: no height info, user info: no agent info	1414686	nt	hárkont	hárkontsz	hárkontasz	TRUE	9515.785399999999
mondasz_mondasz_participant_SESSION_2025-10-25_23h45.50.601.csv	vutojt	Prs.NDef.2Sg (mondas)	vutojtasz	3080	117	611103	férfi	2003	8 / 8	TSG226	device: no device info, screen width: no width info, screen height: no height info, user info: no agent info	1414686	jt	vutojt	vutojtsz	vutojtasz	TRUE	9515.785399999999
mondasz_mondasz_participant_SESSION_2025-10-25_23h45.50.601.csv	ejjeng	Prs.NDef.3Pl (mondanak)	ejjengnek	2712	118	614320	férfi	2003	8 / 8	TSG226	device: no device info, screen width: no width info, screen height: no height info, user info: no agent info	1414686	ng	ejjeng	ejjengnek	ejjengenek	FALSE	9515.785399999999
mondasz_mondasz_participant_SESSION_2025-10-25_23h45.50.601.csv	pánkojt	Prs.NDef.2Pl (mondotok)	pánkojtotok	2111	119	616935	férfi	2003	8 / 8	TSG226	device: no device info, screen width: no width info, screen height: no height info, user info: no agent info	1414686	jt	pánkojt	pánkojttok	pánkojtotok	TRUE	9515.785399999999
mondasz_mondasz_participant_SESSION_2025-10-25_23h45.50.601.csv	nyegejt	Prs.NDef.3Pl (mondanak)	nyegejtenek	3449	120	620888	férfi	2003	8 / 8	TSG226	device: no device info, screen width: no width info, screen height: no height info, user info: no agent info	1414686	jt	ṉegejt	nyegejtnek	nyegejtenek	TRUE	9515.785399999999
mondasz_mondasz_participant_SESSION_2025-10-25_23h45.50.601.csv	nyegejt	Prs.1Sg›2 (mondalak)	nyegejtelek	15424	121	636817	férfi	2003	8 / 8	TSG226	device: no device info, screen width: no width info, screen height: no height info, user info: no agent info	1414686	jt	ṉegejt	nyegejtlek	nyegejtelek	TRUE	9515.785399999999
mondasz_mondasz_participant_SESSION_2025-10-25_23h45.50.601.csv	mörgöng	Prs.NDef.2Pl (mondotok)	mörgöngtök	3746	122	641066	férfi	2003	8 / 8	TSG226	device: no device info, screen width: no width info, screen height: no height info, user info: no agent info	1414686	ng	mörgöng	mörgöngtök	mörgöngötök	FALSE	9515.785399999999
mondasz_mondasz_participant_SESSION_2025-10-25_23h45.50.601.csv	mirmeszt	Prs.NDef.2Sg (mondas)	mirmesztesz	2498	123	644067	férfi	2003	8 / 8	TSG226	device: no device info, screen width: no width info, screen height: no height info, user info: no agent info	1414686	st	mirmest	mirmesztsz	mirmesztesz	TRUE	9515.785399999999
mondasz_mondasz_participant_SESSION_2025-10-25_23h45.50.601.csv	potojt	Prs.1Sg›2 (mondalak)	potojtalak	2446	124	647017	férfi	2003	8 / 8	TSG226	device: no device info, screen width: no width info, screen height: no height info, user info: no agent info	1414686	jt	potojt	potojtlak	potojtalak	TRUE	9515.785399999999
mondasz_mondasz_participant_SESSION_2025-10-25_23h45.50.601.csv	áhong	Prs.NDef.2Sg (mondas)	áhongsz	4798	125	652319	férfi	2003	8 / 8	TSG226	device: no device info, screen width: no width info, screen height: no height info, user info: no agent info	1414686	ng	áhong	áhongsz	áhongasz	FALSE	9515.785399999999
mondasz_mondasz_participant_SESSION_2025-10-25_23h45.50.601.csv	nésszent	Prs.NDef.2Sg (mondas)	nésszentesz	3260	126	656083	férfi	2003	8 / 8	TSG226	device: no device info, screen width: no width info, screen height: no height info, user info: no agent info	1414686	nt	néssent	nésszentsz	nésszentesz	TRUE	9515.785399999999
mondasz_mondasz_participant_SESSION_2025-10-25_23h45.50.601.csv	cséleszt	Prs.NDef.2Pl (mondotok)	csélesztetek	7829	127	664415	férfi	2003	8 / 8	TSG226	device: no device info, screen width: no width info, screen height: no height info, user info: no agent info	1414686	st	čélest	cséleszttek	csélesztetek	TRUE	9515.785399999999
mondasz_mondasz_participant_SESSION_2025-10-25_23h45.50.601.csv	bákont	Prs.1Sg›2 (mondalak)	bákontlak	4830	128	669748	férfi	2003	8 / 8	TSG226	device: no device info, screen width: no width info, screen height: no height info, user info: no agent info	1414686	nt	bákont	bákontlak	bákontalak	FALSE	9515.785399999999
mondasz_mondasz_participant_SESSION_2025-10-25_23h45.50.601.csv	zsömhöjt	Prs.NDef.2Sg (mondas)	zsömhöjtesz	2381	129	672633	férfi	2003	8 / 8	TSG226	device: no device info, screen width: no width info, screen height: no height info, user info: no agent info	1414686	jt	žömhöjt	zsömhöjtsz	zsömhöjtesz	TRUE	9515.785399999999
mondasz_mondasz_participant_SESSION_2025-10-25_23h45.50.601.csv	szüvöng	Prs.NDef.2Pl (mondotok)	szüvöngtök	3377	130	676515	férfi	2003	8 / 8	TSG226	device: no device info, screen width: no width info, screen height: no height info, user info: no agent info	1414686	ng	süvöng	szüvöngtök	szüvöngötök	FALSE	9515.785399999999
mondasz_mondasz_participant_SESSION_2025-10-25_23h45.50.601.csv	mörgöng	Prs.NDef.3Pl (mondanak)	mörgöngenek	2645	131	679664	férfi	2003	8 / 8	TSG226	device: no device info, screen width: no width info, screen height: no height info, user info: no agent info	1414686	ng	mörgöng	mörgöngnek	mörgöngenek	TRUE	9515.785399999999
mondasz_mondasz_participant_SESSION_2025-10-25_23h45.50.601.csv	tárnyont	Prs.NDef.3Pl (mondanak)	tárnyontanak	2545	132	682714	férfi	2003	8 / 8	TSG226	device: no device info, screen width: no width info, screen height: no height info, user info: no agent info	1414686	nt	tárṉont	tárnyontnak	tárnyontanak	TRUE	9515.785399999999
mondasz_mondasz_participant_SESSION_2025-10-25_23h45.50.601.csv	gyuront	Prs.NDef.2Pl (mondotok)	gyurontotok	11645	133	694862	férfi	2003	8 / 8	TSG226	device: no device info, screen width: no width info, screen height: no height info, user info: no agent info	1414686	nt	ḏuront	gyuronttok	gyurontotok	TRUE	9515.785399999999
mondasz_mondasz_participant_SESSION_2025-10-25_23h45.50.601.csv	rupojt	Prs.1Sg›2 (mondalak)	rupojtalak	1832	134	697198	férfi	2003	8 / 8	TSG226	device: no device info, screen width: no width info, screen height: no height info, user info: no agent info	1414686	jt	rupojt	rupojtlak	rupojtalak	TRUE	9515.785399999999
mondasz_mondasz_participant_SESSION_2025-10-25_23h45.50.601.csv	cúrong	Prs.NDef.2Pl (mondotok)	cúrongtok	2930	135	700632	férfi	2003	8 / 8	TSG226	device: no device info, screen width: no width info, screen height: no height info, user info: no agent info	1414686	ng	cúrong	cúrongtok	cúrongotok	FALSE	9515.785399999999
mondasz_mondasz_participant_SESSION_2025-10-25_23h45.50.601.csv	kernyeszt	Prs.1Sg›2 (mondalak)	kernyesztelek	2409	136	703545	férfi	2003	8 / 8	TSG226	device: no device info, screen width: no width info, screen height: no height info, user info: no agent info	1414686	st	kerṉest	kernyesztlek	kernyesztelek	TRUE	9515.785399999999
mondasz_mondasz_participant_SESSION_2025-10-25_23h45.50.601.csv	büfröng	Prs.NDef.2Pl (mondotok)	büfröngtök	3533	137	707581	férfi	2003	8 / 8	TSG226	device: no device info, screen width: no width info, screen height: no height info, user info: no agent info	1414686	ng	büfröng	büfröngtök	büfröngötök	FALSE	9515.785399999999
mondasz_mondasz_participant_SESSION_2025-10-25_23h45.50.601.csv	mógyong	Prs.NDef.2Pl (mondotok)	mógyongtok	3462	138	711547	férfi	2003	8 / 8	TSG226	device: no device info, screen width: no width info, screen height: no height info, user info: no agent info	1414686	ng	móḏong	mógyongtok	mógyongotok	FALSE	9515.785399999999
mondasz_mondasz_participant_SESSION_2025-10-25_23h45.50.601.csv	koszkojt	Prs.NDef.3Pl (mondanak)	koszkojtanak	2078	139	714130	férfi	2003	8 / 8	TSG226	device: no device info, screen width: no width info, screen height: no height info, user info: no agent info	1414686	jt	koskojt	koszkojtnak	koszkojtanak	TRUE	9515.785399999999
mondasz_mondasz_participant_SESSION_2025-10-25_23h45.50.601.csv	kurtoszt	Prs.NDef.2Pl (mondotok)	kurtosztotok	2164	140	716797	férfi	2003	8 / 8	TSG226	device: no device info, screen width: no width info, screen height: no height info, user info: no agent info	1414686	st	kurtost	kurtoszttok	kurtosztotok	TRUE	9515.785399999999
mondasz_mondasz_participant_SESSION_2025-10-25_23h45.50.601.csv	ibreng	Prs.NDef.2Pl (mondotok)	ibrengtek	5562	141	722862	férfi	2003	8 / 8	TSG226	device: no device info, screen width: no width info, screen height: no height info, user info: no agent info	1414686	ng	ibreng	ibrengtek	ibrengetek	FALSE	9515.785399999999
mondasz_mondasz_participant_SESSION_2025-10-25_23h45.50.601.csv	szicsent	Prs.NDef.2Sg (mondas)	szicsentesz	2147	142	725513	férfi	2003	8 / 8	TSG226	device: no device info, screen width: no width info, screen height: no height info, user info: no agent info	1414686	nt	sičent	szicsentsz	szicsentesz	TRUE	9515.785399999999
mondasz_mondasz_participant_SESSION_2025-10-25_23h45.50.601.csv	szipteszt	Prs.NDef.2Sg (mondas)	sziptesztesz	3046	143	729063	férfi	2003	8 / 8	TSG226	device: no device info, screen width: no width info, screen height: no height info, user info: no agent info	1414686	st	siptest	sziptesztsz	sziptesztesz	TRUE	9515.785399999999
mondasz_mondasz_participant_SESSION_2025-10-25_23h45.50.601.csv	ornyoszt	Prs.NDef.3Pl (mondanak)	ornyosztanak	5262	144	734829	férfi	2003	8 / 8	TSG226	device: no device info, screen width: no width info, screen height: no height info, user info: no agent info	1414686	st	orṉost	ornyosztnak	ornyosztanak	TRUE	9515.785399999999
mondasz_mondasz_participant_SESSION_2025-10-25_23h45.50.601.csv	mirmeszt	Prs.NDef.2Pl (mondotok)	mirmesztetek	11045	145	746377	férfi	2003	8 / 8	TSG226	device: no device info, screen width: no width info, screen height: no height info, user info: no agent info	1414686	st	mirmest	mirmeszttek	mirmesztetek	TRUE	9515.785399999999
mondasz_mondasz_participant_SESSION_2025-10-25_23h45.50.601.csv	vórnyoszt	Prs.1Sg›2 (mondalak)	vórnyosztlak	1946	146	748827	férfi	2003	8 / 8	TSG226	device: no device info, screen width: no width info, screen height: no height info, user info: no agent info	1414686	st	vórṉost	vórnyosztlak	vórnyosztalak	FALSE	9515.785399999999
mondasz_mondasz_participant_SESSION_2025-10-25_23h45.50.601.csv	büfröng	Prs.1Sg›2 (mondalak)	büfrönglek	2315	147	751646	férfi	2003	8 / 8	TSG226	device: no device info, screen width: no width info, screen height: no height info, user info: no agent info	1414686	ng	büfröng	büfrönglek	büfröngelek	FALSE	9515.785399999999
mondasz_mondasz_participant_SESSION_2025-10-25_23h45.50.601.csv	suvoszt	Prs.NDef.2Sg (mondas)	suvosztasz	16305	148	943977	férfi	2003	8 / 8	TSG226	device: no device info, screen width: no width info, screen height: no height info, user info: no agent info	1414686	st	šuvost	suvosztsz	suvosztasz	TRUE	9515.785399999999
mondasz_mondasz_participant_SESSION_2025-10-25_23h45.50.601.csv	dűszöng	Prs.NDef.2Sg (mondas)	dűszöngesz	3458	149	947951	férfi	2003	8 / 8	TSG226	device: no device info, screen width: no width info, screen height: no height info, user info: no agent info	1414686	ng	dűsöng	dűszöngsz	dűszöngesz	TRUE	9515.785399999999
mondasz_mondasz_participant_SESSION_2025-10-25_23h45.50.601.csv	vutojt	Prs.NDef.2Pl (mondotok)	vutojtotok	1875	150	950332	férfi	2003	8 / 8	TSG226	device: no device info, screen width: no width info, screen height: no height info, user info: no agent info	1414686	jt	vutojt	vutojttok	vutojtotok	TRUE	9515.785399999999
mondasz_mondasz_participant_SESSION_2025-10-25_23h45.50.601.csv	pétlent	Prs.NDef.2Pl (mondotok)	pétlentetek	3631	151	954465	férfi	2003	8 / 8	TSG226	device: no device info, screen width: no width info, screen height: no height info, user info: no agent info	1414686	nt	pétlent	pétlenttek	pétlentetek	TRUE	9515.785399999999
mondasz_mondasz_participant_SESSION_2025-10-25_23h45.50.601.csv	börköszt	Prs.NDef.2Sg (mondas)	börkösztesz	1547	152	956516	férfi	2003	8 / 8	TSG226	device: no device info, screen width: no width info, screen height: no height info, user info: no agent info	1414686	st	börköst	börkösztsz	börkösztesz	TRUE	9515.785399999999
mondasz_mondasz_participant_SESSION_2025-10-25_23h45.50.601.csv	fesszent	Prs.1Sg›2 (mondalak)	fesszentelek	3510	153	960532	férfi	2003	8 / 8	TSG226	device: no device info, screen width: no width info, screen height: no height info, user info: no agent info	1414686	nt	fessent	fesszentlek	fesszentelek	TRUE	9515.785399999999
mondasz_mondasz_participant_SESSION_2025-10-25_23h45.50.601.csv	csölönt	Prs.NDef.2Pl (mondotok)	csölöntötök	2795	154	963832	férfi	2003	8 / 8	TSG226	device: no device info, screen width: no width info, screen height: no height info, user info: no agent info	1414686	nt	čölönt	csölönttök	csölöntötök	TRUE	9515.785399999999
mondasz_mondasz_participant_SESSION_2025-10-25_23h45.50.601.csv	hüröszt	Prs.NDef.2Sg (mondas)	hürösztesz	16486	155	1027529	férfi	2003	8 / 8	TSG226	device: no device info, screen width: no width info, screen height: no height info, user info: no agent info	1414686	st	hüröst	hürösztsz	hürösztesz	TRUE	9515.785399999999
mondasz_mondasz_participant_SESSION_2025-10-25_23h45.50.601.csv	mirmeszt	Prs.1Sg›2 (mondalak)	mirmesztelek	1581	156	1029624	férfi	2003	8 / 8	TSG226	device: no device info, screen width: no width info, screen height: no height info, user info: no agent info	1414686	st	mirmest	mirmesztlek	mirmesztelek	TRUE	9515.785399999999
mondasz_mondasz_participant_SESSION_2025-10-25_23h45.50.601.csv	gyuront	Prs.NDef.2Sg (mondas)	gyurontasz	2047	157	1032176	férfi	2003	8 / 8	TSG226	device: no device info, screen width: no width info, screen height: no height info, user info: no agent info	1414686	nt	ḏuront	gyurontsz	gyurontasz	TRUE	9515.785399999999
mondasz_mondasz_participant_SESSION_2025-10-25_23h45.50.601.csv	pagoszt	Prs.1Sg›2 (mondalak)	pagosztalak	23876	158	1056557	férfi	2003	8 / 8	TSG226	device: no device info, screen width: no width info, screen height: no height info, user info: no agent info	1414686	st	pagost	pagosztlak	pagosztalak	TRUE	9515.785399999999
mondasz_mondasz_participant_SESSION_2025-10-25_23h45.50.601.csv	dimbeszt	Prs.1Sg›2 (mondalak)	dimbesztelek	2795	159	1059857	férfi	2003	8 / 8	TSG226	device: no device info, screen width: no width info, screen height: no height info, user info: no agent info	1414686	st	dimbest	dimbesztlek	dimbesztelek	TRUE	9515.785399999999
mondasz_mondasz_participant_SESSION_2025-10-25_23h45.50.601.csv	cúrong	Prs.1Sg›2 (mondalak)	cúrongalak	3280	160	1063640	férfi	2003	8 / 8	TSG226	device: no device info, screen width: no width info, screen height: no height info, user info: no agent info	1414686	ng	cúrong	cúronglak	cúrongalak	TRUE	9515.785399999999
mondasz_mondasz_participant_SESSION_2025-10-25_23h45.50.601.csv	hördöng	Prs.NDef.2Sg (mondas)	hördöngsz	2675	161	1066820	férfi	2003	8 / 8	TSG226	device: no device info, screen width: no width info, screen height: no height info, user info: no agent info	1414686	ng	hördöng	hördöngsz	hördöngesz	FALSE	9515.785399999999
mondasz_mondasz_participant_SESSION_2025-10-25_23h45.50.601.csv	pagyont	Prs.NDef.2Pl (mondotok)	pagyonttok	2432	162	1069757	férfi	2003	8 / 8	TSG226	device: no device info, screen width: no width info, screen height: no height info, user info: no agent info	1414686	nt	paḏont	pagyonttok	pagyontotok	FALSE	9515.785399999999
mondasz_mondasz_participant_SESSION_2025-10-25_23h45.50.601.csv	fűjönt	Prs.NDef.2Sg (mondas)	fűjöntesz	1995	163	1072257	férfi	2003	8 / 8	TSG226	device: no device info, screen width: no width info, screen height: no height info, user info: no agent info	1414686	nt	fűjönt	fűjöntsz	fűjöntesz	TRUE	9515.785399999999
mondasz_mondasz_participant_SESSION_2025-10-25_23h45.50.601.csv	hempeszt	Prs.NDef.2Pl (mondotok)	hempesztetek	1512	164	1074274	férfi	2003	8 / 8	TSG226	device: no device info, screen width: no width info, screen height: no height info, user info: no agent info	1414686	st	hempest	hempeszttek	hempesztetek	TRUE	9515.785399999999
mondasz_mondasz_participant_SESSION_2025-10-25_23h45.50.601.csv	vuzong	Prs.NDef.2Pl (mondotok)	vuzongtok	1628	165	1076405	férfi	2003	8 / 8	TSG226	device: no device info, screen width: no width info, screen height: no height info, user info: no agent info	1414686	ng	vuzong	vuzongtok	vuzongotok	FALSE	9515.785399999999
mondasz_mondasz_participant_SESSION_2025-10-25_23h45.50.601.csv	togyont	Prs.1Sg›2 (mondalak)	togyontalak	2129	166	1079039	férfi	2003	8 / 8	TSG226	device: no device info, screen width: no width info, screen height: no height info, user info: no agent info	1414686	nt	toḏont	togyontlak	togyontalak	TRUE	9515.785399999999
mondasz_mondasz_participant_SESSION_2025-10-25_23h45.50.601.csv	sittyeszt	Prs.NDef.2Pl (mondotok)	sittyesztetek	1963	167	1081506	férfi	2003	8 / 8	TSG226	device: no device info, screen width: no width info, screen height: no height info, user info: no agent info	1414686	st	šiṯṯest	sittyeszttek	sittyesztetek	TRUE	9515.785399999999
mondasz_mondasz_participant_SESSION_2025-10-25_23h45.50.601.csv	togyont	Prs.NDef.3Pl (mondanak)	togyontanak	2444	168	1084454	férfi	2003	8 / 8	TSG226	device: no device info, screen width: no width info, screen height: no height info, user info: no agent info	1414686	nt	toḏont	togyontnak	togyontanak	TRUE	9515.785399999999
mondasz_mondasz_participant_SESSION_2025-10-25_23h45.50.601.csv	mógyong	Prs.1Sg›2 (mondalak)	mógyongalak	2009	169	1086968	férfi	2003	8 / 8	TSG226	device: no device info, screen width: no width info, screen height: no height info, user info: no agent info	1414686	ng	móḏong	mógyonglak	mógyongalak	TRUE	9515.785399999999
mondasz_mondasz_participant_SESSION_2025-10-25_23h45.50.601.csv	áhong	Prs.NDef.2Pl (mondotok)	áhongtok	22860	170	1114655	férfi	2003	8 / 8	TSG226	device: no device info, screen width: no width info, screen height: no height info, user info: no agent info	1414686	ng	áhong	áhongtok	áhongotok	FALSE	9515.785399999999
mondasz_mondasz_participant_SESSION_2025-10-25_23h45.50.601.csv	ütvöszt	Prs.NDef.3Pl (mondanak)	ütvösztenek	2147	171	1117318	férfi	2003	8 / 8	TSG226	device: no device info, screen width: no width info, screen height: no height info, user info: no agent info	1414686	st	ütvöst	ütvösztnek	ütvösztenek	TRUE	9515.785399999999
mondasz_mondasz_participant_SESSION_2025-10-25_23h45.50.601.csv	ofont	Prs.NDef.3Pl (mondanak)	ofontanak	1543	172	1119366	férfi	2003	8 / 8	TSG226	device: no device info, screen width: no width info, screen height: no height info, user info: no agent info	1414686	nt	ofont	ofontnak	ofontanak	TRUE	9515.785399999999
mondasz_mondasz_participant_SESSION_2025-10-25_23h45.50.601.csv	vurmong	Prs.1Sg›2 (mondalak)	vurmongalak	1462	173	1121333	férfi	2003	8 / 8	TSG226	device: no device info, screen width: no width info, screen height: no height info, user info: no agent info	1414686	ng	vurmong	vurmonglak	vurmongalak	TRUE	9515.785399999999
mondasz_mondasz_participant_SESSION_2025-10-25_23h45.50.601.csv	ibreng	Prs.NDef.2Sg (mondas)	ibrengsz	2178	174	1124016	férfi	2003	8 / 8	TSG226	device: no device info, screen width: no width info, screen height: no height info, user info: no agent info	1414686	ng	ibreng	ibrengsz	ibrengesz	FALSE	9515.785399999999
mondasz_mondasz_participant_SESSION_2025-10-25_23h45.50.601.csv	hüröszt	Prs.NDef.3Pl (mondanak)	hürösztenek	3196	175	1127716	férfi	2003	8 / 8	TSG226	device: no device info, screen width: no width info, screen height: no height info, user info: no agent info	1414686	st	hüröst	hürösztnek	hürösztenek	TRUE	9515.785399999999
mondasz_mondasz_participant_SESSION_2025-10-25_23h45.50.601.csv	ejjeng	Prs.NDef.2Pl (mondotok)	ejjengetek	1578	176	1129799	férfi	2003	8 / 8	TSG226	device: no device info, screen width: no width info, screen height: no height info, user info: no agent info	1414686	ng	ejjeng	ejjengtek	ejjengetek	TRUE	9515.785399999999
mondasz_mondasz_participant_SESSION_2025-10-25_23h45.50.601.csv	dűszöng	Prs.NDef.2Pl (mondotok)	dűszöngtök	1978	177	1132282	férfi	2003	8 / 8	TSG226	device: no device info, screen width: no width info, screen height: no height info, user info: no agent info	1414686	ng	dűsöng	dűszöngtök	dűszöngötök	FALSE	9515.785399999999
mondasz_mondasz_participant_SESSION_2025-10-25_23h45.50.601.csv	dimbeszt	Prs.NDef.3Pl (mondanak)	dimbesztenek	3729	178	1136515	férfi	2003	8 / 8	TSG226	device: no device info, screen width: no width info, screen height: no height info, user info: no agent info	1414686	st	dimbest	dimbesztnek	dimbesztenek	TRUE	9515.785399999999
mondasz_mondasz_participant_SESSION_2025-10-25_23h45.50.601.csv	nyorojt	Prs.1Sg›2 (mondalak)	nyorojtalak	2179	179	1139198	férfi	2003	8 / 8	TSG226	device: no device info, screen width: no width info, screen height: no height info, user info: no agent info	1414686	jt	ṉorojt	nyorojtlak	nyorojtalak	TRUE	9515.785399999999
mondasz_mondasz_participant_SESSION_2025-10-25_23h45.50.601.csv	ofont	Prs.NDef.2Pl (mondotok)	ofontotok	2778	180	1142480	férfi	2003	8 / 8	TSG226	device: no device info, screen width: no width info, screen height: no height info, user info: no agent info	1414686	nt	ofont	ofonttok	ofontotok	TRUE	9515.785399999999
mondasz_mondasz_participant_SESSION_2025-10-25_23h45.50.601.csv	potojt	Prs.NDef.2Pl (mondotok)	potojtotok	2346	181	1145331	férfi	2003	8 / 8	TSG226	device: no device info, screen width: no width info, screen height: no height info, user info: no agent info	1414686	jt	potojt	potojttok	potojtotok	TRUE	9515.785399999999
mondasz_mondasz_participant_SESSION_2025-10-25_23h45.50.601.csv	hojont	Prs.NDef.2Pl (mondotok)	hojontotok	1645	182	1147481	férfi	2003	8 / 8	TSG226	device: no device info, screen width: no width info, screen height: no height info, user info: no agent info	1414686	nt	hojont	hojonttok	hojontotok	TRUE	9515.785399999999
mondasz_mondasz_participant_SESSION_2025-10-25_23h45.50.601.csv	szüvöng	Prs.NDef.2Sg (mondas)	szüvöngsz	1762	183	1149747	férfi	2003	8 / 8	TSG226	device: no device info, screen width: no width info, screen height: no height info, user info: no agent info	1414686	ng	süvöng	szüvöngsz	szüvöngesz	FALSE	9515.785399999999
mondasz_mondasz_participant_SESSION_2025-10-25_23h45.50.601.csv	nyorojt	Prs.NDef.2Pl (mondotok)	nyorojtotok	2859	184	1153111	férfi	2003	8 / 8	TSG226	device: no device info, screen width: no width info, screen height: no height info, user info: no agent info	1414686	jt	ṉorojt	nyorojttok	nyorojtotok	TRUE	9515.785399999999
mondasz_mondasz_participant_SESSION_2025-10-25_23h45.50.601.csv	vurmong	Prs.NDef.2Pl (mondotok)	vurmongtok	3051	185	1156665	férfi	2003	8 / 8	TSG226	device: no device info, screen width: no width info, screen height: no height info, user info: no agent info	1414686	ng	vurmong	vurmongtok	vurmongotok	FALSE	9515.785399999999
mondasz_mondasz_participant_SESSION_2025-10-25_23h45.50.601.csv	sajlojt	Prs.NDef.2Pl (mondotok)	sajlojtotok	13196	186	1189857	férfi	2003	8 / 8	TSG226	device: no device info, screen width: no width info, screen height: no height info, user info: no agent info	1414686	jt	šajlojt	sajlojttok	sajlojtotok	TRUE	9515.785399999999
mondasz_mondasz_participant_SESSION_2025-10-25_23h45.50.601.csv	vórnyoszt	Prs.NDef.2Pl (mondotok)	vórnyosztotok	1739	187	1192104	férfi	2003	8 / 8	TSG226	device: no device info, screen width: no width info, screen height: no height info, user info: no agent info	1414686	st	vórṉost	vórnyoszttok	vórnyosztotok	TRUE	9515.785399999999
mondasz_mondasz_participant_SESSION_2025-10-25_23h45.50.601.csv	flöföjt	Prs.1Sg›2 (mondalak)	flöföjtelek	1828	188	1194437	férfi	2003	8 / 8	TSG226	device: no device info, screen width: no width info, screen height: no height info, user info: no agent info	1414686	jt	flöföjt	flöföjtlek	flöföjtelek	TRUE	9515.785399999999
mondasz_mondasz_participant_SESSION_2025-10-25_23h45.50.601.csv	vórnyoszt	Prs.NDef.3Pl (mondanak)	vórnyosztanak	1527	189	1196469	férfi	2003	8 / 8	TSG226	device: no device info, screen width: no width info, screen height: no height info, user info: no agent info	1414686	st	vórṉost	vórnyosztnak	vórnyosztanak	TRUE	9515.785399999999
mondasz_mondasz_participant_SESSION_2025-10-25_23h45.50.601.csv	löllöszt	Prs.NDef.2Sg (mondas)	löllösztesz	1962	190	1198936	férfi	2003	8 / 8	TSG226	device: no device info, screen width: no width info, screen height: no height info, user info: no agent info	1414686	st	löllöst	löllösztsz	löllösztesz	TRUE	9515.785399999999
mondasz_mondasz_participant_SESSION_2025-10-25_23h45.50.601.csv	flöföjt	Prs.NDef.3Pl (mondanak)	flöföjtenek	1612	191	1201053	férfi	2003	8 / 8	TSG226	device: no device info, screen width: no width info, screen height: no height info, user info: no agent info	1414686	jt	flöföjt	flöföjtnek	flöföjtenek	TRUE	9515.785399999999
mondasz_mondasz_participant_SESSION_2025-10-25_23h45.50.601.csv	gíneszt	Prs.NDef.2Sg (mondas)	gínesztesz	2613	192	1204170	férfi	2003	8 / 8	TSG226	device: no device info, screen width: no width info, screen height: no height info, user info: no agent info	1414686	st	gínest	gínesztsz	gínesztesz	TRUE	9515.785399999999
mondasz_mondasz_participant_SESSION_2025-10-25_23h45.50.601.csv	pánkojt	Prs.NDef.3Pl (mondanak)	pánkojtanak	1727	193	1206402	férfi	2003	8 / 8	TSG226	device: no device info, screen width: no width info, screen height: no height info, user info: no agent info	1414686	jt	pánkojt	pánkojtnak	pánkojtanak	TRUE	9515.785399999999
mondasz_mondasz_participant_SESSION_2025-10-25_23h45.50.601.csv	pagyont	Prs.NDef.3Pl (mondanak)	pagyontanak	6331	194	1213236	férfi	2003	8 / 8	TSG226	device: no device info, screen width: no width info, screen height: no height info, user info: no agent info	1414686	nt	paḏont	pagyontnak	pagyontanak	TRUE	9515.785399999999
mondasz_mondasz_participant_SESSION_2025-10-25_23h45.50.601.csv	nyuttojt	Prs.1Sg›2 (mondalak)	nyuttojtalak	2461	195	1216202	férfi	2003	8 / 8	TSG226	device: no device info, screen width: no width info, screen height: no height info, user info: no agent info	1414686	jt	ṉuttojt	nyuttojtlak	nyuttojtalak	TRUE	9515.785399999999
mondasz_mondasz_participant_SESSION_2025-10-25_23h45.50.601.csv	hojont	Prs.NDef.3Pl (mondanak)	hojontanak	3744	196	1220452	férfi	2003	8 / 8	TSG226	device: no device info, screen width: no width info, screen height: no height info, user info: no agent info	1414686	nt	hojont	hojontnak	hojontanak	TRUE	9515.785399999999
mondasz_mondasz_participant_SESSION_2025-10-25_23h45.50.601.csv	fedrent	Prs.NDef.3Pl (mondanak)	fedrentenek	3462	197	1224418	férfi	2003	8 / 8	TSG226	device: no device info, screen width: no width info, screen height: no height info, user info: no agent info	1414686	nt	fedrent	fedrentnek	fedrentenek	TRUE	9515.785399999999
mondasz_mondasz_participant_SESSION_2025-10-25_23h45.50.601.csv	nyorojt	Prs.NDef.2Sg (mondas)	nyorojtasz	2977	198	1227900	férfi	2003	8 / 8	TSG226	device: no device info, screen width: no width info, screen height: no height info, user info: no agent info	1414686	jt	ṉorojt	nyorojtsz	nyorojtasz	TRUE	9515.785399999999
mondasz_mondasz_participant_SESSION_2025-10-25_23h45.50.601.csv	börköszt	Prs.NDef.2Pl (mondotok)	börkösztötök	1998	199	1230402	férfi	2003	8 / 8	TSG226	device: no device info, screen width: no width info, screen height: no height info, user info: no agent info	1414686	st	börköst	börköszttök	börkösztötök	TRUE	9515.785399999999
mondasz_mondasz_participant_SESSION_2025-10-25_23h45.50.601.csv	szipteszt	Prs.NDef.2Pl (mondotok)	sziptesztetek	2627	200	1233534	férfi	2003	8 / 8	TSG226	device: no device info, screen width: no width info, screen height: no height info, user info: no agent info	1414686	st	siptest	szipteszttek	sziptesztetek	TRUE	9515.785399999999
mondasz_mondasz_participant_SESSION_2025-10-25_23h45.50.601.csv	pétlent	Prs.NDef.2Sg (mondas)	pétlentesz	2080	201	1236119	férfi	2003	8 / 8	TSG226	device: no device info, screen width: no width info, screen height: no height info, user info: no agent info	1414686	nt	pétlent	pétlentsz	pétlentesz	TRUE	9515.785399999999
mondasz_mondasz_participant_SESSION_2025-10-25_23h45.50.601.csv	hördöng	Prs.1Sg›2 (mondalak)	hördöngelek	2212	202	1238835	férfi	2003	8 / 8	TSG226	device: no device info, screen width: no width info, screen height: no height info, user info: no agent info	1414686	ng	hördöng	hördönglek	hördöngelek	TRUE	9515.785399999999
mondasz_mondasz_participant_SESSION_2025-10-25_23h45.50.601.csv	haccsojt	Prs.1Sg›2 (mondalak)	haccsojtalak	2711	203	1242051	férfi	2003	8 / 8	TSG226	device: no device info, screen width: no width info, screen height: no height info, user info: no agent info	1414686	jt	haččojt	haccsojtlak	haccsojtalak	TRUE	9515.785399999999
mondasz_mondasz_participant_SESSION_2025-10-25_23h45.50.601.csv	kurtoszt	Prs.1Sg›2 (mondalak)	kurtosztalak	2795	204	1245350	férfi	2003	8 / 8	TSG226	device: no device info, screen width: no width info, screen height: no height info, user info: no agent info	1414686	st	kurtost	kurtosztlak	kurtosztalak	TRUE	9515.785399999999
mondasz_mondasz_participant_SESSION_2025-10-25_23h45.50.601.csv	pétlent	Prs.1Sg›2 (mondalak)	pétlentelek	1813	205	1247666	férfi	2003	8 / 8	TSG226	device: no device info, screen width: no width info, screen height: no height info, user info: no agent info	1414686	nt	pétlent	pétlentlek	pétlentelek	TRUE	9515.785399999999
mondasz_mondasz_participant_SESSION_2025-10-25_23h45.50.601.csv	fesszent	Prs.NDef.3Pl (mondanak)	fesszentenek	1615	206	1249786	férfi	2003	8 / 8	TSG226	device: no device info, screen width: no width info, screen height: no height info, user info: no agent info	1414686	nt	fessent	fesszentnek	fesszentenek	TRUE	9515.785399999999
mondasz_mondasz_participant_SESSION_2025-10-25_23h45.50.601.csv	ornyoszt	Prs.NDef.2Sg (mondas)	ornyosztasz	1509	207	1251800	férfi	2003	8 / 8	TSG226	device: no device info, screen width: no width info, screen height: no height info, user info: no agent info	1414686	st	orṉost	ornyosztsz	ornyosztasz	TRUE	9515.785399999999
mondasz_mondasz_participant_SESSION_2025-10-25_23h45.50.601.csv	szipteszt	Prs.1Sg›2 (mondalak)	sziptesztlek	2429	208	1254732	férfi	2003	8 / 8	TSG226	device: no device info, screen width: no width info, screen height: no height info, user info: no agent info	1414686	st	siptest	sziptesztlek	sziptesztelek	FALSE	9515.785399999999
mondasz_mondasz_participant_SESSION_2025-10-25_23h45.50.601.csv	csumlong	Prs.NDef.3Pl (mondanak)	csumlonganak	3230	209	1258467	férfi	2003	8 / 8	TSG226	device: no device info, screen width: no width info, screen height: no height info, user info: no agent info	1414686	ng	čumlong	csumlongnak	csumlonganak	TRUE	9515.785399999999
mondasz_mondasz_participant_SESSION_2025-10-25_23h45.50.601.csv	odojt	Prs.NDef.2Pl (mondotok)	odojtotok	2494	210	1261466	férfi	2003	8 / 8	TSG226	device: no device info, screen width: no width info, screen height: no height info, user info: no agent info	1414686	jt	odojt	odojttok	odojtotok	TRUE	9515.785399999999
mondasz_mondasz_participant_SESSION_2025-10-25_23h45.50.601.csv	ütvöszt	Prs.NDef.2Pl (mondotok)	ütvösztötök	4029	211	1265999	férfi	2003	8 / 8	TSG226	device: no device info, screen width: no width info, screen height: no height info, user info: no agent info	1414686	st	ütvöst	ütvöszttök	ütvösztötök	TRUE	9515.785399999999
mondasz_mondasz_participant_SESSION_2025-10-25_23h45.50.601.csv	pagoszt	Prs.NDef.3Pl (mondanak)	pagosztanak	2479	212	1268984	férfi	2003	8 / 8	TSG226	device: no device info, screen width: no width info, screen height: no height info, user info: no agent info	1414686	st	pagost	pagosztnak	pagosztanak	TRUE	9515.785399999999
mondasz_mondasz_participant_SESSION_2025-10-25_23h45.50.601.csv	gyahong	Prs.NDef.2Pl (mondotok)	gyahongtok	1944	213	1271433	férfi	2003	8 / 8	TSG226	device: no device info, screen width: no width info, screen height: no height info, user info: no agent info	1414686	ng	ḏahong	gyahongtok	gyahongotok	FALSE	9515.785399999999
mondasz_mondasz_participant_SESSION_2025-10-25_23h45.50.601.csv	lahont	Prs.NDef.3Pl (mondanak)	lahontanak	1928	214	1273866	férfi	2003	8 / 8	TSG226	device: no device info, screen width: no width info, screen height: no height info, user info: no agent info	1414686	nt	lahont	lahontnak	lahontanak	TRUE	9515.785399999999
mondasz_mondasz_participant_SESSION_2025-10-25_23h45.50.601.csv	fűjönt	Prs.1Sg›2 (mondalak)	fűjöntelek	2146	215	1276516	férfi	2003	8 / 8	TSG226	device: no device info, screen width: no width info, screen height: no height info, user info: no agent info	1414686	nt	fűjönt	fűjöntlek	fűjöntelek	TRUE	9515.785399999999
mondasz_mondasz_participant_SESSION_2025-10-25_23h45.50.601.csv	kajszoszt	Prs.NDef.2Sg (mondas)	kajszosztasz	1779	216	1278800	férfi	2003	8 / 8	TSG226	device: no device info, screen width: no width info, screen height: no height info, user info: no agent info	1414686	st	kajsost	kajszosztsz	kajszosztasz	TRUE	9515.785399999999
mondasz_mondasz_participant_SESSION_2025-10-25_23h45.50.601.csv	ornyoszt	Prs.1Sg›2 (mondalak)	ornyosztalak	3944	217	1283249	férfi	2003	8 / 8	TSG226	device: no device info, screen width: no width info, screen height: no height info, user info: no agent info	1414686	st	orṉost	ornyosztlak	ornyosztalak	TRUE	9515.785399999999
mondasz_mondasz_participant_SESSION_2025-10-25_23h45.50.601.csv	szüköjt	Prs.NDef.2Pl (mondotok)	szüköjttök	3663	218	1287417	férfi	2003	8 / 8	TSG226	device: no device info, screen width: no width info, screen height: no height info, user info: no agent info	1414686	jt	süköjt	szüköjttök	szüköjtötök	FALSE	9515.785399999999
mondasz_mondasz_participant_SESSION_2025-10-25_23h45.50.601.csv	sajlojt	Prs.NDef.2Sg (mondas)	sajlojtsz	3027	219	1290948	férfi	2003	8 / 8	TSG226	device: no device info, screen width: no width info, screen height: no height info, user info: no agent info	1414686	jt	šajlojt	sajlojtsz	sajlojtasz	FALSE	9515.785399999999
mondasz_mondasz_participant_SESSION_2025-10-25_23h45.50.601.csv	szipteszt	Prs.NDef.3Pl (mondanak)	sziptesztenek	1946	220	1293399	férfi	2003	8 / 8	TSG226	device: no device info, screen width: no width info, screen height: no height info, user info: no agent info	1414686	st	siptest	sziptesztnek	sziptesztenek	TRUE	9515.785399999999
mondasz_mondasz_participant_SESSION_2025-10-25_23h45.50.601.csv	cséleszt	Prs.NDef.2Sg (mondas)	csélesztesz	1595	221	1295498	férfi	2003	8 / 8	TSG226	device: no device info, screen width: no width info, screen height: no height info, user info: no agent info	1414686	st	čélest	csélesztsz	csélesztesz	TRUE	9515.785399999999
mondasz_mondasz_participant_SESSION_2025-10-25_23h45.50.601.csv	cúrong	Prs.NDef.2Sg (mondas)	cúrongsz	1794	222	1297798	férfi	2003	8 / 8	TSG226	device: no device info, screen width: no width info, screen height: no height info, user info: no agent info	1414686	ng	cúrong	cúrongsz	cúrongasz	FALSE	9515.785399999999
mondasz_mondasz_participant_SESSION_2025-10-25_23h45.50.601.csv	kernyeszt	Prs.NDef.2Pl (mondotok)	kernyesztetek	2362	223	1300664	férfi	2003	8 / 8	TSG226	device: no device info, screen width: no width info, screen height: no height info, user info: no agent info	1414686	st	kerṉest	kernyeszttek	kernyesztetek	TRUE	9515.785399999999
mondasz_mondasz_participant_SESSION_2025-10-25_23h45.50.601.csv	szüköjt	Prs.1Sg›2 (mondalak)	szüköjtelek	3263	224	1304431	férfi	2003	8 / 8	TSG226	device: no device info, screen width: no width info, screen height: no height info, user info: no agent info	1414686	jt	süköjt	szüköjtlek	szüköjtelek	TRUE	9515.785399999999
mondasz_mondasz_participant_SESSION_2025-10-25_23h45.50.601.csv	koszkojt	Prs.NDef.2Pl (mondotok)	koszkojtotok	2595	225	1307530	férfi	2003	8 / 8	TSG226	device: no device info, screen width: no width info, screen height: no height info, user info: no agent info	1414686	jt	koskojt	koszkojttok	koszkojtotok	TRUE	9515.785399999999
mondasz_mondasz_participant_SESSION_2025-10-25_23h45.50.601.csv	pagoszt	Prs.NDef.2Pl (mondotok)	pagosztotok	167552	226	1809355	férfi	2003	8 / 8	TSG226	device: no device info, screen width: no width info, screen height: no height info, user info: no agent info	1414686	st	pagost	pagoszttok	pagosztotok	TRUE	9515.785399999999
mondasz_mondasz_participant_SESSION_2025-10-25_23h45.50.601.csv	ügönt	Prs.NDef.2Sg (mondas)	ügöntesz	5177	227	1815039	férfi	2003	8 / 8	TSG226	device: no device info, screen width: no width info, screen height: no height info, user info: no agent info	1414686	nt	ügönt	ügöntsz	ügöntesz	TRUE	9515.785399999999
mondasz_mondasz_participant_SESSION_2025-10-25_23h45.50.601.csv	lahont	Prs.NDef.2Pl (mondotok)	lahontotok	2278	229	1822299	férfi	2003	8 / 8	TSG226	device: no device info, screen width: no width info, screen height: no height info, user info: no agent info	1414686	nt	lahont	lahonttok	lahontotok	TRUE	9515.785399999999
mondasz_mondasz_participant_SESSION_2025-10-25_23h45.50.601.csv	ornyoszt	Prs.NDef.2Pl (mondotok)	ornyosztotok	3663	230	1826466	férfi	2003	8 / 8	TSG226	device: no device info, screen width: no width info, screen height: no height info, user info: no agent info	1414686	st	orṉost	ornyoszttok	ornyosztotok	TRUE	9515.785399999999
mondasz_mondasz_participant_SESSION_2025-10-25_23h45.50.601.csv	bákont	Prs.NDef.2Pl (mondotok)	bákontotok	1744	231	1828714	férfi	2003	8 / 8	TSG226	device: no device info, screen width: no width info, screen height: no height info, user info: no agent info	1414686	nt	bákont	bákonttok	bákontotok	TRUE	9515.785399999999
mondasz_mondasz_participant_SESSION_2025-10-25_23h45.50.601.csv	gyuront	Prs.NDef.3Pl (mondanak)	gyurontanak	2511	232	1831729	férfi	2003	8 / 8	TSG226	device: no device info, screen width: no width info, screen height: no height info, user info: no agent info	1414686	nt	ḏuront	gyurontnak	gyurontanak	TRUE	9515.785399999999
mondasz_mondasz_participant_SESSION_2025-10-25_23h45.50.601.csv	cséleszt	Prs.NDef.3Pl (mondanak)	csélesztenek	1513	233	1833746	férfi	2003	8 / 8	TSG226	device: no device info, screen width: no width info, screen height: no height info, user info: no agent info	1414686	st	čélest	csélesztnek	csélesztenek	TRUE	9515.785399999999
mondasz_mondasz_participant_SESSION_2025-10-25_23h45.50.601.csv	kerzeng	Prs.NDef.2Pl (mondotok)	kerzengtek	2696	235	1840193	férfi	2003	8 / 8	TSG226	device: no device info, screen width: no width info, screen height: no height info, user info: no agent info	1414686	ng	kerzeng	kerzengtek	kerzengetek	FALSE	9515.785399999999
mondasz_mondasz_participant_SESSION_2025-10-25_23h45.50.601.csv	rüvönt	Prs.1Sg›2 (mondalak)	rüvöntelek	1963	236	1842660	férfi	2003	8 / 8	TSG226	device: no device info, screen width: no width info, screen height: no height info, user info: no agent info	1414686	nt	rüvönt	rüvöntlek	rüvöntelek	TRUE	9515.785399999999
mondasz_mondasz_participant_SESSION_2025-10-25_23h45.50.601.csv	fűjönt	Prs.NDef.2Pl (mondotok)	fűjönttök	2327	237	1845492	férfi	2003	8 / 8	TSG226	device: no device info, screen width: no width info, screen height: no height info, user info: no agent info	1414686	nt	fűjönt	fűjönttök	fűjöntötök	FALSE	9515.785399999999
mondasz_mondasz_participant_SESSION_2025-10-25_23h45.50.601.csv	nyuttojt	Prs.NDef.2Pl (mondotok)	nyuttojtotok	3363	238	1849360	férfi	2003	8 / 8	TSG226	device: no device info, screen width: no width info, screen height: no height info, user info: no agent info	1414686	jt	ṉuttojt	nyuttojttok	nyuttojtotok	TRUE	9515.785399999999
mondasz_mondasz_participant_SESSION_2025-10-25_23h45.50.601.csv	haccsojt	Prs.NDef.2Pl (mondotok)	haccsojtotok	2144	239	1852008	férfi	2003	8 / 8	TSG226	device: no device info, screen width: no width info, screen height: no height info, user info: no agent info	1414686	jt	haččojt	haccsojttok	haccsojtotok	TRUE	9515.785399999999
mondasz_mondasz_participant_SESSION_2025-10-25_23h45.50.601.csv	csampojt	Prs.NDef.2Sg (mondas)	csampojtasz	1761	240	1854274	férfi	2003	8 / 8	TSG226	device: no device info, screen width: no width info, screen height: no height info, user info: no agent info	1414686	jt	čampojt	csampojtsz	csampojtasz	TRUE	9515.785399999999
mondasz_mondasz_participant_SESSION_2025-10-25_23h45.50.601.csv	pánkojt	Prs.NDef.2Sg (mondas)	pánkojtasz	6914	241	1861692	férfi	2003	8 / 8	TSG226	device: no device info, screen width: no width info, screen height: no height info, user info: no agent info	1414686	jt	pánkojt	pánkojtsz	pánkojtasz	TRUE	9515.785399999999
mondasz_mondasz_participant_SESSION_2025-10-25_23h45.50.601.csv	gyahong	Prs.1Sg›2 (mondalak)	gyahonglak	16560	242	1878756	férfi	2003	8 / 8	TSG226	device: no device info, screen width: no width info, screen height: no height info, user info: no agent info	1414686	ng	ḏahong	gyahonglak	gyahongalak	FALSE	9515.785399999999
mondasz_mondasz_participant_SESSION_2025-10-25_23h45.50.601.csv	fesszent	Prs.NDef.2Sg (mondas)	fesszentesz	1676	243	1880936	férfi	2003	8 / 8	TSG226	device: no device info, screen width: no width info, screen height: no height info, user info: no agent info	1414686	nt	fessent	fesszentsz	fesszentesz	TRUE	9515.785399999999
mondasz_mondasz_participant_SESSION_2025-10-25_23h45.50.601.csv	bákont	Prs.NDef.3Pl (mondanak)	bákontanak	1649	244	1883090	férfi	2003	8 / 8	TSG226	device: no device info, screen width: no width info, screen height: no height info, user info: no agent info	1414686	nt	bákont	bákontnak	bákontanak	TRUE	9515.785399999999
mondasz_mondasz_participant_SESSION_2025-10-25_23h45.50.601.csv	nésszent	Prs.NDef.2Pl (mondotok)	nésszentetek	1862	245	1885455	férfi	2003	8 / 8	TSG226	device: no device info, screen width: no width info, screen height: no height info, user info: no agent info	1414686	nt	néssent	nésszenttek	nésszentetek	TRUE	9515.785399999999
mondasz_mondasz_participant_SESSION_2025-10-25_23h45.50.601.csv	fűjönt	Prs.NDef.3Pl (mondanak)	fűjöntenek	1646	246	1887605	férfi	2003	8 / 8	TSG226	device: no device info, screen width: no width info, screen height: no height info, user info: no agent info	1414686	nt	fűjönt	fűjöntnek	fűjöntenek	TRUE	9515.785399999999
mondasz_mondasz_participant_SESSION_2025-10-25_23h45.50.601.csv	csölönt	Prs.1Sg›2 (mondalak)	csölöntelek	1861	247	1889971	férfi	2003	8 / 8	TSG226	device: no device info, screen width: no width info, screen height: no height info, user info: no agent info	1414686	nt	čölönt	csölöntlek	csölöntelek	TRUE	9515.785399999999
mondasz_mondasz_participant_SESSION_2025-10-25_23h45.50.601.csv	pömpöng	Prs.NDef.2Sg (mondas)	pömpöngsz	1930	248	1892405	férfi	2003	8 / 8	TSG226	device: no device info, screen width: no width info, screen height: no height info, user info: no agent info	1414686	ng	pömpöng	pömpöngsz	pömpöngesz	FALSE	9515.785399999999
mondasz_mondasz_participant_SESSION_2025-10-25_23h45.50.601.csv	koszkojt	Prs.NDef.2Sg (mondas)	koszkojtasz	2130	249	1895039	férfi	2003	8 / 8	TSG226	device: no device info, screen width: no width info, screen height: no height info, user info: no agent info	1414686	jt	koskojt	koszkojtsz	koszkojtasz	TRUE	9515.785399999999
mondasz_mondasz_participant_SESSION_2025-10-25_23h45.50.601.csv	szűsöjt	Prs.1Sg›2 (mondalak)	szűsöjtelek	2661	250	1898205	férfi	2003	8 / 8	TSG226	device: no device info, screen width: no width info, screen height: no height info, user info: no agent info	1414686	jt	sűšöjt	szűsöjtlek	szűsöjtelek	TRUE	9515.785399999999
mondasz_mondasz_participant_SESSION_2025-10-25_23h45.50.601.csv	hojont	Prs.NDef.2Sg (mondas)	hojontasz	1379	251	1900088	férfi	2003	8 / 8	TSG226	device: no device info, screen width: no width info, screen height: no height info, user info: no agent info	1414686	nt	hojont	hojontsz	hojontasz	TRUE	9515.785399999999
mondasz_mondasz_participant_SESSION_2025-10-25_23h45.50.601.csv	vurmong	Prs.NDef.2Sg (mondas)	vurmongsz	2045	252	1902638	férfi	2003	8 / 8	TSG226	device: no device info, screen width: no width info, screen height: no height info, user info: no agent info	1414686	ng	vurmong	vurmongsz	vurmongasz	FALSE	9515.785399999999
mondasz_mondasz_participant_SESSION_2025-10-25_23h45.50.601.csv	börköszt	Prs.1Sg›2 (mondalak)	börkösztelek	5695	253	1908838	férfi	2003	8 / 8	TSG226	device: no device info, screen width: no width info, screen height: no height info, user info: no agent info	1414686	st	börköst	börkösztlek	börkösztelek	TRUE	9515.785399999999
mondasz_mondasz_participant_SESSION_2025-10-25_23h45.50.601.csv	odojt	Prs.NDef.2Sg (mondas)	odojtasz	1395	254	1910737	férfi	2003	8 / 8	TSG226	device: no device info, screen width: no width info, screen height: no height info, user info: no agent info	1414686	jt	odojt	odojtsz	odojtasz	TRUE	9515.785399999999
mondasz_mondasz_participant_SESSION_2025-10-25_23h45.50.601.csv	sébeszt	Prs.NDef.3Pl (mondanak)	sébesztenek	2464	255	1913704	férfi	2003	8 / 8	TSG226	device: no device info, screen width: no width info, screen height: no height info, user info: no agent info	1414686	st	šébest	sébesztnek	sébesztenek	TRUE	9515.785399999999
mondasz_mondasz_participant_SESSION_2025-10-25_23h45.50.601.csv	szüköjt	Prs.NDef.2Sg (mondas)	szüköjtesz	1746	256	1915954	férfi	2003	8 / 8	TSG226	device: no device info, screen width: no width info, screen height: no height info, user info: no agent info	1414686	jt	süköjt	szüköjtsz	szüköjtesz	TRUE	9515.785399999999
mondasz_mondasz_participant_SESSION_2025-10-25_23h45.50.601.csv	fomong	Prs.NDef.2Pl (mondotok)	fomongtok	1711	257	1918170	férfi	2003	8 / 8	TSG226	device: no device info, screen width: no width info, screen height: no height info, user info: no agent info	1414686	ng	fomong	fomongtok	fomongotok	FALSE	9515.785399999999
mondasz_mondasz_participant_SESSION_2025-10-25_23h45.50.601.csv	potojt	Prs.NDef.3Pl (mondanak)	potojtanak	2080	258	1920755	férfi	2003	8 / 8	TSG226	device: no device info, screen width: no width info, screen height: no height info, user info: no agent info	1414686	jt	potojt	potojtnak	potojtanak	TRUE	9515.785399999999
mondasz_mondasz_participant_SESSION_2025-10-25_23h45.50.601.csv	kurtoszt	Prs.NDef.3Pl (mondanak)	kurtosztanak	1893	259	1923153	férfi	2003	8 / 8	TSG226	device: no device info, screen width: no width info, screen height: no height info, user info: no agent info	1414686	st	kurtost	kurtosztnak	kurtosztanak	TRUE	9515.785399999999
mondasz_mondasz_participant_SESSION_2025-10-25_23h45.50.601.csv	rüvönt	Prs.NDef.3Pl (mondanak)	rüvöntenek	2313	260	1925970	férfi	2003	8 / 8	TSG226	device: no device info, screen width: no width info, screen height: no height info, user info: no agent info	1414686	nt	rüvönt	rüvöntnek	rüvöntenek	TRUE	9515.785399999999
mondasz_mondasz_participant_SESSION_2025-10-25_23h45.50.601.csv	szüköjt	Prs.NDef.3Pl (mondanak)	szüköjtenek	1528	261	1928002	férfi	2003	8 / 8	TSG226	device: no device info, screen width: no width info, screen height: no height info, user info: no agent info	1414686	jt	süköjt	szüköjtnek	szüköjtenek	TRUE	9515.785399999999
mondasz_mondasz_participant_SESSION_2025-10-25_23h45.50.601.csv	ofont	Prs.1Sg›2 (mondalak)	ofontlak	1645	262	1930152	férfi	2003	8 / 8	TSG226	device: no device info, screen width: no width info, screen height: no height info, user info: no agent info	1414686	nt	ofont	ofontlak	ofontalak	FALSE	9515.785399999999
mondasz_mondasz_participant_SESSION_2025-10-25_23h45.50.601.csv	haccsojt	Prs.NDef.3Pl (mondanak)	haccsojtanak	2296	263	1932953	férfi	2003	8 / 8	TSG226	device: no device info, screen width: no width info, screen height: no height info, user info: no agent info	1414686	jt	haččojt	haccsojtnak	haccsojtanak	TRUE	9515.785399999999
mondasz_mondasz_participant_SESSION_2025-10-25_23h45.50.601.csv	vuzong	Prs.NDef.3Pl (mondanak)	vuzonganak	4279	264	1937735	férfi	2003	8 / 8	TSG226	device: no device info, screen width: no width info, screen height: no height info, user info: no agent info	1414686	ng	vuzong	vuzongnak	vuzonganak	TRUE	9515.785399999999
mondasz_mondasz_participant_SESSION_2025-10-25_23h45.50.601.csv	büfröng	Prs.NDef.2Sg (mondas)	büfröngesz	1913	265	1940153	férfi	2003	8 / 8	TSG226	device: no device info, screen width: no width info, screen height: no height info, user info: no agent info	1414686	ng	büfröng	büfröngsz	büfröngesz	TRUE	9515.785399999999
mondasz_mondasz_participant_SESSION_2025-10-25_23h45.50.601.csv	sittyeszt	Prs.NDef.3Pl (mondanak)	sittyesztenek	2161	266	1942817	férfi	2003	8 / 8	TSG226	device: no device info, screen width: no width info, screen height: no height info, user info: no agent info	1414686	st	šiṯṯest	sittyesztnek	sittyesztenek	TRUE	9515.785399999999
mondasz_mondasz_participant_SESSION_2025-10-25_23h45.50.601.csv	kajszoszt	Prs.NDef.3Pl (mondanak)	kajszosztanak	2580	267	1945901	férfi	2003	8 / 8	TSG226	device: no device info, screen width: no width info, screen height: no height info, user info: no agent info	1414686	st	kajsost	kajszosztnak	kajszosztanak	TRUE	9515.785399999999
mondasz_mondasz_participant_SESSION_2025-10-25_23h45.50.601.csv	hempeszt	Prs.NDef.3Pl (mondanak)	hempesztenek	1931	268	1948335	férfi	2003	8 / 8	TSG226	device: no device info, screen width: no width info, screen height: no height info, user info: no agent info	1414686	st	hempest	hempesztnek	hempesztenek	TRUE	9515.785399999999
mondasz_mondasz_participant_SESSION_2025-10-25_23h45.50.601.csv	ütvöszt	Prs.1Sg›2 (mondalak)	ütvösztelek	2178	269	1951017	férfi	2003	8 / 8	TSG226	device: no device info, screen width: no width info, screen height: no height info, user info: no agent info	1414686	st	ütvöst	ütvösztlek	ütvösztelek	TRUE	9515.785399999999
mondasz_mondasz_participant_SESSION_2025-10-25_23h45.50.601.csv	csumlong	Prs.1Sg›2 (mondalak)	csumlonglak	1896	270	1953418	férfi	2003	8 / 8	TSG226	device: no device info, screen width: no width info, screen height: no height info, user info: no agent info	1414686	ng	čumlong	csumlonglak	csumlongalak	FALSE	9515.785399999999
mondasz_mondasz_participant_SESSION_2025-10-25_23h45.50.601.csv	polloszt	Prs.NDef.2Sg (mondas)	pollosztasz	2146	271	1956068	férfi	2003	8 / 8	TSG226	device: no device info, screen width: no width info, screen height: no height info, user info: no agent info	1414686	st	pollost	pollosztsz	pollosztasz	TRUE	9515.785399999999
mondasz_mondasz_participant_SESSION_2025-10-25_23h45.50.601.csv	löllöszt	Prs.NDef.3Pl (mondanak)	löllösztenek	8664	272	1965236	férfi	2003	8 / 8	TSG226	device: no device info, screen width: no width info, screen height: no height info, user info: no agent info	1414686	st	löllöst	löllösztnek	löllösztenek	TRUE	9515.785399999999
mondasz_mondasz_participant_SESSION_2025-10-25_23h45.50.601.csv	jököng	Prs.NDef.2Pl (mondotok)	jököngtök	2476	273	1968218	férfi	2003	8 / 8	TSG226	device: no device info, screen width: no width info, screen height: no height info, user info: no agent info	1414686	ng	jököng	jököngtök	jököngötök	FALSE	9515.785399999999
mondasz_mondasz_participant_SESSION_2025-10-25_23h45.50.601.csv	pömpöng	Prs.NDef.2Pl (mondotok)	pömpöngtök	10394	274	1979117	férfi	2003	8 / 8	TSG226	device: no device info, screen width: no width info, screen height: no height info, user info: no agent info	1414686	ng	pömpöng	pömpöngtök	pömpöngötök	FALSE	9515.785399999999
mondasz_mondasz_participant_SESSION_2025-10-25_23h45.50.601.csv	sébeszt	Prs.NDef.2Pl (mondotok)	sébesztetek	2462	275	1982083	férfi	2003	8 / 8	TSG226	device: no device info, screen width: no width info, screen height: no height info, user info: no agent info	1414686	st	šébest	sébeszttek	sébesztetek	TRUE	9515.785399999999
mondasz_mondasz_participant_SESSION_2025-10-25_23h45.50.601.csv	nyelkeng	Prs.1Sg›2 (mondalak)	nyelkenglek	14794	277	2007747	férfi	2003	8 / 8	TSG226	device: no device info, screen width: no width info, screen height: no height info, user info: no agent info	1414686	ng	ṉelkeng	nyelkenglek	nyelkengelek	FALSE	9515.785399999999
mondasz_mondasz_participant_SESSION_2025-10-25_23h45.50.601.csv	vuzong	Prs.1Sg›2 (mondalak)	vuzonglak	2180	278	2010430	férfi	2003	8 / 8	TSG226	device: no device info, screen width: no width info, screen height: no height info, user info: no agent info	1414686	ng	vuzong	vuzonglak	vuzongalak	FALSE	9515.785399999999
mondasz_mondasz_participant_SESSION_2025-10-25_23h45.50.601.csv	hárkont	Prs.NDef.2Pl (mondotok)	hárkontotok	1779	279	2012714	férfi	2003	8 / 8	TSG226	device: no device info, screen width: no width info, screen height: no height info, user info: no agent info	1414686	nt	hárkont	hárkonttok	hárkontotok	TRUE	9515.785399999999
mondasz_mondasz_participant_SESSION_2025-10-25_23h45.50.601.csv	csölönt	Prs.NDef.2Sg (mondas)	csölöntesz	2197	280	2015414	férfi	2003	8 / 8	TSG226	device: no device info, screen width: no width info, screen height: no height info, user info: no agent info	1414686	nt	čölönt	csölöntsz	csölöntesz	TRUE	9515.785399999999
mondasz_mondasz_participant_SESSION_2025-10-25_23h45.50.601.csv	kerzeng	Prs.NDef.3Pl (mondanak)	kerzengenek	1529	281	2017447	férfi	2003	8 / 8	TSG226	device: no device info, screen width: no width info, screen height: no height info, user info: no agent info	1414686	ng	kerzeng	kerzengnek	kerzengenek	TRUE	9515.785399999999
mondasz_mondasz_participant_SESSION_2025-10-25_23h45.50.601.csv	dűszöng	Prs.1Sg›2 (mondalak)	dűszönglek	2095	282	2020046	férfi	2003	8 / 8	TSG226	device: no device info, screen width: no width info, screen height: no height info, user info: no agent info	1414686	ng	dűsöng	dűszönglek	dűszöngelek	FALSE	9515.785399999999
mondasz_mondasz_participant_SESSION_2025-10-25_23h45.50.601.csv	pömpöng	Prs.1Sg›2 (mondalak)	pömpönglek	2064	283	2022614	férfi	2003	8 / 8	TSG226	device: no device info, screen width: no width info, screen height: no height info, user info: no agent info	1414686	ng	pömpöng	pömpönglek	pömpöngelek	FALSE	9515.785399999999
mondasz_mondasz_participant_SESSION_2025-10-25_23h45.50.601.csv	szűsöjt	Prs.NDef.3Pl (mondanak)	szűsöjtenek	1495	284	2024613	férfi	2003	8 / 8	TSG226	device: no device info, screen width: no width info, screen height: no height info, user info: no agent info	1414686	jt	sűšöjt	szűsöjtnek	szűsöjtenek	TRUE	9515.785399999999
mondasz_mondasz_participant_SESSION_2025-10-25_23h45.50.601.csv	hördöng	Prs.NDef.2Pl (mondotok)	hördöngtök	2129	285	2027246	férfi	2003	8 / 8	TSG226	device: no device info, screen width: no width info, screen height: no height info, user info: no agent info	1414686	ng	hördöng	hördöngtök	hördöngötök	FALSE	9515.785399999999
mondasz_mondasz_participant_SESSION_2025-10-25_23h45.50.601.csv	sökköjt	Prs.NDef.3Pl (mondanak)	sökköjtenek	1561	286	2029313	férfi	2003	8 / 8	TSG226	device: no device info, screen width: no width info, screen height: no height info, user info: no agent info	1414686	jt	šökköjt	sökköjtnek	sökköjtenek	TRUE	9515.785399999999
mondasz_mondasz_participant_SESSION_2025-10-25_23h45.50.601.csv	kurtoszt	Prs.NDef.2Sg (mondas)	kurtosztasz	1780	287	2031597	férfi	2003	8 / 8	TSG226	device: no device info, screen width: no width info, screen height: no height info, user info: no agent info	1414686	st	kurtost	kurtosztsz	kurtosztasz	TRUE	9515.785399999999
mondasz_mondasz_participant_SESSION_2025-10-25_23h45.50.601.csv	gyahong	Prs.NDef.3Pl (mondanak)	gyahonganak	1395	288	2033496	férfi	2003	8 / 8	TSG226	device: no device info, screen width: no width info, screen height: no height info, user info: no agent info	1414686	ng	ḏahong	gyahongnak	gyahonganak	TRUE	9515.785399999999
mondasz_mondasz_participant_SESSION_2025-10-25_23h45.50.601.csv	pánkojt	Prs.1Sg›2 (mondalak)	pánkojtalak	1480	289	2035480	férfi	2003	8 / 8	TSG226	device: no device info, screen width: no width info, screen height: no height info, user info: no agent info	1414686	jt	pánkojt	pánkojtlak	pánkojtalak	TRUE	9515.785399999999
mondasz_mondasz_participant_SESSION_2025-10-25_23h45.50.601.csv	csumlong	Prs.NDef.2Pl (mondotok)	csumlongtok	2295	290	2038279	férfi	2003	8 / 8	TSG226	device: no device info, screen width: no width info, screen height: no height info, user info: no agent info	1414686	ng	čumlong	csumlongtok	csumlongotok	FALSE	9515.785399999999
mondasz_mondasz_participant_SESSION_2025-10-25_23h45.50.601.csv	ursojt	Prs.NDef.2Sg (mondas)	ursojtasz	1513	291	2040295	férfi	2003	8 / 8	TSG226	device: no device info, screen width: no width info, screen height: no height info, user info: no agent info	1414686	jt	uršojt	ursojtsz	ursojtasz	TRUE	9515.785399999999
mondasz_mondasz_participant_SESSION_2025-10-25_23h45.50.601.csv	fedrent	Prs.NDef.2Pl (mondotok)	fedrentetek	2363	292	2043163	férfi	2003	8 / 8	TSG226	device: no device info, screen width: no width info, screen height: no height info, user info: no agent info	1414686	nt	fedrent	fedrenttek	fedrentetek	TRUE	9515.785399999999
mondasz_mondasz_participant_SESSION_2025-10-25_23h45.50.601.csv	ügönt	Prs.NDef.3Pl (mondanak)	ügöntenek	2112	293	2045778	férfi	2003	8 / 8	TSG226	device: no device info, screen width: no width info, screen height: no height info, user info: no agent info	1414686	nt	ügönt	ügöntnek	ügöntenek	TRUE	9515.785399999999
mondasz_mondasz_participant_SESSION_2025-10-25_23h45.50.601.csv	mörgöng	Prs.1Sg›2 (mondalak)	mörgönglek	1996	294	2048278	férfi	2003	8 / 8	TSG226	device: no device info, screen width: no width info, screen height: no height info, user info: no agent info	1414686	ng	mörgöng	mörgönglek	mörgöngelek	FALSE	9515.785399999999
mondasz_mondasz_participant_SESSION_2025-10-25_23h45.50.601.csv	szűsöjt	Prs.NDef.2Sg (mondas)	szűsöjtesz	2144	295	2050929	férfi	2003	8 / 8	TSG226	device: no device info, screen width: no width info, screen height: no height info, user info: no agent info	1414686	jt	sűšöjt	szűsöjtsz	szűsöjtesz	TRUE	9515.785399999999
mondasz_mondasz_participant_SESSION_2025-10-25_23h45.50.601.csv	szüvöng	Prs.1Sg›2 (mondalak)	szüvöngelek	10445	296	2061879	férfi	2003	8 / 8	TSG226	device: no device info, screen width: no width info, screen height: no height info, user info: no agent info	1414686	ng	süvöng	szüvönglek	szüvöngelek	TRUE	9515.785399999999
mondasz_mondasz_participant_SESSION_2025-10-25_23h45.50.601.csv	szüvöng	Prs.NDef.3Pl (mondanak)	szüvöngnek	3996	297	2066378	férfi	2003	8 / 8	TSG226	device: no device info, screen width: no width info, screen height: no height info, user info: no agent info	1414686	ng	süvöng	szüvöngnek	szüvöngenek	FALSE	9515.785399999999
mondasz_mondasz_participant_SESSION_2025-10-25_23h45.50.601.csv	hüröszt	Prs.NDef.2Pl (mondotok)	hürösztötök	7879	298	2074761	férfi	2003	8 / 8	TSG226	device: no device info, screen width: no width info, screen height: no height info, user info: no agent info	1414686	st	hüröst	hüröszttök	hürösztötök	TRUE	9515.785399999999
mondasz_mondasz_participant_SESSION_2025-10-25_23h45.50.601.csv	ejjeng	Prs.1Sg›2 (mondalak)	ejjengelek	5696	299	2080960	férfi	2003	8 / 8	TSG226	device: no device info, screen width: no width info, screen height: no height info, user info: no agent info	1414686	ng	ejjeng	ejjenglek	ejjengelek	TRUE	9515.785399999999
mondasz_mondasz_participant_SESSION_2025-10-25_23h45.50.601.csv	füppönt	Prs.NDef.3Pl (mondanak)	füppöntenek	2113	300	2083577	férfi	2003	8 / 8	TSG226	device: no device info, screen width: no width info, screen height: no height info, user info: no agent info	1414686	nt	füppönt	füppöntnek	füppöntenek	TRUE	9515.785399999999
mondasz_mondasz_participant_SESSION_2025-10-25_23h45.50.601.csv	hempeszt	Prs.1Sg›2 (mondalak)	hempesztelek	12877	301	2096959	férfi	2003	8 / 8	TSG226	device: no device info, screen width: no width info, screen height: no height info, user info: no agent info	1414686	st	hempest	hempesztlek	hempesztelek	TRUE	9515.785399999999
mondasz_mondasz_participant_SESSION_2025-10-25_23h45.50.601.csv	szűsöjt	Prs.NDef.2Pl (mondotok)	szűsöjtötök	2996	302	2100459	férfi	2003	8 / 8	TSG226	device: no device info, screen width: no width info, screen height: no height info, user info: no agent info	1414686	jt	sűšöjt	szűsöjttök	szűsöjtötök	TRUE	9515.785399999999
mondasz_mondasz_participant_SESSION_2025-10-25_23h45.50.601.csv	dimbeszt	Prs.NDef.2Pl (mondotok)	dimbesztetek	13346	303	2114309	férfi	2003	8 / 8	TSG226	device: no device info, screen width: no width info, screen height: no height info, user info: no agent info	1414686	st	dimbest	dimbeszttek	dimbesztetek	TRUE	9515.785399999999
mondasz_mondasz_participant_SESSION_2025-10-25_23h45.50.601.csv	zsömhöjt	Prs.NDef.3Pl (mondanak)	zsömhöjtenek	2078	304	2116891	férfi	2003	8 / 8	TSG226	device: no device info, screen width: no width info, screen height: no height info, user info: no agent info	1414686	jt	žömhöjt	zsömhöjtnek	zsömhöjtenek	TRUE	9515.785399999999
mondasz_mondasz_participant_SESSION_2025-10-25_23h45.50.601.csv	cséleszt	Prs.1Sg›2 (mondalak)	csélesztelek	10128	305	2127524	férfi	2003	8 / 8	TSG226	device: no device info, screen width: no width info, screen height: no height info, user info: no agent info	1414686	st	čélest	csélesztlek	csélesztelek	TRUE	9515.785399999999
mondasz_mondasz_participant_SESSION_2025-10-25_23h45.50.601.csv	suvoszt	Prs.1Sg›2 (mondalak)	suvosztlak	4512	306	2132540	férfi	2003	8 / 8	TSG226	device: no device info, screen width: no width info, screen height: no height info, user info: no agent info	1414686	st	šuvost	suvosztlak	suvosztalak	FALSE	9515.785399999999
mondasz_mondasz_participant_SESSION_2025-10-25_23h45.50.601.csv	mirmeszt	Prs.NDef.3Pl (mondanak)	mirmesztenek	2497	307	2135540	férfi	2003	8 / 8	TSG226	device: no device info, screen width: no width info, screen height: no height info, user info: no agent info	1414686	st	mirmest	mirmesztnek	mirmesztenek	TRUE	9515.785399999999
mondasz_mondasz_participant_SESSION_2025-10-25_23h45.50.601.csv	gyuront	Prs.1Sg›2 (mondalak)	gyurontlak	2995	308	2139039	férfi	2003	8 / 8	TSG226	device: no device info, screen width: no width info, screen height: no height info, user info: no agent info	1414686	nt	ḏuront	gyurontlak	gyurontalak	FALSE	9515.785399999999
mondasz_mondasz_participant_SESSION_2025-10-25_23h45.50.601.csv	zöccsöjt	Prs.NDef.2Sg (mondas)	zöccsöjtesz	5048	309	2144590	férfi	2003	8 / 8	TSG226	device: no device info, screen width: no width info, screen height: no height info, user info: no agent info	1414686	jt	zöččöjt	zöccsöjtsz	zöccsöjtesz	TRUE	9515.785399999999
mondasz_mondasz_participant_SESSION_2025-10-25_23h45.50.601.csv	hárkont	Prs.NDef.3Pl (mondanak)	hárkontanak	1990	310	2147084	férfi	2003	8 / 8	TSG226	device: no device info, screen width: no width info, screen height: no height info, user info: no agent info	1414686	nt	hárkont	hárkontnak	hárkontanak	TRUE	9515.785399999999
mondasz_mondasz_participant_SESSION_2025-10-25_23h45.50.601.csv	dűszöng	Prs.NDef.3Pl (mondanak)	dűszöngnek	2118	311	2149707	férfi	2003	8 / 8	TSG226	device: no device info, screen width: no width info, screen height: no height info, user info: no agent info	1414686	ng	dűsöng	dűszöngnek	dűszöngenek	FALSE	9515.785399999999
mondasz_mondasz_participant_SESSION_2025-10-25_23h45.50.601.csv	hojont	Prs.1Sg›2 (mondalak)	hojontalak	2327	312	2152538	férfi	2003	8 / 8	TSG226	device: no device info, screen width: no width info, screen height: no height info, user info: no agent info	1414686	nt	hojont	hojontlak	hojontalak	TRUE	9515.785399999999
mondasz_mondasz_participant_SESSION_2025-10-25_23h45.50.601.csv	kucont	Prs.1Sg›2 (mondalak)	kucontalak	2731	313	2155773	férfi	2003	8 / 8	TSG226	device: no device info, screen width: no width info, screen height: no height info, user info: no agent info	1414686	nt	kucont	kucontlak	kucontalak	TRUE	9515.785399999999
mondasz_mondasz_participant_SESSION_2025-10-25_23h45.50.601.csv	sajlojt	Prs.NDef.3Pl (mondanak)	sajlojtanak	9044	314	2165321	férfi	2003	8 / 8	TSG226	device: no device info, screen width: no width info, screen height: no height info, user info: no agent info	1414686	jt	šajlojt	sajlojtnak	sajlojtanak	TRUE	9515.785399999999
mondasz_mondasz_participant_SESSION_2025-10-25_23h45.50.601.csv	jököng	Prs.NDef.2Sg (mondas)	jököngsz	3862	315	2169687	férfi	2003	8 / 8	TSG226	device: no device info, screen width: no width info, screen height: no height info, user info: no agent info	1414686	ng	jököng	jököngsz	jököngesz	FALSE	9515.785399999999
mondasz_mondasz_participant_SESSION_2025-10-25_23h45.50.601.csv	mógyong	Prs.NDef.2Sg (mondas)	mógyongsz	14246	316	2184437	férfi	2003	8 / 8	TSG226	device: no device info, screen width: no width info, screen height: no height info, user info: no agent info	1414686	ng	móḏong	mógyongsz	mógyongasz	FALSE	9515.785399999999
mondasz_mondasz_participant_SESSION_2025-10-25_23h45.50.601.csv	suvoszt	Prs.NDef.2Pl (mondotok)	suvosztotok	18314	317	2203254	férfi	2003	8 / 8	TSG226	device: no device info, screen width: no width info, screen height: no height info, user info: no agent info	1414686	st	šuvost	suvoszttok	suvosztotok	TRUE	9515.785399999999
mondasz_mondasz_participant_SESSION_2025-10-25_23h45.50.601.csv	szicsent	Prs.1Sg›2 (mondalak)	szicsentelek	3728	318	2207486	férfi	2003	8 / 8	TSG226	device: no device info, screen width: no width info, screen height: no height info, user info: no agent info	1414686	nt	sičent	szicsentlek	szicsentelek	TRUE	9515.785399999999
mondasz_mondasz_participant_SESSION_2025-10-25_23h45.50.601.csv	nyénnyejt	Prs.1Sg›2 (mondalak)	nyénnyejtelek	3113	319	2211103	férfi	2003	8 / 8	TSG226	device: no device info, screen width: no width info, screen height: no height info, user info: no agent info	1414686	jt	ṉéṉṉejt	nyénnyejtlek	nyénnyejtelek	TRUE	9515.785399999999
mondasz_mondasz_participant_SESSION_2025-10-25_23h45.50.601.csv	pagyont	Prs.NDef.2Sg (mondas)	pagyontasz	1845	320	2213451	férfi	2003	8 / 8	TSG226	device: no device info, screen width: no width info, screen height: no height info, user info: no agent info	1414686	nt	paḏont	pagyontsz	pagyontasz	TRUE	9515.785399999999
mondasz_mondasz_participant_SESSION_2025-10-25_23h45.50.601.csv	ursojt	Prs.NDef.2Pl (mondotok)	ursojtotok	1796	321	2215751	férfi	2003	8 / 8	TSG226	device: no device info, screen width: no width info, screen height: no height info, user info: no agent info	1414686	jt	uršojt	ursojttok	ursojtotok	TRUE	9515.785399999999
mondasz_mondasz_participant_SESSION_2025-10-25_23h45.50.601.csv	polloszt	Prs.NDef.2Pl (mondotok)	pollosztotok	3678	322	2219934	férfi	2003	8 / 8	TSG226	device: no device info, screen width: no width info, screen height: no height info, user info: no agent info	1414686	st	pollost	polloszttok	pollosztotok	TRUE	9515.785399999999
mondasz_mondasz_participant_SESSION_2025-10-25_23h45.50.601.csv	vórnyoszt	Prs.NDef.2Sg (mondas)	vórnyosztasz	1829	323	2222268	férfi	2003	8 / 8	TSG226	device: no device info, screen width: no width info, screen height: no height info, user info: no agent info	1414686	st	vórṉost	vórnyosztsz	vórnyosztasz	TRUE	9515.785399999999
mondasz_mondasz_participant_SESSION_2025-10-25_23h45.50.601.csv	nyegejt	Prs.NDef.2Sg (mondas)	nyegejtesz	2113	324	2224886	férfi	2003	8 / 8	TSG226	device: no device info, screen width: no width info, screen height: no height info, user info: no agent info	1414686	jt	ṉegejt	nyegejtsz	nyegejtesz	TRUE	9515.785399999999
mondasz_mondasz_participant_SESSION_2025-10-25_23h45.50.601.csv	lahont	Prs.1Sg›2 (mondalak)	lahontalak	2261	325	2227650	férfi	2003	8 / 8	TSG226	device: no device info, screen width: no width info, screen height: no height info, user info: no agent info	1414686	nt	lahont	lahontlak	lahontalak	TRUE	9515.785399999999
mondasz_mondasz_participant_SESSION_2025-10-25_23h45.50.601.csv	sittyeszt	Prs.1Sg›2 (mondalak)	sittyesztelek	2396	326	2230550	férfi	2003	8 / 8	TSG226	device: no device info, screen width: no width info, screen height: no height info, user info: no agent info	1414686	st	šiṯṯest	sittyesztlek	sittyesztelek	TRUE	9515.785399999999
mondasz_mondasz_participant_SESSION_2025-10-25_23h45.50.601.csv	hempeszt	Prs.NDef.2Sg (mondas)	hempesztesz	2113	327	2233168	férfi	2003	8 / 8	TSG226	device: no device info, screen width: no width info, screen height: no height info, user info: no agent info	1414686	st	hempest	hempesztsz	hempesztesz	TRUE	9515.785399999999
mondasz_mondasz_participant_SESSION_2025-10-25_23h45.50.601.csv	nyegejt	Prs.NDef.2Pl (mondotok)	nyegejtetek	2963	328	2236635	férfi	2003	8 / 8	TSG226	device: no device info, screen width: no width info, screen height: no height info, user info: no agent info	1414686	jt	ṉegejt	nyegejttek	nyegejtetek	TRUE	9515.785399999999
mondasz_mondasz_participant_SESSION_2025-10-25_23h45.50.601.csv	büfröng	Prs.NDef.3Pl (mondanak)	büfröngenek	2475	329	2239616	férfi	2003	8 / 8	TSG226	device: no device info, screen width: no width info, screen height: no height info, user info: no agent info	1414686	ng	büfröng	büfröngnek	büfröngenek	TRUE	9515.785399999999
mondasz_mondasz_participant_SESSION_2025-10-25_23h45.50.601.csv	polloszt	Prs.NDef.3Pl (mondanak)	pollosztanak	1728	330	2241850	férfi	2003	8 / 8	TSG226	device: no device info, screen width: no width info, screen height: no height info, user info: no agent info	1414686	st	pollost	pollosztnak	pollosztanak	TRUE	9515.785399999999
mondasz_mondasz_participant_SESSION_2025-10-25_23h45.50.601.csv	nyénnyejt	Prs.NDef.2Sg (mondas)	nyénnyejtsz	2631	332	2248400	férfi	2003	8 / 8	TSG226	device: no device info, screen width: no width info, screen height: no height info, user info: no agent info	1414686	jt	ṉéṉṉejt	nyénnyejtsz	nyénnyejtesz	FALSE	9515.785399999999
mondasz_mondasz_participant_SESSION_2025-10-25_23h45.50.601.csv	suvoszt	Prs.NDef.3Pl (mondanak)	suvosztanak	1644	333	2250549	férfi	2003	8 / 8	TSG226	device: no device info, screen width: no width info, screen height: no height info, user info: no agent info	1414686	st	šuvost	suvosztnak	suvosztanak	TRUE	9515.785399999999
mondasz_mondasz_participant_SESSION_2025-10-25_23h45.50.601.csv	togyont	Prs.NDef.2Pl (mondotok)	togyonttok	2010	334	2253066	férfi	2003	8 / 8	TSG226	device: no device info, screen width: no width info, screen height: no height info, user info: no agent info	1414686	nt	toḏont	togyonttok	togyontotok	FALSE	9515.785399999999
mondasz_mondasz_participant_SESSION_2025-10-25_23h45.50.601.csv	kerzeng	Prs.1Sg›2 (mondalak)	kerzengelek	1547	335	2255116	férfi	2003	8 / 8	TSG226	device: no device info, screen width: no width info, screen height: no height info, user info: no agent info	1414686	ng	kerzeng	kerzenglek	kerzengelek	TRUE	9515.785399999999
mondasz_mondasz_participant_SESSION_2025-10-26_16h37.32.765.csv	hempeszt	Prs.NDef.2Pl (mondotok)	hempesztetek	10507	8	139680	Nő	2000	8 / 8	DEIZ04	device: no device info, screen width: no width info, screen height: no height info, user info: no agent info	2487602	st	hempest	hempeszttek	hempesztetek	TRUE	9515.785399999999
mondasz_mondasz_participant_SESSION_2025-10-26_16h37.32.765.csv	pégeng	Prs.NDef.2Sg (mondas)	pégengsz	10744	9	150928	Nő	2000	8 / 8	DEIZ04	device: no device info, screen width: no width info, screen height: no height info, user info: no agent info	2487602	ng	pégeng	pégengsz	pégengesz	FALSE	9515.785399999999
mondasz_mondasz_participant_SESSION_2025-10-26_16h37.32.765.csv	ornyoszt	Prs.NDef.2Sg (mondas)	ornyosztasz	9321	10	160752	Nő	2000	8 / 8	DEIZ04	device: no device info, screen width: no width info, screen height: no height info, user info: no agent info	2487602	st	orṉost	ornyosztsz	ornyosztasz	TRUE	9515.785399999999
mondasz_mondasz_participant_SESSION_2025-10-26_16h37.32.765.csv	jököng	Prs.NDef.2Sg (mondas)	jököngsz	10159	11	171414	Nő	2000	8 / 8	DEIZ04	device: no device info, screen width: no width info, screen height: no height info, user info: no agent info	2487602	ng	jököng	jököngsz	jököngesz	FALSE	9515.785399999999
mondasz_mondasz_participant_SESSION_2025-10-26_16h37.32.765.csv	szüköjt	Prs.NDef.2Pl (mondotok)	szüköjtötök	13229	12	185146	Nő	2000	8 / 8	DEIZ04	device: no device info, screen width: no width info, screen height: no height info, user info: no agent info	2487602	jt	süköjt	szüköjttök	szüköjtötök	TRUE	9515.785399999999
mondasz_mondasz_participant_SESSION_2025-10-26_16h37.32.765.csv	fomong	Prs.NDef.2Pl (mondotok)	fomongtok	5520	13	191172	Nő	2000	8 / 8	DEIZ04	device: no device info, screen width: no width info, screen height: no height info, user info: no agent info	2487602	ng	fomong	fomongtok	fomongotok	FALSE	9515.785399999999
mondasz_mondasz_participant_SESSION_2025-10-26_16h37.32.765.csv	hördöng	Prs.NDef.3Pl (mondanak)	hördöngnek	15347	14	207022	Nő	2000	8 / 8	DEIZ04	device: no device info, screen width: no width info, screen height: no height info, user info: no agent info	2487602	ng	hördöng	hördöngnek	hördöngenek	FALSE	9515.785399999999
mondasz_mondasz_participant_SESSION_2025-10-26_16h37.32.765.csv	sökköjt	Prs.NDef.2Sg (mondas)	sökköjtesz	7956	15	215481	Nő	2000	8 / 8	DEIZ04	device: no device info, screen width: no width info, screen height: no height info, user info: no agent info	2487602	jt	šökköjt	sökköjtsz	sökköjtesz	TRUE	9515.785399999999
mondasz_mondasz_participant_SESSION_2025-10-26_16h37.32.765.csv	ibreng	Prs.1Sg›2 (mondalak)	ibrengelek	17904	16	233890	Nő	2000	8 / 8	DEIZ04	device: no device info, screen width: no width info, screen height: no height info, user info: no agent info	2487602	ng	ibreng	ibrenglek	ibrengelek	TRUE	9515.785399999999
mondasz_mondasz_participant_SESSION_2025-10-26_16h37.32.765.csv	haccsojt	Prs.1Sg›2 (mondalak)	haccsojtalak	6996	17	241389	Nő	2000	8 / 8	DEIZ04	device: no device info, screen width: no width info, screen height: no height info, user info: no agent info	2487602	jt	haččojt	haccsojtlak	haccsojtalak	TRUE	9515.785399999999
mondasz_mondasz_participant_SESSION_2025-10-26_16h37.32.765.csv	szüköjt	Prs.NDef.2Sg (mondas)	szüköjtesz	6008	18	247901	Nő	2000	8 / 8	DEIZ04	device: no device info, screen width: no width info, screen height: no height info, user info: no agent info	2487602	jt	süköjt	szüköjtsz	szüköjtesz	TRUE	9515.785399999999
mondasz_mondasz_participant_SESSION_2025-10-26_16h37.32.765.csv	szűsöjt	Prs.1Sg›2 (mondalak)	szűsöjtelek	6011	19	254415	Nő	2000	8 / 8	DEIZ04	device: no device info, screen width: no width info, screen height: no height info, user info: no agent info	2487602	jt	sűšöjt	szűsöjtlek	szűsöjtelek	TRUE	9515.785399999999
mondasz_mondasz_participant_SESSION_2025-10-26_16h37.32.765.csv	cséleszt	Prs.NDef.2Sg (mondas)	csélesztesz	8289	20	263206	Nő	2000	8 / 8	DEIZ04	device: no device info, screen width: no width info, screen height: no height info, user info: no agent info	2487602	st	čélest	csélesztsz	csélesztesz	TRUE	9515.785399999999
mondasz_mondasz_participant_SESSION_2025-10-26_16h37.32.765.csv	kucont	Prs.NDef.2Pl (mondotok)	kucontotok	9620	21	273329	Nő	2000	8 / 8	DEIZ04	device: no device info, screen width: no width info, screen height: no height info, user info: no agent info	2487602	nt	kucont	kuconttok	kucontotok	TRUE	9515.785399999999
mondasz_mondasz_participant_SESSION_2025-10-26_16h37.32.765.csv	haccsojt	Prs.NDef.2Pl (mondotok)	haccsojtotok	9810	22	283641	Nő	2000	8 / 8	DEIZ04	device: no device info, screen width: no width info, screen height: no height info, user info: no agent info	2487602	jt	haččojt	haccsojttok	haccsojtotok	TRUE	9515.785399999999
mondasz_mondasz_participant_SESSION_2025-10-26_16h37.32.765.csv	pétlent	Prs.NDef.2Pl (mondotok)	pétlentetek	6974	23	291118	Nő	2000	8 / 8	DEIZ04	device: no device info, screen width: no width info, screen height: no height info, user info: no agent info	2487602	nt	pétlent	pétlenttek	pétlentetek	TRUE	9515.785399999999
mondasz_mondasz_participant_SESSION_2025-10-26_16h37.32.765.csv	börköszt	Prs.NDef.2Sg (mondas)	börkösztesz	5002	24	296623	Nő	2000	8 / 8	DEIZ04	device: no device info, screen width: no width info, screen height: no height info, user info: no agent info	2487602	st	börköst	börkösztsz	börkösztesz	TRUE	9515.785399999999
mondasz_mondasz_participant_SESSION_2025-10-26_16h37.32.765.csv	füppönt	Prs.NDef.2Pl (mondotok)	füppöntötök	5203	25	302329	Nő	2000	8 / 8	DEIZ04	device: no device info, screen width: no width info, screen height: no height info, user info: no agent info	2487602	nt	füppönt	füppönttök	füppöntötök	TRUE	9515.785399999999
mondasz_mondasz_participant_SESSION_2025-10-26_16h37.32.765.csv	ütvöszt	Prs.1Sg›2 (mondalak)	ütvösztelek	6239	26	309069	Nő	2000	8 / 8	DEIZ04	device: no device info, screen width: no width info, screen height: no height info, user info: no agent info	2487602	st	ütvöst	ütvösztlek	ütvösztelek	TRUE	9515.785399999999
mondasz_mondasz_participant_SESSION_2025-10-26_16h37.32.765.csv	ofont	Prs.NDef.2Sg (mondas)	ofontasz	4504	27	314076	Nő	2000	8 / 8	DEIZ04	device: no device info, screen width: no width info, screen height: no height info, user info: no agent info	2487602	nt	ofont	ofontsz	ofontasz	TRUE	9515.785399999999
mondasz_mondasz_participant_SESSION_2025-10-26_16h37.32.765.csv	fomong	Prs.NDef.2Sg (mondas)	fomongsz	9655	28	324233	Nő	2000	8 / 8	DEIZ04	device: no device info, screen width: no width info, screen height: no height info, user info: no agent info	2487602	ng	fomong	fomongsz	fomongasz	FALSE	9515.785399999999
mondasz_mondasz_participant_SESSION_2025-10-26_16h37.32.765.csv	potojt	Prs.NDef.2Pl (mondotok)	potojtotok	4169	29	328905	Nő	2000	8 / 8	DEIZ04	device: no device info, screen width: no width info, screen height: no height info, user info: no agent info	2487602	jt	potojt	potojttok	potojtotok	TRUE	9515.785399999999
mondasz_mondasz_participant_SESSION_2025-10-26_16h37.32.765.csv	pégeng	Prs.NDef.3Pl (mondanak)	pégengenek	12314	30	341721	Nő	2000	8 / 8	DEIZ04	device: no device info, screen width: no width info, screen height: no height info, user info: no agent info	2487602	ng	pégeng	pégengnek	pégengenek	TRUE	9515.785399999999
mondasz_mondasz_participant_SESSION_2025-10-26_16h37.32.765.csv	szüköjt	Prs.NDef.3Pl (mondanak)	szüköjtenek	7695	31	349918	Nő	2000	8 / 8	DEIZ04	device: no device info, screen width: no width info, screen height: no height info, user info: no agent info	2487602	jt	süköjt	szüköjtnek	szüköjtenek	TRUE	9515.785399999999
mondasz_mondasz_participant_SESSION_2025-10-26_16h37.32.765.csv	hojont	Prs.NDef.3Pl (mondanak)	hojontanak	7821	32	358242	Nő	2000	8 / 8	DEIZ04	device: no device info, screen width: no width info, screen height: no height info, user info: no agent info	2487602	nt	hojont	hojontnak	hojontanak	TRUE	9515.785399999999
mondasz_mondasz_participant_SESSION_2025-10-26_16h37.32.765.csv	tárnyont	Prs.NDef.2Pl (mondotok)	tárnyontotok	7954	33	366699	Nő	2000	8 / 8	DEIZ04	device: no device info, screen width: no width info, screen height: no height info, user info: no agent info	2487602	nt	tárṉont	tárnyonttok	tárnyontotok	TRUE	9515.785399999999
mondasz_mondasz_participant_SESSION_2025-10-26_16h37.32.765.csv	vuzong	Prs.NDef.3Pl (mondanak)	vuzonganak	5521	34	372724	Nő	2000	8 / 8	DEIZ04	device: no device info, screen width: no width info, screen height: no height info, user info: no agent info	2487602	ng	vuzong	vuzongnak	vuzonganak	TRUE	9515.785399999999
mondasz_mondasz_participant_SESSION_2025-10-26_16h37.32.765.csv	hüröszt	Prs.1Sg›2 (mondalak)	hürösztelek	4550	35	377776	Nő	2000	8 / 8	DEIZ04	device: no device info, screen width: no width info, screen height: no height info, user info: no agent info	2487602	st	hüröst	hürösztlek	hürösztelek	TRUE	9515.785399999999
mondasz_mondasz_participant_SESSION_2025-10-26_16h37.32.765.csv	dűszöng	Prs.NDef.3Pl (mondanak)	dűszöngenek	26666	36	404945	Nő	2000	8 / 8	DEIZ04	device: no device info, screen width: no width info, screen height: no height info, user info: no agent info	2487602	ng	dűsöng	dűszöngnek	dűszöngenek	TRUE	9515.785399999999
mondasz_mondasz_participant_SESSION_2025-10-26_16h37.32.765.csv	hördöng	Prs.1Sg›2 (mondalak)	hördöngelek	7524	37	412971	Nő	2000	8 / 8	DEIZ04	device: no device info, screen width: no width info, screen height: no height info, user info: no agent info	2487602	ng	hördöng	hördönglek	hördöngelek	TRUE	9515.785399999999
mondasz_mondasz_participant_SESSION_2025-10-26_16h37.32.765.csv	kajszoszt	Prs.NDef.3Pl (mondanak)	kajszosztanak	10327	38	423800	Nő	2000	8 / 8	DEIZ04	device: no device info, screen width: no width info, screen height: no height info, user info: no agent info	2487602	st	kajsost	kajszosztnak	kajszosztanak	TRUE	9515.785399999999
mondasz_mondasz_participant_SESSION_2025-10-26_16h37.32.765.csv	hüröszt	Prs.NDef.3Pl (mondanak)	hürösztenek	4402	39	428705	Nő	2000	8 / 8	DEIZ04	device: no device info, screen width: no width info, screen height: no height info, user info: no agent info	2487602	st	hüröst	hürösztnek	hürösztenek	TRUE	9515.785399999999
mondasz_mondasz_participant_SESSION_2025-10-26_16h37.32.765.csv	sittyeszt	Prs.NDef.2Sg (mondas)	sittyesztesz	5188	40	434395	Nő	2000	8 / 8	DEIZ04	device: no device info, screen width: no width info, screen height: no height info, user info: no agent info	2487602	st	šiṯṯest	sittyesztsz	sittyesztesz	TRUE	9515.785399999999
mondasz_mondasz_participant_SESSION_2025-10-26_16h37.32.765.csv	füppönt	Prs.1Sg›2 (mondalak)	füppöntelek	5203	41	440101	Nő	2000	8 / 8	DEIZ04	device: no device info, screen width: no width info, screen height: no height info, user info: no agent info	2487602	nt	füppönt	füppöntlek	füppöntelek	TRUE	9515.785399999999
mondasz_mondasz_participant_SESSION_2025-10-26_16h37.32.765.csv	mógyong	Prs.NDef.2Pl (mondotok)	mógyongtok	21220	42	461823	Nő	2000	8 / 8	DEIZ04	device: no device info, screen width: no width info, screen height: no height info, user info: no agent info	2487602	ng	móḏong	mógyongtok	mógyongotok	FALSE	9515.785399999999
mondasz_mondasz_participant_SESSION_2025-10-26_16h37.32.765.csv	ursojt	Prs.1Sg›2 (mondalak)	ursojtalak	6428	43	468754	Nő	2000	8 / 8	DEIZ04	device: no device info, screen width: no width info, screen height: no height info, user info: no agent info	2487602	jt	uršojt	ursojtlak	ursojtalak	TRUE	9515.785399999999
mondasz_mondasz_participant_SESSION_2025-10-26_16h37.32.765.csv	nésszent	Prs.NDef.2Pl (mondotok)	nésszentetek	13382	44	482639	Nő	2000	8 / 8	DEIZ04	device: no device info, screen width: no width info, screen height: no height info, user info: no agent info	2487602	nt	néssent	nésszenttek	nésszentetek	TRUE	9515.785399999999
mondasz_mondasz_participant_SESSION_2025-10-26_16h37.32.765.csv	togyont	Prs.1Sg›2 (mondalak)	togyontalak	7502	45	490645	Nő	2000	8 / 8	DEIZ04	device: no device info, screen width: no width info, screen height: no height info, user info: no agent info	2487602	nt	toḏont	togyontlak	togyontalak	TRUE	9515.785399999999
mondasz_mondasz_participant_SESSION_2025-10-26_16h37.32.765.csv	fűjönt	Prs.NDef.3Pl (mondanak)	fűjöntenek	6184	46	497332	Nő	2000	8 / 8	DEIZ04	device: no device info, screen width: no width info, screen height: no height info, user info: no agent info	2487602	nt	fűjönt	fűjöntnek	fűjöntenek	TRUE	9515.785399999999
mondasz_mondasz_participant_SESSION_2025-10-26_16h37.32.765.csv	pagoszt	Prs.NDef.3Pl (mondanak)	pagosztanak	5313	47	503147	Nő	2000	8 / 8	DEIZ04	device: no device info, screen width: no width info, screen height: no height info, user info: no agent info	2487602	st	pagost	pagosztnak	pagosztanak	TRUE	9515.785399999999
mondasz_mondasz_participant_SESSION_2025-10-26_16h37.32.765.csv	mörgöng	Prs.NDef.2Sg (mondas)	mörgöngsz	9848	48	513498	Nő	2000	8 / 8	DEIZ04	device: no device info, screen width: no width info, screen height: no height info, user info: no agent info	2487602	ng	mörgöng	mörgöngsz	mörgöngesz	FALSE	9515.785399999999
mondasz_mondasz_participant_SESSION_2025-10-26_16h37.32.765.csv	suvoszt	Prs.NDef.2Sg (mondas)	suvosztasz	4752	49	518753	Nő	2000	8 / 8	DEIZ04	device: no device info, screen width: no width info, screen height: no height info, user info: no agent info	2487602	st	šuvost	suvosztsz	suvosztasz	TRUE	9515.785399999999
mondasz_mondasz_participant_SESSION_2025-10-26_16h37.32.765.csv	rüvönt	Prs.NDef.3Pl (mondanak)	rüvöntenek	9127	50	528383	Nő	2000	8 / 8	DEIZ04	device: no device info, screen width: no width info, screen height: no height info, user info: no agent info	2487602	nt	rüvönt	rüvöntnek	rüvöntenek	TRUE	9515.785399999999
mondasz_mondasz_participant_SESSION_2025-10-26_16h37.32.765.csv	vuzong	Prs.NDef.2Sg (mondas)	vuzongsz	10426	51	539310	Nő	2000	8 / 8	DEIZ04	device: no device info, screen width: no width info, screen height: no height info, user info: no agent info	2487602	ng	vuzong	vuzongsz	vuzongasz	FALSE	9515.785399999999
mondasz_mondasz_participant_SESSION_2025-10-26_16h37.32.765.csv	gyuront	Prs.1Sg›2 (mondalak)	gyurontalak	8373	52	548186	Nő	2000	8 / 8	DEIZ04	device: no device info, screen width: no width info, screen height: no height info, user info: no agent info	2487602	nt	ḏuront	gyurontlak	gyurontalak	TRUE	9515.785399999999
mondasz_mondasz_participant_SESSION_2025-10-26_16h37.32.765.csv	mirmeszt	Prs.1Sg›2 (mondalak)	mirmesztelek	7305	53	555993	Nő	2000	8 / 8	DEIZ04	device: no device info, screen width: no width info, screen height: no height info, user info: no agent info	2487602	st	mirmest	mirmesztlek	mirmesztelek	TRUE	9515.785399999999
mondasz_mondasz_participant_SESSION_2025-10-26_16h37.32.765.csv	szüvöng	Prs.1Sg›2 (mondalak)	szüvöngelek	9641	54	566137	Nő	2000	8 / 8	DEIZ04	device: no device info, screen width: no width info, screen height: no height info, user info: no agent info	2487602	ng	süvöng	szüvönglek	szüvöngelek	TRUE	9515.785399999999
mondasz_mondasz_participant_SESSION_2025-10-26_16h37.32.765.csv	cséleszt	Prs.NDef.2Pl (mondotok)	csélesztetek	13944	55	580584	Nő	2000	8 / 8	DEIZ04	device: no device info, screen width: no width info, screen height: no height info, user info: no agent info	2487602	st	čélest	cséleszttek	csélesztetek	TRUE	9515.785399999999
mondasz_mondasz_participant_SESSION_2025-10-26_16h37.32.765.csv	fesszent	Prs.NDef.2Sg (mondas)	fesszentesz	9139	56	590226	Nő	2000	8 / 8	DEIZ04	device: no device info, screen width: no width info, screen height: no height info, user info: no agent info	2487602	nt	fessent	fesszentsz	fesszentesz	TRUE	9515.785399999999
mondasz_mondasz_participant_SESSION_2025-10-26_16h37.32.765.csv	büfröng	Prs.NDef.2Pl (mondotok)	büfröngtök	12448	57	603176	Nő	2000	8 / 8	DEIZ04	device: no device info, screen width: no width info, screen height: no height info, user info: no agent info	2487602	ng	büfröng	büfröngtök	büfröngötök	FALSE	9515.785399999999
mondasz_mondasz_participant_SESSION_2025-10-26_16h37.32.765.csv	tárnyont	Prs.NDef.2Sg (mondas)	tárnyontasz	7843	58	611521	Nő	2000	8 / 8	DEIZ04	device: no device info, screen width: no width info, screen height: no height info, user info: no agent info	2487602	nt	tárṉont	tárnyontsz	tárnyontasz	TRUE	9515.785399999999
mondasz_mondasz_participant_SESSION_2025-10-26_16h37.32.765.csv	kernyeszt	Prs.1Sg›2 (mondalak)	kernyesztelek	5236	59	617260	Nő	2000	8 / 8	DEIZ04	device: no device info, screen width: no width info, screen height: no height info, user info: no agent info	2487602	st	kerṉest	kernyesztlek	kernyesztelek	TRUE	9515.785399999999
mondasz_mondasz_participant_SESSION_2025-10-26_16h37.32.765.csv	vurmong	Prs.NDef.2Pl (mondotok)	vurmongtok	19558	60	637308	Nő	2000	8 / 8	DEIZ04	device: no device info, screen width: no width info, screen height: no height info, user info: no agent info	2487602	ng	vurmong	vurmongtok	vurmongotok	FALSE	9515.785399999999
mondasz_mondasz_participant_SESSION_2025-10-26_16h37.32.765.csv	odojt	Prs.NDef.3Pl (mondanak)	odojtanak	9943	61	647750	Nő	2000	8 / 8	DEIZ04	device: no device info, screen width: no width info, screen height: no height info, user info: no agent info	2487602	jt	odojt	odojtnak	odojtanak	TRUE	9515.785399999999
mondasz_mondasz_participant_SESSION_2025-10-26_16h37.32.765.csv	szűsöjt	Prs.NDef.2Pl (mondotok)	szűsöjtötök	6523	62	654774	Nő	2000	8 / 8	DEIZ04	device: no device info, screen width: no width info, screen height: no height info, user info: no agent info	2487602	jt	sűšöjt	szűsöjttök	szűsöjtötök	TRUE	9515.785399999999
mondasz_mondasz_participant_SESSION_2025-10-26_16h37.32.765.csv	sajlojt	Prs.1Sg›2 (mondalak)	sajlojtalak	46136	63	826484	Nő	2000	8 / 8	DEIZ04	device: no device info, screen width: no width info, screen height: no height info, user info: no agent info	2487602	jt	šajlojt	sajlojtlak	sajlojtalak	TRUE	9515.785399999999
mondasz_mondasz_participant_SESSION_2025-10-26_16h37.32.765.csv	zöccsöjt	Prs.1Sg›2 (mondalak)	zöccsöjtelek	6727	64	833722	Nő	2000	8 / 8	DEIZ04	device: no device info, screen width: no width info, screen height: no height info, user info: no agent info	2487602	jt	zöččöjt	zöccsöjtlek	zöccsöjtelek	TRUE	9515.785399999999
mondasz_mondasz_participant_SESSION_2025-10-26_16h37.32.765.csv	dűszöng	Prs.1Sg›2 (mondalak)	dűszöngelek	5815	65	840040	Nő	2000	8 / 8	DEIZ04	device: no device info, screen width: no width info, screen height: no height info, user info: no agent info	2487602	ng	dűsöng	dűszönglek	dűszöngelek	TRUE	9515.785399999999
mondasz_mondasz_participant_SESSION_2025-10-26_16h37.32.765.csv	lahont	Prs.NDef.2Sg (mondas)	lahontasz	5381	66	845924	Nő	2000	8 / 8	DEIZ04	device: no device info, screen width: no width info, screen height: no height info, user info: no agent info	2487602	nt	lahont	lahontsz	lahontasz	TRUE	9515.785399999999
mondasz_mondasz_participant_SESSION_2025-10-26_16h37.32.765.csv	lahont	Prs.NDef.3Pl (mondanak)	lahontanak	5988	67	852415	Nő	2000	8 / 8	DEIZ04	device: no device info, screen width: no width info, screen height: no height info, user info: no agent info	2487602	nt	lahont	lahontnak	lahontanak	TRUE	9515.785399999999
mondasz_mondasz_participant_SESSION_2025-10-26_16h37.32.765.csv	rüvönt	Prs.NDef.2Sg (mondas)	rüvöntesz	5054	68	857973	Nő	2000	8 / 8	DEIZ04	device: no device info, screen width: no width info, screen height: no height info, user info: no agent info	2487602	nt	rüvönt	rüvöntsz	rüvöntesz	TRUE	9515.785399999999
mondasz_mondasz_participant_SESSION_2025-10-26_16h37.32.765.csv	ofont	Prs.NDef.3Pl (mondanak)	ofontanak	7287	69	865763	Nő	2000	8 / 8	DEIZ04	device: no device info, screen width: no width info, screen height: no height info, user info: no agent info	2487602	nt	ofont	ofontnak	ofontanak	TRUE	9515.785399999999
mondasz_mondasz_participant_SESSION_2025-10-26_16h37.32.765.csv	kucont	Prs.1Sg›2 (mondalak)	kucontalak	9040	70	875305	Nő	2000	8 / 8	DEIZ04	device: no device info, screen width: no width info, screen height: no height info, user info: no agent info	2487602	nt	kucont	kucontlak	kucontalak	TRUE	9515.785399999999
mondasz_mondasz_participant_SESSION_2025-10-26_16h37.32.765.csv	mógyong	Prs.NDef.2Sg (mondas)	mógyongsz	5444	71	881252	Nő	2000	8 / 8	DEIZ04	device: no device info, screen width: no width info, screen height: no height info, user info: no agent info	2487602	ng	móḏong	mógyongsz	mógyongasz	FALSE	9515.785399999999
mondasz_mondasz_participant_SESSION_2025-10-26_16h37.32.765.csv	koszkojt	Prs.NDef.3Pl (mondanak)	koszkojtanak	10787	72	892542	Nő	2000	8 / 8	DEIZ04	device: no device info, screen width: no width info, screen height: no height info, user info: no agent info	2487602	jt	koskojt	koszkojtnak	koszkojtanak	TRUE	9515.785399999999
mondasz_mondasz_participant_SESSION_2025-10-26_16h37.32.765.csv	rupojt	Prs.1Sg›2 (mondalak)	rupojtalak	7333	73	900377	Nő	2000	8 / 8	DEIZ04	device: no device info, screen width: no width info, screen height: no height info, user info: no agent info	2487602	jt	rupojt	rupojtlak	rupojtalak	TRUE	9515.785399999999
mondasz_mondasz_participant_SESSION_2025-10-26_16h37.32.765.csv	rüvönt	Prs.1Sg›2 (mondalak)	rüvöntelek	4132	74	905013	Nő	2000	8 / 8	DEIZ04	device: no device info, screen width: no width info, screen height: no height info, user info: no agent info	2487602	nt	rüvönt	rüvöntlek	rüvöntelek	TRUE	9515.785399999999
mondasz_mondasz_participant_SESSION_2025-10-26_16h37.32.765.csv	nyelkeng	Prs.NDef.2Sg (mondas)	nyelkengsz	6689	75	912205	Nő	2000	8 / 8	DEIZ04	device: no device info, screen width: no width info, screen height: no height info, user info: no agent info	2487602	ng	ṉelkeng	nyelkengsz	nyelkengesz	FALSE	9515.785399999999
mondasz_mondasz_participant_SESSION_2025-10-26_16h37.32.765.csv	vurmong	Prs.NDef.2Sg (mondas)	vurmongsz	34786	76	947494	Nő	2000	8 / 8	DEIZ04	device: no device info, screen width: no width info, screen height: no height info, user info: no agent info	2487602	ng	vurmong	vurmongsz	vurmongasz	FALSE	9515.785399999999
mondasz_mondasz_participant_SESSION_2025-10-26_16h37.32.765.csv	ejjeng	Prs.1Sg›2 (mondalak)	ejjengelek	8675	77	956672	Nő	2000	8 / 8	DEIZ04	device: no device info, screen width: no width info, screen height: no height info, user info: no agent info	2487602	ng	ejjeng	ejjenglek	ejjengelek	TRUE	9515.785399999999
mondasz_mondasz_participant_SESSION_2025-10-26_16h37.32.765.csv	vurmong	Prs.NDef.3Pl (mondanak)	vurmongnak	43897	78	1001072	Nő	2000	8 / 8	DEIZ04	device: no device info, screen width: no width info, screen height: no height info, user info: no agent info	2487602	ng	vurmong	vurmongnak	vurmonganak	FALSE	9515.785399999999
mondasz_mondasz_participant_SESSION_2025-10-26_16h37.32.765.csv	szüvöng	Prs.NDef.2Sg (mondas)	szüvöngsz	4886	79	1006460	Nő	2000	8 / 8	DEIZ04	device: no device info, screen width: no width info, screen height: no height info, user info: no agent info	2487602	ng	süvöng	szüvöngsz	szüvöngesz	FALSE	9515.785399999999
mondasz_mondasz_participant_SESSION_2025-10-26_16h37.32.765.csv	mógyong	Prs.NDef.3Pl (mondanak)	mógyonganak	9789	80	1016754	Nő	2000	8 / 8	DEIZ04	device: no device info, screen width: no width info, screen height: no height info, user info: no agent info	2487602	ng	móḏong	mógyongnak	mógyonganak	TRUE	9515.785399999999
mondasz_mondasz_participant_SESSION_2025-10-26_16h37.32.765.csv	pégeng	Prs.1Sg›2 (mondalak)	pégengelek	8501	81	1025758	Nő	2000	8 / 8	DEIZ04	device: no device info, screen width: no width info, screen height: no height info, user info: no agent info	2487602	ng	pégeng	pégenglek	pégengelek	TRUE	9515.785399999999
mondasz_mondasz_participant_SESSION_2025-10-26_16h37.32.765.csv	zsömhöjt	Prs.NDef.3Pl (mondanak)	zsömhöjtenek	5370	82	1031631	Nő	2000	8 / 8	DEIZ04	device: no device info, screen width: no width info, screen height: no height info, user info: no agent info	2487602	jt	žömhöjt	zsömhöjtnek	zsömhöjtenek	TRUE	9515.785399999999
mondasz_mondasz_participant_SESSION_2025-10-26_16h37.32.765.csv	hárkont	Prs.NDef.2Pl (mondotok)	hárkontotok	11174	83	1043308	Nő	2000	8 / 8	DEIZ04	device: no device info, screen width: no width info, screen height: no height info, user info: no agent info	2487602	nt	hárkont	hárkonttok	hárkontotok	TRUE	9515.785399999999
mondasz_mondasz_participant_SESSION_2025-10-26_16h37.32.765.csv	nyénnyejt	Prs.NDef.2Pl (mondotok)	nyénnyejtetek	38554	84	1082365	Nő	2000	8 / 8	DEIZ04	device: no device info, screen width: no width info, screen height: no height info, user info: no agent info	2487602	jt	ṉéṉṉejt	nyénnyejttek	nyénnyejtetek	TRUE	9515.785399999999
mondasz_mondasz_participant_SESSION_2025-10-26_16h37.32.765.csv	füppönt	Prs.NDef.3Pl (mondanak)	füppöntenek	49781	85	1137160	Nő	2000	8 / 8	DEIZ04	device: no device info, screen width: no width info, screen height: no height info, user info: no agent info	2487602	nt	füppönt	füppöntnek	füppöntenek	TRUE	9515.785399999999
mondasz_mondasz_participant_SESSION_2025-10-26_16h37.32.765.csv	kurtoszt	Prs.1Sg›2 (mondalak)	kurtosztalak	5496	86	1143166	Nő	2000	8 / 8	DEIZ04	device: no device info, screen width: no width info, screen height: no height info, user info: no agent info	2487602	st	kurtost	kurtosztlak	kurtosztalak	TRUE	9515.785399999999
mondasz_mondasz_participant_SESSION_2025-10-26_16h37.32.765.csv	mörgöng	Prs.1Sg›2 (mondalak)	mörgöngelek	13413	87	1157082	Nő	2000	8 / 8	DEIZ04	device: no device info, screen width: no width info, screen height: no height info, user info: no agent info	2487602	ng	mörgöng	mörgönglek	mörgöngelek	TRUE	9515.785399999999
mondasz_mondasz_participant_SESSION_2025-10-26_16h37.32.765.csv	vórnyoszt	Prs.1Sg›2 (mondalak)	vórnyosztalak	9032	88	1166617	Nő	2000	8 / 8	DEIZ04	device: no device info, screen width: no width info, screen height: no height info, user info: no agent info	2487602	st	vórṉost	vórnyosztlak	vórnyosztalak	TRUE	9515.785399999999
mondasz_mondasz_participant_SESSION_2025-10-26_16h37.32.765.csv	mirmeszt	Prs.NDef.2Sg (mondas)	mirmesztesz	26603	89	1193724	Nő	2000	8 / 8	DEIZ04	device: no device info, screen width: no width info, screen height: no height info, user info: no agent info	2487602	st	mirmest	mirmesztsz	mirmesztesz	TRUE	9515.785399999999
mondasz_mondasz_participant_SESSION_2025-10-26_16h37.32.765.csv	pagyont	Prs.NDef.3Pl (mondanak)	pagyontanak	4617	90	1198844	Nő	2000	8 / 8	DEIZ04	device: no device info, screen width: no width info, screen height: no height info, user info: no agent info	2487602	nt	paḏont	pagyontnak	pagyontanak	TRUE	9515.785399999999
mondasz_mondasz_participant_SESSION_2025-10-26_16h37.32.765.csv	togyont	Prs.NDef.3Pl (mondanak)	togyontanak	9381	91	1208728	Nő	2000	8 / 8	DEIZ04	device: no device info, screen width: no width info, screen height: no height info, user info: no agent info	2487602	nt	toḏont	togyontnak	togyontanak	TRUE	9515.785399999999
mondasz_mondasz_participant_SESSION_2025-10-26_16h37.32.765.csv	nyorojt	Prs.NDef.3Pl (mondanak)	nyorojtanak	4396	92	1213627	Nő	2000	8 / 8	DEIZ04	device: no device info, screen width: no width info, screen height: no height info, user info: no agent info	2487602	jt	ṉorojt	nyorojtnak	nyorojtanak	TRUE	9515.785399999999
mondasz_mondasz_participant_SESSION_2025-10-26_16h37.32.765.csv	nyelkeng	Prs.NDef.2Pl (mondotok)	nyelkengtek	50899	93	1265029	Nő	2000	8 / 8	DEIZ04	device: no device info, screen width: no width info, screen height: no height info, user info: no agent info	2487602	ng	ṉelkeng	nyelkengtek	nyelkengetek	FALSE	9515.785399999999
mondasz_mondasz_participant_SESSION_2025-10-26_16h37.32.765.csv	gyuront	Prs.NDef.2Sg (mondas)	gyurontasz	4659	94	1270191	Nő	2000	8 / 8	DEIZ04	device: no device info, screen width: no width info, screen height: no height info, user info: no agent info	2487602	nt	ḏuront	gyurontsz	gyurontasz	TRUE	9515.785399999999
mondasz_mondasz_participant_SESSION_2025-10-26_16h37.32.765.csv	gyuront	Prs.NDef.2Pl (mondotok)	gyurontotok	3535	95	1274229	Nő	2000	8 / 8	DEIZ04	device: no device info, screen width: no width info, screen height: no height info, user info: no agent info	2487602	nt	ḏuront	gyuronttok	gyurontotok	TRUE	9515.785399999999
mondasz_mondasz_participant_SESSION_2025-10-26_16h37.32.765.csv	suvoszt	Prs.1Sg›2 (mondalak)	suvosztalak	5236	96	1279968	Nő	2000	8 / 8	DEIZ04	device: no device info, screen width: no width info, screen height: no height info, user info: no agent info	2487602	st	šuvost	suvosztlak	suvosztalak	TRUE	9515.785399999999
mondasz_mondasz_participant_SESSION_2025-10-26_16h37.32.765.csv	pömpöng	Prs.NDef.2Pl (mondotok)	pömpöngtök	6150	97	1286621	Nő	2000	8 / 8	DEIZ04	device: no device info, screen width: no width info, screen height: no height info, user info: no agent info	2487602	ng	pömpöng	pömpöngtök	pömpöngötök	FALSE	9515.785399999999
mondasz_mondasz_participant_SESSION_2025-10-26_16h37.32.765.csv	áhong	Prs.NDef.3Pl (mondanak)	áhonganak	29311	98	1316434	Nő	2000	8 / 8	DEIZ04	device: no device info, screen width: no width info, screen height: no height info, user info: no agent info	2487602	ng	áhong	áhongnak	áhonganak	TRUE	9515.785399999999
mondasz_mondasz_participant_SESSION_2025-10-26_16h37.32.765.csv	polloszt	Prs.NDef.2Pl (mondotok)	pollosztotok	5930	99	1322868	Nő	2000	8 / 8	DEIZ04	device: no device info, screen width: no width info, screen height: no height info, user info: no agent info	2487602	st	pollost	polloszttok	pollosztotok	TRUE	9515.785399999999
mondasz_mondasz_participant_SESSION_2025-10-26_16h37.32.765.csv	füppönt	Prs.NDef.2Sg (mondas)	füppöntesz	3871	100	1327241	Nő	2000	8 / 8	DEIZ04	device: no device info, screen width: no width info, screen height: no height info, user info: no agent info	2487602	nt	füppönt	füppöntsz	füppöntesz	TRUE	9515.785399999999
mondasz_mondasz_participant_SESSION_2025-10-26_16h37.32.765.csv	hárkont	Prs.NDef.3Pl (mondanak)	hárkontanak	3786	101	1331529	Nő	2000	8 / 8	DEIZ04	device: no device info, screen width: no width info, screen height: no height info, user info: no agent info	2487602	nt	hárkont	hárkontnak	hárkontanak	TRUE	9515.785399999999
mondasz_mondasz_participant_SESSION_2025-10-26_16h37.32.765.csv	vutojt	Prs.NDef.2Sg (mondas)	vutojtasz	5783	102	1337816	Nő	2000	8 / 8	DEIZ04	device: no device info, screen width: no width info, screen height: no height info, user info: no agent info	2487602	jt	vutojt	vutojtsz	vutojtasz	TRUE	9515.785399999999
mondasz_mondasz_participant_SESSION_2025-10-26_16h37.32.765.csv	vutojt	Prs.NDef.3Pl (mondanak)	vutojtanak	13289	103	1351608	Nő	2000	8 / 8	DEIZ04	device: no device info, screen width: no width info, screen height: no height info, user info: no agent info	2487602	jt	vutojt	vutojtnak	vutojtanak	TRUE	9515.785399999999
mondasz_mondasz_participant_SESSION_2025-10-26_16h37.32.765.csv	vórnyoszt	Prs.NDef.3Pl (mondanak)	vórnyosztanak	5313	104	1357425	Nő	2000	8 / 8	DEIZ04	device: no device info, screen width: no width info, screen height: no height info, user info: no agent info	2487602	st	vórṉost	vórnyosztnak	vórnyosztanak	TRUE	9515.785399999999
mondasz_mondasz_participant_SESSION_2025-10-26_16h37.32.765.csv	zsömhöjt	Prs.1Sg›2 (mondalak)	zsömhöjtelek	4602	105	1362530	Nő	2000	8 / 8	DEIZ04	device: no device info, screen width: no width info, screen height: no height info, user info: no agent info	2487602	jt	žömhöjt	zsömhöjtlek	zsömhöjtelek	TRUE	9515.785399999999
mondasz_mondasz_participant_SESSION_2025-10-26_16h37.32.765.csv	pétlent	Prs.1Sg›2 (mondalak)	pétlentelek	9828	107	1382081	Nő	2000	8 / 8	DEIZ04	device: no device info, screen width: no width info, screen height: no height info, user info: no agent info	2487602	nt	pétlent	pétlentlek	pétlentelek	TRUE	9515.785399999999
mondasz_mondasz_participant_SESSION_2025-10-26_16h37.32.765.csv	mirmeszt	Prs.NDef.2Pl (mondotok)	mirmesztetek	6232	108	1388816	Nő	2000	8 / 8	DEIZ04	device: no device info, screen width: no width info, screen height: no height info, user info: no agent info	2487602	st	mirmest	mirmeszttek	mirmesztetek	TRUE	9515.785399999999
mondasz_mondasz_participant_SESSION_2025-10-26_16h37.32.765.csv	ursojt	Prs.NDef.2Sg (mondas)	ursojtasz	6603	109	1395922	Nő	2000	8 / 8	DEIZ04	device: no device info, screen width: no width info, screen height: no height info, user info: no agent info	2487602	jt	uršojt	ursojtsz	ursojtasz	TRUE	9515.785399999999
mondasz_mondasz_participant_SESSION_2025-10-26_16h37.32.765.csv	sébeszt	Prs.NDef.3Pl (mondanak)	sébesztenek	11505	110	1407930	Nő	2000	8 / 8	DEIZ04	device: no device info, screen width: no width info, screen height: no height info, user info: no agent info	2487602	st	šébest	sébesztnek	sébesztenek	TRUE	9515.785399999999
mondasz_mondasz_participant_SESSION_2025-10-26_16h37.32.765.csv	csampojt	Prs.1Sg›2 (mondalak)	csampojtalak	5798	111	1414231	Nő	2000	8 / 8	DEIZ04	device: no device info, screen width: no width info, screen height: no height info, user info: no agent info	2487602	jt	čampojt	csampojtlak	csampojtalak	TRUE	9515.785399999999
mondasz_mondasz_participant_SESSION_2025-10-26_16h37.32.765.csv	csölönt	Prs.NDef.2Sg (mondas)	csölöntesz	6787	112	1421521	Nő	2000	8 / 8	DEIZ04	device: no device info, screen width: no width info, screen height: no height info, user info: no agent info	2487602	nt	čölönt	csölöntsz	csölöntesz	TRUE	9515.785399999999
mondasz_mondasz_participant_SESSION_2025-10-26_16h37.32.765.csv	vuzong	Prs.1Sg›2 (mondalak)	vuzongalak	15809	113	1437833	Nő	2000	8 / 8	DEIZ04	device: no device info, screen width: no width info, screen height: no height info, user info: no agent info	2487602	ng	vuzong	vuzonglak	vuzongalak	TRUE	9515.785399999999
mondasz_mondasz_participant_SESSION_2025-10-26_16h37.32.765.csv	pétlent	Prs.NDef.2Sg (mondas)	pétlentesz	3898	114	1442234	Nő	2000	8 / 8	DEIZ04	device: no device info, screen width: no width info, screen height: no height info, user info: no agent info	2487602	nt	pétlent	pétlentsz	pétlentesz	TRUE	9515.785399999999
mondasz_mondasz_participant_SESSION_2025-10-26_16h37.32.765.csv	suvoszt	Prs.NDef.2Pl (mondotok)	suvosztotok	2969	115	1445705	Nő	2000	8 / 8	DEIZ04	device: no device info, screen width: no width info, screen height: no height info, user info: no agent info	2487602	st	šuvost	suvoszttok	suvosztotok	TRUE	9515.785399999999
mondasz_mondasz_participant_SESSION_2025-10-26_16h37.32.765.csv	csampojt	Prs.NDef.2Sg (mondas)	csampojtasz	4997	116	1451205	Nő	2000	8 / 8	DEIZ04	device: no device info, screen width: no width info, screen height: no height info, user info: no agent info	2487602	jt	čampojt	csampojtsz	csampojtasz	TRUE	9515.785399999999
mondasz_mondasz_participant_SESSION_2025-10-26_16h37.32.765.csv	koszkojt	Prs.1Sg›2 (mondalak)	koszkojtalak	6722	117	1458430	Nő	2000	8 / 8	DEIZ04	device: no device info, screen width: no width info, screen height: no height info, user info: no agent info	2487602	jt	koskojt	koszkojtlak	koszkojtalak	TRUE	9515.785399999999
mondasz_mondasz_participant_SESSION_2025-10-26_16h37.32.765.csv	nésszent	Prs.1Sg›2 (mondalak)	nésszentelek	3634	118	1462566	Nő	2000	8 / 8	DEIZ04	device: no device info, screen width: no width info, screen height: no height info, user info: no agent info	2487602	nt	néssent	nésszentlek	nésszentelek	TRUE	9515.785399999999
mondasz_mondasz_participant_SESSION_2025-10-26_16h37.32.765.csv	mörgöng	Prs.NDef.2Pl (mondotok)	mörgöngtök	5083	119	1468152	Nő	2000	8 / 8	DEIZ04	device: no device info, screen width: no width info, screen height: no height info, user info: no agent info	2487602	ng	mörgöng	mörgöngtök	mörgöngötök	FALSE	9515.785399999999
mondasz_mondasz_participant_SESSION_2025-10-26_16h37.32.765.csv	fomong	Prs.1Sg›2 (mondalak)	fomongalak	35315	120	1503970	Nő	2000	8 / 8	DEIZ04	device: no device info, screen width: no width info, screen height: no height info, user info: no agent info	2487602	ng	fomong	fomonglak	fomongalak	TRUE	9515.785399999999
mondasz_mondasz_participant_SESSION_2025-10-26_16h37.32.765.csv	kucont	Prs.NDef.2Sg (mondas)	kucontasz	4380	122	1514472	Nő	2000	8 / 8	DEIZ04	device: no device info, screen width: no width info, screen height: no height info, user info: no agent info	2487602	nt	kucont	kucontsz	kucontasz	TRUE	9515.785399999999
mondasz_mondasz_participant_SESSION_2025-10-26_16h37.32.765.csv	ibreng	Prs.NDef.2Pl (mondotok)	ibrengtek	6170	123	1521144	Nő	2000	8 / 8	DEIZ04	device: no device info, screen width: no width info, screen height: no height info, user info: no agent info	2487602	ng	ibreng	ibrengtek	ibrengetek	FALSE	9515.785399999999
mondasz_mondasz_participant_SESSION_2025-10-26_16h37.32.765.csv	ütvöszt	Prs.NDef.3Pl (mondanak)	ütvösztenek	5190	124	1526836	Nő	2000	8 / 8	DEIZ04	device: no device info, screen width: no width info, screen height: no height info, user info: no agent info	2487602	st	ütvöst	ütvösztnek	ütvösztenek	TRUE	9515.785399999999
mondasz_mondasz_participant_SESSION_2025-10-26_16h37.32.765.csv	flöföjt	Prs.NDef.2Sg (mondas)	flöföjtesz	5908	125	1533246	Nő	2000	8 / 8	DEIZ04	device: no device info, screen width: no width info, screen height: no height info, user info: no agent info	2487602	jt	flöföjt	flöföjtsz	flöföjtesz	TRUE	9515.785399999999
mondasz_mondasz_participant_SESSION_2025-10-26_16h37.32.765.csv	börköszt	Prs.1Sg›2 (mondalak)	börkösztelek	3333	126	1537081	Nő	2000	8 / 8	DEIZ04	device: no device info, screen width: no width info, screen height: no height info, user info: no agent info	2487602	st	börköst	börkösztlek	börkösztelek	TRUE	9515.785399999999
mondasz_mondasz_participant_SESSION_2025-10-26_16h37.32.765.csv	bákont	Prs.NDef.2Sg (mondas)	bákontasz	3769	127	1541353	Nő	2000	8 / 8	DEIZ04	device: no device info, screen width: no width info, screen height: no height info, user info: no agent info	2487602	nt	bákont	bákontsz	bákontasz	TRUE	9515.785399999999
mondasz_mondasz_participant_SESSION_2025-10-26_16h37.32.765.csv	jököng	Prs.1Sg›2 (mondalak)	jököngelek	4635	128	1546491	Nő	2000	8 / 8	DEIZ04	device: no device info, screen width: no width info, screen height: no height info, user info: no agent info	2487602	ng	jököng	jökönglek	jököngelek	TRUE	9515.785399999999
mondasz_mondasz_participant_SESSION_2025-10-26_16h37.32.765.csv	odojt	Prs.NDef.2Sg (mondas)	odojtasz	4421	129	1551414	Nő	2000	8 / 8	DEIZ04	device: no device info, screen width: no width info, screen height: no height info, user info: no agent info	2487602	jt	odojt	odojtsz	odojtasz	TRUE	9515.785399999999
mondasz_mondasz_participant_SESSION_2025-10-26_16h37.32.765.csv	büfröng	Prs.NDef.2Sg (mondas)	büfröngsz	6426	130	1558344	Nő	2000	8 / 8	DEIZ04	device: no device info, screen width: no width info, screen height: no height info, user info: no agent info	2487602	ng	büfröng	büfröngsz	büfröngesz	FALSE	9515.785399999999
mondasz_mondasz_participant_SESSION_2025-10-26_16h37.32.765.csv	ornyoszt	Prs.NDef.3Pl (mondanak)	ornyosztanak	3898	131	1562744	Nő	2000	8 / 8	DEIZ04	device: no device info, screen width: no width info, screen height: no height info, user info: no agent info	2487602	st	orṉost	ornyosztnak	ornyosztanak	TRUE	9515.785399999999
mondasz_mondasz_participant_SESSION_2025-10-26_16h37.32.765.csv	pömpöng	Prs.NDef.3Pl (mondanak)	pömpöngenek	22956	132	1586205	Nő	2000	8 / 8	DEIZ04	device: no device info, screen width: no width info, screen height: no height info, user info: no agent info	2487602	ng	pömpöng	pömpöngnek	pömpöngenek	TRUE	9515.785399999999
mondasz_mondasz_participant_SESSION_2025-10-26_16h37.32.765.csv	zöccsöjt	Prs.NDef.3Pl (mondanak)	zöccsöjtenek	3946	133	1590654	Nő	2000	8 / 8	DEIZ04	device: no device info, screen width: no width info, screen height: no height info, user info: no agent info	2487602	jt	zöččöjt	zöccsöjtnek	zöccsöjtenek	TRUE	9515.785399999999
mondasz_mondasz_participant_SESSION_2025-10-26_16h37.32.765.csv	rupojt	Prs.NDef.2Pl (mondotok)	rupojtotok	3762	134	1594918	Nő	2000	8 / 8	DEIZ04	device: no device info, screen width: no width info, screen height: no height info, user info: no agent info	2487602	jt	rupojt	rupojttok	rupojtotok	TRUE	9515.785399999999
mondasz_mondasz_participant_SESSION_2025-10-26_16h37.32.765.csv	nésszent	Prs.NDef.2Sg (mondas)	nésszentesz	3382	135	1598803	Nő	2000	8 / 8	DEIZ04	device: no device info, screen width: no width info, screen height: no height info, user info: no agent info	2487602	nt	néssent	nésszentsz	nésszentesz	TRUE	9515.785399999999
mondasz_mondasz_participant_SESSION_2025-10-26_16h37.32.765.csv	sébeszt	Prs.NDef.2Sg (mondas)	sébesztesz	4319	136	1603625	Nő	2000	8 / 8	DEIZ04	device: no device info, screen width: no width info, screen height: no height info, user info: no agent info	2487602	st	šébest	sébesztsz	sébesztesz	TRUE	9515.785399999999
mondasz_mondasz_participant_SESSION_2025-10-26_16h37.32.765.csv	áhong	Prs.NDef.2Sg (mondas)	áhongsz	3471	137	1607599	Nő	2000	8 / 8	DEIZ04	device: no device info, screen width: no width info, screen height: no height info, user info: no agent info	2487602	ng	áhong	áhongsz	áhongasz	FALSE	9515.785399999999
mondasz_mondasz_participant_SESSION_2025-10-26_16h37.32.765.csv	hempeszt	Prs.NDef.3Pl (mondanak)	hempesztenek	4153	138	1612254	Nő	2000	8 / 8	DEIZ04	device: no device info, screen width: no width info, screen height: no height info, user info: no agent info	2487602	st	hempest	hempesztnek	hempesztenek	TRUE	9515.785399999999
mondasz_mondasz_participant_SESSION_2025-10-26_16h37.32.765.csv	rüvönt	Prs.NDef.2Pl (mondotok)	rüvöntötök	4674	139	1617431	Nő	2000	8 / 8	DEIZ04	device: no device info, screen width: no width info, screen height: no height info, user info: no agent info	2487602	nt	rüvönt	rüvönttök	rüvöntötök	TRUE	9515.785399999999
mondasz_mondasz_participant_SESSION_2025-10-26_16h37.32.765.csv	nyuttojt	Prs.NDef.3Pl (mondanak)	nyuttojtanak	6064	140	1623997	Nő	2000	8 / 8	DEIZ04	device: no device info, screen width: no width info, screen height: no height info, user info: no agent info	2487602	jt	ṉuttojt	nyuttojtnak	nyuttojtanak	TRUE	9515.785399999999
mondasz_mondasz_participant_SESSION_2025-10-26_16h37.32.765.csv	vuzong	Prs.NDef.2Pl (mondotok)	vuzongtok	5872	141	1630372	Nő	2000	8 / 8	DEIZ04	device: no device info, screen width: no width info, screen height: no height info, user info: no agent info	2487602	ng	vuzong	vuzongtok	vuzongotok	FALSE	9515.785399999999
mondasz_mondasz_participant_SESSION_2025-10-26_16h37.32.765.csv	ibreng	Prs.NDef.3Pl (mondanak)	ibrengenek	4355	142	1635230	Nő	2000	8 / 8	DEIZ04	device: no device info, screen width: no width info, screen height: no height info, user info: no agent info	2487602	ng	ibreng	ibrengnek	ibrengenek	TRUE	9515.785399999999
mondasz_mondasz_participant_SESSION_2025-10-26_16h37.32.765.csv	csölönt	Prs.NDef.2Pl (mondotok)	csölöntötök	8653	143	1644386	Nő	2000	8 / 8	DEIZ04	device: no device info, screen width: no width info, screen height: no height info, user info: no agent info	2487602	nt	čölönt	csölönttök	csölöntötök	TRUE	9515.785399999999
mondasz_mondasz_participant_SESSION_2025-10-26_16h37.32.765.csv	pagoszt	Prs.1Sg›2 (mondalak)	pagosztalak	3792	144	1648681	Nő	2000	8 / 8	DEIZ04	device: no device info, screen width: no width info, screen height: no height info, user info: no agent info	2487602	st	pagost	pagosztlak	pagosztalak	TRUE	9515.785399999999
mondasz_mondasz_participant_SESSION_2025-10-26_16h37.32.765.csv	haccsojt	Prs.NDef.3Pl (mondanak)	haccsojtanak	4759	145	1653942	Nő	2000	8 / 8	DEIZ04	device: no device info, screen width: no width info, screen height: no height info, user info: no agent info	2487602	jt	haččojt	haccsojtnak	haccsojtanak	TRUE	9515.785399999999
mondasz_mondasz_participant_SESSION_2025-10-26_16h37.32.765.csv	szüvöng	Prs.NDef.2Pl (mondotok)	szüvöngtök	4314	146	1658759	Nő	2000	8 / 8	DEIZ04	device: no device info, screen width: no width info, screen height: no height info, user info: no agent info	2487602	ng	süvöng	szüvöngtök	szüvöngötök	FALSE	9515.785399999999
mondasz_mondasz_participant_SESSION_2025-10-26_16h37.32.765.csv	ütvöszt	Prs.NDef.2Pl (mondotok)	ütvösztötök	3303	147	1662565	Nő	2000	8 / 8	DEIZ04	device: no device info, screen width: no width info, screen height: no height info, user info: no agent info	2487602	st	ütvöst	ütvöszttök	ütvösztötök	TRUE	9515.785399999999
mondasz_mondasz_participant_SESSION_2025-10-26_16h37.32.765.csv	nyegejt	Prs.NDef.2Sg (mondas)	nyegejtesz	7901	148	1670969	Nő	2000	8 / 8	DEIZ04	device: no device info, screen width: no width info, screen height: no height info, user info: no agent info	2487602	jt	ṉegejt	nyegejtsz	nyegejtesz	TRUE	9515.785399999999
mondasz_mondasz_participant_SESSION_2025-10-26_16h37.32.765.csv	potojt	Prs.1Sg›2 (mondalak)	potojtalak	2963	149	1674434	Nő	2000	8 / 8	DEIZ04	device: no device info, screen width: no width info, screen height: no height info, user info: no agent info	2487602	jt	potojt	potojtlak	potojtalak	TRUE	9515.785399999999
mondasz_mondasz_participant_SESSION_2025-10-26_16h37.32.765.csv	pagoszt	Prs.NDef.2Sg (mondas)	pagosztasz	5287	150	1680224	Nő	2000	8 / 8	DEIZ04	device: no device info, screen width: no width info, screen height: no height info, user info: no agent info	2487602	st	pagost	pagosztsz	pagosztasz	TRUE	9515.785399999999
mondasz_mondasz_participant_SESSION_2025-10-26_16h37.32.765.csv	nyénnyejt	Prs.1Sg›2 (mondalak)	nyénnyejtelek	7971	151	1688697	Nő	2000	8 / 8	DEIZ04	device: no device info, screen width: no width info, screen height: no height info, user info: no agent info	2487602	jt	ṉéṉṉejt	nyénnyejtlek	nyénnyejtelek	TRUE	9515.785399999999
mondasz_mondasz_participant_SESSION_2025-10-26_16h37.32.765.csv	ursojt	Prs.NDef.2Pl (mondotok)	ursojtotok	6718	152	1695916	Nő	2000	8 / 8	DEIZ04	device: no device info, screen width: no width info, screen height: no height info, user info: no agent info	2487602	jt	uršojt	ursojttok	ursojtotok	TRUE	9515.785399999999
mondasz_mondasz_participant_SESSION_2025-10-26_16h37.32.765.csv	sébeszt	Prs.NDef.2Pl (mondotok)	sébesztetek	3541	153	1699960	Nő	2000	8 / 8	DEIZ04	device: no device info, screen width: no width info, screen height: no height info, user info: no agent info	2487602	st	šébest	sébeszttek	sébesztetek	TRUE	9515.785399999999
mondasz_mondasz_participant_SESSION_2025-10-26_16h37.32.765.csv	szicsent	Prs.1Sg›2 (mondalak)	szicsentelek	3400	154	1703864	Nő	2000	8 / 8	DEIZ04	device: no device info, screen width: no width info, screen height: no height info, user info: no agent info	2487602	nt	sičent	szicsentlek	szicsentelek	TRUE	9515.785399999999
mondasz_mondasz_participant_SESSION_2025-10-26_16h37.32.765.csv	rupojt	Prs.NDef.3Pl (mondanak)	rupojtanak	3605	155	1707972	Nő	2000	8 / 8	DEIZ04	device: no device info, screen width: no width info, screen height: no height info, user info: no agent info	2487602	jt	rupojt	rupojtnak	rupojtanak	TRUE	9515.785399999999
mondasz_mondasz_participant_SESSION_2025-10-26_16h37.32.765.csv	fűjönt	Prs.NDef.2Sg (mondas)	fűjöntesz	12132	156	1720606	Nő	2000	8 / 8	DEIZ04	device: no device info, screen width: no width info, screen height: no height info, user info: no agent info	2487602	nt	fűjönt	fűjöntsz	fűjöntesz	TRUE	9515.785399999999
mondasz_mondasz_participant_SESSION_2025-10-26_16h37.32.765.csv	odojt	Prs.1Sg›2 (mondalak)	odojtalak	2697	157	1723806	Nő	2000	8 / 8	DEIZ04	device: no device info, screen width: no width info, screen height: no height info, user info: no agent info	2487602	jt	odojt	odojtlak	odojtalak	TRUE	9515.785399999999
mondasz_mondasz_participant_SESSION_2025-10-26_16h37.32.765.csv	nyorojt	Prs.NDef.2Pl (mondotok)	nyorojtotok	9784	158	1734093	Nő	2000	8 / 8	DEIZ04	device: no device info, screen width: no width info, screen height: no height info, user info: no agent info	2487602	jt	ṉorojt	nyorojttok	nyorojtotok	TRUE	9515.785399999999
mondasz_mondasz_participant_SESSION_2025-10-26_16h37.32.765.csv	gyahong	Prs.NDef.3Pl (mondanak)	gyahonganak	4299	159	1738896	Nő	2000	8 / 8	DEIZ04	device: no device info, screen width: no width info, screen height: no height info, user info: no agent info	2487602	ng	ḏahong	gyahongnak	gyahonganak	TRUE	9515.785399999999
mondasz_mondasz_participant_SESSION_2025-10-26_16h37.32.765.csv	csampojt	Prs.NDef.2Pl (mondotok)	csampojtotok	4318	160	1743721	Nő	2000	8 / 8	DEIZ04	device: no device info, screen width: no width info, screen height: no height info, user info: no agent info	2487602	jt	čampojt	csampojttok	csampojtotok	TRUE	9515.785399999999
mondasz_mondasz_participant_SESSION_2025-10-26_16h37.32.765.csv	áhong	Prs.NDef.2Pl (mondotok)	áhongtok	4196	161	1748423	Nő	2000	8 / 8	DEIZ04	device: no device info, screen width: no width info, screen height: no height info, user info: no agent info	2487602	ng	áhong	áhongtok	áhongotok	FALSE	9515.785399999999
mondasz_mondasz_participant_SESSION_2025-10-26_16h37.32.765.csv	pánkojt	Prs.1Sg›2 (mondalak)	pánkojtalak	3606	162	1752534	Nő	2000	8 / 8	DEIZ04	device: no device info, screen width: no width info, screen height: no height info, user info: no agent info	2487602	jt	pánkojt	pánkojtlak	pánkojtalak	TRUE	9515.785399999999
mondasz_mondasz_participant_SESSION_2025-10-26_16h37.32.765.csv	jököng	Prs.NDef.3Pl (mondanak)	jököngnek	4033	163	1757071	Nő	2000	8 / 8	DEIZ04	device: no device info, screen width: no width info, screen height: no height info, user info: no agent info	2487602	ng	jököng	jököngnek	jököngenek	FALSE	9515.785399999999
mondasz_mondasz_participant_SESSION_2025-10-26_16h37.32.765.csv	cséleszt	Prs.NDef.3Pl (mondanak)	csélesztenek	5352	164	1762928	Nő	2000	8 / 8	DEIZ04	device: no device info, screen width: no width info, screen height: no height info, user info: no agent info	2487602	st	čélest	csélesztnek	csélesztenek	TRUE	9515.785399999999
mondasz_mondasz_participant_SESSION_2025-10-26_16h37.32.765.csv	nyelkeng	Prs.NDef.3Pl (mondanak)	nyelkengnek	14068	165	1777500	Nő	2000	8 / 8	DEIZ04	device: no device info, screen width: no width info, screen height: no height info, user info: no agent info	2487602	ng	ṉelkeng	nyelkengnek	nyelkengenek	FALSE	9515.785399999999
mondasz_mondasz_participant_SESSION_2025-10-26_16h37.32.765.csv	ejjeng	Prs.NDef.2Sg (mondas)	ejjengsz	4316	166	1782318	Nő	2000	8 / 8	DEIZ04	device: no device info, screen width: no width info, screen height: no height info, user info: no agent info	2487602	ng	ejjeng	ejjengsz	ejjengesz	FALSE	9515.785399999999
mondasz_mondasz_participant_SESSION_2025-10-26_16h37.32.765.csv	vórnyoszt	Prs.NDef.2Sg (mondas)	vórnyosztasz	2907	167	1785727	Nő	2000	8 / 8	DEIZ04	device: no device info, screen width: no width info, screen height: no height info, user info: no agent info	2487602	st	vórṉost	vórnyosztsz	vórnyosztasz	TRUE	9515.785399999999
mondasz_mondasz_participant_SESSION_2025-10-26_16h37.32.765.csv	nyorojt	Prs.NDef.2Sg (mondas)	nyorojtasz	6447	168	1792678	Nő	2000	8 / 8	DEIZ04	device: no device info, screen width: no width info, screen height: no height info, user info: no agent info	2487602	jt	ṉorojt	nyorojtsz	nyorojtasz	TRUE	9515.785399999999
mondasz_mondasz_participant_SESSION_2025-10-26_16h37.32.765.csv	sajlojt	Prs.NDef.3Pl (mondanak)	sajlojtanak	3842	169	1797023	Nő	2000	8 / 8	DEIZ04	device: no device info, screen width: no width info, screen height: no height info, user info: no agent info	2487602	jt	šajlojt	sajlojtnak	sajlojtanak	TRUE	9515.785399999999
mondasz_mondasz_participant_SESSION_2025-10-26_16h37.32.765.csv	rupojt	Prs.NDef.2Sg (mondas)	rupojtasz	4530	170	1802055	Nő	2000	8 / 8	DEIZ04	device: no device info, screen width: no width info, screen height: no height info, user info: no agent info	2487602	jt	rupojt	rupojtsz	rupojtasz	TRUE	9515.785399999999
mondasz_mondasz_participant_SESSION_2025-10-26_16h37.32.765.csv	mirmeszt	Prs.NDef.3Pl (mondanak)	mirmesztenek	2754	171	1805312	Nő	2000	8 / 8	DEIZ04	device: no device info, screen width: no width info, screen height: no height info, user info: no agent info	2487602	st	mirmest	mirmesztnek	mirmesztenek	TRUE	9515.785399999999
mondasz_mondasz_participant_SESSION_2025-10-26_16h37.32.765.csv	kerzeng	Prs.NDef.3Pl (mondanak)	kerzengnek	8821	172	1814636	Nő	2000	8 / 8	DEIZ04	device: no device info, screen width: no width info, screen height: no height info, user info: no agent info	2487602	ng	kerzeng	kerzengnek	kerzengenek	FALSE	9515.785399999999
mondasz_mondasz_participant_SESSION_2025-10-26_16h37.32.765.csv	gíneszt	Prs.NDef.2Pl (mondotok)	gínesztetek	3735	173	1818874	Nő	2000	8 / 8	DEIZ04	device: no device info, screen width: no width info, screen height: no height info, user info: no agent info	2487602	st	gínest	gíneszttek	gínesztetek	TRUE	9515.785399999999
mondasz_mondasz_participant_SESSION_2025-10-26_16h37.32.765.csv	hördöng	Prs.NDef.2Pl (mondotok)	hördöngtök	2804	174	1822179	Nő	2000	8 / 8	DEIZ04	device: no device info, screen width: no width info, screen height: no height info, user info: no agent info	2487602	ng	hördöng	hördöngtök	hördöngötök	FALSE	9515.785399999999
mondasz_mondasz_participant_SESSION_2025-10-26_16h37.32.765.csv	hempeszt	Prs.1Sg›2 (mondalak)	hempesztelek	4165	175	1826847	Nő	2000	8 / 8	DEIZ04	device: no device info, screen width: no width info, screen height: no height info, user info: no agent info	2487602	st	hempest	hempesztlek	hempesztelek	TRUE	9515.785399999999
mondasz_mondasz_participant_SESSION_2025-10-26_16h37.32.765.csv	büfröng	Prs.1Sg›2 (mondalak)	büfröngelek	12871	177	1843910	Nő	2000	8 / 8	DEIZ04	device: no device info, screen width: no width info, screen height: no height info, user info: no agent info	2487602	ng	büfröng	büfrönglek	büfröngelek	TRUE	9515.785399999999
mondasz_mondasz_participant_SESSION_2025-10-26_16h37.32.765.csv	kajszoszt	Prs.NDef.2Sg (mondas)	kajszosztasz	4812	178	1849225	Nő	2000	8 / 8	DEIZ04	device: no device info, screen width: no width info, screen height: no height info, user info: no agent info	2487602	st	kajsost	kajszosztsz	kajszosztasz	TRUE	9515.785399999999
mondasz_mondasz_participant_SESSION_2025-10-26_16h37.32.765.csv	hüröszt	Prs.NDef.2Pl (mondotok)	hürösztötök	26459	179	1876186	Nő	2000	8 / 8	DEIZ04	device: no device info, screen width: no width info, screen height: no height info, user info: no agent info	2487602	st	hüröst	hüröszttök	hürösztötök	TRUE	9515.785399999999
mondasz_mondasz_participant_SESSION_2025-10-26_16h37.32.765.csv	dimbeszt	Prs.1Sg›2 (mondalak)	dimbesztelek	7365	180	1884054	Nő	2000	8 / 8	DEIZ04	device: no device info, screen width: no width info, screen height: no height info, user info: no agent info	2487602	st	dimbest	dimbesztlek	dimbesztelek	TRUE	9515.785399999999
mondasz_mondasz_participant_SESSION_2025-10-26_16h37.32.765.csv	pömpöng	Prs.NDef.2Sg (mondas)	pömpöngsz	13968	181	1898524	Nő	2000	8 / 8	DEIZ04	device: no device info, screen width: no width info, screen height: no height info, user info: no agent info	2487602	ng	pömpöng	pömpöngsz	pömpöngesz	FALSE	9515.785399999999
mondasz_mondasz_participant_SESSION_2025-10-26_16h37.32.765.csv	hüröszt	Prs.NDef.2Sg (mondas)	hürösztesz	4917	182	1903943	Nő	2000	8 / 8	DEIZ04	device: no device info, screen width: no width info, screen height: no height info, user info: no agent info	2487602	st	hüröst	hürösztsz	hürösztesz	TRUE	9515.785399999999
mondasz_mondasz_participant_SESSION_2025-10-26_16h37.32.765.csv	fesszent	Prs.NDef.3Pl (mondanak)	fesszentenek	14471	183	1918916	Nő	2000	8 / 8	DEIZ04	device: no device info, screen width: no width info, screen height: no height info, user info: no agent info	2487602	nt	fessent	fesszentnek	fesszentenek	TRUE	9515.785399999999
mondasz_mondasz_participant_SESSION_2025-10-26_16h37.32.765.csv	löllöszt	Prs.NDef.2Pl (mondotok)	löllösztötök	25109	184	1944528	Nő	2000	8 / 8	DEIZ04	device: no device info, screen width: no width info, screen height: no height info, user info: no agent info	2487602	st	löllöst	löllöszttök	löllösztötök	TRUE	9515.785399999999
mondasz_mondasz_participant_SESSION_2025-10-26_16h37.32.765.csv	csampojt	Prs.NDef.3Pl (mondanak)	csampojtanak	4546	185	1949576	Nő	2000	8 / 8	DEIZ04	device: no device info, screen width: no width info, screen height: no height info, user info: no agent info	2487602	jt	čampojt	csampojtnak	csampojtanak	TRUE	9515.785399999999
mondasz_mondasz_participant_SESSION_2025-10-26_16h37.32.765.csv	löllöszt	Prs.NDef.2Sg (mondas)	löllösztesz	3079	186	1953158	Nő	2000	8 / 8	DEIZ04	device: no device info, screen width: no width info, screen height: no height info, user info: no agent info	2487602	st	löllöst	löllösztsz	löllösztesz	TRUE	9515.785399999999
mondasz_mondasz_participant_SESSION_2025-10-26_16h37.32.765.csv	dűszöng	Prs.NDef.2Sg (mondas)	dűszöngsz	2848	187	1956508	Nő	2000	8 / 8	DEIZ04	device: no device info, screen width: no width info, screen height: no height info, user info: no agent info	2487602	ng	dűsöng	dűszöngsz	dűszöngesz	FALSE	9515.785399999999
mondasz_mondasz_participant_SESSION_2025-10-26_16h37.32.765.csv	csumlong	Prs.1Sg›2 (mondalak)	csumlongalak	3113	188	1960124	Nő	2000	8 / 8	DEIZ04	device: no device info, screen width: no width info, screen height: no height info, user info: no agent info	2487602	ng	čumlong	csumlonglak	csumlongalak	TRUE	9515.785399999999
mondasz_mondasz_participant_SESSION_2025-10-26_16h37.32.765.csv	vurmong	Prs.1Sg›2 (mondalak)	vurmongalak	11334	189	1971961	Nő	2000	8 / 8	DEIZ04	device: no device info, screen width: no width info, screen height: no height info, user info: no agent info	2487602	ng	vurmong	vurmonglak	vurmongalak	TRUE	9515.785399999999
mondasz_mondasz_participant_SESSION_2025-10-26_16h37.32.765.csv	hárkont	Prs.1Sg›2 (mondalak)	hárkontalak	3067	190	1975530	Nő	2000	8 / 8	DEIZ04	device: no device info, screen width: no width info, screen height: no height info, user info: no agent info	2487602	nt	hárkont	hárkontlak	hárkontalak	TRUE	9515.785399999999
mondasz_mondasz_participant_SESSION_2025-10-26_16h37.32.765.csv	gyahong	Prs.NDef.2Sg (mondas)	gyahongsz	4519	191	1980552	Nő	2000	8 / 8	DEIZ04	device: no device info, screen width: no width info, screen height: no height info, user info: no agent info	2487602	ng	ḏahong	gyahongsz	gyahongasz	FALSE	9515.785399999999
mondasz_mondasz_participant_SESSION_2025-10-26_16h37.32.765.csv	nyelkeng	Prs.1Sg›2 (mondalak)	nyelkengelek	43435	192	2323397	Nő	2000	8 / 8	DEIZ04	device: no device info, screen width: no width info, screen height: no height info, user info: no agent info	2487602	ng	ṉelkeng	nyelkenglek	nyelkengelek	TRUE	9515.785399999999
mondasz_mondasz_participant_SESSION_2025-10-26_16h37.32.765.csv	gíneszt	Prs.NDef.2Sg (mondas)	gínesztesz	3786	193	2327693	Nő	2000	8 / 8	DEIZ04	device: no device info, screen width: no width info, screen height: no height info, user info: no agent info	2487602	st	gínest	gínesztsz	gínesztesz	TRUE	9515.785399999999
mondasz_mondasz_participant_SESSION_2025-10-26_16h37.32.765.csv	fesszent	Prs.1Sg›2 (mondalak)	fesszentelek	9471	194	2337666	Nő	2000	8 / 8	DEIZ04	device: no device info, screen width: no width info, screen height: no height info, user info: no agent info	2487602	nt	fessent	fesszentlek	fesszentelek	TRUE	9515.785399999999
mondasz_mondasz_participant_SESSION_2025-10-26_16h37.32.765.csv	ejjeng	Prs.NDef.2Pl (mondotok)	ejjengtek	6174	195	2344344	Nő	2000	8 / 8	DEIZ04	device: no device info, screen width: no width info, screen height: no height info, user info: no agent info	2487602	ng	ejjeng	ejjengtek	ejjengetek	FALSE	9515.785399999999
mondasz_mondasz_participant_SESSION_2025-10-26_16h37.32.765.csv	ornyoszt	Prs.NDef.2Pl (mondotok)	ornyosztotok	4210	196	2349057	Nő	2000	8 / 8	DEIZ04	device: no device info, screen width: no width info, screen height: no height info, user info: no agent info	2487602	st	orṉost	ornyoszttok	ornyosztotok	TRUE	9515.785399999999
mondasz_mondasz_participant_SESSION_2025-10-26_16h37.32.765.csv	fedrent	Prs.NDef.2Pl (mondotok)	fedrentetek	10277	197	2359837	Nő	2000	8 / 8	DEIZ04	device: no device info, screen width: no width info, screen height: no height info, user info: no agent info	2487602	nt	fedrent	fedrenttek	fedrentetek	TRUE	9515.785399999999
mondasz_mondasz_participant_SESSION_2025-10-26_16h37.32.765.csv	zöccsöjt	Prs.NDef.2Sg (mondas)	zöccsöjtesz	44279	198	2597077	Nő	2000	8 / 8	DEIZ04	device: no device info, screen width: no width info, screen height: no height info, user info: no agent info	2487602	jt	zöččöjt	zöccsöjtsz	zöccsöjtesz	TRUE	9515.785399999999
mondasz_mondasz_participant_SESSION_2025-10-26_16h37.32.765.csv	hördöng	Prs.NDef.2Sg (mondas)	hördöngsz	2600	199	2600189	Nő	2000	8 / 8	DEIZ04	device: no device info, screen width: no width info, screen height: no height info, user info: no agent info	2487602	ng	hördöng	hördöngsz	hördöngesz	FALSE	9515.785399999999
mondasz_mondasz_participant_SESSION_2025-10-26_16h37.32.765.csv	sittyeszt	Prs.NDef.3Pl (mondanak)	sittyesztenek	5546	200	2606238	Nő	2000	8 / 8	DEIZ04	device: no device info, screen width: no width info, screen height: no height info, user info: no agent info	2487602	st	šiṯṯest	sittyesztnek	sittyesztenek	TRUE	9515.785399999999
mondasz_mondasz_participant_SESSION_2025-10-26_16h37.32.765.csv	kerzeng	Prs.1Sg›2 (mondalak)	kerzengelek	4645	201	2611387	Nő	2000	8 / 8	DEIZ04	device: no device info, screen width: no width info, screen height: no height info, user info: no agent info	2487602	ng	kerzeng	kerzenglek	kerzengelek	TRUE	9515.785399999999
mondasz_mondasz_participant_SESSION_2025-10-26_16h37.32.765.csv	hojont	Prs.NDef.2Pl (mondotok)	hojontotok	4146	202	2616035	Nő	2000	8 / 8	DEIZ04	device: no device info, screen width: no width info, screen height: no height info, user info: no agent info	2487602	nt	hojont	hojonttok	hojontotok	TRUE	9515.785399999999
mondasz_mondasz_participant_SESSION_2025-10-26_16h37.32.765.csv	szicsent	Prs.NDef.3Pl (mondanak)	szicsentenek	4111	203	2620650	Nő	2000	8 / 8	DEIZ04	device: no device info, screen width: no width info, screen height: no height info, user info: no agent info	2487602	nt	sičent	szicsentnek	szicsentenek	TRUE	9515.785399999999
mondasz_mondasz_participant_SESSION_2025-10-26_16h37.32.765.csv	kernyeszt	Prs.NDef.3Pl (mondanak)	kernyesztenek	5942	204	2627096	Nő	2000	8 / 8	DEIZ04	device: no device info, screen width: no width info, screen height: no height info, user info: no agent info	2487602	st	kerṉest	kernyesztnek	kernyesztenek	TRUE	9515.785399999999
mondasz_mondasz_participant_SESSION_2025-10-26_16h37.32.765.csv	flöföjt	Prs.1Sg›2 (mondalak)	flöföjtelek	7282	205	2634880	Nő	2000	8 / 8	DEIZ04	device: no device info, screen width: no width info, screen height: no height info, user info: no agent info	2487602	jt	flöföjt	flöföjtlek	flöföjtelek	TRUE	9515.785399999999
mondasz_mondasz_participant_SESSION_2025-10-26_16h37.32.765.csv	szipteszt	Prs.NDef.2Pl (mondotok)	sziptesztetek	6493	206	2641877	Nő	2000	8 / 8	DEIZ04	device: no device info, screen width: no width info, screen height: no height info, user info: no agent info	2487602	st	siptest	szipteszttek	sziptesztetek	TRUE	9515.785399999999
mondasz_mondasz_participant_SESSION_2025-10-26_16h37.32.765.csv	pétlent	Prs.NDef.3Pl (mondanak)	pétlentenek	4966	207	2647346	Nő	2000	8 / 8	DEIZ04	device: no device info, screen width: no width info, screen height: no height info, user info: no agent info	2487602	nt	pétlent	pétlentnek	pétlentenek	TRUE	9515.785399999999
mondasz_mondasz_participant_SESSION_2025-10-26_16h37.32.765.csv	haccsojt	Prs.NDef.2Sg (mondas)	haccsojtasz	7081	209	2660428	Nő	2000	8 / 8	DEIZ04	device: no device info, screen width: no width info, screen height: no height info, user info: no agent info	2487602	jt	haččojt	haccsojtsz	haccsojtasz	TRUE	9515.785399999999
mondasz_mondasz_participant_SESSION_2025-10-26_16h37.32.765.csv	sittyeszt	Prs.NDef.2Pl (mondotok)	sittyesztetek	4085	210	2665017	Nő	2000	8 / 8	DEIZ04	device: no device info, screen width: no width info, screen height: no height info, user info: no agent info	2487602	st	šiṯṯest	sittyeszttek	sittyesztetek	TRUE	9515.785399999999
mondasz_mondasz_participant_SESSION_2025-10-26_16h37.32.765.csv	gíneszt	Prs.NDef.3Pl (mondanak)	gínesztenek	36879	211	2702399	Nő	2000	8 / 8	DEIZ04	device: no device info, screen width: no width info, screen height: no height info, user info: no agent info	2487602	st	gínest	gínesztnek	gínesztenek	TRUE	9515.785399999999
mondasz_mondasz_participant_SESSION_2025-10-26_16h37.32.765.csv	polloszt	Prs.NDef.2Sg (mondas)	pollosztasz	2932	212	2705834	Nő	2000	8 / 8	DEIZ04	device: no device info, screen width: no width info, screen height: no height info, user info: no agent info	2487602	st	pollost	pollosztsz	pollosztasz	TRUE	9515.785399999999
mondasz_mondasz_participant_SESSION_2025-10-26_16h37.32.765.csv	suvoszt	Prs.NDef.3Pl (mondanak)	suvosztanak	2365	213	2708702	Nő	2000	8 / 8	DEIZ04	device: no device info, screen width: no width info, screen height: no height info, user info: no agent info	2487602	st	šuvost	suvosztnak	suvosztanak	TRUE	9515.785399999999
mondasz_mondasz_participant_SESSION_2025-10-26_16h37.32.765.csv	löllöszt	Prs.NDef.3Pl (mondanak)	löllösztenek	3400	214	2712662	Nő	2000	8 / 8	DEIZ04	device: no device info, screen width: no width info, screen height: no height info, user info: no agent info	2487602	st	löllöst	löllösztnek	löllösztenek	TRUE	9515.785399999999
mondasz_mondasz_participant_SESSION_2025-10-26_16h37.32.765.csv	kurtoszt	Prs.NDef.2Pl (mondotok)	kurtosztotok	5512	215	2718677	Nő	2000	8 / 8	DEIZ04	device: no device info, screen width: no width info, screen height: no height info, user info: no agent info	2487602	st	kurtost	kurtoszttok	kurtosztotok	TRUE	9515.785399999999
mondasz_mondasz_participant_SESSION_2025-10-26_16h37.32.765.csv	ibreng	Prs.NDef.2Sg (mondas)	ibrengsz	4603	216	2723783	Nő	2000	8 / 8	DEIZ04	device: no device info, screen width: no width info, screen height: no height info, user info: no agent info	2487602	ng	ibreng	ibrengsz	ibrengesz	FALSE	9515.785399999999
mondasz_mondasz_participant_SESSION_2025-10-26_16h37.32.765.csv	cúrong	Prs.NDef.2Sg (mondas)	cúrongsz	7762	217	2732047	Nő	2000	8 / 8	DEIZ04	device: no device info, screen width: no width info, screen height: no height info, user info: no agent info	2487602	ng	cúrong	cúrongsz	cúrongasz	FALSE	9515.785399999999
mondasz_mondasz_participant_SESSION_2025-10-26_16h37.32.765.csv	nyénnyejt	Prs.NDef.3Pl (mondanak)	nyénnyejtenek	21298	218	2753849	Nő	2000	8 / 8	DEIZ04	device: no device info, screen width: no width info, screen height: no height info, user info: no agent info	2487602	jt	ṉéṉṉejt	nyénnyejtnek	nyénnyejtenek	TRUE	9515.785399999999
mondasz_mondasz_participant_SESSION_2025-10-26_16h37.32.765.csv	dűszöng	Prs.NDef.2Pl (mondotok)	dűszöngtök	18703	219	2773055	Nő	2000	8 / 8	DEIZ04	device: no device info, screen width: no width info, screen height: no height info, user info: no agent info	2487602	ng	dűsöng	dűszöngtök	dűszöngötök	FALSE	9515.785399999999
mondasz_mondasz_participant_SESSION_2025-10-26_16h37.32.765.csv	cúrong	Prs.1Sg›2 (mondalak)	cúrongalak	3201	220	2776758	Nő	2000	8 / 8	DEIZ04	device: no device info, screen width: no width info, screen height: no height info, user info: no agent info	2487602	ng	cúrong	cúronglak	cúrongalak	TRUE	9515.785399999999
mondasz_mondasz_participant_SESSION_2025-10-26_16h37.32.765.csv	tárnyont	Prs.1Sg›2 (mondalak)	tárnyontalak	3093	221	2780354	Nő	2000	8 / 8	DEIZ04	device: no device info, screen width: no width info, screen height: no height info, user info: no agent info	2487602	nt	tárṉont	tárnyontlak	tárnyontalak	TRUE	9515.785399999999
mondasz_mondasz_participant_SESSION_2025-10-26_16h37.32.765.csv	hárkont	Prs.NDef.2Sg (mondas)	hárkontasz	3393	222	2784251	Nő	2000	8 / 8	DEIZ04	device: no device info, screen width: no width info, screen height: no height info, user info: no agent info	2487602	nt	hárkont	hárkontsz	hárkontasz	TRUE	9515.785399999999
mondasz_mondasz_participant_SESSION_2025-10-26_16h37.32.765.csv	jököng	Prs.NDef.2Pl (mondotok)	jököngtök	4344	223	2789098	Nő	2000	8 / 8	DEIZ04	device: no device info, screen width: no width info, screen height: no height info, user info: no agent info	2487602	ng	jököng	jököngtök	jököngötök	FALSE	9515.785399999999
mondasz_mondasz_participant_SESSION_2025-10-26_16h37.32.765.csv	flöföjt	Prs.NDef.2Pl (mondotok)	flöföjtötök	3908	224	2793509	Nő	2000	8 / 8	DEIZ04	device: no device info, screen width: no width info, screen height: no height info, user info: no agent info	2487602	jt	flöföjt	flöföjttök	flöföjtötök	TRUE	9515.785399999999
mondasz_mondasz_participant_SESSION_2025-10-26_16h37.32.765.csv	nyuttojt	Prs.NDef.2Pl (mondotok)	nyuttojtotok	7907	225	2801919	Nő	2000	8 / 8	DEIZ04	device: no device info, screen width: no width info, screen height: no height info, user info: no agent info	2487602	jt	ṉuttojt	nyuttojttok	nyuttojtotok	TRUE	9515.785399999999
mondasz_mondasz_participant_SESSION_2025-10-26_16h37.32.765.csv	sökköjt	Prs.NDef.2Pl (mondotok)	sökköjtötök	6870	226	2809291	Nő	2000	8 / 8	DEIZ04	device: no device info, screen width: no width info, screen height: no height info, user info: no agent info	2487602	jt	šökköjt	sökköjttök	sökköjtötök	TRUE	9515.785399999999
mondasz_mondasz_participant_SESSION_2025-10-26_16h37.32.765.csv	dimbeszt	Prs.NDef.3Pl (mondanak)	dimbesztenek	25772	227	2835566	Nő	2000	8 / 8	DEIZ04	device: no device info, screen width: no width info, screen height: no height info, user info: no agent info	2487602	st	dimbest	dimbesztnek	dimbesztenek	TRUE	9515.785399999999
mondasz_mondasz_participant_SESSION_2025-10-26_16h37.32.765.csv	nyegejt	Prs.NDef.3Pl (mondanak)	nyegejtenek	10000	228	2846069	Nő	2000	8 / 8	DEIZ04	device: no device info, screen width: no width info, screen height: no height info, user info: no agent info	2487602	jt	ṉegejt	nyegejtnek	nyegejtenek	TRUE	9515.785399999999
mondasz_mondasz_participant_SESSION_2025-10-26_16h37.32.765.csv	potojt	Prs.NDef.2Sg (mondas)	potojtasz	18880	229	2865452	Nő	2000	8 / 8	DEIZ04	device: no device info, screen width: no width info, screen height: no height info, user info: no agent info	2487602	jt	potojt	potojtsz	potojtasz	TRUE	9515.785399999999
mondasz_mondasz_participant_SESSION_2025-10-26_16h37.32.765.csv	fedrent	Prs.1Sg›2 (mondalak)	fedrentelek	5880	230	2871835	Nő	2000	8 / 8	DEIZ04	device: no device info, screen width: no width info, screen height: no height info, user info: no agent info	2487602	nt	fedrent	fedrentlek	fedrentelek	TRUE	9515.785399999999
mondasz_mondasz_participant_SESSION_2025-10-26_16h37.32.765.csv	ejjeng	Prs.NDef.3Pl (mondanak)	ejjengnek	3326	231	2875664	Nő	2000	8 / 8	DEIZ04	device: no device info, screen width: no width info, screen height: no height info, user info: no agent info	2487602	ng	ejjeng	ejjengnek	ejjengenek	FALSE	9515.785399999999
mondasz_mondasz_participant_SESSION_2025-10-26_16h37.32.765.csv	csumlong	Prs.NDef.3Pl (mondanak)	csumlonganak	3377	232	2879545	Nő	2000	8 / 8	DEIZ04	device: no device info, screen width: no width info, screen height: no height info, user info: no agent info	2487602	ng	čumlong	csumlongnak	csumlonganak	TRUE	9515.785399999999
mondasz_mondasz_participant_SESSION_2025-10-26_16h37.32.765.csv	lahont	Prs.NDef.2Pl (mondotok)	lahontotok	10158	233	2890206	Nő	2000	8 / 8	DEIZ04	device: no device info, screen width: no width info, screen height: no height info, user info: no agent info	2487602	nt	lahont	lahonttok	lahontotok	TRUE	9515.785399999999
mondasz_mondasz_participant_SESSION_2025-10-26_16h37.32.765.csv	ofont	Prs.NDef.2Pl (mondotok)	ofontotok	3425	234	2894134	Nő	2000	8 / 8	DEIZ04	device: no device info, screen width: no width info, screen height: no height info, user info: no agent info	2487602	nt	ofont	ofonttok	ofontotok	TRUE	9515.785399999999
mondasz_mondasz_participant_SESSION_2025-10-26_16h37.32.765.csv	sökköjt	Prs.1Sg›2 (mondalak)	sökköjtelek	2578	235	2897215	Nő	2000	8 / 8	DEIZ04	device: no device info, screen width: no width info, screen height: no height info, user info: no agent info	2487602	jt	šökköjt	sökköjtlek	sökköjtelek	TRUE	9515.785399999999
mondasz_mondasz_participant_SESSION_2025-10-26_16h37.32.765.csv	szipteszt	Prs.NDef.2Sg (mondas)	sziptesztesz	6245	236	2903963	Nő	2000	8 / 8	DEIZ04	device: no device info, screen width: no width info, screen height: no height info, user info: no agent info	2487602	st	siptest	sziptesztsz	sziptesztesz	TRUE	9515.785399999999
mondasz_mondasz_participant_SESSION_2025-10-26_16h37.32.765.csv	nyegejt	Prs.NDef.2Pl (mondotok)	nyegejtetek	5309	237	2909775	Nő	2000	8 / 8	DEIZ04	device: no device info, screen width: no width info, screen height: no height info, user info: no agent info	2487602	jt	ṉegejt	nyegejttek	nyegejtetek	TRUE	9515.785399999999
mondasz_mondasz_participant_SESSION_2025-10-26_16h37.32.765.csv	cséleszt	Prs.1Sg›2 (mondalak)	csélesztelek	9522	238	2919800	Nő	2000	8 / 8	DEIZ04	device: no device info, screen width: no width info, screen height: no height info, user info: no agent info	2487602	st	čélest	csélesztlek	csélesztelek	TRUE	9515.785399999999
mondasz_mondasz_participant_SESSION_2025-10-26_16h37.32.765.csv	kajszoszt	Prs.1Sg›2 (mondalak)	kajszosztalak	12701	239	2933004	Nő	2000	8 / 8	DEIZ04	device: no device info, screen width: no width info, screen height: no height info, user info: no agent info	2487602	st	kajsost	kajszosztlak	kajszosztalak	TRUE	9515.785399999999
mondasz_mondasz_participant_SESSION_2025-10-26_16h37.32.765.csv	ofont	Prs.1Sg›2 (mondalak)	ofontalak	4519	240	2938025	Nő	2000	8 / 8	DEIZ04	device: no device info, screen width: no width info, screen height: no height info, user info: no agent info	2487602	nt	ofont	ofontlak	ofontalak	TRUE	9515.785399999999
mondasz_mondasz_participant_SESSION_2025-10-26_16h37.32.765.csv	zöccsöjt	Prs.NDef.2Pl (mondotok)	zöccsöjtötök	3377	241	2941904	Nő	2000	8 / 8	DEIZ04	device: no device info, screen width: no width info, screen height: no height info, user info: no agent info	2487602	jt	zöččöjt	zöccsöjttök	zöccsöjtötök	TRUE	9515.785399999999
mondasz_mondasz_participant_SESSION_2025-10-26_16h37.32.765.csv	csumlong	Prs.NDef.2Pl (mondotok)	csumlongtok	4144	242	2946551	Nő	2000	8 / 8	DEIZ04	device: no device info, screen width: no width info, screen height: no height info, user info: no agent info	2487602	ng	čumlong	csumlongtok	csumlongotok	FALSE	9515.785399999999
mondasz_mondasz_participant_SESSION_2025-10-26_16h37.32.765.csv	togyont	Prs.NDef.2Pl (mondotok)	togyontotok	4598	243	2951651	Nő	2000	8 / 8	DEIZ04	device: no device info, screen width: no width info, screen height: no height info, user info: no agent info	2487602	nt	toḏont	togyonttok	togyontotok	TRUE	9515.785399999999
mondasz_mondasz_participant_SESSION_2025-10-26_16h37.32.765.csv	nyénnyejt	Prs.NDef.2Sg (mondas)	nyénnyejtesz	10446	244	2962600	Nő	2000	8 / 8	DEIZ04	device: no device info, screen width: no width info, screen height: no height info, user info: no agent info	2487602	jt	ṉéṉṉejt	nyénnyejtsz	nyénnyejtesz	TRUE	9515.785399999999
mondasz_mondasz_participant_SESSION_2025-10-26_16h37.32.765.csv	flöföjt	Prs.NDef.3Pl (mondanak)	flöföjtenek	3698	245	2966802	Nő	2000	8 / 8	DEIZ04	device: no device info, screen width: no width info, screen height: no height info, user info: no agent info	2487602	jt	flöföjt	flöföjtnek	flöföjtenek	TRUE	9515.785399999999
mondasz_mondasz_participant_SESSION_2025-10-26_16h37.32.765.csv	börköszt	Prs.NDef.3Pl (mondanak)	börkösztenek	5786	247	2977211	Nő	2000	8 / 8	DEIZ04	device: no device info, screen width: no width info, screen height: no height info, user info: no agent info	2487602	st	börköst	börkösztnek	börkösztenek	TRUE	9515.785399999999
mondasz_mondasz_participant_SESSION_2025-10-26_16h37.32.765.csv	pagyont	Prs.NDef.2Sg (mondas)	pagyontasz	4530	248	2982244	Nő	2000	8 / 8	DEIZ04	device: no device info, screen width: no width info, screen height: no height info, user info: no agent info	2487602	nt	paḏont	pagyontsz	pagyontasz	TRUE	9515.785399999999
mondasz_mondasz_participant_SESSION_2025-10-26_16h37.32.765.csv	gyuront	Prs.NDef.3Pl (mondanak)	gyurontanak	4500	249	2987246	Nő	2000	8 / 8	DEIZ04	device: no device info, screen width: no width info, screen height: no height info, user info: no agent info	2487602	nt	ḏuront	gyurontnak	gyurontanak	TRUE	9515.785399999999
mondasz_mondasz_participant_SESSION_2025-10-26_16h37.32.765.csv	gyahong	Prs.1Sg›2 (mondalak)	gyahongalak	2831	250	2990580	Nő	2000	8 / 8	DEIZ04	device: no device info, screen width: no width info, screen height: no height info, user info: no agent info	2487602	ng	ḏahong	gyahonglak	gyahongalak	TRUE	9515.785399999999
mondasz_mondasz_participant_SESSION_2025-10-26_16h37.32.765.csv	bákont	Prs.NDef.2Pl (mondotok)	bákontotok	3898	251	2994980	Nő	2000	8 / 8	DEIZ04	device: no device info, screen width: no width info, screen height: no height info, user info: no agent info	2487602	nt	bákont	bákonttok	bákontotok	TRUE	9515.785399999999
mondasz_mondasz_participant_SESSION_2025-10-26_16h37.32.765.csv	bákont	Prs.NDef.3Pl (mondanak)	bákontanak	3330	252	2998813	Nő	2000	8 / 8	DEIZ04	device: no device info, screen width: no width info, screen height: no height info, user info: no agent info	2487602	nt	bákont	bákontnak	bákontanak	TRUE	9515.785399999999
mondasz_mondasz_participant_SESSION_2025-10-26_16h37.32.765.csv	szicsent	Prs.NDef.2Pl (mondotok)	szicsentetek	2380	253	3001696	Nő	2000	8 / 8	DEIZ04	device: no device info, screen width: no width info, screen height: no height info, user info: no agent info	2487602	nt	sičent	szicsenttek	szicsentetek	TRUE	9515.785399999999
mondasz_mondasz_participant_SESSION_2025-10-26_16h37.32.765.csv	mógyong	Prs.1Sg›2 (mondalak)	mógyongalak	4398	254	3006597	Nő	2000	8 / 8	DEIZ04	device: no device info, screen width: no width info, screen height: no height info, user info: no agent info	2487602	ng	móḏong	mógyonglak	mógyongalak	TRUE	9515.785399999999
mondasz_mondasz_participant_SESSION_2025-10-26_16h37.32.765.csv	cúrong	Prs.NDef.3Pl (mondanak)	cúrongnak	2940	255	3010040	Nő	2000	8 / 8	DEIZ04	device: no device info, screen width: no width info, screen height: no height info, user info: no agent info	2487602	ng	cúrong	cúrongnak	cúronganak	FALSE	9515.785399999999
mondasz_mondasz_participant_SESSION_2025-10-26_16h37.32.765.csv	áhong	Prs.1Sg›2 (mondalak)	áhonglak	3945	256	3014488	Nő	2000	8 / 8	DEIZ04	device: no device info, screen width: no width info, screen height: no height info, user info: no agent info	2487602	ng	áhong	áhonglak	áhongalak	FALSE	9515.785399999999
mondasz_mondasz_participant_SESSION_2025-10-26_16h37.32.765.csv	dimbeszt	Prs.NDef.2Pl (mondotok)	dimbesztetek	6467	257	3021458	Nő	2000	8 / 8	DEIZ04	device: no device info, screen width: no width info, screen height: no height info, user info: no agent info	2487602	st	dimbest	dimbeszttek	dimbesztetek	TRUE	9515.785399999999
mondasz_mondasz_participant_SESSION_2025-10-26_16h37.32.765.csv	fedrent	Prs.NDef.3Pl (mondanak)	fedrentenek	3660	258	3025621	Nő	2000	8 / 8	DEIZ04	device: no device info, screen width: no width info, screen height: no height info, user info: no agent info	2487602	nt	fedrent	fedrentnek	fedrentenek	TRUE	9515.785399999999
mondasz_mondasz_participant_SESSION_2025-10-26_16h37.32.765.csv	sajlojt	Prs.NDef.2Sg (mondas)	sajlojtasz	5115	259	3031239	Nő	2000	8 / 8	DEIZ04	device: no device info, screen width: no width info, screen height: no height info, user info: no agent info	2487602	jt	šajlojt	sajlojtsz	sajlojtasz	TRUE	9515.785399999999
mondasz_mondasz_participant_SESSION_2025-10-26_16h37.32.765.csv	csölönt	Prs.NDef.3Pl (mondanak)	csölöntenek	10701	260	3042444	Nő	2000	8 / 8	DEIZ04	device: no device info, screen width: no width info, screen height: no height info, user info: no agent info	2487602	nt	čölönt	csölöntnek	csölöntenek	TRUE	9515.785399999999
mondasz_mondasz_participant_SESSION_2025-10-26_16h37.32.765.csv	sébeszt	Prs.1Sg›2 (mondalak)	sébesztelek	7286	261	3050233	Nő	2000	8 / 8	DEIZ04	device: no device info, screen width: no width info, screen height: no height info, user info: no agent info	2487602	st	šébest	sébesztlek	sébesztelek	TRUE	9515.785399999999
mondasz_mondasz_participant_SESSION_2025-10-26_16h37.32.765.csv	szűsöjt	Prs.NDef.3Pl (mondanak)	szűsöjtenek	4269	262	3055005	Nő	2000	8 / 8	DEIZ04	device: no device info, screen width: no width info, screen height: no height info, user info: no agent info	2487602	jt	sűšöjt	szűsöjtnek	szűsöjtenek	TRUE	9515.785399999999
mondasz_mondasz_participant_SESSION_2025-10-26_16h37.32.765.csv	kajszoszt	Prs.NDef.2Pl (mondotok)	kajszosztotok	3503	263	3059011	Nő	2000	8 / 8	DEIZ04	device: no device info, screen width: no width info, screen height: no height info, user info: no agent info	2487602	st	kajsost	kajszoszttok	kajszosztotok	TRUE	9515.785399999999
mondasz_mondasz_participant_SESSION_2025-10-26_16h37.32.765.csv	koszkojt	Prs.NDef.2Sg (mondas)	koszkojtasz	5283	264	3064797	Nő	2000	8 / 8	DEIZ04	device: no device info, screen width: no width info, screen height: no height info, user info: no agent info	2487602	jt	koskojt	koszkojtsz	koszkojtasz	TRUE	9515.785399999999
mondasz_mondasz_participant_SESSION_2025-10-26_16h37.32.765.csv	kucont	Prs.NDef.3Pl (mondanak)	kucontanak	3847	265	3069147	Nő	2000	8 / 8	DEIZ04	device: no device info, screen width: no width info, screen height: no height info, user info: no agent info	2487602	nt	kucont	kucontnak	kucontanak	TRUE	9515.785399999999
mondasz_mondasz_participant_SESSION_2025-10-26_16h37.32.765.csv	zsömhöjt	Prs.NDef.2Pl (mondotok)	zsömhöjtötök	3337	266	3072986	Nő	2000	8 / 8	DEIZ04	device: no device info, screen width: no width info, screen height: no height info, user info: no agent info	2487602	jt	žömhöjt	zsömhöjttök	zsömhöjtötök	TRUE	9515.785399999999
mondasz_mondasz_participant_SESSION_2025-10-26_16h37.32.765.csv	csölönt	Prs.1Sg›2 (mondalak)	csölöntelek	3047	267	3076536	Nő	2000	8 / 8	DEIZ04	device: no device info, screen width: no width info, screen height: no height info, user info: no agent info	2487602	nt	čölönt	csölöntlek	csölöntelek	TRUE	9515.785399999999
mondasz_mondasz_participant_SESSION_2025-10-26_16h37.32.765.csv	pánkojt	Prs.NDef.3Pl (mondanak)	pánkojtanak	4331	268	3081369	Nő	2000	8 / 8	DEIZ04	device: no device info, screen width: no width info, screen height: no height info, user info: no agent info	2487602	jt	pánkojt	pánkojtnak	pánkojtanak	TRUE	9515.785399999999
mondasz_mondasz_participant_SESSION_2025-10-26_16h37.32.765.csv	vutojt	Prs.NDef.2Pl (mondotok)	vutojtotok	2798	269	3084670	Nő	2000	8 / 8	DEIZ04	device: no device info, screen width: no width info, screen height: no height info, user info: no agent info	2487602	jt	vutojt	vutojttok	vutojtotok	TRUE	9515.785399999999
mondasz_mondasz_participant_SESSION_2025-10-26_16h37.32.765.csv	kernyeszt	Prs.NDef.2Pl (mondotok)	kernyesztetek	3231	270	3088404	Nő	2000	8 / 8	DEIZ04	device: no device info, screen width: no width info, screen height: no height info, user info: no agent info	2487602	st	kerṉest	kernyeszttek	kernyesztetek	TRUE	9515.785399999999
mondasz_mondasz_participant_SESSION_2025-10-26_16h37.32.765.csv	pagyont	Prs.NDef.2Pl (mondotok)	pagyontotok	2943	271	3091850	Nő	2000	8 / 8	DEIZ04	device: no device info, screen width: no width info, screen height: no height info, user info: no agent info	2487602	nt	paḏont	pagyonttok	pagyontotok	TRUE	9515.785399999999
mondasz_mondasz_participant_SESSION_2025-10-26_16h37.32.765.csv	szipteszt	Prs.1Sg›2 (mondalak)	sziptesztelek	2297	272	3094650	Nő	2000	8 / 8	DEIZ04	device: no device info, screen width: no width info, screen height: no height info, user info: no agent info	2487602	st	siptest	sziptesztlek	sziptesztelek	TRUE	9515.785399999999
mondasz_mondasz_participant_SESSION_2025-10-26_16h37.32.765.csv	szüvöng	Prs.NDef.3Pl (mondanak)	szüvöngnek	3697	274	3102630	Nő	2000	8 / 8	DEIZ04	device: no device info, screen width: no width info, screen height: no height info, user info: no agent info	2487602	ng	süvöng	szüvöngnek	szüvöngenek	FALSE	9515.785399999999
mondasz_mondasz_participant_SESSION_2025-10-26_16h37.32.765.csv	fesszent	Prs.NDef.2Pl (mondotok)	fesszentetek	6617	276	3113252	Nő	2000	8 / 8	DEIZ04	device: no device info, screen width: no width info, screen height: no height info, user info: no agent info	2487602	nt	fessent	fesszenttek	fesszentetek	TRUE	9515.785399999999
mondasz_mondasz_participant_SESSION_2025-10-26_16h37.32.765.csv	börköszt	Prs.NDef.2Pl (mondotok)	börkösztötök	2652	277	3116406	Nő	2000	8 / 8	DEIZ04	device: no device info, screen width: no width info, screen height: no height info, user info: no agent info	2487602	st	börköst	börköszttök	börkösztötök	TRUE	9515.785399999999
mondasz_mondasz_participant_SESSION_2025-10-26_16h37.32.765.csv	kerzeng	Prs.NDef.2Pl (mondotok)	kerzengtek	2414	278	3119322	Nő	2000	8 / 8	DEIZ04	device: no device info, screen width: no width info, screen height: no height info, user info: no agent info	2487602	ng	kerzeng	kerzengtek	kerzengetek	FALSE	9515.785399999999
mondasz_mondasz_participant_SESSION_2025-10-26_16h37.32.765.csv	hojont	Prs.1Sg›2 (mondalak)	hojontalak	3033	279	3122857	Nő	2000	8 / 8	DEIZ04	device: no device info, screen width: no width info, screen height: no height info, user info: no agent info	2487602	nt	hojont	hojontlak	hojontalak	TRUE	9515.785399999999
mondasz_mondasz_participant_SESSION_2025-10-26_16h37.32.765.csv	pagoszt	Prs.NDef.2Pl (mondotok)	pagosztotok	3468	280	3126828	Nő	2000	8 / 8	DEIZ04	device: no device info, screen width: no width info, screen height: no height info, user info: no agent info	2487602	st	pagost	pagoszttok	pagosztotok	TRUE	9515.785399999999
mondasz_mondasz_participant_SESSION_2025-10-26_16h37.32.765.csv	pánkojt	Prs.NDef.2Pl (mondotok)	pánkojtotok	3269	281	3130600	Nő	2000	8 / 8	DEIZ04	device: no device info, screen width: no width info, screen height: no height info, user info: no agent info	2487602	jt	pánkojt	pánkojttok	pánkojtotok	TRUE	9515.785399999999
mondasz_mondasz_participant_SESSION_2025-10-26_16h37.32.765.csv	ornyoszt	Prs.1Sg›2 (mondalak)	ornyosztalak	2050	282	3133153	Nő	2000	8 / 8	DEIZ04	device: no device info, screen width: no width info, screen height: no height info, user info: no agent info	2487602	st	orṉost	ornyosztlak	ornyosztalak	TRUE	9515.785399999999
mondasz_mondasz_participant_SESSION_2025-10-26_16h37.32.765.csv	gyahong	Prs.NDef.2Pl (mondotok)	gyahongtok	3031	283	3136688	Nő	2000	8 / 8	DEIZ04	device: no device info, screen width: no width info, screen height: no height info, user info: no agent info	2487602	ng	ḏahong	gyahongtok	gyahongotok	FALSE	9515.785399999999
mondasz_mondasz_participant_SESSION_2025-10-26_16h37.32.765.csv	gíneszt	Prs.1Sg›2 (mondalak)	gínesztelek	2629	284	3139820	Nő	2000	8 / 8	DEIZ04	device: no device info, screen width: no width info, screen height: no height info, user info: no agent info	2487602	st	gínest	gínesztlek	gínesztelek	TRUE	9515.785399999999
mondasz_mondasz_participant_SESSION_2025-10-26_16h37.32.765.csv	büfröng	Prs.NDef.3Pl (mondanak)	büfröngenek	4333	285	3144656	Nő	2000	8 / 8	DEIZ04	device: no device info, screen width: no width info, screen height: no height info, user info: no agent info	2487602	ng	büfröng	büfröngnek	büfröngenek	TRUE	9515.785399999999
mondasz_mondasz_participant_SESSION_2025-10-26_16h37.32.765.csv	pégeng	Prs.NDef.2Pl (mondotok)	pégengtek	4560	286	3149718	Nő	2000	8 / 8	DEIZ04	device: no device info, screen width: no width info, screen height: no height info, user info: no agent info	2487602	ng	pégeng	pégengtek	pégengetek	FALSE	9515.785399999999
mondasz_mondasz_participant_SESSION_2025-10-26_16h37.32.765.csv	potojt	Prs.NDef.3Pl (mondanak)	potojtanak	4251	287	3154472	Nő	2000	8 / 8	DEIZ04	device: no device info, screen width: no width info, screen height: no height info, user info: no agent info	2487602	jt	potojt	potojtnak	potojtanak	TRUE	9515.785399999999
mondasz_mondasz_participant_SESSION_2025-10-26_16h37.32.765.csv	mörgöng	Prs.NDef.3Pl (mondanak)	mörgöngnek	5003	288	3159978	Nő	2000	8 / 8	DEIZ04	device: no device info, screen width: no width info, screen height: no height info, user info: no agent info	2487602	ng	mörgöng	mörgöngnek	mörgöngenek	FALSE	9515.785399999999
mondasz_mondasz_participant_SESSION_2025-10-26_16h37.32.765.csv	tárnyont	Prs.NDef.3Pl (mondanak)	tárnyontanak	5598	289	3166078	Nő	2000	8 / 8	DEIZ04	device: no device info, screen width: no width info, screen height: no height info, user info: no agent info	2487602	nt	tárṉont	tárnyontnak	tárnyontanak	TRUE	9515.785399999999
mondasz_mondasz_participant_SESSION_2025-10-26_16h37.32.765.csv	koszkojt	Prs.NDef.2Pl (mondotok)	koszkojtotok	8029	290	3174609	Nő	2000	8 / 8	DEIZ04	device: no device info, screen width: no width info, screen height: no height info, user info: no agent info	2487602	jt	koskojt	koszkojttok	koszkojtotok	TRUE	9515.785399999999
mondasz_mondasz_participant_SESSION_2025-10-26_16h37.32.765.csv	nyorojt	Prs.1Sg›2 (mondalak)	nyorojtalak	6238	291	3181350	Nő	2000	8 / 8	DEIZ04	device: no device info, screen width: no width info, screen height: no height info, user info: no agent info	2487602	jt	ṉorojt	nyorojtlak	nyorojtalak	TRUE	9515.785399999999
mondasz_mondasz_participant_SESSION_2025-10-26_16h37.32.765.csv	vutojt	Prs.1Sg›2 (mondalak)	vutojtalak	5094	293	3191035	Nő	2000	8 / 8	DEIZ04	device: no device info, screen width: no width info, screen height: no height info, user info: no agent info	2487602	jt	vutojt	vutojtlak	vutojtalak	TRUE	9515.785399999999
mondasz_mondasz_participant_SESSION_2025-10-26_16h37.32.765.csv	szipteszt	Prs.NDef.3Pl (mondanak)	sziptesztenek	6783	294	3198321	Nő	2000	8 / 8	DEIZ04	device: no device info, screen width: no width info, screen height: no height info, user info: no agent info	2487602	st	siptest	sziptesztnek	sziptesztenek	TRUE	9515.785399999999
mondasz_mondasz_participant_SESSION_2025-10-26_16h37.32.765.csv	kurtoszt	Prs.NDef.3Pl (mondanak)	kurtosztanak	3192	295	3202015	Nő	2000	8 / 8	DEIZ04	device: no device info, screen width: no width info, screen height: no height info, user info: no agent info	2487602	st	kurtost	kurtosztnak	kurtosztanak	TRUE	9515.785399999999
mondasz_mondasz_participant_SESSION_2025-10-26_16h37.32.765.csv	fűjönt	Prs.NDef.2Pl (mondotok)	fűjöntötök	8042	296	3210560	Nő	2000	8 / 8	DEIZ04	device: no device info, screen width: no width info, screen height: no height info, user info: no agent info	2487602	nt	fűjönt	fűjönttök	fűjöntötök	TRUE	9515.785399999999
mondasz_mondasz_participant_SESSION_2025-10-26_16h37.32.765.csv	fűjönt	Prs.1Sg›2 (mondalak)	fűjöntelek	4615	297	3215678	Nő	2000	8 / 8	DEIZ04	device: no device info, screen width: no width info, screen height: no height info, user info: no agent info	2487602	nt	fűjönt	fűjöntlek	fűjöntelek	TRUE	9515.785399999999
mondasz_mondasz_participant_SESSION_2025-10-26_16h37.32.765.csv	löllöszt	Prs.1Sg›2 (mondalak)	löllösztelek	3050	298	3219231	Nő	2000	8 / 8	DEIZ04	device: no device info, screen width: no width info, screen height: no height info, user info: no agent info	2487602	st	löllöst	löllösztlek	löllösztelek	TRUE	9515.785399999999
mondasz_mondasz_participant_SESSION_2025-10-26_16h37.32.765.csv	lahont	Prs.1Sg›2 (mondalak)	lahontalak	2416	299	3222150	Nő	2000	8 / 8	DEIZ04	device: no device info, screen width: no width info, screen height: no height info, user info: no agent info	2487602	nt	lahont	lahontlak	lahontalak	TRUE	9515.785399999999
mondasz_mondasz_participant_SESSION_2025-10-26_16h37.32.765.csv	fomong	Prs.NDef.3Pl (mondanak)	fomongnak	2636	300	3225288	Nő	2000	8 / 8	DEIZ04	device: no device info, screen width: no width info, screen height: no height info, user info: no agent info	2487602	ng	fomong	fomongnak	fomonganak	FALSE	9515.785399999999
mondasz_mondasz_participant_SESSION_2025-10-26_16h37.32.765.csv	pagyont	Prs.1Sg›2 (mondalak)	pagyontalak	3369	301	3229160	Nő	2000	8 / 8	DEIZ04	device: no device info, screen width: no width info, screen height: no height info, user info: no agent info	2487602	nt	paḏont	pagyontlak	pagyontalak	TRUE	9515.785399999999
mondasz_mondasz_participant_SESSION_2025-10-26_16h37.32.765.csv	szicsent	Prs.NDef.2Sg (mondas)	szicsentesz	8390	302	3238052	Nő	2000	8 / 8	DEIZ04	device: no device info, screen width: no width info, screen height: no height info, user info: no agent info	2487602	nt	sičent	szicsentsz	szicsentesz	TRUE	9515.785399999999
mondasz_mondasz_participant_SESSION_2025-10-26_16h37.32.765.csv	szüköjt	Prs.1Sg›2 (mondalak)	szüköjtelek	2280	303	3240835	Nő	2000	8 / 8	DEIZ04	device: no device info, screen width: no width info, screen height: no height info, user info: no agent info	2487602	jt	süköjt	szüköjtlek	szüköjtelek	TRUE	9515.785399999999
mondasz_mondasz_participant_SESSION_2025-10-26_16h37.32.765.csv	kurtoszt	Prs.NDef.2Sg (mondas)	kurtosztasz	3615	304	3244953	Nő	2000	8 / 8	DEIZ04	device: no device info, screen width: no width info, screen height: no height info, user info: no agent info	2487602	st	kurtost	kurtosztsz	kurtosztasz	TRUE	9515.785399999999
mondasz_mondasz_participant_SESSION_2025-10-26_16h37.32.765.csv	nyuttojt	Prs.NDef.2Sg (mondas)	nyuttojtasz	3674	305	3249130	Nő	2000	8 / 8	DEIZ04	device: no device info, screen width: no width info, screen height: no height info, user info: no agent info	2487602	jt	ṉuttojt	nyuttojtsz	nyuttojtasz	TRUE	9515.785399999999
mondasz_mondasz_participant_SESSION_2025-10-26_16h37.32.765.csv	ügönt	Prs.1Sg›2 (mondalak)	ügöntelek	3148	306	3252781	Nő	2000	8 / 8	DEIZ04	device: no device info, screen width: no width info, screen height: no height info, user info: no agent info	2487602	nt	ügönt	ügöntlek	ügöntelek	TRUE	9515.785399999999
mondasz_mondasz_participant_SESSION_2025-10-26_16h37.32.765.csv	ügönt	Prs.NDef.2Sg (mondas)	ügöntesz	2916	307	3256200	Nő	2000	8 / 8	DEIZ04	device: no device info, screen width: no width info, screen height: no height info, user info: no agent info	2487602	nt	ügönt	ügöntsz	ügöntesz	TRUE	9515.785399999999
mondasz_mondasz_participant_SESSION_2025-10-26_16h37.32.765.csv	hempeszt	Prs.NDef.2Sg (mondas)	hempesztesz	2802	308	3259504	Nő	2000	8 / 8	DEIZ04	device: no device info, screen width: no width info, screen height: no height info, user info: no agent info	2487602	st	hempest	hempesztsz	hempesztesz	TRUE	9515.785399999999
mondasz_mondasz_participant_SESSION_2025-10-26_16h37.32.765.csv	kernyeszt	Prs.NDef.2Sg (mondas)	kernyesztesz	2884	309	3262891	Nő	2000	8 / 8	DEIZ04	device: no device info, screen width: no width info, screen height: no height info, user info: no agent info	2487602	st	kerṉest	kernyesztsz	kernyesztesz	TRUE	9515.785399999999
mondasz_mondasz_participant_SESSION_2025-10-26_16h37.32.765.csv	vórnyoszt	Prs.NDef.2Pl (mondotok)	vórnyosztotok	3335	310	3266729	Nő	2000	8 / 8	DEIZ04	device: no device info, screen width: no width info, screen height: no height info, user info: no agent info	2487602	st	vórṉost	vórnyoszttok	vórnyosztotok	TRUE	9515.785399999999
mondasz_mondasz_participant_SESSION_2025-10-26_16h37.32.765.csv	ursojt	Prs.NDef.3Pl (mondanak)	ursojtanak	4518	311	3271750	Nő	2000	8 / 8	DEIZ04	device: no device info, screen width: no width info, screen height: no height info, user info: no agent info	2487602	jt	uršojt	ursojtnak	ursojtanak	TRUE	9515.785399999999
mondasz_mondasz_participant_SESSION_2025-10-26_16h37.32.765.csv	nyegejt	Prs.1Sg›2 (mondalak)	nyegejtelek	4903	312	3277156	Nő	2000	8 / 8	DEIZ04	device: no device info, screen width: no width info, screen height: no height info, user info: no agent info	2487602	jt	ṉegejt	nyegejtlek	nyegejtelek	TRUE	9515.785399999999
mondasz_mondasz_participant_SESSION_2025-10-26_16h37.32.765.csv	fedrent	Prs.NDef.2Sg (mondas)	fedrentesz	14318	313	3291977	Nő	2000	8 / 8	DEIZ04	device: no device info, screen width: no width info, screen height: no height info, user info: no agent info	2487602	nt	fedrent	fedrentsz	fedrentesz	TRUE	9515.785399999999
mondasz_mondasz_participant_SESSION_2025-10-26_16h37.32.765.csv	odojt	Prs.NDef.2Pl (mondotok)	odojtotok	4153	314	3296633	Nő	2000	8 / 8	DEIZ04	device: no device info, screen width: no width info, screen height: no height info, user info: no agent info	2487602	jt	odojt	odojttok	odojtotok	TRUE	9515.785399999999
mondasz_mondasz_participant_SESSION_2025-10-26_16h37.32.765.csv	pánkojt	Prs.NDef.2Sg (mondas)	pánkojtasz	13280	315	3310416	Nő	2000	8 / 8	DEIZ04	device: no device info, screen width: no width info, screen height: no height info, user info: no agent info	2487602	jt	pánkojt	pánkojtsz	pánkojtasz	TRUE	9515.785399999999
mondasz_mondasz_participant_SESSION_2025-10-26_16h37.32.765.csv	ütvöszt	Prs.NDef.2Sg (mondas)	ütvösztesz	4764	316	3315684	Nő	2000	8 / 8	DEIZ04	device: no device info, screen width: no width info, screen height: no height info, user info: no agent info	2487602	st	ütvöst	ütvösztsz	ütvösztesz	TRUE	9515.785399999999
mondasz_mondasz_participant_SESSION_2025-10-26_16h37.32.765.csv	csumlong	Prs.NDef.2Sg (mondas)	csumlongsz	3354	317	3319540	Nő	2000	8 / 8	DEIZ04	device: no device info, screen width: no width info, screen height: no height info, user info: no agent info	2487602	ng	čumlong	csumlongsz	csumlongasz	FALSE	9515.785399999999
mondasz_mondasz_participant_SESSION_2025-10-26_16h37.32.765.csv	ügönt	Prs.NDef.3Pl (mondanak)	ügöntenek	3118	318	3323161	Nő	2000	8 / 8	DEIZ04	device: no device info, screen width: no width info, screen height: no height info, user info: no agent info	2487602	nt	ügönt	ügöntnek	ügöntenek	TRUE	9515.785399999999
mondasz_mondasz_participant_SESSION_2025-10-26_16h37.32.765.csv	zsömhöjt	Prs.NDef.2Sg (mondas)	zsömhöjtesz	3267	319	3326930	Nő	2000	8 / 8	DEIZ04	device: no device info, screen width: no width info, screen height: no height info, user info: no agent info	2487602	jt	žömhöjt	zsömhöjtsz	zsömhöjtesz	TRUE	9515.785399999999
mondasz_mondasz_participant_SESSION_2025-10-26_16h37.32.765.csv	sökköjt	Prs.NDef.3Pl (mondanak)	sökköjtenek	9834	320	3337268	Nő	2000	8 / 8	DEIZ04	device: no device info, screen width: no width info, screen height: no height info, user info: no agent info	2487602	jt	šökköjt	sökköjtnek	sökköjtenek	TRUE	9515.785399999999
mondasz_mondasz_participant_SESSION_2025-10-26_16h37.32.765.csv	pömpöng	Prs.1Sg›2 (mondalak)	pömpöngelek	9725	321	3347496	Nő	2000	8 / 8	DEIZ04	device: no device info, screen width: no width info, screen height: no height info, user info: no agent info	2487602	ng	pömpöng	pömpönglek	pömpöngelek	TRUE	9515.785399999999
mondasz_mondasz_participant_SESSION_2025-10-26_16h37.32.765.csv	sittyeszt	Prs.1Sg›2 (mondalak)	sittyesztelek	3044	322	3351043	Nő	2000	8 / 8	DEIZ04	device: no device info, screen width: no width info, screen height: no height info, user info: no agent info	2487602	st	šiṯṯest	sittyesztlek	sittyesztelek	TRUE	9515.785399999999
mondasz_mondasz_participant_SESSION_2025-10-26_16h37.32.765.csv	nésszent	Prs.NDef.3Pl (mondanak)	nésszentenek	3569	323	3355114	Nő	2000	8 / 8	DEIZ04	device: no device info, screen width: no width info, screen height: no height info, user info: no agent info	2487602	nt	néssent	nésszentnek	nésszentenek	TRUE	9515.785399999999
mondasz_mondasz_participant_SESSION_2025-10-26_16h37.32.765.csv	bákont	Prs.1Sg›2 (mondalak)	bákontalak	3834	324	3359451	Nő	2000	8 / 8	DEIZ04	device: no device info, screen width: no width info, screen height: no height info, user info: no agent info	2487602	nt	bákont	bákontlak	bákontalak	TRUE	9515.785399999999
mondasz_mondasz_participant_SESSION_2025-10-26_16h37.32.765.csv	dimbeszt	Prs.NDef.2Sg (mondas)	dimbesztesz	2953	325	3362907	Nő	2000	8 / 8	DEIZ04	device: no device info, screen width: no width info, screen height: no height info, user info: no agent info	2487602	st	dimbest	dimbesztsz	dimbesztesz	TRUE	9515.785399999999
mondasz_mondasz_participant_SESSION_2025-10-26_16h37.32.765.csv	cúrong	Prs.NDef.2Pl (mondotok)	cúrongtok	3232	326	3366642	Nő	2000	8 / 8	DEIZ04	device: no device info, screen width: no width info, screen height: no height info, user info: no agent info	2487602	ng	cúrong	cúrongtok	cúrongotok	FALSE	9515.785399999999
mondasz_mondasz_participant_SESSION_2025-10-26_16h37.32.765.csv	polloszt	Prs.NDef.3Pl (mondanak)	pollosztanak	3299	327	3370444	Nő	2000	8 / 8	DEIZ04	device: no device info, screen width: no width info, screen height: no height info, user info: no agent info	2487602	st	pollost	pollosztnak	pollosztanak	TRUE	9515.785399999999
mondasz_mondasz_participant_SESSION_2025-10-26_16h37.32.765.csv	togyont	Prs.NDef.2Sg (mondas)	togyontasz	3437	328	3374383	Nő	2000	8 / 8	DEIZ04	device: no device info, screen width: no width info, screen height: no height info, user info: no agent info	2487602	nt	toḏont	togyontsz	togyontasz	TRUE	9515.785399999999
mondasz_mondasz_participant_SESSION_2025-10-26_16h37.32.765.csv	ügönt	Prs.NDef.2Pl (mondotok)	ügöntötök	6320	329	3381206	Nő	2000	8 / 8	DEIZ04	device: no device info, screen width: no width info, screen height: no height info, user info: no agent info	2487602	nt	ügönt	ügönttök	ügöntötök	TRUE	9515.785399999999
mondasz_mondasz_participant_SESSION_2025-10-26_16h37.32.765.csv	nyuttojt	Prs.1Sg›2 (mondalak)	nyuttojtalak	4122	330	3385831	Nő	2000	8 / 8	DEIZ04	device: no device info, screen width: no width info, screen height: no height info, user info: no agent info	2487602	jt	ṉuttojt	nyuttojtlak	nyuttojtalak	TRUE	9515.785399999999
mondasz_mondasz_participant_SESSION_2025-10-26_16h37.32.765.csv	szűsöjt	Prs.NDef.2Sg (mondas)	szűsöjtesz	3367	331	3389701	Nő	2000	8 / 8	DEIZ04	device: no device info, screen width: no width info, screen height: no height info, user info: no agent info	2487602	jt	sűšöjt	szűsöjtsz	szűsöjtesz	TRUE	9515.785399999999
mondasz_mondasz_participant_SESSION_2025-10-26_16h37.32.765.csv	kerzeng	Prs.NDef.2Sg (mondas)	kerzengsz	3118	332	3393322	Nő	2000	8 / 8	DEIZ04	device: no device info, screen width: no width info, screen height: no height info, user info: no agent info	2487602	ng	kerzeng	kerzengsz	kerzengesz	FALSE	9515.785399999999
mondasz_mondasz_participant_SESSION_2025-10-26_16h37.32.765.csv	polloszt	Prs.1Sg›2 (mondalak)	pollosztalak	15886	333	3409711	Nő	2000	8 / 8	DEIZ04	device: no device info, screen width: no width info, screen height: no height info, user info: no agent info	2487602	st	pollost	pollosztlak	pollosztalak	TRUE	9515.785399999999
mondasz_mondasz_participant_SESSION_2025-10-26_16h37.32.765.csv	sajlojt	Prs.NDef.2Pl (mondotok)	sajlojtotok	24329	334	3434545	Nő	2000	8 / 8	DEIZ04	device: no device info, screen width: no width info, screen height: no height info, user info: no agent info	2487602	jt	šajlojt	sajlojttok	sajlojtotok	TRUE	9515.785399999999
mondasz_mondasz_participant_SESSION_2025-10-26_16h37.32.765.csv	hojont	Prs.NDef.2Sg (mondas)	hojontasz	2688	335	3437736	Nő	2000	8 / 8	DEIZ04	device: no device info, screen width: no width info, screen height: no height info, user info: no agent info	2487602	nt	hojont	hojontsz	hojontasz	TRUE	9515.785399999999
mondasz_mondasz_participant_SESSION_2025-10-26_23h57.13.374.csv	füppönt	Prs.NDef.2Sg (mondas)	füppöntesz	10740	8	7307277	férfi	2001	6 / 8	BD6PCH	device: no device info, screen width: no width info, screen height: no height info, user info: no agent info	396521	nt	füppönt	füppöntsz	füppöntesz	TRUE	9515.785399999999
mondasz_mondasz_participant_SESSION_2025-10-26_23h57.13.374.csv	hempeszt	Prs.NDef.2Sg (mondas)	hempesztesz	3033	9	7310825	férfi	2001	6 / 8	BD6PCH	device: no device info, screen width: no width info, screen height: no height info, user info: no agent info	396521	st	hempest	hempesztsz	hempesztesz	TRUE	9515.785399999999
mondasz_mondasz_participant_SESSION_2025-10-26_23h57.13.374.csv	pégeng	Prs.NDef.2Pl (mondotok)	pégengtek	10440	10	7321775	férfi	2001	6 / 8	BD6PCH	device: no device info, screen width: no width info, screen height: no height info, user info: no agent info	396521	ng	pégeng	pégengtek	pégengetek	FALSE	9515.785399999999
mondasz_mondasz_participant_SESSION_2025-10-26_23h57.13.374.csv	fesszent	Prs.1Sg›2 (mondalak)	fesszentelek	8095	11	7330381	férfi	2001	6 / 8	BD6PCH	device: no device info, screen width: no width info, screen height: no height info, user info: no agent info	396521	nt	fessent	fesszentlek	fesszentelek	TRUE	9515.785399999999
mondasz_mondasz_participant_SESSION_2025-10-26_23h57.13.374.csv	kurtoszt	Prs.1Sg›2 (mondalak)	kurtosztlak	11619	12	7342503	férfi	2001	6 / 8	BD6PCH	device: no device info, screen width: no width info, screen height: no height info, user info: no agent info	396521	st	kurtost	kurtosztlak	kurtosztalak	FALSE	9515.785399999999
mondasz_mondasz_participant_SESSION_2025-10-26_23h57.13.374.csv	ibreng	Prs.NDef.2Sg (mondas)	ibrengsz	4983	13	7347990	férfi	2001	6 / 8	BD6PCH	device: no device info, screen width: no width info, screen height: no height info, user info: no agent info	396521	ng	ibreng	ibrengsz	ibrengesz	FALSE	9515.785399999999
mondasz_mondasz_participant_SESSION_2025-10-26_23h57.13.374.csv	ügönt	Prs.NDef.3Pl (mondanak)	ügöntnek	4084	14	7352578	férfi	2001	6 / 8	BD6PCH	device: no device info, screen width: no width info, screen height: no height info, user info: no agent info	396521	nt	ügönt	ügöntnek	ügöntenek	FALSE	9515.785399999999
mondasz_mondasz_participant_SESSION_2025-10-26_23h57.13.374.csv	vurmong	Prs.NDef.2Sg (mondas)	vurmongsz	6898	15	7359976	férfi	2001	6 / 8	BD6PCH	device: no device info, screen width: no width info, screen height: no height info, user info: no agent info	396521	ng	vurmong	vurmongsz	vurmongasz	FALSE	9515.785399999999
mondasz_mondasz_participant_SESSION_2025-10-26_23h57.13.374.csv	ornyoszt	Prs.NDef.2Pl (mondotok)	ornyoszttok	1376	16	7361857	férfi	2001	6 / 8	BD6PCH	device: no device info, screen width: no width info, screen height: no height info, user info: no agent info	396521	st	orṉost	ornyoszttok	ornyosztotok	FALSE	9515.785399999999
mondasz_mondasz_participant_SESSION_2025-10-26_23h57.13.374.csv	flöföjt	Prs.NDef.3Pl (mondanak)	flöföjtenek	319	17	7362687	férfi	2001	6 / 8	BD6PCH	device: no device info, screen width: no width info, screen height: no height info, user info: no agent info	396521	jt	flöföjt	flöföjtnek	flöföjtenek	TRUE	9515.785399999999
mondasz_mondasz_participant_SESSION_2025-10-26_23h57.13.374.csv	suvoszt	Prs.1Sg›2 (mondalak)	suvosztalak	316	18	7363513	férfi	2001	6 / 8	BD6PCH	device: no device info, screen width: no width info, screen height: no height info, user info: no agent info	396521	st	šuvost	suvosztlak	suvosztalak	TRUE	9515.785399999999
mondasz_mondasz_participant_SESSION_2025-10-26_23h57.13.374.csv	flöföjt	Prs.NDef.2Pl (mondotok)	flöföjtötök	314	19	7364341	férfi	2001	6 / 8	BD6PCH	device: no device info, screen width: no width info, screen height: no height info, user info: no agent info	396521	jt	flöföjt	flöföjttök	flöföjtötök	TRUE	9515.785399999999
mondasz_mondasz_participant_SESSION_2025-10-26_23h57.13.374.csv	zsömhöjt	Prs.NDef.2Pl (mondotok)	zsömhöjtötök	351	20	7365196	férfi	2001	6 / 8	BD6PCH	device: no device info, screen width: no width info, screen height: no height info, user info: no agent info	396521	jt	žömhöjt	zsömhöjttök	zsömhöjtötök	TRUE	9515.785399999999
mondasz_mondasz_participant_SESSION_2025-10-26_23h57.13.374.csv	vurmong	Prs.NDef.2Pl (mondotok)	vurmongtok	720	21	7366426	férfi	2001	6 / 8	BD6PCH	device: no device info, screen width: no width info, screen height: no height info, user info: no agent info	396521	ng	vurmong	vurmongtok	vurmongotok	FALSE	9515.785399999999
mondasz_mondasz_participant_SESSION_2025-10-26_23h57.13.374.csv	hempeszt	Prs.NDef.3Pl (mondanak)	hempesztnek	2411	22	7369345	férfi	2001	6 / 8	BD6PCH	device: no device info, screen width: no width info, screen height: no height info, user info: no agent info	396521	st	hempest	hempesztnek	hempesztenek	FALSE	9515.785399999999
mondasz_mondasz_participant_SESSION_2025-10-26_23h57.13.374.csv	löllöszt	Prs.1Sg›2 (mondalak)	löllösztelek	3907	23	7373755	férfi	2001	6 / 8	BD6PCH	device: no device info, screen width: no width info, screen height: no height info, user info: no agent info	396521	st	löllöst	löllösztlek	löllösztelek	TRUE	9515.785399999999
mondasz_mondasz_participant_SESSION_2025-10-26_23h57.13.374.csv	pömpöng	Prs.NDef.2Pl (mondotok)	pömpöngtök	3647	24	7377910	férfi	2001	6 / 8	BD6PCH	device: no device info, screen width: no width info, screen height: no height info, user info: no agent info	396521	ng	pömpöng	pömpöngtök	pömpöngötök	FALSE	9515.785399999999
mondasz_mondasz_participant_SESSION_2025-10-26_23h57.13.374.csv	vuzong	Prs.NDef.3Pl (mondanak)	vuzongnak	5682	25	7384095	férfi	2001	6 / 8	BD6PCH	device: no device info, screen width: no width info, screen height: no height info, user info: no agent info	396521	ng	vuzong	vuzongnak	vuzonganak	FALSE	9515.785399999999
mondasz_mondasz_participant_SESSION_2025-10-26_23h57.13.374.csv	zsömhöjt	Prs.1Sg›2 (mondalak)	zsömhöjtelek	5345	26	7389946	férfi	2001	6 / 8	BD6PCH	device: no device info, screen width: no width info, screen height: no height info, user info: no agent info	396521	jt	žömhöjt	zsömhöjtlek	zsömhöjtelek	TRUE	9515.785399999999
mondasz_mondasz_participant_SESSION_2025-10-26_23h57.13.374.csv	cúrong	Prs.NDef.2Pl (mondotok)	cúrongtok	6445	27	7396897	férfi	2001	6 / 8	BD6PCH	device: no device info, screen width: no width info, screen height: no height info, user info: no agent info	396521	ng	cúrong	cúrongtok	cúrongotok	FALSE	9515.785399999999
mondasz_mondasz_participant_SESSION_2025-10-26_23h57.13.374.csv	dimbeszt	Prs.NDef.2Pl (mondotok)	dimbeszttek	5256	28	7402654	férfi	2001	6 / 8	BD6PCH	device: no device info, screen width: no width info, screen height: no height info, user info: no agent info	396521	st	dimbest	dimbeszttek	dimbesztetek	FALSE	9515.785399999999
mondasz_mondasz_participant_SESSION_2025-10-26_23h57.13.374.csv	fomong	Prs.NDef.2Sg (mondas)	fomongsz	5853	29	7409018	férfi	2001	6 / 8	BD6PCH	device: no device info, screen width: no width info, screen height: no height info, user info: no agent info	396521	ng	fomong	fomongsz	fomongasz	FALSE	9515.785399999999
mondasz_mondasz_participant_SESSION_2025-10-26_23h57.13.374.csv	pánkojt	Prs.1Sg›2 (mondalak)	pánkojtalak	5025	30	7414548	férfi	2001	6 / 8	BD6PCH	device: no device info, screen width: no width info, screen height: no height info, user info: no agent info	396521	jt	pánkojt	pánkojtlak	pánkojtalak	TRUE	9515.785399999999
mondasz_mondasz_participant_SESSION_2025-10-26_23h57.13.374.csv	mógyong	Prs.NDef.3Pl (mondanak)	mógyonganak	352	31	7415401	férfi	2001	6 / 8	BD6PCH	device: no device info, screen width: no width info, screen height: no height info, user info: no agent info	396521	ng	móḏong	mógyongnak	mógyonganak	TRUE	9515.785399999999
mondasz_mondasz_participant_SESSION_2025-10-26_23h57.13.374.csv	ejjeng	Prs.NDef.2Sg (mondas)	ejjengesz	323	32	7416236	férfi	2001	6 / 8	BD6PCH	device: no device info, screen width: no width info, screen height: no height info, user info: no agent info	396521	ng	ejjeng	ejjengsz	ejjengesz	TRUE	9515.785399999999
mondasz_mondasz_participant_SESSION_2025-10-26_23h57.13.374.csv	suvoszt	Prs.NDef.3Pl (mondanak)	suvosztanak	3634	33	7420377	férfi	2001	6 / 8	BD6PCH	device: no device info, screen width: no width info, screen height: no height info, user info: no agent info	396521	st	šuvost	suvosztnak	suvosztanak	TRUE	9515.785399999999
mondasz_mondasz_participant_SESSION_2025-10-26_23h57.13.374.csv	börköszt	Prs.NDef.2Pl (mondotok)	börköszttök	6433	34	7427313	férfi	2001	6 / 8	BD6PCH	device: no device info, screen width: no width info, screen height: no height info, user info: no agent info	396521	st	börköst	börköszttök	börkösztötök	FALSE	9515.785399999999
mondasz_mondasz_participant_SESSION_2025-10-26_23h57.13.374.csv	nyegejt	Prs.NDef.2Pl (mondotok)	nyegejttek	6736	35	7434556	férfi	2001	6 / 8	BD6PCH	device: no device info, screen width: no width info, screen height: no height info, user info: no agent info	396521	jt	ṉegejt	nyegejttek	nyegejtetek	FALSE	9515.785399999999
mondasz_mondasz_participant_SESSION_2025-10-26_23h57.13.374.csv	nyorojt	Prs.1Sg›2 (mondalak)	nyorojtlak	3123	36	7438180	férfi	2001	6 / 8	BD6PCH	device: no device info, screen width: no width info, screen height: no height info, user info: no agent info	396521	jt	ṉorojt	nyorojtlak	nyorojtalak	FALSE	9515.785399999999
mondasz_mondasz_participant_SESSION_2025-10-26_23h57.13.374.csv	fomong	Prs.1Sg›2 (mondalak)	fomonglak	2789	37	7441480	férfi	2001	6 / 8	BD6PCH	device: no device info, screen width: no width info, screen height: no height info, user info: no agent info	396521	ng	fomong	fomonglak	fomongalak	FALSE	9515.785399999999
mondasz_mondasz_participant_SESSION_2025-10-26_23h57.13.374.csv	pétlent	Prs.1Sg›2 (mondalak)	pétlentlek	377	38	7442372	férfi	2001	6 / 8	BD6PCH	device: no device info, screen width: no width info, screen height: no height info, user info: no agent info	396521	nt	pétlent	pétlentlek	pétlentelek	FALSE	9515.785399999999
mondasz_mondasz_participant_SESSION_2025-10-26_23h57.13.374.csv	mógyong	Prs.1Sg›2 (mondalak)	mógyonglak	556	39	7443438	férfi	2001	6 / 8	BD6PCH	device: no device info, screen width: no width info, screen height: no height info, user info: no agent info	396521	ng	móḏong	mógyonglak	mógyongalak	FALSE	9515.785399999999
mondasz_mondasz_participant_SESSION_2025-10-26_23h57.13.374.csv	nyuttojt	Prs.NDef.3Pl (mondanak)	nyuttojtanak	309	40	7444256	férfi	2001	6 / 8	BD6PCH	device: no device info, screen width: no width info, screen height: no height info, user info: no agent info	396521	jt	ṉuttojt	nyuttojtnak	nyuttojtanak	TRUE	9515.785399999999
mondasz_mondasz_participant_SESSION_2025-10-26_23h57.13.374.csv	szűsöjt	Prs.NDef.2Sg (mondas)	szűsöjtsz	336	41	7445104	férfi	2001	6 / 8	BD6PCH	device: no device info, screen width: no width info, screen height: no height info, user info: no agent info	396521	jt	sűšöjt	szűsöjtsz	szűsöjtesz	FALSE	9515.785399999999
mondasz_mondasz_participant_SESSION_2025-10-26_23h57.13.374.csv	hojont	Prs.NDef.3Pl (mondanak)	hojontanak	338	42	7445943	férfi	2001	6 / 8	BD6PCH	device: no device info, screen width: no width info, screen height: no height info, user info: no agent info	396521	nt	hojont	hojontnak	hojontanak	TRUE	9515.785399999999
mondasz_mondasz_participant_SESSION_2025-10-26_23h57.13.374.csv	rupojt	Prs.NDef.3Pl (mondanak)	rupojtnak	333	43	7446784	férfi	2001	6 / 8	BD6PCH	device: no device info, screen width: no width info, screen height: no height info, user info: no agent info	396521	jt	rupojt	rupojtnak	rupojtanak	FALSE	9515.785399999999
mondasz_mondasz_participant_SESSION_2025-10-26_23h57.13.374.csv	suvoszt	Prs.NDef.2Pl (mondotok)	suvoszttok	5783	44	7453076	férfi	2001	6 / 8	BD6PCH	device: no device info, screen width: no width info, screen height: no height info, user info: no agent info	396521	st	šuvost	suvoszttok	suvosztotok	FALSE	9515.785399999999
mondasz_mondasz_participant_SESSION_2025-10-26_23h57.13.374.csv	cúrong	Prs.NDef.3Pl (mondanak)	cúrongnak	4703	45	7458288	férfi	2001	6 / 8	BD6PCH	device: no device info, screen width: no width info, screen height: no height info, user info: no agent info	396521	ng	cúrong	cúrongnak	cúronganak	FALSE	9515.785399999999
mondasz_mondasz_participant_SESSION_2025-10-26_23h57.13.374.csv	pánkojt	Prs.NDef.2Sg (mondas)	pánkojtsz	5855	46	7464655	férfi	2001	6 / 8	BD6PCH	device: no device info, screen width: no width info, screen height: no height info, user info: no agent info	396521	jt	pánkojt	pánkojtsz	pánkojtasz	FALSE	9515.785399999999
mondasz_mondasz_participant_SESSION_2025-10-26_23h57.13.374.csv	hüröszt	Prs.NDef.2Pl (mondotok)	hürösztötök	3222	48	7475919	férfi	2001	6 / 8	BD6PCH	device: no device info, screen width: no width info, screen height: no height info, user info: no agent info	396521	st	hüröst	hüröszttök	hürösztötök	TRUE	9515.785399999999
mondasz_mondasz_participant_SESSION_2025-10-26_23h57.13.374.csv	pétlent	Prs.NDef.3Pl (mondanak)	pétlentenek	991	49	7477422	férfi	2001	6 / 8	BD6PCH	device: no device info, screen width: no width info, screen height: no height info, user info: no agent info	396521	nt	pétlent	pétlentnek	pétlentenek	TRUE	9515.785399999999
mondasz_mondasz_participant_SESSION_2025-10-26_23h57.13.374.csv	kucont	Prs.NDef.3Pl (mondanak)	kucontanak	13055	50	7490978	férfi	2001	6 / 8	BD6PCH	device: no device info, screen width: no width info, screen height: no height info, user info: no agent info	396521	nt	kucont	kucontnak	kucontanak	TRUE	9515.785399999999
mondasz_mondasz_participant_SESSION_2025-10-26_23h57.13.374.csv	rüvönt	Prs.NDef.2Pl (mondotok)	rüvönttök	10717	51	7502200	férfi	2001	6 / 8	BD6PCH	device: no device info, screen width: no width info, screen height: no height info, user info: no agent info	396521	nt	rüvönt	rüvönttök	rüvöntötök	FALSE	9515.785399999999
mondasz_mondasz_participant_SESSION_2025-10-26_23h57.13.374.csv	mirmeszt	Prs.NDef.2Sg (mondas)	mirmesztesz	5159	52	7507860	férfi	2001	6 / 8	BD6PCH	device: no device info, screen width: no width info, screen height: no height info, user info: no agent info	396521	st	mirmest	mirmesztsz	mirmesztesz	TRUE	9515.785399999999
mondasz_mondasz_participant_SESSION_2025-10-26_23h57.13.374.csv	nyénnyejt	Prs.NDef.2Pl (mondotok)	nyénnyejttek	9575	53	7517941	férfi	2001	6 / 8	BD6PCH	device: no device info, screen width: no width info, screen height: no height info, user info: no agent info	396521	jt	ṉéṉṉejt	nyénnyejttek	nyénnyejtetek	FALSE	9515.785399999999
mondasz_mondasz_participant_SESSION_2025-10-26_23h57.13.374.csv	pánkojt	Prs.NDef.3Pl (mondanak)	pánkojtnak	3388	54	7521832	férfi	2001	6 / 8	BD6PCH	device: no device info, screen width: no width info, screen height: no height info, user info: no agent info	396521	jt	pánkojt	pánkojtnak	pánkojtanak	FALSE	9515.785399999999
mondasz_mondasz_participant_SESSION_2025-10-26_23h57.13.374.csv	szicsent	Prs.NDef.2Sg (mondas)	szicsentsz	5177	55	7527513	férfi	2001	6 / 8	BD6PCH	device: no device info, screen width: no width info, screen height: no height info, user info: no agent info	396521	nt	sičent	szicsentsz	szicsentesz	FALSE	9515.785399999999
mondasz_mondasz_participant_SESSION_2025-10-26_23h57.13.374.csv	gíneszt	Prs.1Sg›2 (mondalak)	gínesztelek	2580	56	7530604	férfi	2001	6 / 8	BD6PCH	device: no device info, screen width: no width info, screen height: no height info, user info: no agent info	396521	st	gínest	gínesztlek	gínesztelek	TRUE	9515.785399999999
mondasz_mondasz_participant_SESSION_2025-10-26_23h57.13.374.csv	cúrong	Prs.1Sg›2 (mondalak)	cúronglak	6840	57	7537957	férfi	2001	6 / 8	BD6PCH	device: no device info, screen width: no width info, screen height: no height info, user info: no agent info	396521	ng	cúrong	cúronglak	cúrongalak	FALSE	9515.785399999999
mondasz_mondasz_participant_SESSION_2025-10-26_23h57.13.374.csv	szűsöjt	Prs.1Sg›2 (mondalak)	szűsöjtlek	2525	58	7540983	férfi	2001	6 / 8	BD6PCH	device: no device info, screen width: no width info, screen height: no height info, user info: no agent info	396521	jt	sűšöjt	szűsöjtlek	szűsöjtelek	FALSE	9515.785399999999
mondasz_mondasz_participant_SESSION_2025-10-26_23h57.13.374.csv	kernyeszt	Prs.1Sg›2 (mondalak)	kernyesztlek	2185	59	7543684	férfi	2001	6 / 8	BD6PCH	device: no device info, screen width: no width info, screen height: no height info, user info: no agent info	396521	st	kerṉest	kernyesztlek	kernyesztelek	FALSE	9515.785399999999
mondasz_mondasz_participant_SESSION_2025-10-26_23h57.13.374.csv	kernyeszt	Prs.NDef.2Sg (mondas)	kernyesztsz	4078	60	7548265	férfi	2001	6 / 8	BD6PCH	device: no device info, screen width: no width info, screen height: no height info, user info: no agent info	396521	st	kerṉest	kernyesztsz	kernyesztesz	FALSE	9515.785399999999
mondasz_mondasz_participant_SESSION_2025-10-26_23h57.13.374.csv	pagoszt	Prs.NDef.2Sg (mondas)	pagosztasz	3015	61	7551788	férfi	2001	6 / 8	BD6PCH	device: no device info, screen width: no width info, screen height: no height info, user info: no agent info	396521	st	pagost	pagosztsz	pagosztasz	TRUE	9515.785399999999
mondasz_mondasz_participant_SESSION_2025-10-26_23h57.13.374.csv	suvoszt	Prs.NDef.2Sg (mondas)	suvosztasz	1522	62	7553815	férfi	2001	6 / 8	BD6PCH	device: no device info, screen width: no width info, screen height: no height info, user info: no agent info	396521	st	šuvost	suvosztsz	suvosztasz	TRUE	9515.785399999999
mondasz_mondasz_participant_SESSION_2025-10-26_23h57.13.374.csv	kucont	Prs.NDef.2Sg (mondas)	kucontasz	2475	63	7556796	férfi	2001	6 / 8	BD6PCH	device: no device info, screen width: no width info, screen height: no height info, user info: no agent info	396521	nt	kucont	kucontsz	kucontasz	TRUE	9515.785399999999
mondasz_mondasz_participant_SESSION_2025-10-26_23h57.13.374.csv	fűjönt	Prs.NDef.2Sg (mondas)	fűjöntesz	3054	64	7560362	férfi	2001	6 / 8	BD6PCH	device: no device info, screen width: no width info, screen height: no height info, user info: no agent info	396521	nt	fűjönt	fűjöntsz	fűjöntesz	TRUE	9515.785399999999
mondasz_mondasz_participant_SESSION_2025-10-26_23h57.13.374.csv	kerzeng	Prs.NDef.2Pl (mondotok)	kerzengtek	3427	65	7564306	férfi	2001	6 / 8	BD6PCH	device: no device info, screen width: no width info, screen height: no height info, user info: no agent info	396521	ng	kerzeng	kerzengtek	kerzengetek	FALSE	9515.785399999999
mondasz_mondasz_participant_SESSION_2025-10-26_23h57.13.374.csv	áhong	Prs.NDef.2Pl (mondotok)	áhongtok	1549	66	7566362	férfi	2001	6 / 8	BD6PCH	device: no device info, screen width: no width info, screen height: no height info, user info: no agent info	396521	ng	áhong	áhongtok	áhongotok	FALSE	9515.785399999999
mondasz_mondasz_participant_SESSION_2025-10-26_23h57.13.374.csv	ütvöszt	Prs.NDef.2Pl (mondotok)	ütvöszttök	10253	68	7581364	férfi	2001	6 / 8	BD6PCH	device: no device info, screen width: no width info, screen height: no height info, user info: no agent info	396521	st	ütvöst	ütvöszttök	ütvösztötök	FALSE	9515.785399999999
mondasz_mondasz_participant_SESSION_2025-10-26_23h57.13.374.csv	pömpöng	Prs.NDef.3Pl (mondanak)	pömpöngnek	1625	69	7583494	férfi	2001	6 / 8	BD6PCH	device: no device info, screen width: no width info, screen height: no height info, user info: no agent info	396521	ng	pömpöng	pömpöngnek	pömpöngenek	FALSE	9515.785399999999
mondasz_mondasz_participant_SESSION_2025-10-26_23h57.13.374.csv	ügönt	Prs.NDef.2Sg (mondas)	ügöntsz	1236	70	7585239	férfi	2001	6 / 8	BD6PCH	device: no device info, screen width: no width info, screen height: no height info, user info: no agent info	396521	nt	ügönt	ügöntsz	ügöntesz	FALSE	9515.785399999999
mondasz_mondasz_participant_SESSION_2025-10-26_23h57.13.374.csv	cséleszt	Prs.NDef.2Sg (mondas)	csélesztesz	548	71	7586295	férfi	2001	6 / 8	BD6PCH	device: no device info, screen width: no width info, screen height: no height info, user info: no agent info	396521	st	čélest	csélesztsz	csélesztesz	TRUE	9515.785399999999
mondasz_mondasz_participant_SESSION_2025-10-26_23h57.13.374.csv	áhong	Prs.NDef.3Pl (mondanak)	áhongnak	301	72	7587098	férfi	2001	6 / 8	BD6PCH	device: no device info, screen width: no width info, screen height: no height info, user info: no agent info	396521	ng	áhong	áhongnak	áhonganak	FALSE	9515.785399999999
mondasz_mondasz_participant_SESSION_2025-10-26_23h57.13.374.csv	sittyeszt	Prs.NDef.3Pl (mondanak)	sittyesztnek	321	73	7587920	férfi	2001	6 / 8	BD6PCH	device: no device info, screen width: no width info, screen height: no height info, user info: no agent info	396521	st	šiṯṯest	sittyesztnek	sittyesztenek	FALSE	9515.785399999999
mondasz_mondasz_participant_SESSION_2025-10-26_23h57.13.374.csv	mirmeszt	Prs.1Sg›2 (mondalak)	mirmesztelek	395	74	7588826	férfi	2001	6 / 8	BD6PCH	device: no device info, screen width: no width info, screen height: no height info, user info: no agent info	396521	st	mirmest	mirmesztlek	mirmesztelek	TRUE	9515.785399999999
mondasz_mondasz_participant_SESSION_2025-10-26_23h57.13.374.csv	börköszt	Prs.NDef.2Sg (mondas)	börkösztesz	1133	75	7590472	férfi	2001	6 / 8	BD6PCH	device: no device info, screen width: no width info, screen height: no height info, user info: no agent info	396521	st	börköst	börkösztsz	börkösztesz	TRUE	9515.785399999999
mondasz_mondasz_participant_SESSION_2025-10-26_23h57.13.374.csv	mörgöng	Prs.NDef.2Sg (mondas)	mörgöngsz	454	76	7591431	férfi	2001	6 / 8	BD6PCH	device: no device info, screen width: no width info, screen height: no height info, user info: no agent info	396521	ng	mörgöng	mörgöngsz	mörgöngesz	FALSE	9515.785399999999
mondasz_mondasz_participant_SESSION_2025-10-26_23h57.13.374.csv	csumlong	Prs.1Sg›2 (mondalak)	csumlonglak	361	77	7592296	férfi	2001	6 / 8	BD6PCH	device: no device info, screen width: no width info, screen height: no height info, user info: no agent info	396521	ng	čumlong	csumlonglak	csumlongalak	FALSE	9515.785399999999
mondasz_mondasz_participant_SESSION_2025-10-26_23h57.13.374.csv	nésszent	Prs.NDef.2Pl (mondotok)	nésszenttek	333	78	7593131	férfi	2001	6 / 8	BD6PCH	device: no device info, screen width: no width info, screen height: no height info, user info: no agent info	396521	nt	néssent	nésszenttek	nésszentetek	FALSE	9515.785399999999
mondasz_mondasz_participant_SESSION_2025-10-26_23h57.13.374.csv	dűszöng	Prs.NDef.2Sg (mondas)	dűszöngsz	373	79	7594007	férfi	2001	6 / 8	BD6PCH	device: no device info, screen width: no width info, screen height: no height info, user info: no agent info	396521	ng	dűsöng	dűszöngsz	dűszöngesz	FALSE	9515.785399999999
mondasz_mondasz_participant_SESSION_2025-10-26_23h57.13.374.csv	nyegejt	Prs.NDef.3Pl (mondanak)	nyegejtenek	296	80	7594804	férfi	2001	6 / 8	BD6PCH	device: no device info, screen width: no width info, screen height: no height info, user info: no agent info	396521	jt	ṉegejt	nyegejtnek	nyegejtenek	TRUE	9515.785399999999
mondasz_mondasz_participant_SESSION_2025-10-26_23h57.13.374.csv	sökköjt	Prs.NDef.2Sg (mondas)	sökköjtesz	384	81	7595701	férfi	2001	6 / 8	BD6PCH	device: no device info, screen width: no width info, screen height: no height info, user info: no agent info	396521	jt	šökköjt	sökköjtsz	sökköjtesz	TRUE	9515.785399999999
mondasz_mondasz_participant_SESSION_2025-10-26_23h57.13.374.csv	pagyont	Prs.NDef.3Pl (mondanak)	pagyontanak	293	82	7596499	férfi	2001	6 / 8	BD6PCH	device: no device info, screen width: no width info, screen height: no height info, user info: no agent info	396521	nt	paḏont	pagyontnak	pagyontanak	TRUE	9515.785399999999
mondasz_mondasz_participant_SESSION_2025-10-26_23h57.13.374.csv	fesszent	Prs.NDef.2Pl (mondotok)	fesszenttek	233	83	7597246	férfi	2001	6 / 8	BD6PCH	device: no device info, screen width: no width info, screen height: no height info, user info: no agent info	396521	nt	fessent	fesszenttek	fesszentetek	FALSE	9515.785399999999
mondasz_mondasz_participant_SESSION_2025-10-26_23h57.13.374.csv	lahont	Prs.NDef.2Pl (mondotok)	lahontotok	90	84	7597849	férfi	2001	6 / 8	BD6PCH	device: no device info, screen width: no width info, screen height: no height info, user info: no agent info	396521	nt	lahont	lahonttok	lahontotok	TRUE	9515.785399999999
mondasz_mondasz_participant_SESSION_2025-10-26_23h57.13.374.csv	dimbeszt	Prs.NDef.3Pl (mondanak)	dimbesztenek	275	85	7598635	férfi	2001	6 / 8	BD6PCH	device: no device info, screen width: no width info, screen height: no height info, user info: no agent info	396521	st	dimbest	dimbesztnek	dimbesztenek	TRUE	9515.785399999999
mondasz_mondasz_participant_SESSION_2025-10-26_23h57.13.374.csv	ejjeng	Prs.NDef.3Pl (mondanak)	ejjengnek	666	86	7599804	férfi	2001	6 / 8	BD6PCH	device: no device info, screen width: no width info, screen height: no height info, user info: no agent info	396521	ng	ejjeng	ejjengnek	ejjengenek	FALSE	9515.785399999999
mondasz_mondasz_participant_SESSION_2025-10-26_23h57.13.374.csv	ofont	Prs.NDef.3Pl (mondanak)	ofontnak	332	87	7600638	férfi	2001	6 / 8	BD6PCH	device: no device info, screen width: no width info, screen height: no height info, user info: no agent info	396521	nt	ofont	ofontnak	ofontanak	FALSE	9515.785399999999
mondasz_mondasz_participant_SESSION_2025-10-26_23h57.13.374.csv	mörgöng	Prs.1Sg›2 (mondalak)	mörgöngelek	586	88	7601739	férfi	2001	6 / 8	BD6PCH	device: no device info, screen width: no width info, screen height: no height info, user info: no agent info	396521	ng	mörgöng	mörgönglek	mörgöngelek	TRUE	9515.785399999999
mondasz_mondasz_participant_SESSION_2025-10-26_23h57.13.374.csv	vórnyoszt	Prs.1Sg›2 (mondalak)	vórnyosztalak	344	89	7602587	férfi	2001	6 / 8	BD6PCH	device: no device info, screen width: no width info, screen height: no height info, user info: no agent info	396521	st	vórṉost	vórnyosztlak	vórnyosztalak	TRUE	9515.785399999999
mondasz_mondasz_participant_SESSION_2025-10-26_23h57.13.374.csv	kurtoszt	Prs.NDef.2Pl (mondotok)	kurtoszttok	327	90	7603426	férfi	2001	6 / 8	BD6PCH	device: no device info, screen width: no width info, screen height: no height info, user info: no agent info	396521	st	kurtost	kurtoszttok	kurtosztotok	FALSE	9515.785399999999
mondasz_mondasz_participant_SESSION_2025-10-26_23h57.13.374.csv	vutojt	Prs.NDef.2Pl (mondotok)	vutojttok	360	91	7604300	férfi	2001	6 / 8	BD6PCH	device: no device info, screen width: no width info, screen height: no height info, user info: no agent info	396521	jt	vutojt	vutojttok	vutojtotok	FALSE	9515.785399999999
mondasz_mondasz_participant_SESSION_2025-10-26_23h57.13.374.csv	pagoszt	Prs.NDef.3Pl (mondanak)	pagosztnak	674	92	7605475	férfi	2001	6 / 8	BD6PCH	device: no device info, screen width: no width info, screen height: no height info, user info: no agent info	396521	st	pagost	pagosztnak	pagosztanak	FALSE	9515.785399999999
mondasz_mondasz_participant_SESSION_2025-10-26_23h57.13.374.csv	pagyont	Prs.1Sg›2 (mondalak)	pagyontlak	494	93	7606476	férfi	2001	6 / 8	BD6PCH	device: no device info, screen width: no width info, screen height: no height info, user info: no agent info	396521	nt	paḏont	pagyontlak	pagyontalak	FALSE	9515.785399999999
mondasz_mondasz_participant_SESSION_2025-10-26_23h57.13.374.csv	vutojt	Prs.NDef.2Sg (mondas)	vutojtasz	469	94	7607446	férfi	2001	6 / 8	BD6PCH	device: no device info, screen width: no width info, screen height: no height info, user info: no agent info	396521	jt	vutojt	vutojtsz	vutojtasz	TRUE	9515.785399999999
mondasz_mondasz_participant_SESSION_2025-10-26_23h57.13.374.csv	nyegejt	Prs.NDef.2Sg (mondas)	nyegejtsz	317	95	7608269	férfi	2001	6 / 8	BD6PCH	device: no device info, screen width: no width info, screen height: no height info, user info: no agent info	396521	jt	ṉegejt	nyegejtsz	nyegejtesz	FALSE	9515.785399999999
mondasz_mondasz_participant_SESSION_2025-10-26_23h57.13.374.csv	szicsent	Prs.1Sg›2 (mondalak)	szicsentelek	621	96	7609392	férfi	2001	6 / 8	BD6PCH	device: no device info, screen width: no width info, screen height: no height info, user info: no agent info	396521	nt	sičent	szicsentlek	szicsentelek	TRUE	9515.785399999999
mondasz_mondasz_participant_SESSION_2025-10-26_23h57.13.374.csv	szüvöng	Prs.NDef.2Sg (mondas)	szüvöngsz	493	97	7610393	férfi	2001	6 / 8	BD6PCH	device: no device info, screen width: no width info, screen height: no height info, user info: no agent info	396521	ng	süvöng	szüvöngsz	szüvöngesz	FALSE	9515.785399999999
mondasz_mondasz_participant_SESSION_2025-10-26_23h57.13.374.csv	ejjeng	Prs.NDef.2Pl (mondotok)	ejjengtek	356	98	7611256	férfi	2001	6 / 8	BD6PCH	device: no device info, screen width: no width info, screen height: no height info, user info: no agent info	396521	ng	ejjeng	ejjengtek	ejjengetek	FALSE	9515.785399999999
mondasz_mondasz_participant_SESSION_2025-10-26_23h57.13.374.csv	dimbeszt	Prs.NDef.2Sg (mondas)	dimbesztesz	310	99	7612077	férfi	2001	6 / 8	BD6PCH	device: no device info, screen width: no width info, screen height: no height info, user info: no agent info	396521	st	dimbest	dimbesztsz	dimbesztesz	TRUE	9515.785399999999
mondasz_mondasz_participant_SESSION_2025-10-26_23h57.13.374.csv	nésszent	Prs.1Sg›2 (mondalak)	nésszentelek	319	100	7612897	férfi	2001	6 / 8	BD6PCH	device: no device info, screen width: no width info, screen height: no height info, user info: no agent info	396521	nt	néssent	nésszentlek	nésszentelek	TRUE	9515.785399999999
mondasz_mondasz_participant_SESSION_2025-10-26_23h57.13.374.csv	vurmong	Prs.NDef.3Pl (mondanak)	vurmonganak	399	101	7613807	férfi	2001	6 / 8	BD6PCH	device: no device info, screen width: no width info, screen height: no height info, user info: no agent info	396521	ng	vurmong	vurmongnak	vurmonganak	TRUE	9515.785399999999
mondasz_mondasz_participant_SESSION_2025-10-26_23h57.13.374.csv	mirmeszt	Prs.NDef.2Pl (mondotok)	mirmeszttek	307	102	7614621	férfi	2001	6 / 8	BD6PCH	device: no device info, screen width: no width info, screen height: no height info, user info: no agent info	396521	st	mirmest	mirmeszttek	mirmesztetek	FALSE	9515.785399999999
mondasz_mondasz_participant_SESSION_2025-10-26_23h57.13.374.csv	odojt	Prs.NDef.2Sg (mondas)	odojtasz	403	103	7615538	férfi	2001	6 / 8	BD6PCH	device: no device info, screen width: no width info, screen height: no height info, user info: no agent info	396521	jt	odojt	odojtsz	odojtasz	TRUE	9515.785399999999
mondasz_mondasz_participant_SESSION_2025-10-26_23h57.13.374.csv	vórnyoszt	Prs.NDef.2Pl (mondotok)	vórnyosztotok	1881	104	7617929	férfi	2001	6 / 8	BD6PCH	device: no device info, screen width: no width info, screen height: no height info, user info: no agent info	396521	st	vórṉost	vórnyoszttok	vórnyosztotok	TRUE	9515.785399999999
mondasz_mondasz_participant_SESSION_2025-10-26_23h57.13.374.csv	nyorojt	Prs.NDef.2Pl (mondotok)	nyorojtotok	385	105	7618817	férfi	2001	6 / 8	BD6PCH	device: no device info, screen width: no width info, screen height: no height info, user info: no agent info	396521	jt	ṉorojt	nyorojttok	nyorojtotok	TRUE	9515.785399999999
mondasz_mondasz_participant_SESSION_2025-10-26_23h57.13.374.csv	bákont	Prs.NDef.2Pl (mondotok)	bákonttok	354	106	7619680	férfi	2001	6 / 8	BD6PCH	device: no device info, screen width: no width info, screen height: no height info, user info: no agent info	396521	nt	bákont	bákonttok	bákontotok	FALSE	9515.785399999999
mondasz_mondasz_participant_SESSION_2025-10-26_23h57.13.374.csv	szüvöng	Prs.NDef.3Pl (mondanak)	szüvöngenek	504	107	7620692	férfi	2001	6 / 8	BD6PCH	device: no device info, screen width: no width info, screen height: no height info, user info: no agent info	396521	ng	süvöng	szüvöngnek	szüvöngenek	TRUE	9515.785399999999
mondasz_mondasz_participant_SESSION_2025-10-26_23h57.13.374.csv	cúrong	Prs.NDef.2Sg (mondas)	cúrongasz	150	108	7621352	férfi	2001	6 / 8	BD6PCH	device: no device info, screen width: no width info, screen height: no height info, user info: no agent info	396521	ng	cúrong	cúrongsz	cúrongasz	TRUE	9515.785399999999
mondasz_mondasz_participant_SESSION_2025-10-26_23h57.13.374.csv	pétlent	Prs.NDef.2Sg (mondas)	pétlentsz	1367	109	7623222	férfi	2001	6 / 8	BD6PCH	device: no device info, screen width: no width info, screen height: no height info, user info: no agent info	396521	nt	pétlent	pétlentsz	pétlentesz	FALSE	9515.785399999999
mondasz_mondasz_participant_SESSION_2025-10-26_23h57.13.374.csv	gíneszt	Prs.NDef.3Pl (mondanak)	gínesztenek	331	110	7624063	férfi	2001	6 / 8	BD6PCH	device: no device info, screen width: no width info, screen height: no height info, user info: no agent info	396521	st	gínest	gínesztnek	gínesztenek	TRUE	9515.785399999999
mondasz_mondasz_participant_SESSION_2025-10-26_23h57.13.374.csv	zsömhöjt	Prs.NDef.3Pl (mondanak)	zsömhöjtenek	1193	111	7625761	férfi	2001	6 / 8	BD6PCH	device: no device info, screen width: no width info, screen height: no height info, user info: no agent info	396521	jt	žömhöjt	zsömhöjtnek	zsömhöjtenek	TRUE	9515.785399999999
mondasz_mondasz_participant_SESSION_2025-10-26_23h57.13.374.csv	bákont	Prs.NDef.3Pl (mondanak)	bákontnak	2253	112	7628520	férfi	2001	6 / 8	BD6PCH	device: no device info, screen width: no width info, screen height: no height info, user info: no agent info	396521	nt	bákont	bákontnak	bákontanak	FALSE	9515.785399999999
mondasz_mondasz_participant_SESSION_2025-10-26_23h57.13.374.csv	ütvöszt	Prs.NDef.3Pl (mondanak)	ütvösztnek	4583	113	7633619	férfi	2001	6 / 8	BD6PCH	device: no device info, screen width: no width info, screen height: no height info, user info: no agent info	396521	st	ütvöst	ütvösztnek	ütvösztenek	FALSE	9515.785399999999
mondasz_mondasz_participant_SESSION_2025-10-26_23h57.13.374.csv	hárkont	Prs.NDef.3Pl (mondanak)	hárkontnak	1119	114	7635253	férfi	2001	6 / 8	BD6PCH	device: no device info, screen width: no width info, screen height: no height info, user info: no agent info	396521	nt	hárkont	hárkontnak	hárkontanak	FALSE	9515.785399999999
mondasz_mondasz_participant_SESSION_2025-10-26_23h57.13.374.csv	hojont	Prs.NDef.2Pl (mondotok)	hojonttok	1193	115	7636947	férfi	2001	6 / 8	BD6PCH	device: no device info, screen width: no width info, screen height: no height info, user info: no agent info	396521	nt	hojont	hojonttok	hojontotok	FALSE	9515.785399999999
mondasz_mondasz_participant_SESSION_2025-10-26_23h57.13.374.csv	szipteszt	Prs.1Sg›2 (mondalak)	sziptesztlek	698	116	7638148	férfi	2001	6 / 8	BD6PCH	device: no device info, screen width: no width info, screen height: no height info, user info: no agent info	396521	st	siptest	sziptesztlek	sziptesztelek	FALSE	9515.785399999999
mondasz_mondasz_participant_SESSION_2025-10-26_23h57.13.374.csv	fedrent	Prs.NDef.2Sg (mondas)	fedrentsz	543	117	7639207	férfi	2001	6 / 8	BD6PCH	device: no device info, screen width: no width info, screen height: no height info, user info: no agent info	396521	nt	fedrent	fedrentsz	fedrentesz	FALSE	9515.785399999999
mondasz_mondasz_participant_SESSION_2025-10-26_23h57.13.374.csv	cséleszt	Prs.NDef.2Pl (mondotok)	cséleszttek	739	118	7640458	férfi	2001	6 / 8	BD6PCH	device: no device info, screen width: no width info, screen height: no height info, user info: no agent info	396521	st	čélest	cséleszttek	csélesztetek	FALSE	9515.785399999999
mondasz_mondasz_participant_SESSION_2025-10-26_23h57.13.374.csv	sébeszt	Prs.NDef.2Pl (mondotok)	sébeszttek	643	119	7641615	férfi	2001	6 / 8	BD6PCH	device: no device info, screen width: no width info, screen height: no height info, user info: no agent info	396521	st	šébest	sébeszttek	sébesztetek	FALSE	9515.785399999999
mondasz_mondasz_participant_SESSION_2025-10-26_23h57.13.374.csv	kernyeszt	Prs.NDef.3Pl (mondanak)	kernyesztenek	336	120	7642456	férfi	2001	6 / 8	BD6PCH	device: no device info, screen width: no width info, screen height: no height info, user info: no agent info	396521	st	kerṉest	kernyesztnek	kernyesztenek	TRUE	9515.785399999999
mondasz_mondasz_participant_SESSION_2025-10-26_23h57.13.374.csv	jököng	Prs.NDef.2Pl (mondotok)	jököngötök	590	121	7643562	férfi	2001	6 / 8	BD6PCH	device: no device info, screen width: no width info, screen height: no height info, user info: no agent info	396521	ng	jököng	jököngtök	jököngötök	TRUE	9515.785399999999
mondasz_mondasz_participant_SESSION_2025-10-26_23h57.13.374.csv	börköszt	Prs.1Sg›2 (mondalak)	börkösztelek	781	122	7644859	férfi	2001	6 / 8	BD6PCH	device: no device info, screen width: no width info, screen height: no height info, user info: no agent info	396521	st	börköst	börkösztlek	börkösztelek	TRUE	9515.785399999999
mondasz_mondasz_participant_SESSION_2025-10-26_23h57.13.374.csv	flöföjt	Prs.NDef.2Sg (mondas)	flöföjtsz	3942	123	7649316	férfi	2001	6 / 8	BD6PCH	device: no device info, screen width: no width info, screen height: no height info, user info: no agent info	396521	jt	flöföjt	flöföjtsz	flöföjtesz	FALSE	9515.785399999999
mondasz_mondasz_participant_SESSION_2025-10-26_23h57.13.374.csv	koszkojt	Prs.NDef.2Pl (mondotok)	koszkojtotok	2110	124	7651938	férfi	2001	6 / 8	BD6PCH	device: no device info, screen width: no width info, screen height: no height info, user info: no agent info	396521	jt	koskojt	koszkojttok	koszkojtotok	TRUE	9515.785399999999
mondasz_mondasz_participant_SESSION_2025-10-26_23h57.13.374.csv	szipteszt	Prs.NDef.2Pl (mondotok)	szipteszttek	4155	125	7656608	férfi	2001	6 / 8	BD6PCH	device: no device info, screen width: no width info, screen height: no height info, user info: no agent info	396521	st	siptest	szipteszttek	sziptesztetek	FALSE	9515.785399999999
mondasz_mondasz_participant_SESSION_2025-10-26_23h57.13.374.csv	togyont	Prs.NDef.3Pl (mondanak)	togyontnak	3998	126	7661119	férfi	2001	6 / 8	BD6PCH	device: no device info, screen width: no width info, screen height: no height info, user info: no agent info	396521	nt	toḏont	togyontnak	togyontanak	FALSE	9515.785399999999
mondasz_mondasz_participant_SESSION_2025-10-26_23h57.13.374.csv	sittyeszt	Prs.NDef.2Sg (mondas)	sittyesztesz	5124	127	7666753	férfi	2001	6 / 8	BD6PCH	device: no device info, screen width: no width info, screen height: no height info, user info: no agent info	396521	st	šiṯṯest	sittyesztsz	sittyesztesz	TRUE	9515.785399999999
mondasz_mondasz_participant_SESSION_2025-10-26_23h57.13.374.csv	kajszoszt	Prs.1Sg›2 (mondalak)	kajszosztalak	3374	128	7670638	férfi	2001	6 / 8	BD6PCH	device: no device info, screen width: no width info, screen height: no height info, user info: no agent info	396521	st	kajsost	kajszosztlak	kajszosztalak	TRUE	9515.785399999999
mondasz_mondasz_participant_SESSION_2025-10-26_23h57.13.374.csv	füppönt	Prs.NDef.3Pl (mondanak)	füppöntenek	4553	129	7675699	férfi	2001	6 / 8	BD6PCH	device: no device info, screen width: no width info, screen height: no height info, user info: no agent info	396521	nt	füppönt	füppöntnek	füppöntenek	TRUE	9515.785399999999
mondasz_mondasz_participant_SESSION_2025-10-26_23h57.13.374.csv	zöccsöjt	Prs.NDef.2Sg (mondas)	zöccsöjtesz	5272	130	7681488	férfi	2001	6 / 8	BD6PCH	device: no device info, screen width: no width info, screen height: no height info, user info: no agent info	396521	jt	zöččöjt	zöccsöjtsz	zöccsöjtesz	TRUE	9515.785399999999
mondasz_mondasz_participant_SESSION_2025-10-26_23h57.13.374.csv	polloszt	Prs.NDef.2Pl (mondotok)	polloszttok	1674	131	7683678	férfi	2001	6 / 8	BD6PCH	device: no device info, screen width: no width info, screen height: no height info, user info: no agent info	396521	st	pollost	polloszttok	pollosztotok	FALSE	9515.785399999999
mondasz_mondasz_participant_SESSION_2025-10-26_23h57.13.374.csv	nyuttojt	Prs.1Sg›2 (mondalak)	nyuttojtalak	468	132	7684654	férfi	2001	6 / 8	BD6PCH	device: no device info, screen width: no width info, screen height: no height info, user info: no agent info	396521	jt	ṉuttojt	nyuttojtlak	nyuttojtalak	TRUE	9515.785399999999
mondasz_mondasz_participant_SESSION_2025-10-26_23h57.13.374.csv	sittyeszt	Prs.NDef.2Pl (mondotok)	sittyesztetek	715	133	7685872	férfi	2001	6 / 8	BD6PCH	device: no device info, screen width: no width info, screen height: no height info, user info: no agent info	396521	st	šiṯṯest	sittyeszttek	sittyesztetek	TRUE	9515.785399999999
mondasz_mondasz_participant_SESSION_2025-10-26_23h57.13.374.csv	ursojt	Prs.NDef.2Sg (mondas)	ursojtasz	820	134	7687199	férfi	2001	6 / 8	BD6PCH	device: no device info, screen width: no width info, screen height: no height info, user info: no agent info	396521	jt	uršojt	ursojtsz	ursojtasz	TRUE	9515.785399999999
mondasz_mondasz_participant_SESSION_2025-10-26_23h57.13.374.csv	togyont	Prs.1Sg›2 (mondalak)	togyontalak	367	135	7688078	férfi	2001	6 / 8	BD6PCH	device: no device info, screen width: no width info, screen height: no height info, user info: no agent info	396521	nt	toḏont	togyontlak	togyontalak	TRUE	9515.785399999999
mondasz_mondasz_participant_SESSION_2025-10-26_23h57.13.374.csv	pagyont	Prs.NDef.2Sg (mondas)	pagyontasz	438	136	7689029	férfi	2001	6 / 8	BD6PCH	device: no device info, screen width: no width info, screen height: no height info, user info: no agent info	396521	nt	paḏont	pagyontsz	pagyontasz	TRUE	9515.785399999999
mondasz_mondasz_participant_SESSION_2025-10-26_23h57.13.374.csv	hüröszt	Prs.NDef.3Pl (mondanak)	hürösztenek	432	137	7689970	férfi	2001	6 / 8	BD6PCH	device: no device info, screen width: no width info, screen height: no height info, user info: no agent info	396521	st	hüröst	hürösztnek	hürösztenek	TRUE	9515.785399999999
mondasz_mondasz_participant_SESSION_2025-10-26_23h57.13.374.csv	csölönt	Prs.1Sg›2 (mondalak)	csölöntlek	647	138	7691131	férfi	2001	6 / 8	BD6PCH	device: no device info, screen width: no width info, screen height: no height info, user info: no agent info	396521	nt	čölönt	csölöntlek	csölöntelek	FALSE	9515.785399999999
mondasz_mondasz_participant_SESSION_2025-10-26_23h57.13.374.csv	ornyoszt	Prs.NDef.3Pl (mondanak)	ornyosztnak	356	139	7691989	férfi	2001	6 / 8	BD6PCH	device: no device info, screen width: no width info, screen height: no height info, user info: no agent info	396521	st	orṉost	ornyosztnak	ornyosztanak	FALSE	9515.785399999999
mondasz_mondasz_participant_SESSION_2025-10-26_23h57.13.374.csv	gyuront	Prs.NDef.3Pl (mondanak)	gyurontnak	511	140	7693011	férfi	2001	6 / 8	BD6PCH	device: no device info, screen width: no width info, screen height: no height info, user info: no agent info	396521	nt	ḏuront	gyurontnak	gyurontanak	FALSE	9515.785399999999
mondasz_mondasz_participant_SESSION_2025-10-26_23h57.13.374.csv	ügönt	Prs.NDef.2Pl (mondotok)	ügöntötök	383	141	7693899	férfi	2001	6 / 8	BD6PCH	device: no device info, screen width: no width info, screen height: no height info, user info: no agent info	396521	nt	ügönt	ügönttök	ügöntötök	TRUE	9515.785399999999
mondasz_mondasz_participant_SESSION_2025-10-26_23h57.13.374.csv	löllöszt	Prs.NDef.3Pl (mondanak)	löllösztnek	743	142	7695142	férfi	2001	6 / 8	BD6PCH	device: no device info, screen width: no width info, screen height: no height info, user info: no agent info	396521	st	löllöst	löllösztnek	löllösztenek	FALSE	9515.785399999999
mondasz_mondasz_participant_SESSION_2025-10-26_23h57.13.374.csv	polloszt	Prs.1Sg›2 (mondalak)	pollosztlak	488	143	7696132	férfi	2001	6 / 8	BD6PCH	device: no device info, screen width: no width info, screen height: no height info, user info: no agent info	396521	st	pollost	pollosztlak	pollosztalak	FALSE	9515.785399999999
mondasz_mondasz_participant_SESSION_2025-10-26_23h57.13.374.csv	nyénnyejt	Prs.1Sg›2 (mondalak)	nyénnyejtlek	533	144	7697170	férfi	2001	6 / 8	BD6PCH	device: no device info, screen width: no width info, screen height: no height info, user info: no agent info	396521	jt	ṉéṉṉejt	nyénnyejtlek	nyénnyejtelek	FALSE	9515.785399999999
mondasz_mondasz_participant_SESSION_2025-10-26_23h57.13.374.csv	szüköjt	Prs.NDef.2Sg (mondas)	szüköjtesz	536	145	7698211	férfi	2001	6 / 8	BD6PCH	device: no device info, screen width: no width info, screen height: no height info, user info: no agent info	396521	jt	süköjt	szüköjtsz	szüköjtesz	TRUE	9515.785399999999
mondasz_mondasz_participant_SESSION_2025-10-26_23h57.13.374.csv	fűjönt	Prs.NDef.3Pl (mondanak)	fűjöntenek	442	146	7699155	férfi	2001	6 / 8	BD6PCH	device: no device info, screen width: no width info, screen height: no height info, user info: no agent info	396521	nt	fűjönt	fűjöntnek	fűjöntenek	TRUE	9515.785399999999
mondasz_mondasz_participant_SESSION_2025-10-26_23h57.13.374.csv	bákont	Prs.NDef.2Sg (mondas)	bákontasz	443	147	7700104	férfi	2001	6 / 8	BD6PCH	device: no device info, screen width: no width info, screen height: no height info, user info: no agent info	396521	nt	bákont	bákontsz	bákontasz	TRUE	9515.785399999999
mondasz_mondasz_participant_SESSION_2025-10-26_23h57.13.374.csv	nésszent	Prs.NDef.3Pl (mondanak)	nésszentenek	679	148	7701287	férfi	2001	6 / 8	BD6PCH	device: no device info, screen width: no width info, screen height: no height info, user info: no agent info	396521	nt	néssent	nésszentnek	nésszentenek	TRUE	9515.785399999999
mondasz_mondasz_participant_SESSION_2025-10-26_23h57.13.374.csv	füppönt	Prs.1Sg›2 (mondalak)	füppöntelek	375	149	7702164	férfi	2001	6 / 8	BD6PCH	device: no device info, screen width: no width info, screen height: no height info, user info: no agent info	396521	nt	füppönt	füppöntlek	füppöntelek	TRUE	9515.785399999999
mondasz_mondasz_participant_SESSION_2025-10-26_23h57.13.374.csv	szicsent	Prs.NDef.2Pl (mondotok)	szicsenttek	335	150	7703009	férfi	2001	6 / 8	BD6PCH	device: no device info, screen width: no width info, screen height: no height info, user info: no agent info	396521	nt	sičent	szicsenttek	szicsentetek	FALSE	9515.785399999999
mondasz_mondasz_participant_SESSION_2025-10-26_23h57.13.374.csv	löllöszt	Prs.NDef.2Sg (mondas)	löllösztesz	433	151	7703943	férfi	2001	6 / 8	BD6PCH	device: no device info, screen width: no width info, screen height: no height info, user info: no agent info	396521	st	löllöst	löllösztsz	löllösztesz	TRUE	9515.785399999999
mondasz_mondasz_participant_SESSION_2025-10-26_23h57.13.374.csv	ibreng	Prs.NDef.2Pl (mondotok)	ibrengtek	303	152	7704751	férfi	2001	6 / 8	BD6PCH	device: no device info, screen width: no width info, screen height: no height info, user info: no agent info	396521	ng	ibreng	ibrengtek	ibrengetek	FALSE	9515.785399999999
mondasz_mondasz_participant_SESSION_2025-10-26_23h57.13.374.csv	togyont	Prs.NDef.2Pl (mondotok)	togyonttok	451	153	7705703	férfi	2001	6 / 8	BD6PCH	device: no device info, screen width: no width info, screen height: no height info, user info: no agent info	396521	nt	toḏont	togyonttok	togyontotok	FALSE	9515.785399999999
mondasz_mondasz_participant_SESSION_2025-10-26_23h57.13.374.csv	gyuront	Prs.NDef.2Sg (mondas)	gyurontasz	574	154	7706793	férfi	2001	6 / 8	BD6PCH	device: no device info, screen width: no width info, screen height: no height info, user info: no agent info	396521	nt	ḏuront	gyurontsz	gyurontasz	TRUE	9515.785399999999
mondasz_mondasz_participant_SESSION_2025-10-26_23h57.13.374.csv	szipteszt	Prs.NDef.2Sg (mondas)	sziptesztesz	340	155	7707639	férfi	2001	6 / 8	BD6PCH	device: no device info, screen width: no width info, screen height: no height info, user info: no agent info	396521	st	siptest	sziptesztsz	sziptesztesz	TRUE	9515.785399999999
mondasz_mondasz_participant_SESSION_2025-10-26_23h57.13.374.csv	büfröng	Prs.NDef.2Sg (mondas)	büfröngsz	426	156	7708568	férfi	2001	6 / 8	BD6PCH	device: no device info, screen width: no width info, screen height: no height info, user info: no agent info	396521	ng	büfröng	büfröngsz	büfröngesz	FALSE	9515.785399999999
mondasz_mondasz_participant_SESSION_2025-10-26_23h57.13.374.csv	zöccsöjt	Prs.1Sg›2 (mondalak)	zöccsöjtlek	310	157	7709394	férfi	2001	6 / 8	BD6PCH	device: no device info, screen width: no width info, screen height: no height info, user info: no agent info	396521	jt	zöččöjt	zöccsöjtlek	zöccsöjtelek	FALSE	9515.785399999999
mondasz_mondasz_participant_SESSION_2025-10-26_23h57.13.374.csv	sökköjt	Prs.1Sg›2 (mondalak)	sökköjtlek	431	158	7710331	férfi	2001	6 / 8	BD6PCH	device: no device info, screen width: no width info, screen height: no height info, user info: no agent info	396521	jt	šökköjt	sökköjtlek	sökköjtelek	FALSE	9515.785399999999
mondasz_mondasz_participant_SESSION_2025-10-26_23h57.13.374.csv	rüvönt	Prs.1Sg›2 (mondalak)	rüvöntelek	322	159	7711154	férfi	2001	6 / 8	BD6PCH	device: no device info, screen width: no width info, screen height: no height info, user info: no agent info	396521	nt	rüvönt	rüvöntlek	rüvöntelek	TRUE	9515.785399999999
mondasz_mondasz_participant_SESSION_2025-10-26_23h57.13.374.csv	szűsöjt	Prs.NDef.3Pl (mondanak)	szűsöjtnek	337	160	7711999	férfi	2001	6 / 8	BD6PCH	device: no device info, screen width: no width info, screen height: no height info, user info: no agent info	396521	jt	sűšöjt	szűsöjtnek	szűsöjtenek	FALSE	9515.785399999999
mondasz_mondasz_participant_SESSION_2025-10-26_23h57.13.374.csv	fedrent	Prs.NDef.3Pl (mondanak)	fedrentenek	331	161	7712836	férfi	2001	6 / 8	BD6PCH	device: no device info, screen width: no width info, screen height: no height info, user info: no agent info	396521	nt	fedrent	fedrentnek	fedrentenek	TRUE	9515.785399999999
mondasz_mondasz_participant_SESSION_2025-10-26_23h57.13.374.csv	csölönt	Prs.NDef.2Pl (mondotok)	csölöntötök	317	162	7713654	férfi	2001	6 / 8	BD6PCH	device: no device info, screen width: no width info, screen height: no height info, user info: no agent info	396521	nt	čölönt	csölönttök	csölöntötök	TRUE	9515.785399999999
mondasz_mondasz_participant_SESSION_2025-10-26_23h57.13.374.csv	nyénnyejt	Prs.NDef.2Sg (mondas)	nyénnyejtsz	365	163	7714531	férfi	2001	6 / 8	BD6PCH	device: no device info, screen width: no width info, screen height: no height info, user info: no agent info	396521	jt	ṉéṉṉejt	nyénnyejtsz	nyénnyejtesz	FALSE	9515.785399999999
mondasz_mondasz_participant_SESSION_2025-10-26_23h57.13.374.csv	büfröng	Prs.NDef.3Pl (mondanak)	büfröngenek	268	164	7715316	férfi	2001	6 / 8	BD6PCH	device: no device info, screen width: no width info, screen height: no height info, user info: no agent info	396521	ng	büfröng	büfröngnek	büfröngenek	TRUE	9515.785399999999
mondasz_mondasz_participant_SESSION_2025-10-26_23h57.13.374.csv	nyuttojt	Prs.NDef.2Sg (mondas)	nyuttojtsz	349	165	7716182	férfi	2001	6 / 8	BD6PCH	device: no device info, screen width: no width info, screen height: no height info, user info: no agent info	396521	jt	ṉuttojt	nyuttojtsz	nyuttojtasz	FALSE	9515.785399999999
mondasz_mondasz_participant_SESSION_2025-10-26_23h57.13.374.csv	csampojt	Prs.1Sg›2 (mondalak)	csampojtalak	552	166	7717249	férfi	2001	6 / 8	BD6PCH	device: no device info, screen width: no width info, screen height: no height info, user info: no agent info	396521	jt	čampojt	csampojtlak	csampojtalak	TRUE	9515.785399999999
mondasz_mondasz_participant_SESSION_2025-10-26_23h57.13.374.csv	sajlojt	Prs.NDef.2Sg (mondas)	sajlojtasz	360	167	7718124	férfi	2001	6 / 8	BD6PCH	device: no device info, screen width: no width info, screen height: no height info, user info: no agent info	396521	jt	šajlojt	sajlojtsz	sajlojtasz	TRUE	9515.785399999999
mondasz_mondasz_participant_SESSION_2025-10-26_23h57.13.374.csv	hojont	Prs.1Sg›2 (mondalak)	hojontlak	406	168	7719042	férfi	2001	6 / 8	BD6PCH	device: no device info, screen width: no width info, screen height: no height info, user info: no agent info	396521	nt	hojont	hojontlak	hojontalak	FALSE	9515.785399999999
mondasz_mondasz_participant_SESSION_2025-10-26_23h57.13.374.csv	csampojt	Prs.NDef.3Pl (mondanak)	csampojtanak	320	169	7719864	férfi	2001	6 / 8	BD6PCH	device: no device info, screen width: no width info, screen height: no height info, user info: no agent info	396521	jt	čampojt	csampojtnak	csampojtanak	TRUE	9515.785399999999
mondasz_mondasz_participant_SESSION_2025-10-26_23h57.13.374.csv	csampojt	Prs.NDef.2Sg (mondas)	csampojtasz	314	170	7720689	férfi	2001	6 / 8	BD6PCH	device: no device info, screen width: no width info, screen height: no height info, user info: no agent info	396521	jt	čampojt	csampojtsz	csampojtasz	TRUE	9515.785399999999
mondasz_mondasz_participant_SESSION_2025-10-26_23h57.13.374.csv	szüvöng	Prs.1Sg›2 (mondalak)	szüvöngelek	307	171	7721499	férfi	2001	6 / 8	BD6PCH	device: no device info, screen width: no width info, screen height: no height info, user info: no agent info	396521	ng	süvöng	szüvönglek	szüvöngelek	TRUE	9515.785399999999
mondasz_mondasz_participant_SESSION_2025-10-26_23h57.13.374.csv	lahont	Prs.NDef.2Sg (mondas)	lahontasz	358	172	7722361	férfi	2001	6 / 8	BD6PCH	device: no device info, screen width: no width info, screen height: no height info, user info: no agent info	396521	nt	lahont	lahontsz	lahontasz	TRUE	9515.785399999999
mondasz_mondasz_participant_SESSION_2025-10-26_23h57.13.374.csv	tárnyont	Prs.1Sg›2 (mondalak)	tárnyontalak	308	173	7723169	férfi	2001	6 / 8	BD6PCH	device: no device info, screen width: no width info, screen height: no height info, user info: no agent info	396521	nt	tárṉont	tárnyontlak	tárnyontalak	TRUE	9515.785399999999
mondasz_mondasz_participant_SESSION_2025-10-26_23h57.13.374.csv	vuzong	Prs.NDef.2Pl (mondotok)	vuzongotok	288	174	7723961	férfi	2001	6 / 8	BD6PCH	device: no device info, screen width: no width info, screen height: no height info, user info: no agent info	396521	ng	vuzong	vuzongtok	vuzongotok	TRUE	9515.785399999999
mondasz_mondasz_participant_SESSION_2025-10-26_23h57.13.374.csv	hördöng	Prs.NDef.2Sg (mondas)	hördöngesz	468	175	7724932	férfi	2001	6 / 8	BD6PCH	device: no device info, screen width: no width info, screen height: no height info, user info: no agent info	396521	ng	hördöng	hördöngsz	hördöngesz	TRUE	9515.785399999999
mondasz_mondasz_participant_SESSION_2025-10-26_23h57.13.374.csv	nyénnyejt	Prs.NDef.3Pl (mondanak)	nyénnyejtnek	322	176	7725755	férfi	2001	6 / 8	BD6PCH	device: no device info, screen width: no width info, screen height: no height info, user info: no agent info	396521	jt	ṉéṉṉejt	nyénnyejtnek	nyénnyejtenek	FALSE	9515.785399999999
mondasz_mondasz_participant_SESSION_2025-10-26_23h57.13.374.csv	koszkojt	Prs.1Sg›2 (mondalak)	koszkojtlak	518	177	7726789	férfi	2001	6 / 8	BD6PCH	device: no device info, screen width: no width info, screen height: no height info, user info: no agent info	396521	jt	koskojt	koszkojtlak	koszkojtalak	FALSE	9515.785399999999
mondasz_mondasz_participant_SESSION_2025-10-26_23h57.13.374.csv	koszkojt	Prs.NDef.2Sg (mondas)	koszkojtsz	566	179	7732938	férfi	2001	6 / 8	BD6PCH	device: no device info, screen width: no width info, screen height: no height info, user info: no agent info	396521	jt	koskojt	koszkojtsz	koszkojtasz	FALSE	9515.785399999999
mondasz_mondasz_participant_SESSION_2025-10-26_23h57.13.374.csv	ütvöszt	Prs.1Sg›2 (mondalak)	ütvösztelek	69	180	7733521	férfi	2001	6 / 8	BD6PCH	device: no device info, screen width: no width info, screen height: no height info, user info: no agent info	396521	st	ütvöst	ütvösztlek	ütvösztelek	TRUE	9515.785399999999
mondasz_mondasz_participant_SESSION_2025-10-26_23h57.13.374.csv	rüvönt	Prs.NDef.3Pl (mondanak)	rüvöntnek	83	181	7734106	férfi	2001	6 / 8	BD6PCH	device: no device info, screen width: no width info, screen height: no height info, user info: no agent info	396521	nt	rüvönt	rüvöntnek	rüvöntenek	FALSE	9515.785399999999
mondasz_mondasz_participant_SESSION_2025-10-26_23h57.13.374.csv	mirmeszt	Prs.NDef.3Pl (mondanak)	mirmesztnek	191	182	7734804	férfi	2001	6 / 8	BD6PCH	device: no device info, screen width: no width info, screen height: no height info, user info: no agent info	396521	st	mirmest	mirmesztnek	mirmesztenek	FALSE	9515.785399999999
mondasz_mondasz_participant_SESSION_2025-10-26_23h57.13.374.csv	büfröng	Prs.NDef.2Pl (mondotok)	büfröngötök	223	183	7735541	férfi	2001	6 / 8	BD6PCH	device: no device info, screen width: no width info, screen height: no height info, user info: no agent info	396521	ng	büfröng	büfröngtök	büfröngötök	TRUE	9515.785399999999
mondasz_mondasz_participant_SESSION_2025-10-26_23h57.13.374.csv	börköszt	Prs.NDef.3Pl (mondanak)	börkösztenek	271	184	7736321	férfi	2001	6 / 8	BD6PCH	device: no device info, screen width: no width info, screen height: no height info, user info: no agent info	396521	st	börköst	börkösztnek	börkösztenek	TRUE	9515.785399999999
mondasz_mondasz_participant_SESSION_2025-10-26_23h57.13.374.csv	sajlojt	Prs.NDef.2Pl (mondotok)	sajlojttok	353	185	7737188	férfi	2001	6 / 8	BD6PCH	device: no device info, screen width: no width info, screen height: no height info, user info: no agent info	396521	jt	šajlojt	sajlojttok	sajlojtotok	FALSE	9515.785399999999
mondasz_mondasz_participant_SESSION_2025-10-26_23h57.13.374.csv	pétlent	Prs.NDef.2Pl (mondotok)	pétlentetek	326	186	7738022	férfi	2001	6 / 8	BD6PCH	device: no device info, screen width: no width info, screen height: no height info, user info: no agent info	396521	nt	pétlent	pétlenttek	pétlentetek	TRUE	9515.785399999999
mondasz_mondasz_participant_SESSION_2025-10-26_23h57.13.374.csv	fesszent	Prs.NDef.3Pl (mondanak)	fesszentnek	379	187	7738903	férfi	2001	6 / 8	BD6PCH	device: no device info, screen width: no width info, screen height: no height info, user info: no agent info	396521	nt	fessent	fesszentnek	fesszentenek	FALSE	9515.785399999999
mondasz_mondasz_participant_SESSION_2025-10-26_23h57.13.374.csv	fesszent	Prs.NDef.2Sg (mondas)	fesszentesz	219	188	7739624	férfi	2001	6 / 8	BD6PCH	device: no device info, screen width: no width info, screen height: no height info, user info: no agent info	396521	nt	fessent	fesszentsz	fesszentesz	TRUE	9515.785399999999
mondasz_mondasz_participant_SESSION_2025-10-26_23h57.13.374.csv	csumlong	Prs.NDef.2Sg (mondas)	csumlongasz	144	189	7740274	férfi	2001	6 / 8	BD6PCH	device: no device info, screen width: no width info, screen height: no height info, user info: no agent info	396521	ng	čumlong	csumlongsz	csumlongasz	TRUE	9515.785399999999
mondasz_mondasz_participant_SESSION_2025-10-26_23h57.13.374.csv	sajlojt	Prs.1Sg›2 (mondalak)	sajlojtalak	154	190	7740941	férfi	2001	6 / 8	BD6PCH	device: no device info, screen width: no width info, screen height: no height info, user info: no agent info	396521	jt	šajlojt	sajlojtlak	sajlojtalak	TRUE	9515.785399999999
mondasz_mondasz_participant_SESSION_2025-10-26_23h57.13.374.csv	gíneszt	Prs.NDef.2Sg (mondas)	gínesztsz	109	191	7741563	férfi	2001	6 / 8	BD6PCH	device: no device info, screen width: no width info, screen height: no height info, user info: no agent info	396521	st	gínest	gínesztsz	gínesztesz	FALSE	9515.785399999999
mondasz_mondasz_participant_SESSION_2025-10-26_23h57.13.374.csv	hüröszt	Prs.1Sg›2 (mondalak)	hürösztlek	152	193	7742990	férfi	2001	6 / 8	BD6PCH	device: no device info, screen width: no width info, screen height: no height info, user info: no agent info	396521	st	hüröst	hürösztlek	hürösztelek	FALSE	9515.785399999999
mondasz_mondasz_participant_SESSION_2025-10-26_23h57.13.374.csv	löllöszt	Prs.NDef.2Pl (mondotok)	löllösztötök	443	194	7743942	férfi	2001	6 / 8	BD6PCH	device: no device info, screen width: no width info, screen height: no height info, user info: no agent info	396521	st	löllöst	löllöszttök	löllösztötök	TRUE	9515.785399999999
mondasz_mondasz_participant_SESSION_2025-10-26_23h57.13.374.csv	nyelkeng	Prs.NDef.3Pl (mondanak)	nyelkengnek	523	195	7744966	férfi	2001	6 / 8	BD6PCH	device: no device info, screen width: no width info, screen height: no height info, user info: no agent info	396521	ng	ṉelkeng	nyelkengnek	nyelkengenek	FALSE	9515.785399999999
mondasz_mondasz_participant_SESSION_2025-10-26_23h57.13.374.csv	ofont	Prs.NDef.2Pl (mondotok)	ofontotok	144	196	7745616	férfi	2001	6 / 8	BD6PCH	device: no device info, screen width: no width info, screen height: no height info, user info: no agent info	396521	nt	ofont	ofonttok	ofontotok	TRUE	9515.785399999999
mondasz_mondasz_participant_SESSION_2025-10-26_23h57.13.374.csv	fedrent	Prs.NDef.2Pl (mondotok)	fedrenttek	285	197	7746404	férfi	2001	6 / 8	BD6PCH	device: no device info, screen width: no width info, screen height: no height info, user info: no agent info	396521	nt	fedrent	fedrenttek	fedrentetek	FALSE	9515.785399999999
mondasz_mondasz_participant_SESSION_2025-10-26_23h57.13.374.csv	hördöng	Prs.NDef.3Pl (mondanak)	hördöngenek	129	198	7747048	férfi	2001	6 / 8	BD6PCH	device: no device info, screen width: no width info, screen height: no height info, user info: no agent info	396521	ng	hördöng	hördöngnek	hördöngenek	TRUE	9515.785399999999
mondasz_mondasz_participant_SESSION_2025-10-26_23h57.13.374.csv	mógyong	Prs.NDef.2Sg (mondas)	mógyongsz	126	199	7747684	férfi	2001	6 / 8	BD6PCH	device: no device info, screen width: no width info, screen height: no height info, user info: no agent info	396521	ng	móḏong	mógyongsz	mógyongasz	FALSE	9515.785399999999
mondasz_mondasz_participant_SESSION_2025-10-26_23h57.13.374.csv	sébeszt	Prs.1Sg›2 (mondalak)	sébesztlek	139	200	7748340	férfi	2001	6 / 8	BD6PCH	device: no device info, screen width: no width info, screen height: no height info, user info: no agent info	396521	st	šébest	sébesztlek	sébesztelek	FALSE	9515.785399999999
mondasz_mondasz_participant_SESSION_2025-10-26_23h57.13.374.csv	vutojt	Prs.1Sg›2 (mondalak)	vutojtalak	278	201	7749132	férfi	2001	6 / 8	BD6PCH	device: no device info, screen width: no width info, screen height: no height info, user info: no agent info	396521	jt	vutojt	vutojtlak	vutojtalak	TRUE	9515.785399999999
mondasz_mondasz_participant_SESSION_2025-10-26_23h57.13.374.csv	hördöng	Prs.1Sg›2 (mondalak)	hördönglek	281	202	7749926	férfi	2001	6 / 8	BD6PCH	device: no device info, screen width: no width info, screen height: no height info, user info: no agent info	396521	ng	hördöng	hördönglek	hördöngelek	FALSE	9515.785399999999
mondasz_mondasz_participant_SESSION_2025-10-26_23h57.13.374.csv	pagoszt	Prs.1Sg›2 (mondalak)	pagosztlak	163	203	7750597	férfi	2001	6 / 8	BD6PCH	device: no device info, screen width: no width info, screen height: no height info, user info: no agent info	396521	st	pagost	pagosztlak	pagosztalak	FALSE	9515.785399999999
mondasz_mondasz_participant_SESSION_2025-10-26_23h57.13.374.csv	rupojt	Prs.1Sg›2 (mondalak)	rupojtlak	205	204	7751306	férfi	2001	6 / 8	BD6PCH	device: no device info, screen width: no width info, screen height: no height info, user info: no agent info	396521	jt	rupojt	rupojtlak	rupojtalak	FALSE	9515.785399999999
mondasz_mondasz_participant_SESSION_2025-10-26_23h57.13.374.csv	mógyong	Prs.NDef.2Pl (mondotok)	mógyongtok	1552	205	7753366	férfi	2001	6 / 8	BD6PCH	device: no device info, screen width: no width info, screen height: no height info, user info: no agent info	396521	ng	móḏong	mógyongtok	mógyongotok	FALSE	9515.785399999999
mondasz_mondasz_participant_SESSION_2025-10-26_23h57.13.374.csv	pagyont	Prs.NDef.2Pl (mondotok)	pagyontotok	166	206	7754042	férfi	2001	6 / 8	BD6PCH	device: no device info, screen width: no width info, screen height: no height info, user info: no agent info	396521	nt	paḏont	pagyonttok	pagyontotok	TRUE	9515.785399999999
mondasz_mondasz_participant_SESSION_2025-10-26_23h57.13.374.csv	zsömhöjt	Prs.NDef.2Sg (mondas)	zsömhöjtesz	407	207	7754955	férfi	2001	6 / 8	BD6PCH	device: no device info, screen width: no width info, screen height: no height info, user info: no agent info	396521	jt	žömhöjt	zsömhöjtsz	zsömhöjtesz	TRUE	9515.785399999999
mondasz_mondasz_participant_SESSION_2025-10-26_23h57.13.374.csv	ursojt	Prs.1Sg›2 (mondalak)	ursojtalak	608	208	7756065	férfi	2001	6 / 8	BD6PCH	device: no device info, screen width: no width info, screen height: no height info, user info: no agent info	396521	jt	uršojt	ursojtlak	ursojtalak	TRUE	9515.785399999999
mondasz_mondasz_participant_SESSION_2025-10-26_23h57.13.374.csv	zöccsöjt	Prs.NDef.3Pl (mondanak)	zöccsöjtnek	357	209	7756931	férfi	2001	6 / 8	BD6PCH	device: no device info, screen width: no width info, screen height: no height info, user info: no agent info	396521	jt	zöččöjt	zöccsöjtnek	zöccsöjtenek	FALSE	9515.785399999999
mondasz_mondasz_participant_SESSION_2025-10-26_23h57.13.374.csv	ofont	Prs.NDef.2Sg (mondas)	ofontsz	261	210	7757701	férfi	2001	6 / 8	BD6PCH	device: no device info, screen width: no width info, screen height: no height info, user info: no agent info	396521	nt	ofont	ofontsz	ofontasz	FALSE	9515.785399999999
mondasz_mondasz_participant_SESSION_2025-10-26_23h57.13.374.csv	tárnyont	Prs.NDef.2Sg (mondas)	tárnyontasz	200	211	7758402	férfi	2001	6 / 8	BD6PCH	device: no device info, screen width: no width info, screen height: no height info, user info: no agent info	396521	nt	tárṉont	tárnyontsz	tárnyontasz	TRUE	9515.785399999999
mondasz_mondasz_participant_SESSION_2025-10-26_23h57.13.374.csv	fomong	Prs.NDef.3Pl (mondanak)	fomonganak	110	212	7759019	férfi	2001	6 / 8	BD6PCH	device: no device info, screen width: no width info, screen height: no height info, user info: no agent info	396521	ng	fomong	fomongnak	fomonganak	TRUE	9515.785399999999
mondasz_mondasz_participant_SESSION_2025-10-26_23h57.13.374.csv	csölönt	Prs.NDef.2Sg (mondas)	csölöntesz	194	213	7759717	férfi	2001	6 / 8	BD6PCH	device: no device info, screen width: no width info, screen height: no height info, user info: no agent info	396521	nt	čölönt	csölöntsz	csölöntesz	TRUE	9515.785399999999
mondasz_mondasz_participant_SESSION_2025-10-26_23h57.13.374.csv	haccsojt	Prs.1Sg›2 (mondalak)	haccsojtlak	302	214	7760531	férfi	2001	6 / 8	BD6PCH	device: no device info, screen width: no width info, screen height: no height info, user info: no agent info	396521	jt	haččojt	haccsojtlak	haccsojtalak	FALSE	9515.785399999999
mondasz_mondasz_participant_SESSION_2025-10-26_23h57.13.374.csv	jököng	Prs.1Sg›2 (mondalak)	jököngelek	126	215	7761168	férfi	2001	6 / 8	BD6PCH	device: no device info, screen width: no width info, screen height: no height info, user info: no agent info	396521	ng	jököng	jökönglek	jököngelek	TRUE	9515.785399999999
mondasz_mondasz_participant_SESSION_2025-10-26_23h57.13.374.csv	gyuront	Prs.NDef.2Pl (mondotok)	gyurontotok	182	216	7761862	férfi	2001	6 / 8	BD6PCH	device: no device info, screen width: no width info, screen height: no height info, user info: no agent info	396521	nt	ḏuront	gyuronttok	gyurontotok	TRUE	9515.785399999999
mondasz_mondasz_participant_SESSION_2025-10-26_23h57.13.374.csv	cséleszt	Prs.NDef.3Pl (mondanak)	csélesztenek	134	217	7762510	férfi	2001	6 / 8	BD6PCH	device: no device info, screen width: no width info, screen height: no height info, user info: no agent info	396521	st	čélest	csélesztnek	csélesztenek	TRUE	9515.785399999999
mondasz_mondasz_participant_SESSION_2025-10-26_23h57.13.374.csv	szüköjt	Prs.1Sg›2 (mondalak)	szüköjtelek	635	218	7763646	férfi	2001	6 / 8	BD6PCH	device: no device info, screen width: no width info, screen height: no height info, user info: no agent info	396521	jt	süköjt	szüköjtlek	szüköjtelek	TRUE	9515.785399999999
mondasz_mondasz_participant_SESSION_2025-10-26_23h57.13.374.csv	hüröszt	Prs.NDef.2Sg (mondas)	hürösztesz	334	220	7765372	férfi	2001	6 / 8	BD6PCH	device: no device info, screen width: no width info, screen height: no height info, user info: no agent info	396521	st	hüröst	hürösztsz	hürösztesz	TRUE	9515.785399999999
mondasz_mondasz_participant_SESSION_2025-10-26_23h57.13.374.csv	potojt	Prs.NDef.2Sg (mondas)	potojtsz	1017	221	7766899	férfi	2001	6 / 8	BD6PCH	device: no device info, screen width: no width info, screen height: no height info, user info: no agent info	396521	jt	potojt	potojtsz	potojtasz	FALSE	9515.785399999999
mondasz_mondasz_participant_SESSION_2025-10-26_23h57.13.374.csv	pánkojt	Prs.NDef.2Pl (mondotok)	pánkojtotok	337	222	7767752	férfi	2001	6 / 8	BD6PCH	device: no device info, screen width: no width info, screen height: no height info, user info: no agent info	396521	jt	pánkojt	pánkojttok	pánkojtotok	TRUE	9515.785399999999
mondasz_mondasz_participant_SESSION_2025-10-26_23h57.13.374.csv	szipteszt	Prs.NDef.3Pl (mondanak)	sziptesztnek	314	223	7768568	férfi	2001	6 / 8	BD6PCH	device: no device info, screen width: no width info, screen height: no height info, user info: no agent info	396521	st	siptest	sziptesztnek	sziptesztenek	FALSE	9515.785399999999
mondasz_mondasz_participant_SESSION_2025-10-26_23h57.13.374.csv	jököng	Prs.NDef.3Pl (mondanak)	jököngnek	270	224	7769349	férfi	2001	6 / 8	BD6PCH	device: no device info, screen width: no width info, screen height: no height info, user info: no agent info	396521	ng	jököng	jököngnek	jököngenek	FALSE	9515.785399999999
mondasz_mondasz_participant_SESSION_2025-10-26_23h57.13.374.csv	nyelkeng	Prs.1Sg›2 (mondalak)	nyelkenglek	185	225	7770039	férfi	2001	6 / 8	BD6PCH	device: no device info, screen width: no width info, screen height: no height info, user info: no agent info	396521	ng	ṉelkeng	nyelkenglek	nyelkengelek	FALSE	9515.785399999999
mondasz_mondasz_participant_SESSION_2025-10-26_23h57.13.374.csv	hárkont	Prs.NDef.2Pl (mondotok)	hárkontotok	278	226	7770825	férfi	2001	6 / 8	BD6PCH	device: no device info, screen width: no width info, screen height: no height info, user info: no agent info	396521	nt	hárkont	hárkonttok	hárkontotok	TRUE	9515.785399999999
mondasz_mondasz_participant_SESSION_2025-10-26_23h57.13.374.csv	fűjönt	Prs.NDef.2Pl (mondotok)	fűjöntötök	110	227	7771443	férfi	2001	6 / 8	BD6PCH	device: no device info, screen width: no width info, screen height: no height info, user info: no agent info	396521	nt	fűjönt	fűjönttök	fűjöntötök	TRUE	9515.785399999999
mondasz_mondasz_participant_SESSION_2025-10-26_23h57.13.374.csv	gíneszt	Prs.NDef.2Pl (mondotok)	gíneszttek	163	228	7772122	férfi	2001	6 / 8	BD6PCH	device: no device info, screen width: no width info, screen height: no height info, user info: no agent info	396521	st	gínest	gíneszttek	gínesztetek	FALSE	9515.785399999999
mondasz_mondasz_participant_SESSION_2025-10-26_23h57.13.374.csv	dűszöng	Prs.1Sg›2 (mondalak)	dűszönglek	234	229	7772860	férfi	2001	6 / 8	BD6PCH	device: no device info, screen width: no width info, screen height: no height info, user info: no agent info	396521	ng	dűsöng	dűszönglek	dűszöngelek	FALSE	9515.785399999999
mondasz_mondasz_participant_SESSION_2025-10-26_23h57.13.374.csv	ornyoszt	Prs.1Sg›2 (mondalak)	ornyosztalak	99	230	7773466	férfi	2001	6 / 8	BD6PCH	device: no device info, screen width: no width info, screen height: no height info, user info: no agent info	396521	st	orṉost	ornyosztlak	ornyosztalak	TRUE	9515.785399999999
mondasz_mondasz_participant_SESSION_2025-10-26_23h57.13.374.csv	rupojt	Prs.NDef.2Sg (mondas)	rupojtasz	118	231	7774101	férfi	2001	6 / 8	BD6PCH	device: no device info, screen width: no width info, screen height: no height info, user info: no agent info	396521	jt	rupojt	rupojtsz	rupojtasz	TRUE	9515.785399999999
mondasz_mondasz_participant_SESSION_2025-10-26_23h57.13.374.csv	csumlong	Prs.NDef.3Pl (mondanak)	csumlonganak	242	232	7774848	férfi	2001	6 / 8	BD6PCH	device: no device info, screen width: no width info, screen height: no height info, user info: no agent info	396521	ng	čumlong	csumlongnak	csumlonganak	TRUE	9515.785399999999
mondasz_mondasz_participant_SESSION_2025-10-26_23h57.13.374.csv	pégeng	Prs.1Sg›2 (mondalak)	pégengelek	228	233	7775590	férfi	2001	6 / 8	BD6PCH	device: no device info, screen width: no width info, screen height: no height info, user info: no agent info	396521	ng	pégeng	pégenglek	pégengelek	TRUE	9515.785399999999
mondasz_mondasz_participant_SESSION_2025-10-26_23h57.13.374.csv	csumlong	Prs.NDef.2Pl (mondotok)	csumlongtok	147	234	7776242	férfi	2001	6 / 8	BD6PCH	device: no device info, screen width: no width info, screen height: no height info, user info: no agent info	396521	ng	čumlong	csumlongtok	csumlongotok	FALSE	9515.785399999999
mondasz_mondasz_participant_SESSION_2025-10-26_23h57.13.374.csv	nyorojt	Prs.NDef.3Pl (mondanak)	nyorojtanak	226	235	7776981	férfi	2001	6 / 8	BD6PCH	device: no device info, screen width: no width info, screen height: no height info, user info: no agent info	396521	jt	ṉorojt	nyorojtnak	nyorojtanak	TRUE	9515.785399999999
mondasz_mondasz_participant_SESSION_2025-10-26_23h57.13.374.csv	füppönt	Prs.NDef.2Pl (mondotok)	füppönttök	136	236	7777631	férfi	2001	6 / 8	BD6PCH	device: no device info, screen width: no width info, screen height: no height info, user info: no agent info	396521	nt	füppönt	füppönttök	füppöntötök	FALSE	9515.785399999999
mondasz_mondasz_participant_SESSION_2025-10-26_23h57.13.374.csv	nyelkeng	Prs.NDef.2Sg (mondas)	nyelkengsz	261	237	7778394	férfi	2001	6 / 8	BD6PCH	device: no device info, screen width: no width info, screen height: no height info, user info: no agent info	396521	ng	ṉelkeng	nyelkengsz	nyelkengesz	FALSE	9515.785399999999
mondasz_mondasz_participant_SESSION_2025-10-26_23h57.13.374.csv	hojont	Prs.NDef.2Sg (mondas)	hojontsz	127	238	7779022	férfi	2001	6 / 8	BD6PCH	device: no device info, screen width: no width info, screen height: no height info, user info: no agent info	396521	nt	hojont	hojontsz	hojontasz	FALSE	9515.785399999999
mondasz_mondasz_participant_SESSION_2025-10-26_23h57.13.374.csv	potojt	Prs.NDef.2Pl (mondotok)	potojttok	501	239	7780029	férfi	2001	6 / 8	BD6PCH	device: no device info, screen width: no width info, screen height: no height info, user info: no agent info	396521	jt	potojt	potojttok	potojtotok	FALSE	9515.785399999999
mondasz_mondasz_participant_SESSION_2025-10-26_23h57.13.374.csv	ofont	Prs.1Sg›2 (mondalak)	ofontlak	1051	241	7786585	férfi	2001	6 / 8	BD6PCH	device: no device info, screen width: no width info, screen height: no height info, user info: no agent info	396521	nt	ofont	ofontlak	ofontalak	FALSE	9515.785399999999
mondasz_mondasz_participant_SESSION_2025-10-26_23h57.13.374.csv	haccsojt	Prs.NDef.3Pl (mondanak)	haccsojtnak	183	242	7787280	férfi	2001	6 / 8	BD6PCH	device: no device info, screen width: no width info, screen height: no height info, user info: no agent info	396521	jt	haččojt	haccsojtnak	haccsojtanak	FALSE	9515.785399999999
mondasz_mondasz_participant_SESSION_2025-10-26_23h57.13.374.csv	tárnyont	Prs.NDef.3Pl (mondanak)	tárnyontanak	360	243	7788142	férfi	2001	6 / 8	BD6PCH	device: no device info, screen width: no width info, screen height: no height info, user info: no agent info	396521	nt	tárṉont	tárnyontnak	tárnyontanak	TRUE	9515.785399999999
mondasz_mondasz_participant_SESSION_2025-10-26_23h57.13.374.csv	ütvöszt	Prs.NDef.2Sg (mondas)	ütvösztsz	149	244	7788792	férfi	2001	6 / 8	BD6PCH	device: no device info, screen width: no width info, screen height: no height info, user info: no agent info	396521	st	ütvöst	ütvösztsz	ütvösztesz	FALSE	9515.785399999999
mondasz_mondasz_participant_SESSION_2025-10-26_23h57.13.374.csv	flöföjt	Prs.1Sg›2 (mondalak)	flöföjtelek	649	245	7789946	férfi	2001	6 / 8	BD6PCH	device: no device info, screen width: no width info, screen height: no height info, user info: no agent info	396521	jt	flöföjt	flöföjtlek	flöföjtelek	TRUE	9515.785399999999
mondasz_mondasz_participant_SESSION_2025-10-26_23h57.13.374.csv	vurmong	Prs.1Sg›2 (mondalak)	vurmonglak	95	246	7790554	férfi	2001	6 / 8	BD6PCH	device: no device info, screen width: no width info, screen height: no height info, user info: no agent info	396521	ng	vurmong	vurmonglak	vurmongalak	FALSE	9515.785399999999
mondasz_mondasz_participant_SESSION_2025-10-26_23h57.13.374.csv	pagoszt	Prs.NDef.2Pl (mondotok)	pagoszttok	243	247	7791300	férfi	2001	6 / 8	BD6PCH	device: no device info, screen width: no width info, screen height: no height info, user info: no agent info	396521	st	pagost	pagoszttok	pagosztotok	FALSE	9515.785399999999
mondasz_mondasz_participant_SESSION_2025-10-26_23h57.13.374.csv	polloszt	Prs.NDef.3Pl (mondanak)	pollosztanak	157	248	7791959	férfi	2001	6 / 8	BD6PCH	device: no device info, screen width: no width info, screen height: no height info, user info: no agent info	396521	st	pollost	pollosztnak	pollosztanak	TRUE	9515.785399999999
mondasz_mondasz_participant_SESSION_2025-10-26_23h57.13.374.csv	gyahong	Prs.NDef.2Sg (mondas)	gyahongsz	182	249	7792653	férfi	2001	6 / 8	BD6PCH	device: no device info, screen width: no width info, screen height: no height info, user info: no agent info	396521	ng	ḏahong	gyahongsz	gyahongasz	FALSE	9515.785399999999
mondasz_mondasz_participant_SESSION_2025-10-26_23h57.13.374.csv	odojt	Prs.NDef.3Pl (mondanak)	odojtanak	399	250	7793563	férfi	2001	6 / 8	BD6PCH	device: no device info, screen width: no width info, screen height: no height info, user info: no agent info	396521	jt	odojt	odojtnak	odojtanak	TRUE	9515.785399999999
mondasz_mondasz_participant_SESSION_2025-10-26_23h57.13.374.csv	áhong	Prs.NDef.2Sg (mondas)	áhongasz	333	251	7794404	férfi	2001	6 / 8	BD6PCH	device: no device info, screen width: no width info, screen height: no height info, user info: no agent info	396521	ng	áhong	áhongsz	áhongasz	TRUE	9515.785399999999
mondasz_mondasz_participant_SESSION_2025-10-26_23h57.13.374.csv	ornyoszt	Prs.NDef.2Sg (mondas)	ornyosztasz	367	252	7795277	férfi	2001	6 / 8	BD6PCH	device: no device info, screen width: no width info, screen height: no height info, user info: no agent info	396521	st	orṉost	ornyosztsz	ornyosztasz	TRUE	9515.785399999999
mondasz_mondasz_participant_SESSION_2025-10-26_23h57.13.374.csv	gyahong	Prs.NDef.3Pl (mondanak)	gyahongnak	515	253	7796306	férfi	2001	6 / 8	BD6PCH	device: no device info, screen width: no width info, screen height: no height info, user info: no agent info	396521	ng	ḏahong	gyahongnak	gyahonganak	FALSE	9515.785399999999
mondasz_mondasz_participant_SESSION_2025-10-26_23h57.13.374.csv	gyahong	Prs.1Sg›2 (mondalak)	gyahonglak	468	254	7797284	férfi	2001	6 / 8	BD6PCH	device: no device info, screen width: no width info, screen height: no height info, user info: no agent info	396521	ng	ḏahong	gyahonglak	gyahongalak	FALSE	9515.785399999999
mondasz_mondasz_participant_SESSION_2025-10-26_23h57.13.374.csv	dűszöng	Prs.NDef.2Pl (mondotok)	dűszöngötök	400	255	7798192	férfi	2001	6 / 8	BD6PCH	device: no device info, screen width: no width info, screen height: no height info, user info: no agent info	396521	ng	dűsöng	dűszöngtök	dűszöngötök	TRUE	9515.785399999999
mondasz_mondasz_participant_SESSION_2025-10-26_23h57.13.374.csv	ibreng	Prs.NDef.3Pl (mondanak)	ibrengnek	351	256	7799049	férfi	2001	6 / 8	BD6PCH	device: no device info, screen width: no width info, screen height: no height info, user info: no agent info	396521	ng	ibreng	ibrengnek	ibrengenek	FALSE	9515.785399999999
mondasz_mondasz_participant_SESSION_2025-10-26_23h57.13.374.csv	cséleszt	Prs.1Sg›2 (mondalak)	csélesztelek	464	257	7800022	férfi	2001	6 / 8	BD6PCH	device: no device info, screen width: no width info, screen height: no height info, user info: no agent info	396521	st	čélest	csélesztlek	csélesztelek	TRUE	9515.785399999999
mondasz_mondasz_participant_SESSION_2025-10-26_23h57.13.374.csv	kucont	Prs.1Sg›2 (mondalak)	kucontlak	746	258	7801270	férfi	2001	6 / 8	BD6PCH	device: no device info, screen width: no width info, screen height: no height info, user info: no agent info	396521	nt	kucont	kucontlak	kucontalak	FALSE	9515.785399999999
mondasz_mondasz_participant_SESSION_2025-10-26_23h57.13.374.csv	nyelkeng	Prs.NDef.2Pl (mondotok)	nyelkengtek	369	259	7802148	férfi	2001	6 / 8	BD6PCH	device: no device info, screen width: no width info, screen height: no height info, user info: no agent info	396521	ng	ṉelkeng	nyelkengtek	nyelkengetek	FALSE	9515.785399999999
mondasz_mondasz_participant_SESSION_2025-10-26_23h57.13.374.csv	szicsent	Prs.NDef.3Pl (mondanak)	szicsentenek	410	260	7803071	férfi	2001	6 / 8	BD6PCH	device: no device info, screen width: no width info, screen height: no height info, user info: no agent info	396521	nt	sičent	szicsentnek	szicsentenek	TRUE	9515.785399999999
mondasz_mondasz_participant_SESSION_2025-10-26_23h57.13.374.csv	hempeszt	Prs.NDef.2Pl (mondotok)	hempesztetek	4791	262	7809279	férfi	2001	6 / 8	BD6PCH	device: no device info, screen width: no width info, screen height: no height info, user info: no agent info	396521	st	hempest	hempeszttek	hempesztetek	TRUE	9515.785399999999
mondasz_mondasz_participant_SESSION_2025-10-26_23h57.13.374.csv	vuzong	Prs.NDef.2Sg (mondas)	vuzongasz	1509	263	7811298	férfi	2001	6 / 8	BD6PCH	device: no device info, screen width: no width info, screen height: no height info, user info: no agent info	396521	ng	vuzong	vuzongsz	vuzongasz	TRUE	9515.785399999999
mondasz_mondasz_participant_SESSION_2025-10-26_23h57.13.374.csv	kurtoszt	Prs.NDef.3Pl (mondanak)	kurtosztnak	931	264	7812738	férfi	2001	6 / 8	BD6PCH	device: no device info, screen width: no width info, screen height: no height info, user info: no agent info	396521	st	kurtost	kurtosztnak	kurtosztanak	FALSE	9515.785399999999
mondasz_mondasz_participant_SESSION_2025-10-26_23h57.13.374.csv	zöccsöjt	Prs.NDef.2Pl (mondotok)	zöccsöjttök	387	265	7813630	férfi	2001	6 / 8	BD6PCH	device: no device info, screen width: no width info, screen height: no height info, user info: no agent info	396521	jt	zöččöjt	zöccsöjttök	zöccsöjtötök	FALSE	9515.785399999999
mondasz_mondasz_participant_SESSION_2025-10-26_23h57.13.374.csv	nésszent	Prs.NDef.2Sg (mondas)	nésszentsz	314	266	7814454	férfi	2001	6 / 8	BD6PCH	device: no device info, screen width: no width info, screen height: no height info, user info: no agent info	396521	nt	néssent	nésszentsz	nésszentesz	FALSE	9515.785399999999
mondasz_mondasz_participant_SESSION_2025-10-26_23h57.13.374.csv	szűsöjt	Prs.NDef.2Pl (mondotok)	szűsöjtötök	183	267	7815148	férfi	2001	6 / 8	BD6PCH	device: no device info, screen width: no width info, screen height: no height info, user info: no agent info	396521	jt	sűšöjt	szűsöjttök	szűsöjtötök	TRUE	9515.785399999999
mondasz_mondasz_participant_SESSION_2025-10-26_23h57.13.374.csv	hárkont	Prs.1Sg›2 (mondalak)	hárkontalak	183	268	7815837	férfi	2001	6 / 8	BD6PCH	device: no device info, screen width: no width info, screen height: no height info, user info: no agent info	396521	nt	hárkont	hárkontlak	hárkontalak	TRUE	9515.785399999999
mondasz_mondasz_participant_SESSION_2025-10-26_23h57.13.374.csv	vórnyoszt	Prs.NDef.2Sg (mondas)	vórnyosztasz	203	269	7816542	férfi	2001	6 / 8	BD6PCH	device: no device info, screen width: no width info, screen height: no height info, user info: no agent info	396521	st	vórṉost	vórnyosztsz	vórnyosztasz	TRUE	9515.785399999999
mondasz_mondasz_participant_SESSION_2025-10-26_23h57.13.374.csv	nyegejt	Prs.1Sg›2 (mondalak)	nyegejtelek	223	270	7817271	férfi	2001	6 / 8	BD6PCH	device: no device info, screen width: no width info, screen height: no height info, user info: no agent info	396521	jt	ṉegejt	nyegejtlek	nyegejtelek	TRUE	9515.785399999999
mondasz_mondasz_participant_SESSION_2025-10-26_23h57.13.374.csv	togyont	Prs.NDef.2Sg (mondas)	togyontsz	357	271	7818139	férfi	2001	6 / 8	BD6PCH	device: no device info, screen width: no width info, screen height: no height info, user info: no agent info	396521	nt	toḏont	togyontsz	togyontasz	FALSE	9515.785399999999
mondasz_mondasz_participant_SESSION_2025-10-26_23h57.13.374.csv	sajlojt	Prs.NDef.3Pl (mondanak)	sajlojtnak	251	272	7818893	férfi	2001	6 / 8	BD6PCH	device: no device info, screen width: no width info, screen height: no height info, user info: no agent info	396521	jt	šajlojt	sajlojtnak	sajlojtanak	FALSE	9515.785399999999
mondasz_mondasz_participant_SESSION_2025-10-26_23h57.13.374.csv	haccsojt	Prs.NDef.2Pl (mondotok)	haccsojttok	1565	274	7823832	férfi	2001	6 / 8	BD6PCH	device: no device info, screen width: no width info, screen height: no height info, user info: no agent info	396521	jt	haččojt	haccsojttok	haccsojtotok	FALSE	9515.785399999999
mondasz_mondasz_participant_SESSION_2025-10-26_23h57.13.374.csv	nyuttojt	Prs.NDef.2Pl (mondotok)	nyuttojttok	295	275	7824639	férfi	2001	6 / 8	BD6PCH	device: no device info, screen width: no width info, screen height: no height info, user info: no agent info	396521	jt	ṉuttojt	nyuttojttok	nyuttojtotok	FALSE	9515.785399999999
mondasz_mondasz_participant_SESSION_2025-10-26_23h57.13.374.csv	potojt	Prs.NDef.3Pl (mondanak)	potojtanak	206	276	7825348	férfi	2001	6 / 8	BD6PCH	device: no device info, screen width: no width info, screen height: no height info, user info: no agent info	396521	jt	potojt	potojtnak	potojtanak	TRUE	9515.785399999999
mondasz_mondasz_participant_SESSION_2025-10-26_23h57.13.374.csv	sökköjt	Prs.NDef.3Pl (mondanak)	sökköjtenek	224	277	7826073	férfi	2001	6 / 8	BD6PCH	device: no device info, screen width: no width info, screen height: no height info, user info: no agent info	396521	jt	šökköjt	sökköjtnek	sökköjtenek	TRUE	9515.785399999999
mondasz_mondasz_participant_SESSION_2025-10-26_23h57.13.374.csv	hördöng	Prs.NDef.2Pl (mondotok)	hördöngtök	159	278	7826743	férfi	2001	6 / 8	BD6PCH	device: no device info, screen width: no width info, screen height: no height info, user info: no agent info	396521	ng	hördöng	hördöngtök	hördöngötök	FALSE	9515.785399999999
mondasz_mondasz_participant_SESSION_2025-10-26_23h57.13.374.csv	áhong	Prs.1Sg›2 (mondalak)	áhongalak	148	279	7827395	férfi	2001	6 / 8	BD6PCH	device: no device info, screen width: no width info, screen height: no height info, user info: no agent info	396521	ng	áhong	áhonglak	áhongalak	TRUE	9515.785399999999
mondasz_mondasz_participant_SESSION_2025-10-26_23h57.13.374.csv	jököng	Prs.NDef.2Sg (mondas)	jököngesz	217	280	7828113	férfi	2001	6 / 8	BD6PCH	device: no device info, screen width: no width info, screen height: no height info, user info: no agent info	396521	ng	jököng	jököngsz	jököngesz	TRUE	9515.785399999999
mondasz_mondasz_participant_SESSION_2025-10-26_23h57.13.374.csv	ursojt	Prs.NDef.2Pl (mondotok)	ursojtotok	268	281	7828892	férfi	2001	6 / 8	BD6PCH	device: no device info, screen width: no width info, screen height: no height info, user info: no agent info	396521	jt	uršojt	ursojttok	ursojtotok	TRUE	9515.785399999999
mondasz_mondasz_participant_SESSION_2025-10-26_23h57.13.374.csv	sökköjt	Prs.NDef.2Pl (mondotok)	sökköjtötök	278	282	7829676	férfi	2001	6 / 8	BD6PCH	device: no device info, screen width: no width info, screen height: no height info, user info: no agent info	396521	jt	šökköjt	sökköjttök	sökköjtötök	TRUE	9515.785399999999
mondasz_mondasz_participant_SESSION_2025-10-26_23h57.13.374.csv	polloszt	Prs.NDef.2Sg (mondas)	pollosztasz	272	283	7830459	férfi	2001	6 / 8	BD6PCH	device: no device info, screen width: no width info, screen height: no height info, user info: no agent info	396521	st	pollost	pollosztsz	pollosztasz	TRUE	9515.785399999999
mondasz_mondasz_participant_SESSION_2025-10-26_23h57.13.374.csv	bákont	Prs.1Sg›2 (mondalak)	bákontlak	338	284	7831302	férfi	2001	6 / 8	BD6PCH	device: no device info, screen width: no width info, screen height: no height info, user info: no agent info	396521	nt	bákont	bákontlak	bákontalak	FALSE	9515.785399999999
mondasz_mondasz_participant_SESSION_2025-10-26_23h57.13.374.csv	lahont	Prs.NDef.3Pl (mondanak)	lahontanak	421	285	7832224	férfi	2001	6 / 8	BD6PCH	device: no device info, screen width: no width info, screen height: no height info, user info: no agent info	396521	nt	lahont	lahontnak	lahontanak	TRUE	9515.785399999999
mondasz_mondasz_participant_SESSION_2025-10-26_23h57.13.374.csv	kernyeszt	Prs.NDef.2Pl (mondotok)	kernyesztetek	394	286	7833123	férfi	2001	6 / 8	BD6PCH	device: no device info, screen width: no width info, screen height: no height info, user info: no agent info	396521	st	kerṉest	kernyeszttek	kernyesztetek	TRUE	9515.785399999999
mondasz_mondasz_participant_SESSION_2025-10-26_23h57.13.374.csv	kerzeng	Prs.1Sg›2 (mondalak)	kerzenglek	456	287	7834094	férfi	2001	6 / 8	BD6PCH	device: no device info, screen width: no width info, screen height: no height info, user info: no agent info	396521	ng	kerzeng	kerzenglek	kerzengelek	FALSE	9515.785399999999
mondasz_mondasz_participant_SESSION_2025-10-26_23h57.13.374.csv	lahont	Prs.1Sg›2 (mondalak)	lahontalak	462	288	7835058	férfi	2001	6 / 8	BD6PCH	device: no device info, screen width: no width info, screen height: no height info, user info: no agent info	396521	nt	lahont	lahontlak	lahontalak	TRUE	9515.785399999999
mondasz_mondasz_participant_SESSION_2025-10-26_23h57.13.374.csv	vutojt	Prs.NDef.3Pl (mondanak)	vutojtanak	443	289	7836014	férfi	2001	6 / 8	BD6PCH	device: no device info, screen width: no width info, screen height: no height info, user info: no agent info	396521	jt	vutojt	vutojtnak	vutojtanak	TRUE	9515.785399999999
mondasz_mondasz_participant_SESSION_2025-10-26_23h57.13.374.csv	büfröng	Prs.1Sg›2 (mondalak)	büfröngelek	464	290	7836979	férfi	2001	6 / 8	BD6PCH	device: no device info, screen width: no width info, screen height: no height info, user info: no agent info	396521	ng	büfröng	büfrönglek	büfröngelek	TRUE	9515.785399999999
mondasz_mondasz_participant_SESSION_2025-10-26_23h57.13.374.csv	szüköjt	Prs.NDef.3Pl (mondanak)	szüköjtenek	434	291	7837924	férfi	2001	6 / 8	BD6PCH	device: no device info, screen width: no width info, screen height: no height info, user info: no agent info	396521	jt	süköjt	szüköjtnek	szüköjtenek	TRUE	9515.785399999999
mondasz_mondasz_participant_SESSION_2025-10-26_23h57.13.374.csv	kajszoszt	Prs.NDef.2Pl (mondotok)	kajszosztotok	423	292	7838862	férfi	2001	6 / 8	BD6PCH	device: no device info, screen width: no width info, screen height: no height info, user info: no agent info	396521	st	kajsost	kajszoszttok	kajszosztotok	TRUE	9515.785399999999
mondasz_mondasz_participant_SESSION_2025-10-26_23h57.13.374.csv	sittyeszt	Prs.1Sg›2 (mondalak)	sittyesztelek	392	293	7839764	férfi	2001	6 / 8	BD6PCH	device: no device info, screen width: no width info, screen height: no height info, user info: no agent info	396521	st	šiṯṯest	sittyesztlek	sittyesztelek	TRUE	9515.785399999999
mondasz_mondasz_participant_SESSION_2025-10-26_23h57.13.374.csv	szüköjt	Prs.NDef.2Pl (mondotok)	szüköjttök	354	294	7840629	férfi	2001	6 / 8	BD6PCH	device: no device info, screen width: no width info, screen height: no height info, user info: no agent info	396521	jt	süköjt	szüköjttök	szüköjtötök	FALSE	9515.785399999999
mondasz_mondasz_participant_SESSION_2025-10-26_23h57.13.374.csv	fűjönt	Prs.1Sg›2 (mondalak)	fűjöntelek	347	295	7841491	férfi	2001	6 / 8	BD6PCH	device: no device info, screen width: no width info, screen height: no height info, user info: no agent info	396521	nt	fűjönt	fűjöntlek	fűjöntelek	TRUE	9515.785399999999
mondasz_mondasz_participant_SESSION_2025-10-26_23h57.13.374.csv	hárkont	Prs.NDef.2Sg (mondas)	hárkontsz	362	296	7842360	férfi	2001	6 / 8	BD6PCH	device: no device info, screen width: no width info, screen height: no height info, user info: no agent info	396521	nt	hárkont	hárkontsz	hárkontasz	FALSE	9515.785399999999
mondasz_mondasz_participant_SESSION_2025-10-26_23h57.13.374.csv	fedrent	Prs.1Sg›2 (mondalak)	fedrentlek	425	297	7843288	férfi	2001	6 / 8	BD6PCH	device: no device info, screen width: no width info, screen height: no height info, user info: no agent info	396521	nt	fedrent	fedrentlek	fedrentelek	FALSE	9515.785399999999
mondasz_mondasz_participant_SESSION_2025-10-26_23h57.13.374.csv	csampojt	Prs.NDef.2Pl (mondotok)	csampojttok	464	298	7844264	férfi	2001	6 / 8	BD6PCH	device: no device info, screen width: no width info, screen height: no height info, user info: no agent info	396521	jt	čampojt	csampojttok	csampojtotok	FALSE	9515.785399999999
mondasz_mondasz_participant_SESSION_2025-10-26_23h57.13.374.csv	vórnyoszt	Prs.NDef.3Pl (mondanak)	vórnyosztanak	378	299	7845148	férfi	2001	6 / 8	BD6PCH	device: no device info, screen width: no width info, screen height: no height info, user info: no agent info	396521	st	vórṉost	vórnyosztnak	vórnyosztanak	TRUE	9515.785399999999
mondasz_mondasz_participant_SESSION_2025-10-26_23h57.13.374.csv	odojt	Prs.NDef.2Pl (mondotok)	odojtotok	419	300	7846069	férfi	2001	6 / 8	BD6PCH	device: no device info, screen width: no width info, screen height: no height info, user info: no agent info	396521	jt	odojt	odojttok	odojtotok	TRUE	9515.785399999999
mondasz_mondasz_participant_SESSION_2025-10-26_23h57.13.374.csv	dűszöng	Prs.NDef.3Pl (mondanak)	dűszöngenek	354	301	7846928	férfi	2001	6 / 8	BD6PCH	device: no device info, screen width: no width info, screen height: no height info, user info: no agent info	396521	ng	dűsöng	dűszöngnek	dűszöngenek	TRUE	9515.785399999999
mondasz_mondasz_participant_SESSION_2025-10-26_23h57.13.374.csv	sébeszt	Prs.NDef.2Sg (mondas)	sébesztesz	521	302	7847959	férfi	2001	6 / 8	BD6PCH	device: no device info, screen width: no width info, screen height: no height info, user info: no agent info	396521	st	šébest	sébesztsz	sébesztesz	TRUE	9515.785399999999
mondasz_mondasz_participant_SESSION_2025-10-26_23h57.13.374.csv	koszkojt	Prs.NDef.3Pl (mondanak)	koszkojtanak	292	303	7848760	férfi	2001	6 / 8	BD6PCH	device: no device info, screen width: no width info, screen height: no height info, user info: no agent info	396521	jt	koskojt	koszkojtnak	koszkojtanak	TRUE	9515.785399999999
mondasz_mondasz_participant_SESSION_2025-10-26_23h57.13.374.csv	gyuront	Prs.1Sg›2 (mondalak)	gyurontalak	527	304	7849795	férfi	2001	6 / 8	BD6PCH	device: no device info, screen width: no width info, screen height: no height info, user info: no agent info	396521	nt	ḏuront	gyurontlak	gyurontalak	TRUE	9515.785399999999
mondasz_mondasz_participant_SESSION_2025-10-26_23h57.13.374.csv	kajszoszt	Prs.NDef.3Pl (mondanak)	kajszosztanak	485	305	7850792	férfi	2001	6 / 8	BD6PCH	device: no device info, screen width: no width info, screen height: no height info, user info: no agent info	396521	st	kajsost	kajszosztnak	kajszosztanak	TRUE	9515.785399999999
mondasz_mondasz_participant_SESSION_2025-10-26_23h57.13.374.csv	rüvönt	Prs.NDef.2Sg (mondas)	rüvöntesz	1382	306	7852690	férfi	2001	6 / 8	BD6PCH	device: no device info, screen width: no width info, screen height: no height info, user info: no agent info	396521	nt	rüvönt	rüvöntsz	rüvöntesz	TRUE	9515.785399999999
mondasz_mondasz_participant_SESSION_2025-10-26_23h57.13.374.csv	ursojt	Prs.NDef.3Pl (mondanak)	ursojtanak	539	307	7853730	férfi	2001	6 / 8	BD6PCH	device: no device info, screen width: no width info, screen height: no height info, user info: no agent info	396521	jt	uršojt	ursojtnak	ursojtanak	TRUE	9515.785399999999
mondasz_mondasz_participant_SESSION_2025-10-26_23h57.13.374.csv	szüvöng	Prs.NDef.2Pl (mondotok)	szüvöngtök	758	308	7854989	férfi	2001	6 / 8	BD6PCH	device: no device info, screen width: no width info, screen height: no height info, user info: no agent info	396521	ng	süvöng	szüvöngtök	szüvöngötök	FALSE	9515.785399999999
mondasz_mondasz_participant_SESSION_2025-10-26_23h57.13.374.csv	pégeng	Prs.NDef.2Sg (mondas)	pégengesz	268	309	7855758	férfi	2001	6 / 8	BD6PCH	device: no device info, screen width: no width info, screen height: no height info, user info: no agent info	396521	ng	pégeng	pégengsz	pégengesz	TRUE	9515.785399999999
mondasz_mondasz_participant_SESSION_2025-10-26_23h57.13.374.csv	kurtoszt	Prs.NDef.2Sg (mondas)	kurtosztasz	806	310	7857074	férfi	2001	6 / 8	BD6PCH	device: no device info, screen width: no width info, screen height: no height info, user info: no agent info	396521	st	kurtost	kurtosztsz	kurtosztasz	TRUE	9515.785399999999
mondasz_mondasz_participant_SESSION_2025-10-26_23h57.13.374.csv	mörgöng	Prs.NDef.2Pl (mondotok)	mörgöngtök	599	311	7858187	férfi	2001	6 / 8	BD6PCH	device: no device info, screen width: no width info, screen height: no height info, user info: no agent info	396521	ng	mörgöng	mörgöngtök	mörgöngötök	FALSE	9515.785399999999
mondasz_mondasz_participant_SESSION_2025-10-26_23h57.13.374.csv	ejjeng	Prs.1Sg›2 (mondalak)	ejjenglek	434	312	7859125	férfi	2001	6 / 8	BD6PCH	device: no device info, screen width: no width info, screen height: no height info, user info: no agent info	396521	ng	ejjeng	ejjenglek	ejjengelek	FALSE	9515.785399999999
mondasz_mondasz_participant_SESSION_2025-10-26_23h57.13.374.csv	rupojt	Prs.NDef.2Pl (mondotok)	rupojtotok	584	313	7860211	férfi	2001	6 / 8	BD6PCH	device: no device info, screen width: no width info, screen height: no height info, user info: no agent info	396521	jt	rupojt	rupojttok	rupojtotok	TRUE	9515.785399999999
mondasz_mondasz_participant_SESSION_2025-10-26_23h57.13.374.csv	csölönt	Prs.NDef.3Pl (mondanak)	csölöntnek	442	314	7861164	férfi	2001	6 / 8	BD6PCH	device: no device info, screen width: no width info, screen height: no height info, user info: no agent info	396521	nt	čölönt	csölöntnek	csölöntenek	FALSE	9515.785399999999
mondasz_mondasz_participant_SESSION_2025-10-26_23h57.13.374.csv	pömpöng	Prs.1Sg›2 (mondalak)	pömpöngelek	812	315	7862478	férfi	2001	6 / 8	BD6PCH	device: no device info, screen width: no width info, screen height: no height info, user info: no agent info	396521	ng	pömpöng	pömpönglek	pömpöngelek	TRUE	9515.785399999999
mondasz_mondasz_participant_SESSION_2025-10-26_23h57.13.374.csv	ibreng	Prs.1Sg›2 (mondalak)	ibrengelek	423	316	7863411	férfi	2001	6 / 8	BD6PCH	device: no device info, screen width: no width info, screen height: no height info, user info: no agent info	396521	ng	ibreng	ibrenglek	ibrengelek	TRUE	9515.785399999999
mondasz_mondasz_participant_SESSION_2025-10-26_23h57.13.374.csv	mörgöng	Prs.NDef.3Pl (mondanak)	mörgöngenek	621	317	7864541	férfi	2001	6 / 8	BD6PCH	device: no device info, screen width: no width info, screen height: no height info, user info: no agent info	396521	ng	mörgöng	mörgöngnek	mörgöngenek	TRUE	9515.785399999999
mondasz_mondasz_participant_SESSION_2025-10-26_23h57.13.374.csv	vuzong	Prs.1Sg›2 (mondalak)	vuzongalak	493	318	7865550	férfi	2001	6 / 8	BD6PCH	device: no device info, screen width: no width info, screen height: no height info, user info: no agent info	396521	ng	vuzong	vuzonglak	vuzongalak	TRUE	9515.785399999999
mondasz_mondasz_participant_SESSION_2025-10-26_23h57.13.374.csv	kucont	Prs.NDef.2Pl (mondotok)	kuconttok	383	319	7866445	férfi	2001	6 / 8	BD6PCH	device: no device info, screen width: no width info, screen height: no height info, user info: no agent info	396521	nt	kucont	kuconttok	kucontotok	FALSE	9515.785399999999
mondasz_mondasz_participant_SESSION_2025-10-26_23h57.13.374.csv	gyahong	Prs.NDef.2Pl (mondotok)	gyahongtok	397	320	7867344	férfi	2001	6 / 8	BD6PCH	device: no device info, screen width: no width info, screen height: no height info, user info: no agent info	396521	ng	ḏahong	gyahongtok	gyahongotok	FALSE	9515.785399999999
mondasz_mondasz_participant_SESSION_2025-10-26_23h57.13.374.csv	nyorojt	Prs.NDef.2Sg (mondas)	nyorojtasz	342	321	7868196	férfi	2001	6 / 8	BD6PCH	device: no device info, screen width: no width info, screen height: no height info, user info: no agent info	396521	jt	ṉorojt	nyorojtsz	nyorojtasz	TRUE	9515.785399999999
mondasz_mondasz_participant_SESSION_2025-10-26_23h57.13.374.csv	sébeszt	Prs.NDef.3Pl (mondanak)	sébesztnek	453	322	7869162	férfi	2001	6 / 8	BD6PCH	device: no device info, screen width: no width info, screen height: no height info, user info: no agent info	396521	st	šébest	sébesztnek	sébesztenek	FALSE	9515.785399999999
mondasz_mondasz_participant_SESSION_2025-10-26_23h57.13.374.csv	hempeszt	Prs.1Sg›2 (mondalak)	hempesztelek	651	323	7870329	férfi	2001	6 / 8	BD6PCH	device: no device info, screen width: no width info, screen height: no height info, user info: no agent info	396521	st	hempest	hempesztlek	hempesztelek	TRUE	9515.785399999999
mondasz_mondasz_participant_SESSION_2025-10-26_23h57.13.374.csv	odojt	Prs.1Sg›2 (mondalak)	odojtlak	450	324	7871293	férfi	2001	6 / 8	BD6PCH	device: no device info, screen width: no width info, screen height: no height info, user info: no agent info	396521	jt	odojt	odojtlak	odojtalak	FALSE	9515.785399999999
mondasz_mondasz_participant_SESSION_2025-10-26_23h57.13.374.csv	ügönt	Prs.1Sg›2 (mondalak)	ügöntelek	338	325	7872141	férfi	2001	6 / 8	BD6PCH	device: no device info, screen width: no width info, screen height: no height info, user info: no agent info	396521	nt	ügönt	ügöntlek	ügöntelek	TRUE	9515.785399999999
mondasz_mondasz_participant_SESSION_2025-10-26_23h57.13.374.csv	dimbeszt	Prs.1Sg›2 (mondalak)	dimbesztlek	578	326	7873228	férfi	2001	6 / 8	BD6PCH	device: no device info, screen width: no width info, screen height: no height info, user info: no agent info	396521	st	dimbest	dimbesztlek	dimbesztelek	FALSE	9515.785399999999
mondasz_mondasz_participant_SESSION_2025-10-26_23h57.13.374.csv	fomong	Prs.NDef.2Pl (mondotok)	fomongtok	464	327	7874201	férfi	2001	6 / 8	BD6PCH	device: no device info, screen width: no width info, screen height: no height info, user info: no agent info	396521	ng	fomong	fomongtok	fomongotok	FALSE	9515.785399999999
mondasz_mondasz_participant_SESSION_2025-10-26_23h57.13.374.csv	pömpöng	Prs.NDef.2Sg (mondas)	pömpöngsz	503	328	7875211	férfi	2001	6 / 8	BD6PCH	device: no device info, screen width: no width info, screen height: no height info, user info: no agent info	396521	ng	pömpöng	pömpöngsz	pömpöngesz	FALSE	9515.785399999999
mondasz_mondasz_participant_SESSION_2025-10-26_23h57.13.374.csv	kerzeng	Prs.NDef.3Pl (mondanak)	kerzengnek	492	329	7876214	férfi	2001	6 / 8	BD6PCH	device: no device info, screen width: no width info, screen height: no height info, user info: no agent info	396521	ng	kerzeng	kerzengnek	kerzengenek	FALSE	9515.785399999999
mondasz_mondasz_participant_SESSION_2025-10-26_23h57.13.374.csv	kajszoszt	Prs.NDef.2Sg (mondas)	kajszosztasz	344	330	7877068	férfi	2001	6 / 8	BD6PCH	device: no device info, screen width: no width info, screen height: no height info, user info: no agent info	396521	st	kajsost	kajszosztsz	kajszosztasz	TRUE	9515.785399999999
mondasz_mondasz_participant_SESSION_2025-10-26_23h57.13.374.csv	pégeng	Prs.NDef.3Pl (mondanak)	pégengnek	479	331	7878055	férfi	2001	6 / 8	BD6PCH	device: no device info, screen width: no width info, screen height: no height info, user info: no agent info	396521	ng	pégeng	pégengnek	pégengenek	FALSE	9515.785399999999
mondasz_mondasz_participant_SESSION_2025-10-26_23h57.13.374.csv	tárnyont	Prs.NDef.2Pl (mondotok)	tárnyontotok	516	332	7879078	férfi	2001	6 / 8	BD6PCH	device: no device info, screen width: no width info, screen height: no height info, user info: no agent info	396521	nt	tárṉont	tárnyonttok	tárnyontotok	TRUE	9515.785399999999
mondasz_mondasz_participant_SESSION_2025-10-26_23h57.13.374.csv	haccsojt	Prs.NDef.2Sg (mondas)	haccsojtsz	458	333	7880047	férfi	2001	6 / 8	BD6PCH	device: no device info, screen width: no width info, screen height: no height info, user info: no agent info	396521	jt	haččojt	haccsojtsz	haccsojtasz	FALSE	9515.785399999999
mondasz_mondasz_participant_SESSION_2025-10-26_23h57.13.374.csv	potojt	Prs.1Sg›2 (mondalak)	potojtalak	622	334	7881171	férfi	2001	6 / 8	BD6PCH	device: no device info, screen width: no width info, screen height: no height info, user info: no agent info	396521	jt	potojt	potojtlak	potojtalak	TRUE	9515.785399999999
mondasz_mondasz_participant_SESSION_2025-10-26_23h57.13.374.csv	kerzeng	Prs.NDef.2Sg (mondas)	kerzengsz	676	335	7882361	férfi	2001	6 / 8	BD6PCH	device: no device info, screen width: no width info, screen height: no height info, user info: no agent info	396521	ng	kerzeng	kerzengsz	kerzengesz	FALSE	9515.785399999999
mondasz_mondasz_participant_SESSION_2025-10-27_09h33.39.857.csv	flöföjt	Prs.NDef.3Pl (mondanak)	flöföjtenek	14497	8	47394	Nő	2005	8 / 8	IJKI8D	device: no device info, screen width: no width info, screen height: no height info, user info: no agent info	1222950	jt	flöföjt	flöföjtnek	flöföjtenek	TRUE	9515.785399999999
mondasz_mondasz_participant_SESSION_2025-10-27_09h33.39.857.csv	büfröng	Prs.1Sg›2 (mondalak)	büfröngelek	6261	9	54158	Nő	2005	8 / 8	IJKI8D	device: no device info, screen width: no width info, screen height: no height info, user info: no agent info	1222950	ng	büfröng	büfrönglek	büfröngelek	TRUE	9515.785399999999
mondasz_mondasz_participant_SESSION_2025-10-27_09h33.39.857.csv	sökköjt	Prs.1Sg›2 (mondalak)	sökköjtelek	6965	10	61626	Nő	2005	8 / 8	IJKI8D	device: no device info, screen width: no width info, screen height: no height info, user info: no agent info	1222950	jt	šökköjt	sökköjtlek	sökköjtelek	TRUE	9515.785399999999
mondasz_mondasz_participant_SESSION_2025-10-27_09h33.39.857.csv	mörgöng	Prs.NDef.2Pl (mondotok)	mörgöngtök	11380	11	73508	Nő	2005	8 / 8	IJKI8D	device: no device info, screen width: no width info, screen height: no height info, user info: no agent info	1222950	ng	mörgöng	mörgöngtök	mörgöngötök	FALSE	9515.785399999999
mondasz_mondasz_participant_SESSION_2025-10-27_09h33.39.857.csv	sajlojt	Prs.1Sg›2 (mondalak)	sajlojtlak	13662	12	87673	Nő	2005	8 / 8	IJKI8D	device: no device info, screen width: no width info, screen height: no height info, user info: no agent info	1222950	jt	šajlojt	sajlojtlak	sajlojtalak	FALSE	9515.785399999999
mondasz_mondasz_participant_SESSION_2025-10-27_09h33.39.857.csv	gyuront	Prs.NDef.3Pl (mondanak)	gyurontanak	11597	13	99773	Nő	2005	8 / 8	IJKI8D	device: no device info, screen width: no width info, screen height: no height info, user info: no agent info	1222950	nt	ḏuront	gyurontnak	gyurontanak	TRUE	9515.785399999999
mondasz_mondasz_participant_SESSION_2025-10-27_09h33.39.857.csv	nyegejt	Prs.1Sg›2 (mondalak)	nyegejtelek	5513	14	105788	Nő	2005	8 / 8	IJKI8D	device: no device info, screen width: no width info, screen height: no height info, user info: no agent info	1222950	jt	ṉegejt	nyegejtlek	nyegejtelek	TRUE	9515.785399999999
mondasz_mondasz_participant_SESSION_2025-10-27_09h33.39.857.csv	ibreng	Prs.NDef.3Pl (mondanak)	ibrengenek	6080	15	112371	Nő	2005	8 / 8	IJKI8D	device: no device info, screen width: no width info, screen height: no height info, user info: no agent info	1222950	ng	ibreng	ibrengnek	ibrengenek	TRUE	9515.785399999999
mondasz_mondasz_participant_SESSION_2025-10-27_09h33.39.857.csv	ibreng	Prs.NDef.2Pl (mondotok)	ibrengetek	10481	16	123354	Nő	2005	8 / 8	IJKI8D	device: no device info, screen width: no width info, screen height: no height info, user info: no agent info	1222950	ng	ibreng	ibrengtek	ibrengetek	TRUE	9515.785399999999
mondasz_mondasz_participant_SESSION_2025-10-27_09h33.39.857.csv	mógyong	Prs.NDef.3Pl (mondanak)	mógyonganak	5846	17	129702	Nő	2005	8 / 8	IJKI8D	device: no device info, screen width: no width info, screen height: no height info, user info: no agent info	1222950	ng	móḏong	mógyongnak	mógyonganak	TRUE	9515.785399999999
mondasz_mondasz_participant_SESSION_2025-10-27_09h33.39.857.csv	bákont	Prs.NDef.3Pl (mondanak)	bákontanak	4813	18	135017	Nő	2005	8 / 8	IJKI8D	device: no device info, screen width: no width info, screen height: no height info, user info: no agent info	1222950	nt	bákont	bákontnak	bákontanak	TRUE	9515.785399999999
mondasz_mondasz_participant_SESSION_2025-10-27_09h33.39.857.csv	nyénnyejt	Prs.1Sg›2 (mondalak)	nyénnyejtelek	8381	19	143901	Nő	2005	8 / 8	IJKI8D	device: no device info, screen width: no width info, screen height: no height info, user info: no agent info	1222950	jt	ṉéṉṉejt	nyénnyejtlek	nyénnyejtelek	TRUE	9515.785399999999
mondasz_mondasz_participant_SESSION_2025-10-27_09h33.39.857.csv	zsömhöjt	Prs.1Sg›2 (mondalak)	zsömhöjtelek	5279	20	149682	Nő	2005	8 / 8	IJKI8D	device: no device info, screen width: no width info, screen height: no height info, user info: no agent info	1222950	jt	žömhöjt	zsömhöjtlek	zsömhöjtelek	TRUE	9515.785399999999
mondasz_mondasz_participant_SESSION_2025-10-27_09h33.39.857.csv	kernyeszt	Prs.NDef.3Pl (mondanak)	kernyesztenek	5231	21	155416	Nő	2005	8 / 8	IJKI8D	device: no device info, screen width: no width info, screen height: no height info, user info: no agent info	1222950	st	kerṉest	kernyesztnek	kernyesztenek	TRUE	9515.785399999999
mondasz_mondasz_participant_SESSION_2025-10-27_09h33.39.857.csv	ofont	Prs.NDef.2Sg (mondas)	ofontasz	4230	22	160148	Nő	2005	8 / 8	IJKI8D	device: no device info, screen width: no width info, screen height: no height info, user info: no agent info	1222950	nt	ofont	ofontsz	ofontasz	TRUE	9515.785399999999
mondasz_mondasz_participant_SESSION_2025-10-27_09h33.39.857.csv	ejjeng	Prs.NDef.2Sg (mondas)	ejjengesz	4666	23	165315	Nő	2005	8 / 8	IJKI8D	device: no device info, screen width: no width info, screen height: no height info, user info: no agent info	1222950	ng	ejjeng	ejjengsz	ejjengesz	TRUE	9515.785399999999
mondasz_mondasz_participant_SESSION_2025-10-27_09h33.39.857.csv	ütvöszt	Prs.NDef.2Pl (mondotok)	ütvöszttök	5081	24	170899	Nő	2005	8 / 8	IJKI8D	device: no device info, screen width: no width info, screen height: no height info, user info: no agent info	1222950	st	ütvöst	ütvöszttök	ütvösztötök	FALSE	9515.785399999999
mondasz_mondasz_participant_SESSION_2025-10-27_09h33.39.857.csv	szicsent	Prs.NDef.2Pl (mondotok)	szicsentetek	10398	25	181799	Nő	2005	8 / 8	IJKI8D	device: no device info, screen width: no width info, screen height: no height info, user info: no agent info	1222950	nt	sičent	szicsenttek	szicsentetek	TRUE	9515.785399999999
mondasz_mondasz_participant_SESSION_2025-10-27_09h33.39.857.csv	vuzong	Prs.NDef.2Sg (mondas)	vuzongsz	3314	26	185614	Nő	2005	8 / 8	IJKI8D	device: no device info, screen width: no width info, screen height: no height info, user info: no agent info	1222950	ng	vuzong	vuzongsz	vuzongasz	FALSE	9515.785399999999
mondasz_mondasz_participant_SESSION_2025-10-27_09h33.39.857.csv	jököng	Prs.1Sg›2 (mondalak)	jököngelek	4766	27	190882	Nő	2005	8 / 8	IJKI8D	device: no device info, screen width: no width info, screen height: no height info, user info: no agent info	1222950	ng	jököng	jökönglek	jököngelek	TRUE	9515.785399999999
mondasz_mondasz_participant_SESSION_2025-10-27_09h33.39.857.csv	kajszoszt	Prs.NDef.3Pl (mondanak)	kajszosztanak	11315	29	210847	Nő	2005	8 / 8	IJKI8D	device: no device info, screen width: no width info, screen height: no height info, user info: no agent info	1222950	st	kajsost	kajszosztnak	kajszosztanak	TRUE	9515.785399999999
mondasz_mondasz_participant_SESSION_2025-10-27_09h33.39.857.csv	szűsöjt	Prs.1Sg›2 (mondalak)	szűsöjtelek	3230	30	214580	Nő	2005	8 / 8	IJKI8D	device: no device info, screen width: no width info, screen height: no height info, user info: no agent info	1222950	jt	sűšöjt	szűsöjtlek	szűsöjtelek	TRUE	9515.785399999999
mondasz_mondasz_participant_SESSION_2025-10-27_09h33.39.857.csv	nyegejt	Prs.NDef.2Pl (mondotok)	nyegejtetek	6545	31	221627	Nő	2005	8 / 8	IJKI8D	device: no device info, screen width: no width info, screen height: no height info, user info: no agent info	1222950	jt	ṉegejt	nyegejttek	nyegejtetek	TRUE	9515.785399999999
mondasz_mondasz_participant_SESSION_2025-10-27_09h33.39.857.csv	nyuttojt	Prs.NDef.3Pl (mondanak)	nyuttojtanak	7097	32	229227	Nő	2005	8 / 8	IJKI8D	device: no device info, screen width: no width info, screen height: no height info, user info: no agent info	1222950	jt	ṉuttojt	nyuttojtnak	nyuttojtanak	TRUE	9515.785399999999
mondasz_mondasz_participant_SESSION_2025-10-27_09h33.39.857.csv	csölönt	Prs.NDef.2Pl (mondotok)	csölöntötök	6717	33	236445	Nő	2005	8 / 8	IJKI8D	device: no device info, screen width: no width info, screen height: no height info, user info: no agent info	1222950	nt	čölönt	csölönttök	csölöntötök	TRUE	9515.785399999999
mondasz_mondasz_participant_SESSION_2025-10-27_09h33.39.857.csv	flöföjt	Prs.NDef.2Pl (mondotok)	flöföjtötök	5413	34	242360	Nő	2005	8 / 8	IJKI8D	device: no device info, screen width: no width info, screen height: no height info, user info: no agent info	1222950	jt	flöföjt	flöföjttök	flöföjtötök	TRUE	9515.785399999999
mondasz_mondasz_participant_SESSION_2025-10-27_09h33.39.857.csv	cséleszt	Prs.1Sg›2 (mondalak)	csélesztelek	3515	35	246378	Nő	2005	8 / 8	IJKI8D	device: no device info, screen width: no width info, screen height: no height info, user info: no agent info	1222950	st	čélest	csélesztlek	csélesztelek	TRUE	9515.785399999999
mondasz_mondasz_participant_SESSION_2025-10-27_09h33.39.857.csv	jököng	Prs.NDef.2Pl (mondotok)	jököngtök	5629	36	252510	Nő	2005	8 / 8	IJKI8D	device: no device info, screen width: no width info, screen height: no height info, user info: no agent info	1222950	ng	jököng	jököngtök	jököngötök	FALSE	9515.785399999999
mondasz_mondasz_participant_SESSION_2025-10-27_09h33.39.857.csv	börköszt	Prs.NDef.2Sg (mondas)	börkösztesz	5596	37	258608	Nő	2005	8 / 8	IJKI8D	device: no device info, screen width: no width info, screen height: no height info, user info: no agent info	1222950	st	börköst	börkösztsz	börkösztesz	TRUE	9515.785399999999
mondasz_mondasz_participant_SESSION_2025-10-27_09h33.39.857.csv	sittyeszt	Prs.NDef.2Sg (mondas)	sittyesztesz	4999	38	264110	Nő	2005	8 / 8	IJKI8D	device: no device info, screen width: no width info, screen height: no height info, user info: no agent info	1222950	st	šiṯṯest	sittyesztsz	sittyesztesz	TRUE	9515.785399999999
mondasz_mondasz_participant_SESSION_2025-10-27_09h33.39.857.csv	fűjönt	Prs.1Sg›2 (mondalak)	fűjöntelek	5311	39	269923	Nő	2005	8 / 8	IJKI8D	device: no device info, screen width: no width info, screen height: no height info, user info: no agent info	1222950	nt	fűjönt	fűjöntlek	fűjöntelek	TRUE	9515.785399999999
mondasz_mondasz_participant_SESSION_2025-10-27_09h33.39.857.csv	rupojt	Prs.NDef.2Pl (mondotok)	rupojtotok	3382	40	273808	Nő	2005	8 / 8	IJKI8D	device: no device info, screen width: no width info, screen height: no height info, user info: no agent info	1222950	jt	rupojt	rupojttok	rupojtotok	TRUE	9515.785399999999
mondasz_mondasz_participant_SESSION_2025-10-27_09h33.39.857.csv	kucont	Prs.1Sg›2 (mondalak)	kucontalak	4063	41	278374	Nő	2005	8 / 8	IJKI8D	device: no device info, screen width: no width info, screen height: no height info, user info: no agent info	1222950	nt	kucont	kucontlak	kucontalak	TRUE	9515.785399999999
mondasz_mondasz_participant_SESSION_2025-10-27_09h33.39.857.csv	áhong	Prs.NDef.2Sg (mondas)	áhongsz	3114	42	281990	Nő	2005	8 / 8	IJKI8D	device: no device info, screen width: no width info, screen height: no height info, user info: no agent info	1222950	ng	áhong	áhongsz	áhongasz	FALSE	9515.785399999999
mondasz_mondasz_participant_SESSION_2025-10-27_09h33.39.857.csv	potojt	Prs.1Sg›2 (mondalak)	potojtalak	7816	43	290308	Nő	2005	8 / 8	IJKI8D	device: no device info, screen width: no width info, screen height: no height info, user info: no agent info	1222950	jt	potojt	potojtlak	potojtalak	TRUE	9515.785399999999
mondasz_mondasz_participant_SESSION_2025-10-27_09h33.39.857.csv	szicsent	Prs.1Sg›2 (mondalak)	szicsentelek	3764	44	294575	Nő	2005	8 / 8	IJKI8D	device: no device info, screen width: no width info, screen height: no height info, user info: no agent info	1222950	nt	sičent	szicsentlek	szicsentelek	TRUE	9515.785399999999
mondasz_mondasz_participant_SESSION_2025-10-27_09h33.39.857.csv	togyont	Prs.NDef.3Pl (mondanak)	togyontanak	4913	45	299990	Nő	2005	8 / 8	IJKI8D	device: no device info, screen width: no width info, screen height: no height info, user info: no agent info	1222950	nt	toḏont	togyontnak	togyontanak	TRUE	9515.785399999999
mondasz_mondasz_participant_SESSION_2025-10-27_09h33.39.857.csv	sittyeszt	Prs.NDef.2Pl (mondotok)	sittyesztetek	3498	46	303990	Nő	2005	8 / 8	IJKI8D	device: no device info, screen width: no width info, screen height: no height info, user info: no agent info	1222950	st	šiṯṯest	sittyeszttek	sittyesztetek	TRUE	9515.785399999999
mondasz_mondasz_participant_SESSION_2025-10-27_09h33.39.857.csv	hárkont	Prs.NDef.3Pl (mondanak)	hárkontanak	3495	47	307988	Nő	2005	8 / 8	IJKI8D	device: no device info, screen width: no width info, screen height: no height info, user info: no agent info	1222950	nt	hárkont	hárkontnak	hárkontanak	TRUE	9515.785399999999
mondasz_mondasz_participant_SESSION_2025-10-27_09h33.39.857.csv	zöccsöjt	Prs.1Sg›2 (mondalak)	zöccsöjtelek	7081	48	315571	Nő	2005	8 / 8	IJKI8D	device: no device info, screen width: no width info, screen height: no height info, user info: no agent info	1222950	jt	zöččöjt	zöccsöjtlek	zöccsöjtelek	TRUE	9515.785399999999
mondasz_mondasz_participant_SESSION_2025-10-27_09h33.39.857.csv	szicsent	Prs.NDef.3Pl (mondanak)	szicsentenek	4864	49	320937	Nő	2005	8 / 8	IJKI8D	device: no device info, screen width: no width info, screen height: no height info, user info: no agent info	1222950	nt	sičent	szicsentnek	szicsentenek	TRUE	9515.785399999999
mondasz_mondasz_participant_SESSION_2025-10-27_09h33.39.857.csv	bákont	Prs.1Sg›2 (mondalak)	bákontlak	8300	50	329740	Nő	2005	8 / 8	IJKI8D	device: no device info, screen width: no width info, screen height: no height info, user info: no agent info	1222950	nt	bákont	bákontlak	bákontalak	FALSE	9515.785399999999
mondasz_mondasz_participant_SESSION_2025-10-27_09h33.39.857.csv	ofont	Prs.1Sg›2 (mondalak)	ofontalak	2827	51	333069	Nő	2005	8 / 8	IJKI8D	device: no device info, screen width: no width info, screen height: no height info, user info: no agent info	1222950	nt	ofont	ofontlak	ofontalak	TRUE	9515.785399999999
mondasz_mondasz_participant_SESSION_2025-10-27_09h33.39.857.csv	szüvöng	Prs.NDef.2Sg (mondas)	szüvöngsz	4032	52	337603	Nő	2005	8 / 8	IJKI8D	device: no device info, screen width: no width info, screen height: no height info, user info: no agent info	1222950	ng	süvöng	szüvöngsz	szüvöngesz	FALSE	9515.785399999999
mondasz_mondasz_participant_SESSION_2025-10-27_09h33.39.857.csv	hárkont	Prs.NDef.2Pl (mondotok)	hárkonttok	3881	53	341986	Nő	2005	8 / 8	IJKI8D	device: no device info, screen width: no width info, screen height: no height info, user info: no agent info	1222950	nt	hárkont	hárkonttok	hárkontotok	FALSE	9515.785399999999
mondasz_mondasz_participant_SESSION_2025-10-27_09h33.39.857.csv	börköszt	Prs.NDef.3Pl (mondanak)	börkösztenek	3597	54	346086	Nő	2005	8 / 8	IJKI8D	device: no device info, screen width: no width info, screen height: no height info, user info: no agent info	1222950	st	börköst	börkösztnek	börkösztenek	TRUE	9515.785399999999
mondasz_mondasz_participant_SESSION_2025-10-27_09h33.39.857.csv	sajlojt	Prs.NDef.2Sg (mondas)	sajlojtasz	2729	55	349317	Nő	2005	8 / 8	IJKI8D	device: no device info, screen width: no width info, screen height: no height info, user info: no agent info	1222950	jt	šajlojt	sajlojtsz	sajlojtasz	TRUE	9515.785399999999
mondasz_mondasz_participant_SESSION_2025-10-27_09h33.39.857.csv	ornyoszt	Prs.NDef.2Sg (mondas)	ornyosztasz	3349	56	353169	Nő	2005	8 / 8	IJKI8D	device: no device info, screen width: no width info, screen height: no height info, user info: no agent info	1222950	st	orṉost	ornyosztsz	ornyosztasz	TRUE	9515.785399999999
mondasz_mondasz_participant_SESSION_2025-10-27_09h33.39.857.csv	csölönt	Prs.NDef.2Sg (mondas)	csölöntesz	4248	57	357919	Nő	2005	8 / 8	IJKI8D	device: no device info, screen width: no width info, screen height: no height info, user info: no agent info	1222950	nt	čölönt	csölöntsz	csölöntesz	TRUE	9515.785399999999
mondasz_mondasz_participant_SESSION_2025-10-27_09h33.39.857.csv	polloszt	Prs.NDef.3Pl (mondanak)	pollosztanak	4015	58	362435	Nő	2005	8 / 8	IJKI8D	device: no device info, screen width: no width info, screen height: no height info, user info: no agent info	1222950	st	pollost	pollosztnak	pollosztanak	TRUE	9515.785399999999
mondasz_mondasz_participant_SESSION_2025-10-27_09h33.39.857.csv	büfröng	Prs.NDef.3Pl (mondanak)	büfröngenek	4815	59	367752	Nő	2005	8 / 8	IJKI8D	device: no device info, screen width: no width info, screen height: no height info, user info: no agent info	1222950	ng	büfröng	büfröngnek	büfröngenek	TRUE	9515.785399999999
mondasz_mondasz_participant_SESSION_2025-10-27_09h33.39.857.csv	tárnyont	Prs.1Sg›2 (mondalak)	tárnyontalak	6611	60	374865	Nő	2005	8 / 8	IJKI8D	device: no device info, screen width: no width info, screen height: no height info, user info: no agent info	1222950	nt	tárṉont	tárnyontlak	tárnyontalak	TRUE	9515.785399999999
mondasz_mondasz_participant_SESSION_2025-10-27_09h33.39.857.csv	csampojt	Prs.NDef.2Sg (mondas)	csampojtasz	2782	61	378149	Nő	2005	8 / 8	IJKI8D	device: no device info, screen width: no width info, screen height: no height info, user info: no agent info	1222950	jt	čampojt	csampojtsz	csampojtasz	TRUE	9515.785399999999
mondasz_mondasz_participant_SESSION_2025-10-27_09h33.39.857.csv	zsömhöjt	Prs.NDef.2Pl (mondotok)	zsömhöjtötök	8748	62	387404	Nő	2005	8 / 8	IJKI8D	device: no device info, screen width: no width info, screen height: no height info, user info: no agent info	1222950	jt	žömhöjt	zsömhöjttök	zsömhöjtötök	TRUE	9515.785399999999
mondasz_mondasz_participant_SESSION_2025-10-27_09h33.39.857.csv	áhong	Prs.NDef.3Pl (mondanak)	áhonganak	4900	63	392810	Nő	2005	8 / 8	IJKI8D	device: no device info, screen width: no width info, screen height: no height info, user info: no agent info	1222950	ng	áhong	áhongnak	áhonganak	TRUE	9515.785399999999
mondasz_mondasz_participant_SESSION_2025-10-27_09h33.39.857.csv	pagoszt	Prs.NDef.3Pl (mondanak)	pagosztanak	4263	64	397579	Nő	2005	8 / 8	IJKI8D	device: no device info, screen width: no width info, screen height: no height info, user info: no agent info	1222950	st	pagost	pagosztnak	pagosztanak	TRUE	9515.785399999999
mondasz_mondasz_participant_SESSION_2025-10-27_09h33.39.857.csv	mörgöng	Prs.1Sg›2 (mondalak)	mörgönglek	13346	65	411433	Nő	2005	8 / 8	IJKI8D	device: no device info, screen width: no width info, screen height: no height info, user info: no agent info	1222950	ng	mörgöng	mörgönglek	mörgöngelek	FALSE	9515.785399999999
mondasz_mondasz_participant_SESSION_2025-10-27_09h33.39.857.csv	cúrong	Prs.NDef.3Pl (mondanak)	cúronganak	7162	66	419099	Nő	2005	8 / 8	IJKI8D	device: no device info, screen width: no width info, screen height: no height info, user info: no agent info	1222950	ng	cúrong	cúrongnak	cúronganak	TRUE	9515.785399999999
mondasz_mondasz_participant_SESSION_2025-10-27_09h33.39.857.csv	koszkojt	Prs.NDef.2Sg (mondas)	koszkojtasz	2850	67	422451	Nő	2005	8 / 8	IJKI8D	device: no device info, screen width: no width info, screen height: no height info, user info: no agent info	1222950	jt	koskojt	koszkojtsz	koszkojtasz	TRUE	9515.785399999999
mondasz_mondasz_participant_SESSION_2025-10-27_09h33.39.857.csv	kernyeszt	Prs.1Sg›2 (mondalak)	kernyesztelek	5063	68	428016	Nő	2005	8 / 8	IJKI8D	device: no device info, screen width: no width info, screen height: no height info, user info: no agent info	1222950	st	kerṉest	kernyesztlek	kernyesztelek	TRUE	9515.785399999999
mondasz_mondasz_participant_SESSION_2025-10-27_09h33.39.857.csv	csampojt	Prs.NDef.2Pl (mondotok)	csampojttok	8299	69	436818	Nő	2005	8 / 8	IJKI8D	device: no device info, screen width: no width info, screen height: no height info, user info: no agent info	1222950	jt	čampojt	csampojttok	csampojtotok	FALSE	9515.785399999999
mondasz_mondasz_participant_SESSION_2025-10-27_09h33.39.857.csv	nyorojt	Prs.NDef.2Pl (mondotok)	nyorojtotok	4813	70	442134	Nő	2005	8 / 8	IJKI8D	device: no device info, screen width: no width info, screen height: no height info, user info: no agent info	1222950	jt	ṉorojt	nyorojttok	nyorojtotok	TRUE	9515.785399999999
mondasz_mondasz_participant_SESSION_2025-10-27_09h33.39.857.csv	dimbeszt	Prs.NDef.3Pl (mondanak)	dimbesztenek	13879	71	456515	Nő	2005	8 / 8	IJKI8D	device: no device info, screen width: no width info, screen height: no height info, user info: no agent info	1222950	st	dimbest	dimbesztnek	dimbesztenek	TRUE	9515.785399999999
mondasz_mondasz_participant_SESSION_2025-10-27_09h33.39.857.csv	sébeszt	Prs.NDef.2Sg (mondas)	sébesztesz	4816	72	461833	Nő	2005	8 / 8	IJKI8D	device: no device info, screen width: no width info, screen height: no height info, user info: no agent info	1222950	st	šébest	sébesztsz	sébesztesz	TRUE	9515.785399999999
mondasz_mondasz_participant_SESSION_2025-10-27_09h33.39.857.csv	pégeng	Prs.NDef.3Pl (mondanak)	pégengnek	4695	73	467031	Nő	2005	8 / 8	IJKI8D	device: no device info, screen width: no width info, screen height: no height info, user info: no agent info	1222950	ng	pégeng	pégengnek	pégengenek	FALSE	9515.785399999999
mondasz_mondasz_participant_SESSION_2025-10-27_09h33.39.857.csv	börköszt	Prs.NDef.2Pl (mondotok)	börkösztötök	7365	74	474899	Nő	2005	8 / 8	IJKI8D	device: no device info, screen width: no width info, screen height: no height info, user info: no agent info	1222950	st	börköst	börköszttök	börkösztötök	TRUE	9515.785399999999
mondasz_mondasz_participant_SESSION_2025-10-27_09h33.39.857.csv	kurtoszt	Prs.NDef.3Pl (mondanak)	kurtosztanak	4145	75	479546	Nő	2005	8 / 8	IJKI8D	device: no device info, screen width: no width info, screen height: no height info, user info: no agent info	1222950	st	kurtost	kurtosztnak	kurtosztanak	TRUE	9515.785399999999
mondasz_mondasz_participant_SESSION_2025-10-27_09h33.39.857.csv	szipteszt	Prs.1Sg›2 (mondalak)	sziptesztelek	7099	76	487147	Nő	2005	8 / 8	IJKI8D	device: no device info, screen width: no width info, screen height: no height info, user info: no agent info	1222950	st	siptest	sziptesztlek	sziptesztelek	TRUE	9515.785399999999
mondasz_mondasz_participant_SESSION_2025-10-27_09h33.39.857.csv	tárnyont	Prs.NDef.2Pl (mondotok)	tárnyontotok	6465	77	494114	Nő	2005	8 / 8	IJKI8D	device: no device info, screen width: no width info, screen height: no height info, user info: no agent info	1222950	nt	tárṉont	tárnyonttok	tárnyontotok	TRUE	9515.785399999999
mondasz_mondasz_participant_SESSION_2025-10-27_09h33.39.857.csv	hüröszt	Prs.NDef.3Pl (mondanak)	hürösztenek	3661	78	498278	Nő	2005	8 / 8	IJKI8D	device: no device info, screen width: no width info, screen height: no height info, user info: no agent info	1222950	st	hüröst	hürösztnek	hürösztenek	TRUE	9515.785399999999
mondasz_mondasz_participant_SESSION_2025-10-27_09h33.39.857.csv	haccsojt	Prs.1Sg›2 (mondalak)	haccsojtalak	3600	79	502380	Nő	2005	8 / 8	IJKI8D	device: no device info, screen width: no width info, screen height: no height info, user info: no agent info	1222950	jt	haččojt	haccsojtlak	haccsojtalak	TRUE	9515.785399999999
mondasz_mondasz_participant_SESSION_2025-10-27_09h33.39.857.csv	jököng	Prs.NDef.3Pl (mondanak)	jököngenek	4163	80	507045	Nő	2005	8 / 8	IJKI8D	device: no device info, screen width: no width info, screen height: no height info, user info: no agent info	1222950	ng	jököng	jököngnek	jököngenek	TRUE	9515.785399999999
mondasz_mondasz_participant_SESSION_2025-10-27_09h33.39.857.csv	vurmong	Prs.1Sg›2 (mondalak)	vurmongalak	3881	81	511429	Nő	2005	8 / 8	IJKI8D	device: no device info, screen width: no width info, screen height: no height info, user info: no agent info	1222950	ng	vurmong	vurmonglak	vurmongalak	TRUE	9515.785399999999
mondasz_mondasz_participant_SESSION_2025-10-27_09h33.39.857.csv	pánkojt	Prs.NDef.2Pl (mondotok)	pánkojtotok	4682	82	516613	Nő	2005	8 / 8	IJKI8D	device: no device info, screen width: no width info, screen height: no height info, user info: no agent info	1222950	jt	pánkojt	pánkojttok	pánkojtotok	TRUE	9515.785399999999
mondasz_mondasz_participant_SESSION_2025-10-27_09h33.39.857.csv	ursojt	Prs.1Sg›2 (mondalak)	ursojtalak	3645	83	520761	Nő	2005	8 / 8	IJKI8D	device: no device info, screen width: no width info, screen height: no height info, user info: no agent info	1222950	jt	uršojt	ursojtlak	ursojtalak	TRUE	9515.785399999999
mondasz_mondasz_participant_SESSION_2025-10-27_09h33.39.857.csv	fomong	Prs.NDef.2Pl (mondotok)	fomongtok	11498	84	532760	Nő	2005	8 / 8	IJKI8D	device: no device info, screen width: no width info, screen height: no height info, user info: no agent info	1222950	ng	fomong	fomongtok	fomongotok	FALSE	9515.785399999999
mondasz_mondasz_participant_SESSION_2025-10-27_09h33.39.857.csv	fedrent	Prs.NDef.3Pl (mondanak)	fedrentenek	9380	85	542642	Nő	2005	8 / 8	IJKI8D	device: no device info, screen width: no width info, screen height: no height info, user info: no agent info	1222950	nt	fedrent	fedrentnek	fedrentenek	TRUE	9515.785399999999
mondasz_mondasz_participant_SESSION_2025-10-27_09h33.39.857.csv	hempeszt	Prs.NDef.2Sg (mondas)	hempesztesz	4799	86	547943	Nő	2005	8 / 8	IJKI8D	device: no device info, screen width: no width info, screen height: no height info, user info: no agent info	1222950	st	hempest	hempesztsz	hempesztesz	TRUE	9515.785399999999
mondasz_mondasz_participant_SESSION_2025-10-27_09h33.39.857.csv	fűjönt	Prs.NDef.3Pl (mondanak)	fűjöntenek	6048	88	558128	Nő	2005	8 / 8	IJKI8D	device: no device info, screen width: no width info, screen height: no height info, user info: no agent info	1222950	nt	fűjönt	fűjöntnek	fűjöntenek	TRUE	9515.785399999999
mondasz_mondasz_participant_SESSION_2025-10-27_09h33.39.857.csv	zsömhöjt	Prs.NDef.3Pl (mondanak)	zsömhöjtenek	5727	89	564358	Nő	2005	8 / 8	IJKI8D	device: no device info, screen width: no width info, screen height: no height info, user info: no agent info	1222950	jt	žömhöjt	zsömhöjtnek	zsömhöjtenek	TRUE	9515.785399999999
mondasz_mondasz_participant_SESSION_2025-10-27_09h33.39.857.csv	gyahong	Prs.NDef.2Sg (mondas)	gyahongsz	3165	90	568025	Nő	2005	8 / 8	IJKI8D	device: no device info, screen width: no width info, screen height: no height info, user info: no agent info	1222950	ng	ḏahong	gyahongsz	gyahongasz	FALSE	9515.785399999999
mondasz_mondasz_participant_SESSION_2025-10-27_09h33.39.857.csv	potojt	Prs.NDef.2Pl (mondotok)	potojtotok	5478	91	574006	Nő	2005	8 / 8	IJKI8D	device: no device info, screen width: no width info, screen height: no height info, user info: no agent info	1222950	jt	potojt	potojttok	potojtotok	TRUE	9515.785399999999
mondasz_mondasz_participant_SESSION_2025-10-27_09h33.39.857.csv	nyelkeng	Prs.1Sg›2 (mondalak)	nyelkenglek	9568	92	584076	Nő	2005	8 / 8	IJKI8D	device: no device info, screen width: no width info, screen height: no height info, user info: no agent info	1222950	ng	ṉelkeng	nyelkenglek	nyelkengelek	FALSE	9515.785399999999
mondasz_mondasz_participant_SESSION_2025-10-27_09h33.39.857.csv	ejjeng	Prs.1Sg›2 (mondalak)	ejjenglek	6528	93	591106	Nő	2005	8 / 8	IJKI8D	device: no device info, screen width: no width info, screen height: no height info, user info: no agent info	1222950	ng	ejjeng	ejjenglek	ejjengelek	FALSE	9515.785399999999
mondasz_mondasz_participant_SESSION_2025-10-27_09h33.39.857.csv	csumlong	Prs.NDef.2Pl (mondotok)	csumlongtok	3582	94	595189	Nő	2005	8 / 8	IJKI8D	device: no device info, screen width: no width info, screen height: no height info, user info: no agent info	1222950	ng	čumlong	csumlongtok	csumlongotok	FALSE	9515.785399999999
mondasz_mondasz_participant_SESSION_2025-10-27_09h33.39.857.csv	tárnyont	Prs.NDef.2Sg (mondas)	tárnyontasz	2664	95	598355	Nő	2005	8 / 8	IJKI8D	device: no device info, screen width: no width info, screen height: no height info, user info: no agent info	1222950	nt	tárṉont	tárnyontsz	tárnyontasz	TRUE	9515.785399999999
mondasz_mondasz_participant_SESSION_2025-10-27_09h33.39.857.csv	pömpöng	Prs.NDef.3Pl (mondanak)	pömpöngnek	8131	96	606989	Nő	2005	8 / 8	IJKI8D	device: no device info, screen width: no width info, screen height: no height info, user info: no agent info	1222950	ng	pömpöng	pömpöngnek	pömpöngenek	FALSE	9515.785399999999
mondasz_mondasz_participant_SESSION_2025-10-27_09h33.39.857.csv	pétlent	Prs.NDef.2Sg (mondas)	pétlentesz	5798	97	613288	Nő	2005	8 / 8	IJKI8D	device: no device info, screen width: no width info, screen height: no height info, user info: no agent info	1222950	nt	pétlent	pétlentsz	pétlentesz	TRUE	9515.785399999999
mondasz_mondasz_participant_SESSION_2025-10-27_09h33.39.857.csv	flöföjt	Prs.1Sg›2 (mondalak)	flöföjtelek	3746	98	617537	Nő	2005	8 / 8	IJKI8D	device: no device info, screen width: no width info, screen height: no height info, user info: no agent info	1222950	jt	flöföjt	flöföjtlek	flöföjtelek	TRUE	9515.785399999999
mondasz_mondasz_participant_SESSION_2025-10-27_09h33.39.857.csv	fomong	Prs.NDef.2Sg (mondas)	fomongasz	3198	99	621237	Nő	2005	8 / 8	IJKI8D	device: no device info, screen width: no width info, screen height: no height info, user info: no agent info	1222950	ng	fomong	fomongsz	fomongasz	TRUE	9515.785399999999
mondasz_mondasz_participant_SESSION_2025-10-27_09h33.39.857.csv	kerzeng	Prs.NDef.2Sg (mondas)	kerzengesz	5263	100	627003	Nő	2005	8 / 8	IJKI8D	device: no device info, screen width: no width info, screen height: no height info, user info: no agent info	1222950	ng	kerzeng	kerzengsz	kerzengesz	TRUE	9515.785399999999
mondasz_mondasz_participant_SESSION_2025-10-27_09h33.39.857.csv	hojont	Prs.NDef.3Pl (mondanak)	hojontanak	5064	101	632569	Nő	2005	8 / 8	IJKI8D	device: no device info, screen width: no width info, screen height: no height info, user info: no agent info	1222950	nt	hojont	hojontnak	hojontanak	TRUE	9515.785399999999
mondasz_mondasz_participant_SESSION_2025-10-27_09h33.39.857.csv	ejjeng	Prs.NDef.2Pl (mondotok)	ejjengtek	3966	102	637037	Nő	2005	8 / 8	IJKI8D	device: no device info, screen width: no width info, screen height: no height info, user info: no agent info	1222950	ng	ejjeng	ejjengtek	ejjengetek	FALSE	9515.785399999999
mondasz_mondasz_participant_SESSION_2025-10-27_09h33.39.857.csv	pagoszt	Prs.NDef.2Sg (mondas)	pagosztasz	4297	103	641835	Nő	2005	8 / 8	IJKI8D	device: no device info, screen width: no width info, screen height: no height info, user info: no agent info	1222950	st	pagost	pagosztsz	pagosztasz	TRUE	9515.785399999999
mondasz_mondasz_participant_SESSION_2025-10-27_09h33.39.857.csv	vórnyoszt	Prs.NDef.3Pl (mondanak)	vórnyosztanak	4715	104	647053	Nő	2005	8 / 8	IJKI8D	device: no device info, screen width: no width info, screen height: no height info, user info: no agent info	1222950	st	vórṉost	vórnyosztnak	vórnyosztanak	TRUE	9515.785399999999
mondasz_mondasz_participant_SESSION_2025-10-27_09h33.39.857.csv	kajszoszt	Prs.NDef.2Pl (mondotok)	kajszoszttok	8648	105	656203	Nő	2005	8 / 8	IJKI8D	device: no device info, screen width: no width info, screen height: no height info, user info: no agent info	1222950	st	kajsost	kajszoszttok	kajszosztotok	FALSE	9515.785399999999
mondasz_mondasz_participant_SESSION_2025-10-27_09h33.39.857.csv	kerzeng	Prs.NDef.3Pl (mondanak)	kerzengenek	2883	106	659589	Nő	2005	8 / 8	IJKI8D	device: no device info, screen width: no width info, screen height: no height info, user info: no agent info	1222950	ng	kerzeng	kerzengnek	kerzengenek	TRUE	9515.785399999999
mondasz_mondasz_participant_SESSION_2025-10-27_09h33.39.857.csv	kurtoszt	Prs.NDef.2Pl (mondotok)	kurtosztotok	4193	107	664285	Nő	2005	8 / 8	IJKI8D	device: no device info, screen width: no width info, screen height: no height info, user info: no agent info	1222950	st	kurtost	kurtoszttok	kurtosztotok	TRUE	9515.785399999999
mondasz_mondasz_participant_SESSION_2025-10-27_09h33.39.857.csv	fomong	Prs.1Sg›2 (mondalak)	fomongalak	6099	108	670885	Nő	2005	8 / 8	IJKI8D	device: no device info, screen width: no width info, screen height: no height info, user info: no agent info	1222950	ng	fomong	fomonglak	fomongalak	TRUE	9515.785399999999
mondasz_mondasz_participant_SESSION_2025-10-27_09h33.39.857.csv	szipteszt	Prs.NDef.2Pl (mondotok)	sziptesztetek	6363	109	677750	Nő	2005	8 / 8	IJKI8D	device: no device info, screen width: no width info, screen height: no height info, user info: no agent info	1222950	st	siptest	szipteszttek	sziptesztetek	TRUE	9515.785399999999
mondasz_mondasz_participant_SESSION_2025-10-27_09h33.39.857.csv	pánkojt	Prs.NDef.3Pl (mondanak)	pánkojtanak	3546	110	681800	Nő	2005	8 / 8	IJKI8D	device: no device info, screen width: no width info, screen height: no height info, user info: no agent info	1222950	jt	pánkojt	pánkojtnak	pánkojtanak	TRUE	9515.785399999999
mondasz_mondasz_participant_SESSION_2025-10-27_09h33.39.857.csv	rüvönt	Prs.NDef.2Sg (mondas)	rüvöntesz	1980	111	684282	Nő	2005	8 / 8	IJKI8D	device: no device info, screen width: no width info, screen height: no height info, user info: no agent info	1222950	nt	rüvönt	rüvöntsz	rüvöntesz	TRUE	9515.785399999999
mondasz_mondasz_participant_SESSION_2025-10-27_09h33.39.857.csv	hempeszt	Prs.1Sg›2 (mondalak)	hempesztelek	3032	112	687816	Nő	2005	8 / 8	IJKI8D	device: no device info, screen width: no width info, screen height: no height info, user info: no agent info	1222950	st	hempest	hempesztlek	hempesztelek	TRUE	9515.785399999999
mondasz_mondasz_participant_SESSION_2025-10-27_09h33.39.857.csv	mógyong	Prs.NDef.2Sg (mondas)	mógyongasz	8082	113	696401	Nő	2005	8 / 8	IJKI8D	device: no device info, screen width: no width info, screen height: no height info, user info: no agent info	1222950	ng	móḏong	mógyongsz	mógyongasz	TRUE	9515.785399999999
mondasz_mondasz_participant_SESSION_2025-10-27_09h33.39.857.csv	nyorojt	Prs.NDef.3Pl (mondanak)	nyorojtanak	2813	114	699716	Nő	2005	8 / 8	IJKI8D	device: no device info, screen width: no width info, screen height: no height info, user info: no agent info	1222950	jt	ṉorojt	nyorojtnak	nyorojtanak	TRUE	9515.785399999999
mondasz_mondasz_participant_SESSION_2025-10-27_09h33.39.857.csv	polloszt	Prs.NDef.2Sg (mondas)	pollosztasz	2646	115	702864	Nő	2005	8 / 8	IJKI8D	device: no device info, screen width: no width info, screen height: no height info, user info: no agent info	1222950	st	pollost	pollosztsz	pollosztasz	TRUE	9515.785399999999
mondasz_mondasz_participant_SESSION_2025-10-27_09h33.39.857.csv	nyorojt	Prs.NDef.2Sg (mondas)	nyorojtasz	3164	116	706531	Nő	2005	8 / 8	IJKI8D	device: no device info, screen width: no width info, screen height: no height info, user info: no agent info	1222950	jt	ṉorojt	nyorojtsz	nyorojtasz	TRUE	9515.785399999999
mondasz_mondasz_participant_SESSION_2025-10-27_09h33.39.857.csv	ursojt	Prs.NDef.2Pl (mondotok)	ursojtotok	3214	117	710248	Nő	2005	8 / 8	IJKI8D	device: no device info, screen width: no width info, screen height: no height info, user info: no agent info	1222950	jt	uršojt	ursojttok	ursojtotok	TRUE	9515.785399999999
mondasz_mondasz_participant_SESSION_2025-10-27_09h33.39.857.csv	odojt	Prs.1Sg›2 (mondalak)	odojtalak	2430	118	713180	Nő	2005	8 / 8	IJKI8D	device: no device info, screen width: no width info, screen height: no height info, user info: no agent info	1222950	jt	odojt	odojtlak	odojtalak	TRUE	9515.785399999999
mondasz_mondasz_participant_SESSION_2025-10-27_09h33.39.857.csv	cséleszt	Prs.NDef.2Pl (mondotok)	csélesztetek	3680	119	717363	Nő	2005	8 / 8	IJKI8D	device: no device info, screen width: no width info, screen height: no height info, user info: no agent info	1222950	st	čélest	cséleszttek	csélesztetek	TRUE	9515.785399999999
mondasz_mondasz_participant_SESSION_2025-10-27_09h33.39.857.csv	kerzeng	Prs.NDef.2Pl (mondotok)	kerzengetek	3283	120	721147	Nő	2005	8 / 8	IJKI8D	device: no device info, screen width: no width info, screen height: no height info, user info: no agent info	1222950	ng	kerzeng	kerzengtek	kerzengetek	TRUE	9515.785399999999
mondasz_mondasz_participant_SESSION_2025-10-27_09h33.39.857.csv	börköszt	Prs.1Sg›2 (mondalak)	börkösztelek	2630	121	724279	Nő	2005	8 / 8	IJKI8D	device: no device info, screen width: no width info, screen height: no height info, user info: no agent info	1222950	st	börköst	börkösztlek	börkösztelek	TRUE	9515.785399999999
mondasz_mondasz_participant_SESSION_2025-10-27_09h33.39.857.csv	szüvöng	Prs.NDef.3Pl (mondanak)	szüvöngenek	2648	122	727429	Nő	2005	8 / 8	IJKI8D	device: no device info, screen width: no width info, screen height: no height info, user info: no agent info	1222950	ng	süvöng	szüvöngnek	szüvöngenek	TRUE	9515.785399999999
mondasz_mondasz_participant_SESSION_2025-10-27_09h33.39.857.csv	hárkont	Prs.1Sg›2 (mondalak)	hárkontalak	3248	123	731179	Nő	2005	8 / 8	IJKI8D	device: no device info, screen width: no width info, screen height: no height info, user info: no agent info	1222950	nt	hárkont	hárkontlak	hárkontalak	TRUE	9515.785399999999
mondasz_mondasz_participant_SESSION_2025-10-27_09h33.39.857.csv	kurtoszt	Prs.NDef.2Sg (mondas)	kurtosztasz	3798	124	735479	Nő	2005	8 / 8	IJKI8D	device: no device info, screen width: no width info, screen height: no height info, user info: no agent info	1222950	st	kurtost	kurtosztsz	kurtosztasz	TRUE	9515.785399999999
mondasz_mondasz_participant_SESSION_2025-10-27_09h33.39.857.csv	ibreng	Prs.NDef.2Sg (mondas)	ibrengesz	2898	125	738879	Nő	2005	8 / 8	IJKI8D	device: no device info, screen width: no width info, screen height: no height info, user info: no agent info	1222950	ng	ibreng	ibrengsz	ibrengesz	TRUE	9515.785399999999
mondasz_mondasz_participant_SESSION_2025-10-27_09h33.39.857.csv	ügönt	Prs.NDef.3Pl (mondanak)	ügöntenek	2148	126	741529	Nő	2005	8 / 8	IJKI8D	device: no device info, screen width: no width info, screen height: no height info, user info: no agent info	1222950	nt	ügönt	ügöntnek	ügöntenek	TRUE	9515.785399999999
mondasz_mondasz_participant_SESSION_2025-10-27_09h33.39.857.csv	ofont	Prs.NDef.3Pl (mondanak)	ofontanak	4647	127	746678	Nő	2005	8 / 8	IJKI8D	device: no device info, screen width: no width info, screen height: no height info, user info: no agent info	1222950	nt	ofont	ofontnak	ofontanak	TRUE	9515.785399999999
mondasz_mondasz_participant_SESSION_2025-10-27_09h33.39.857.csv	csampojt	Prs.NDef.3Pl (mondanak)	csampojtanak	2621	128	749802	Nő	2005	8 / 8	IJKI8D	device: no device info, screen width: no width info, screen height: no height info, user info: no agent info	1222950	jt	čampojt	csampojtnak	csampojtanak	TRUE	9515.785399999999
mondasz_mondasz_participant_SESSION_2025-10-27_09h33.39.857.csv	kernyeszt	Prs.NDef.2Sg (mondas)	kernyesztesz	4243	129	754547	Nő	2005	8 / 8	IJKI8D	device: no device info, screen width: no width info, screen height: no height info, user info: no agent info	1222950	st	kerṉest	kernyesztsz	kernyesztesz	TRUE	9515.785399999999
mondasz_mondasz_participant_SESSION_2025-10-27_09h33.39.857.csv	bákont	Prs.NDef.2Sg (mondas)	bákontasz	2797	130	757846	Nő	2005	8 / 8	IJKI8D	device: no device info, screen width: no width info, screen height: no height info, user info: no agent info	1222950	nt	bákont	bákontsz	bákontasz	TRUE	9515.785399999999
mondasz_mondasz_participant_SESSION_2025-10-27_09h33.39.857.csv	koszkojt	Prs.NDef.3Pl (mondanak)	koszkojtanak	3714	131	762062	Nő	2005	8 / 8	IJKI8D	device: no device info, screen width: no width info, screen height: no height info, user info: no agent info	1222950	jt	koskojt	koszkojtnak	koszkojtanak	TRUE	9515.785399999999
mondasz_mondasz_participant_SESSION_2025-10-27_09h33.39.857.csv	gyahong	Prs.NDef.3Pl (mondanak)	gyahonganak	3479	132	766043	Nő	2005	8 / 8	IJKI8D	device: no device info, screen width: no width info, screen height: no height info, user info: no agent info	1222950	ng	ḏahong	gyahongnak	gyahonganak	TRUE	9515.785399999999
mondasz_mondasz_participant_SESSION_2025-10-27_09h33.39.857.csv	vutojt	Prs.NDef.2Sg (mondas)	vutojtasz	2947	133	769493	Nő	2005	8 / 8	IJKI8D	device: no device info, screen width: no width info, screen height: no height info, user info: no agent info	1222950	jt	vutojt	vutojtsz	vutojtasz	TRUE	9515.785399999999
mondasz_mondasz_participant_SESSION_2025-10-27_09h33.39.857.csv	gyuront	Prs.NDef.2Sg (mondas)	gyurontasz	1982	134	771977	Nő	2005	8 / 8	IJKI8D	device: no device info, screen width: no width info, screen height: no height info, user info: no agent info	1222950	nt	ḏuront	gyurontsz	gyurontasz	TRUE	9515.785399999999
mondasz_mondasz_participant_SESSION_2025-10-27_09h33.39.857.csv	rupojt	Prs.NDef.2Sg (mondas)	rupojtasz	2164	135	774643	Nő	2005	8 / 8	IJKI8D	device: no device info, screen width: no width info, screen height: no height info, user info: no agent info	1222950	jt	rupojt	rupojtsz	rupojtasz	TRUE	9515.785399999999
mondasz_mondasz_participant_SESSION_2025-10-27_09h33.39.857.csv	sökköjt	Prs.NDef.2Sg (mondas)	sökköjtesz	3296	136	778442	Nő	2005	8 / 8	IJKI8D	device: no device info, screen width: no width info, screen height: no height info, user info: no agent info	1222950	jt	šökköjt	sökköjtsz	sökköjtesz	TRUE	9515.785399999999
mondasz_mondasz_participant_SESSION_2025-10-27_09h33.39.857.csv	szűsöjt	Prs.NDef.2Pl (mondotok)	szűsöjttök	6930	138	789760	Nő	2005	8 / 8	IJKI8D	device: no device info, screen width: no width info, screen height: no height info, user info: no agent info	1222950	jt	sűšöjt	szűsöjttök	szűsöjtötök	FALSE	9515.785399999999
mondasz_mondasz_participant_SESSION_2025-10-27_09h33.39.857.csv	vurmong	Prs.NDef.2Pl (mondotok)	vurmongtok	3396	139	793659	Nő	2005	8 / 8	IJKI8D	device: no device info, screen width: no width info, screen height: no height info, user info: no agent info	1222950	ng	vurmong	vurmongtok	vurmongotok	FALSE	9515.785399999999
mondasz_mondasz_participant_SESSION_2025-10-27_09h33.39.857.csv	pagoszt	Prs.NDef.2Pl (mondotok)	pagosztotok	4196	140	798358	Nő	2005	8 / 8	IJKI8D	device: no device info, screen width: no width info, screen height: no height info, user info: no agent info	1222950	st	pagost	pagoszttok	pagosztotok	TRUE	9515.785399999999
mondasz_mondasz_participant_SESSION_2025-10-27_09h33.39.857.csv	csumlong	Prs.1Sg›2 (mondalak)	csumlongalak	4431	141	803290	Nő	2005	8 / 8	IJKI8D	device: no device info, screen width: no width info, screen height: no height info, user info: no agent info	1222950	ng	čumlong	csumlonglak	csumlongalak	TRUE	9515.785399999999
mondasz_mondasz_participant_SESSION_2025-10-27_09h33.39.857.csv	hojont	Prs.NDef.2Pl (mondotok)	hojontotok	4365	142	808158	Nő	2005	8 / 8	IJKI8D	device: no device info, screen width: no width info, screen height: no height info, user info: no agent info	1222950	nt	hojont	hojonttok	hojontotok	TRUE	9515.785399999999
mondasz_mondasz_participant_SESSION_2025-10-27_09h33.39.857.csv	löllöszt	Prs.NDef.3Pl (mondanak)	löllösztenek	2596	143	811256	Nő	2005	8 / 8	IJKI8D	device: no device info, screen width: no width info, screen height: no height info, user info: no agent info	1222950	st	löllöst	löllösztnek	löllösztenek	TRUE	9515.785399999999
mondasz_mondasz_participant_SESSION_2025-10-27_09h33.39.857.csv	kajszoszt	Prs.NDef.2Sg (mondas)	kajszosztasz	2815	144	814574	Nő	2005	8 / 8	IJKI8D	device: no device info, screen width: no width info, screen height: no height info, user info: no agent info	1222950	st	kajsost	kajszosztsz	kajszosztasz	TRUE	9515.785399999999
mondasz_mondasz_participant_SESSION_2025-10-27_09h33.39.857.csv	gyuront	Prs.1Sg›2 (mondalak)	gyurontalak	5463	145	820539	Nő	2005	8 / 8	IJKI8D	device: no device info, screen width: no width info, screen height: no height info, user info: no agent info	1222950	nt	ḏuront	gyurontlak	gyurontalak	TRUE	9515.785399999999
mondasz_mondasz_participant_SESSION_2025-10-27_09h33.39.857.csv	áhong	Prs.NDef.2Pl (mondotok)	áhongtok	5732	146	826773	Nő	2005	8 / 8	IJKI8D	device: no device info, screen width: no width info, screen height: no height info, user info: no agent info	1222950	ng	áhong	áhongtok	áhongotok	FALSE	9515.785399999999
mondasz_mondasz_participant_SESSION_2025-10-27_09h33.39.857.csv	haccsojt	Prs.NDef.3Pl (mondanak)	haccsojtanak	3663	147	830938	Nő	2005	8 / 8	IJKI8D	device: no device info, screen width: no width info, screen height: no height info, user info: no agent info	1222950	jt	haččojt	haccsojtnak	haccsojtanak	TRUE	9515.785399999999
mondasz_mondasz_participant_SESSION_2025-10-27_09h33.39.857.csv	dűszöng	Prs.NDef.3Pl (mondanak)	dűszöngenek	2700	148	834139	Nő	2005	8 / 8	IJKI8D	device: no device info, screen width: no width info, screen height: no height info, user info: no agent info	1222950	ng	dűsöng	dűszöngnek	dűszöngenek	TRUE	9515.785399999999
mondasz_mondasz_participant_SESSION_2025-10-27_09h33.39.857.csv	szűsöjt	Prs.NDef.3Pl (mondanak)	szűsöjtenek	2963	149	837605	Nő	2005	8 / 8	IJKI8D	device: no device info, screen width: no width info, screen height: no height info, user info: no agent info	1222950	jt	sűšöjt	szűsöjtnek	szűsöjtenek	TRUE	9515.785399999999
mondasz_mondasz_participant_SESSION_2025-10-27_09h33.39.857.csv	gyahong	Prs.NDef.2Pl (mondotok)	gyahongotok	3797	150	841904	Nő	2005	8 / 8	IJKI8D	device: no device info, screen width: no width info, screen height: no height info, user info: no agent info	1222950	ng	ḏahong	gyahongtok	gyahongotok	TRUE	9515.785399999999
mondasz_mondasz_participant_SESSION_2025-10-27_09h33.39.857.csv	nyorojt	Prs.1Sg›2 (mondalak)	nyorojtlak	4050	151	846456	Nő	2005	8 / 8	IJKI8D	device: no device info, screen width: no width info, screen height: no height info, user info: no agent info	1222950	jt	ṉorojt	nyorojtlak	nyorojtalak	FALSE	9515.785399999999
mondasz_mondasz_participant_SESSION_2025-10-27_09h33.39.857.csv	vutojt	Prs.1Sg›2 (mondalak)	vutojtlak	3079	152	850038	Nő	2005	8 / 8	IJKI8D	device: no device info, screen width: no width info, screen height: no height info, user info: no agent info	1222950	jt	vutojt	vutojtlak	vutojtalak	FALSE	9515.785399999999
mondasz_mondasz_participant_SESSION_2025-10-27_09h33.39.857.csv	kucont	Prs.NDef.2Pl (mondotok)	kucontotok	7582	153	858121	Nő	2005	8 / 8	IJKI8D	device: no device info, screen width: no width info, screen height: no height info, user info: no agent info	1222950	nt	kucont	kuconttok	kucontotok	TRUE	9515.785399999999
mondasz_mondasz_participant_SESSION_2025-10-27_09h33.39.857.csv	dimbeszt	Prs.NDef.2Pl (mondotok)	dimbesztetek	3063	154	861686	Nő	2005	8 / 8	IJKI8D	device: no device info, screen width: no width info, screen height: no height info, user info: no agent info	1222950	st	dimbest	dimbeszttek	dimbesztetek	TRUE	9515.785399999999
mondasz_mondasz_participant_SESSION_2025-10-27_09h33.39.857.csv	vurmong	Prs.NDef.3Pl (mondanak)	vurmonganak	2148	155	864336	Nő	2005	8 / 8	IJKI8D	device: no device info, screen width: no width info, screen height: no height info, user info: no agent info	1222950	ng	vurmong	vurmongnak	vurmonganak	TRUE	9515.785399999999
mondasz_mondasz_participant_SESSION_2025-10-27_09h33.39.857.csv	pégeng	Prs.1Sg›2 (mondalak)	pégengelek	6881	156	871718	Nő	2005	8 / 8	IJKI8D	device: no device info, screen width: no width info, screen height: no height info, user info: no agent info	1222950	ng	pégeng	pégenglek	pégengelek	TRUE	9515.785399999999
mondasz_mondasz_participant_SESSION_2025-10-27_09h33.39.857.csv	polloszt	Prs.1Sg›2 (mondalak)	pollosztalak	4815	157	877036	Nő	2005	8 / 8	IJKI8D	device: no device info, screen width: no width info, screen height: no height info, user info: no agent info	1222950	st	pollost	pollosztlak	pollosztalak	TRUE	9515.785399999999
mondasz_mondasz_participant_SESSION_2025-10-27_09h33.39.857.csv	pömpöng	Prs.NDef.2Sg (mondas)	pömpöngesz	4964	158	882503	Nő	2005	8 / 8	IJKI8D	device: no device info, screen width: no width info, screen height: no height info, user info: no agent info	1222950	ng	pömpöng	pömpöngsz	pömpöngesz	TRUE	9515.785399999999
mondasz_mondasz_participant_SESSION_2025-10-27_09h33.39.857.csv	pétlent	Prs.NDef.2Pl (mondotok)	pétlentetek	3613	159	886618	Nő	2005	8 / 8	IJKI8D	device: no device info, screen width: no width info, screen height: no height info, user info: no agent info	1222950	nt	pétlent	pétlenttek	pétlentetek	TRUE	9515.785399999999
mondasz_mondasz_participant_SESSION_2025-10-27_09h33.39.857.csv	pagyont	Prs.1Sg›2 (mondalak)	pagyontalak	2481	160	889601	Nő	2005	8 / 8	IJKI8D	device: no device info, screen width: no width info, screen height: no height info, user info: no agent info	1222950	nt	paḏont	pagyontlak	pagyontalak	TRUE	9515.785399999999
mondasz_mondasz_participant_SESSION_2025-10-27_09h33.39.857.csv	ornyoszt	Prs.NDef.3Pl (mondanak)	ornyosztanak	2532	161	892635	Nő	2005	8 / 8	IJKI8D	device: no device info, screen width: no width info, screen height: no height info, user info: no agent info	1222950	st	orṉost	ornyosztnak	ornyosztanak	TRUE	9515.785399999999
mondasz_mondasz_participant_SESSION_2025-10-27_09h33.39.857.csv	gíneszt	Prs.NDef.2Sg (mondas)	gínesztesz	3563	162	896701	Nő	2005	8 / 8	IJKI8D	device: no device info, screen width: no width info, screen height: no height info, user info: no agent info	1222950	st	gínest	gínesztsz	gínesztesz	TRUE	9515.785399999999
mondasz_mondasz_participant_SESSION_2025-10-27_09h33.39.857.csv	cúrong	Prs.NDef.2Pl (mondotok)	cúrongtok	2917	163	900119	Nő	2005	8 / 8	IJKI8D	device: no device info, screen width: no width info, screen height: no height info, user info: no agent info	1222950	ng	cúrong	cúrongtok	cúrongotok	FALSE	9515.785399999999
mondasz_mondasz_participant_SESSION_2025-10-27_09h33.39.857.csv	togyont	Prs.NDef.2Pl (mondotok)	togyontotok	8080	164	908701	Nő	2005	8 / 8	IJKI8D	device: no device info, screen width: no width info, screen height: no height info, user info: no agent info	1222950	nt	toḏont	togyonttok	togyontotok	TRUE	9515.785399999999
mondasz_mondasz_participant_SESSION_2025-10-27_09h33.39.857.csv	gíneszt	Prs.NDef.3Pl (mondanak)	gínesztenek	2829	165	912032	Nő	2005	8 / 8	IJKI8D	device: no device info, screen width: no width info, screen height: no height info, user info: no agent info	1222950	st	gínest	gínesztnek	gínesztenek	TRUE	9515.785399999999
mondasz_mondasz_participant_SESSION_2025-10-27_09h33.39.857.csv	ügönt	Prs.1Sg›2 (mondalak)	ügöntelek	3900	166	916433	Nő	2005	8 / 8	IJKI8D	device: no device info, screen width: no width info, screen height: no height info, user info: no agent info	1222950	nt	ügönt	ügöntlek	ügöntelek	TRUE	9515.785399999999
mondasz_mondasz_participant_SESSION_2025-10-27_09h33.39.857.csv	potojt	Prs.NDef.3Pl (mondanak)	potojtanak	3030	167	919966	Nő	2005	8 / 8	IJKI8D	device: no device info, screen width: no width info, screen height: no height info, user info: no agent info	1222950	jt	potojt	potojtnak	potojtanak	TRUE	9515.785399999999
mondasz_mondasz_participant_SESSION_2025-10-27_09h33.39.857.csv	szüköjt	Prs.1Sg›2 (mondalak)	szüköjtelek	3882	168	924350	Nő	2005	8 / 8	IJKI8D	device: no device info, screen width: no width info, screen height: no height info, user info: no agent info	1222950	jt	süköjt	szüköjtlek	szüköjtelek	TRUE	9515.785399999999
mondasz_mondasz_participant_SESSION_2025-10-27_09h33.39.857.csv	nyegejt	Prs.NDef.3Pl (mondanak)	nyegejtenek	2298	169	927149	Nő	2005	8 / 8	IJKI8D	device: no device info, screen width: no width info, screen height: no height info, user info: no agent info	1222950	jt	ṉegejt	nyegejtnek	nyegejtenek	TRUE	9515.785399999999
mondasz_mondasz_participant_SESSION_2025-10-27_09h33.39.857.csv	cséleszt	Prs.NDef.3Pl (mondanak)	csélesztenek	3730	170	931381	Nő	2005	8 / 8	IJKI8D	device: no device info, screen width: no width info, screen height: no height info, user info: no agent info	1222950	st	čélest	csélesztnek	csélesztenek	TRUE	9515.785399999999
mondasz_mondasz_participant_SESSION_2025-10-27_09h33.39.857.csv	vórnyoszt	Prs.1Sg›2 (mondalak)	vórnyosztalak	2732	171	934615	Nő	2005	8 / 8	IJKI8D	device: no device info, screen width: no width info, screen height: no height info, user info: no agent info	1222950	st	vórṉost	vórnyosztlak	vórnyosztalak	TRUE	9515.785399999999
mondasz_mondasz_participant_SESSION_2025-10-27_09h33.39.857.csv	szűsöjt	Prs.NDef.2Sg (mondas)	szűsöjtesz	2430	172	937547	Nő	2005	8 / 8	IJKI8D	device: no device info, screen width: no width info, screen height: no height info, user info: no agent info	1222950	jt	sűšöjt	szűsöjtsz	szűsöjtesz	TRUE	9515.785399999999
mondasz_mondasz_participant_SESSION_2025-10-27_09h33.39.857.csv	fesszent	Prs.NDef.3Pl (mondanak)	fesszentenek	2899	173	940949	Nő	2005	8 / 8	IJKI8D	device: no device info, screen width: no width info, screen height: no height info, user info: no agent info	1222950	nt	fessent	fesszentnek	fesszentenek	TRUE	9515.785399999999
mondasz_mondasz_participant_SESSION_2025-10-27_09h33.39.857.csv	hördöng	Prs.1Sg›2 (mondalak)	hördöngelek	4830	174	946281	Nő	2005	8 / 8	IJKI8D	device: no device info, screen width: no width info, screen height: no height info, user info: no agent info	1222950	ng	hördöng	hördönglek	hördöngelek	TRUE	9515.785399999999
mondasz_mondasz_participant_SESSION_2025-10-27_09h33.39.857.csv	pégeng	Prs.NDef.2Pl (mondotok)	pégengetek	4014	175	950798	Nő	2005	8 / 8	IJKI8D	device: no device info, screen width: no width info, screen height: no height info, user info: no agent info	1222950	ng	pégeng	pégengtek	pégengetek	TRUE	9515.785399999999
mondasz_mondasz_participant_SESSION_2025-10-27_09h33.39.857.csv	fesszent	Prs.NDef.2Sg (mondas)	fesszentesz	2647	176	953947	Nő	2005	8 / 8	IJKI8D	device: no device info, screen width: no width info, screen height: no height info, user info: no agent info	1222950	nt	fessent	fesszentsz	fesszentesz	TRUE	9515.785399999999
mondasz_mondasz_participant_SESSION_2025-10-27_09h33.39.857.csv	nyelkeng	Prs.NDef.2Sg (mondas)	nyelkengsz	2731	177	957181	Nő	2005	8 / 8	IJKI8D	device: no device info, screen width: no width info, screen height: no height info, user info: no agent info	1222950	ng	ṉelkeng	nyelkengsz	nyelkengesz	FALSE	9515.785399999999
mondasz_mondasz_participant_SESSION_2025-10-27_09h33.39.857.csv	togyont	Prs.NDef.2Sg (mondas)	togyontasz	2314	178	959997	Nő	2005	8 / 8	IJKI8D	device: no device info, screen width: no width info, screen height: no height info, user info: no agent info	1222950	nt	toḏont	togyontsz	togyontasz	TRUE	9515.785399999999
mondasz_mondasz_participant_SESSION_2025-10-27_09h33.39.857.csv	büfröng	Prs.NDef.2Sg (mondas)	büfröngesz	2380	179	962879	Nő	2005	8 / 8	IJKI8D	device: no device info, screen width: no width info, screen height: no height info, user info: no agent info	1222950	ng	büfröng	büfröngsz	büfröngesz	TRUE	9515.785399999999
mondasz_mondasz_participant_SESSION_2025-10-27_09h33.39.857.csv	hempeszt	Prs.NDef.3Pl (mondanak)	hempesztenek	2332	180	965713	Nő	2005	8 / 8	IJKI8D	device: no device info, screen width: no width info, screen height: no height info, user info: no agent info	1222950	st	hempest	hempesztnek	hempesztenek	TRUE	9515.785399999999
mondasz_mondasz_participant_SESSION_2025-10-27_09h33.39.857.csv	dimbeszt	Prs.1Sg›2 (mondalak)	dimbesztelek	5615	182	975829	Nő	2005	8 / 8	IJKI8D	device: no device info, screen width: no width info, screen height: no height info, user info: no agent info	1222950	st	dimbest	dimbesztlek	dimbesztelek	TRUE	9515.785399999999
mondasz_mondasz_participant_SESSION_2025-10-27_09h33.39.857.csv	nyegejt	Prs.NDef.2Sg (mondas)	nyegejtesz	2697	183	979028	Nő	2005	8 / 8	IJKI8D	device: no device info, screen width: no width info, screen height: no height info, user info: no agent info	1222950	jt	ṉegejt	nyegejtsz	nyegejtesz	TRUE	9515.785399999999
mondasz_mondasz_participant_SESSION_2025-10-27_09h33.39.857.csv	mörgöng	Prs.NDef.2Sg (mondas)	mörgöngesz	2884	184	982414	Nő	2005	8 / 8	IJKI8D	device: no device info, screen width: no width info, screen height: no height info, user info: no agent info	1222950	ng	mörgöng	mörgöngsz	mörgöngesz	TRUE	9515.785399999999
mondasz_mondasz_participant_SESSION_2025-10-27_09h33.39.857.csv	nésszent	Prs.1Sg›2 (mondalak)	nésszentelek	3012	185	985929	Nő	2005	8 / 8	IJKI8D	device: no device info, screen width: no width info, screen height: no height info, user info: no agent info	1222950	nt	néssent	nésszentlek	nésszentelek	TRUE	9515.785399999999
mondasz_mondasz_participant_SESSION_2025-10-27_09h33.39.857.csv	füppönt	Prs.1Sg›2 (mondalak)	füppöntelek	2946	186	989378	Nő	2005	8 / 8	IJKI8D	device: no device info, screen width: no width info, screen height: no height info, user info: no agent info	1222950	nt	füppönt	füppöntlek	füppöntelek	TRUE	9515.785399999999
mondasz_mondasz_participant_SESSION_2025-10-27_09h33.39.857.csv	mógyong	Prs.1Sg›2 (mondalak)	mógyongalak	5014	187	994894	Nő	2005	8 / 8	IJKI8D	device: no device info, screen width: no width info, screen height: no height info, user info: no agent info	1222950	ng	móḏong	mógyonglak	mógyongalak	TRUE	9515.785399999999
mondasz_mondasz_participant_SESSION_2025-10-27_09h33.39.857.csv	pömpöng	Prs.NDef.2Pl (mondotok)	pömpöngötök	4432	188	999828	Nő	2005	8 / 8	IJKI8D	device: no device info, screen width: no width info, screen height: no height info, user info: no agent info	1222950	ng	pömpöng	pömpöngtök	pömpöngötök	TRUE	9515.785399999999
mondasz_mondasz_participant_SESSION_2025-10-27_09h33.39.857.csv	dimbeszt	Prs.NDef.2Sg (mondas)	dimbesztesz	2412	189	1002743	Nő	2005	8 / 8	IJKI8D	device: no device info, screen width: no width info, screen height: no height info, user info: no agent info	1222950	st	dimbest	dimbesztsz	dimbesztesz	TRUE	9515.785399999999
mondasz_mondasz_participant_SESSION_2025-10-27_09h33.39.857.csv	pagyont	Prs.NDef.2Pl (mondotok)	pagyontotok	2033	190	1005278	Nő	2005	8 / 8	IJKI8D	device: no device info, screen width: no width info, screen height: no height info, user info: no agent info	1222950	nt	paḏont	pagyonttok	pagyontotok	TRUE	9515.785399999999
mondasz_mondasz_participant_SESSION_2025-10-27_09h33.39.857.csv	füppönt	Prs.NDef.2Sg (mondas)	füppöntesz	2447	191	1008227	Nő	2005	8 / 8	IJKI8D	device: no device info, screen width: no width info, screen height: no height info, user info: no agent info	1222950	nt	füppönt	füppöntsz	füppöntesz	TRUE	9515.785399999999
mondasz_mondasz_participant_SESSION_2025-10-27_09h33.39.857.csv	hempeszt	Prs.NDef.2Pl (mondotok)	hempesztetek	2664	192	1011394	Nő	2005	8 / 8	IJKI8D	device: no device info, screen width: no width info, screen height: no height info, user info: no agent info	1222950	st	hempest	hempeszttek	hempesztetek	TRUE	9515.785399999999
mondasz_mondasz_participant_SESSION_2025-10-27_09h33.39.857.csv	vórnyoszt	Prs.NDef.2Sg (mondas)	vórnyosztasz	2364	193	1014260	Nő	2005	8 / 8	IJKI8D	device: no device info, screen width: no width info, screen height: no height info, user info: no agent info	1222950	st	vórṉost	vórnyosztsz	vórnyosztasz	TRUE	9515.785399999999
mondasz_mondasz_participant_SESSION_2025-10-27_09h33.39.857.csv	löllöszt	Prs.NDef.2Sg (mondas)	löllösztesz	6132	194	1020894	Nő	2005	8 / 8	IJKI8D	device: no device info, screen width: no width info, screen height: no height info, user info: no agent info	1222950	st	löllöst	löllösztsz	löllösztesz	TRUE	9515.785399999999
mondasz_mondasz_participant_SESSION_2025-10-27_09h33.39.857.csv	löllöszt	Prs.NDef.2Pl (mondotok)	löllösztötök	4764	195	1026161	Nő	2005	8 / 8	IJKI8D	device: no device info, screen width: no width info, screen height: no height info, user info: no agent info	1222950	st	löllöst	löllöszttök	löllösztötök	TRUE	9515.785399999999
mondasz_mondasz_participant_SESSION_2025-10-27_09h33.39.857.csv	koszkojt	Prs.1Sg›2 (mondalak)	koszkojtalak	2929	196	1029592	Nő	2005	8 / 8	IJKI8D	device: no device info, screen width: no width info, screen height: no height info, user info: no agent info	1222950	jt	koskojt	koszkojtlak	koszkojtalak	TRUE	9515.785399999999
mondasz_mondasz_participant_SESSION_2025-10-27_09h33.39.857.csv	pétlent	Prs.NDef.3Pl (mondanak)	pétlentenek	3097	197	1033190	Nő	2005	8 / 8	IJKI8D	device: no device info, screen width: no width info, screen height: no height info, user info: no agent info	1222950	nt	pétlent	pétlentnek	pétlentenek	TRUE	9515.785399999999
mondasz_mondasz_participant_SESSION_2025-10-27_09h33.39.857.csv	csölönt	Prs.1Sg›2 (mondalak)	csölöntelek	2735	198	1036427	Nő	2005	8 / 8	IJKI8D	device: no device info, screen width: no width info, screen height: no height info, user info: no agent info	1222950	nt	čölönt	csölöntlek	csölöntelek	TRUE	9515.785399999999
mondasz_mondasz_participant_SESSION_2025-10-27_09h33.39.857.csv	rüvönt	Prs.NDef.3Pl (mondanak)	rüvöntenek	2947	199	1039876	Nő	2005	8 / 8	IJKI8D	device: no device info, screen width: no width info, screen height: no height info, user info: no agent info	1222950	nt	rüvönt	rüvöntnek	rüvöntenek	TRUE	9515.785399999999
mondasz_mondasz_participant_SESSION_2025-10-27_09h33.39.857.csv	haccsojt	Prs.NDef.2Sg (mondas)	haccsojtasz	3549	200	1043926	Nő	2005	8 / 8	IJKI8D	device: no device info, screen width: no width info, screen height: no height info, user info: no agent info	1222950	jt	haččojt	haccsojtsz	haccsojtasz	TRUE	9515.785399999999
mondasz_mondasz_participant_SESSION_2025-10-27_09h33.39.857.csv	hárkont	Prs.NDef.2Sg (mondas)	hárkontasz	2046	201	1046474	Nő	2005	8 / 8	IJKI8D	device: no device info, screen width: no width info, screen height: no height info, user info: no agent info	1222950	nt	hárkont	hárkontsz	hárkontasz	TRUE	9515.785399999999
mondasz_mondasz_participant_SESSION_2025-10-27_09h33.39.857.csv	mirmeszt	Prs.1Sg›2 (mondalak)	mirmesztelek	3299	202	1050274	Nő	2005	8 / 8	IJKI8D	device: no device info, screen width: no width info, screen height: no height info, user info: no agent info	1222950	st	mirmest	mirmesztlek	mirmesztelek	TRUE	9515.785399999999
mondasz_mondasz_participant_SESSION_2025-10-27_09h33.39.857.csv	suvoszt	Prs.NDef.2Sg (mondas)	suvosztasz	3063	203	1053839	Nő	2005	8 / 8	IJKI8D	device: no device info, screen width: no width info, screen height: no height info, user info: no agent info	1222950	st	šuvost	suvosztsz	suvosztasz	TRUE	9515.785399999999
mondasz_mondasz_participant_SESSION_2025-10-27_09h33.39.857.csv	áhong	Prs.1Sg›2 (mondalak)	áhonglak	3565	204	1057907	Nő	2005	8 / 8	IJKI8D	device: no device info, screen width: no width info, screen height: no height info, user info: no agent info	1222950	ng	áhong	áhonglak	áhongalak	FALSE	9515.785399999999
mondasz_mondasz_participant_SESSION_2025-10-27_09h33.39.857.csv	rupojt	Prs.NDef.3Pl (mondanak)	rupojtanak	3913	205	1062322	Nő	2005	8 / 8	IJKI8D	device: no device info, screen width: no width info, screen height: no height info, user info: no agent info	1222950	jt	rupojt	rupojtnak	rupojtanak	TRUE	9515.785399999999
mondasz_mondasz_participant_SESSION_2025-10-27_09h33.39.857.csv	mörgöng	Prs.NDef.3Pl (mondanak)	mörgöngenek	3348	206	1066172	Nő	2005	8 / 8	IJKI8D	device: no device info, screen width: no width info, screen height: no height info, user info: no agent info	1222950	ng	mörgöng	mörgöngnek	mörgöngenek	TRUE	9515.785399999999
mondasz_mondasz_participant_SESSION_2025-10-27_09h33.39.857.csv	gíneszt	Prs.1Sg›2 (mondalak)	gínesztelek	2880	207	1069556	Nő	2005	8 / 8	IJKI8D	device: no device info, screen width: no width info, screen height: no height info, user info: no agent info	1222950	st	gínest	gínesztlek	gínesztelek	TRUE	9515.785399999999
mondasz_mondasz_participant_SESSION_2025-10-27_09h33.39.857.csv	sajlojt	Prs.NDef.3Pl (mondanak)	sajlojtanak	6764	208	1076822	Nő	2005	8 / 8	IJKI8D	device: no device info, screen width: no width info, screen height: no height info, user info: no agent info	1222950	jt	šajlojt	sajlojtnak	sajlojtanak	TRUE	9515.785399999999
mondasz_mondasz_participant_SESSION_2025-10-27_09h33.39.857.csv	kajszoszt	Prs.1Sg›2 (mondalak)	kajszosztalak	3397	209	1080721	Nő	2005	8 / 8	IJKI8D	device: no device info, screen width: no width info, screen height: no height info, user info: no agent info	1222950	st	kajsost	kajszosztlak	kajszosztalak	TRUE	9515.785399999999
mondasz_mondasz_participant_SESSION_2025-10-27_09h33.39.857.csv	lahont	Prs.NDef.2Pl (mondotok)	lahontotok	3346	210	1084570	Nő	2005	8 / 8	IJKI8D	device: no device info, screen width: no width info, screen height: no height info, user info: no agent info	1222950	nt	lahont	lahonttok	lahontotok	TRUE	9515.785399999999
mondasz_mondasz_participant_SESSION_2025-10-27_09h33.39.857.csv	odojt	Prs.NDef.3Pl (mondanak)	odojtanak	1865	211	1086937	Nő	2005	8 / 8	IJKI8D	device: no device info, screen width: no width info, screen height: no height info, user info: no agent info	1222950	jt	odojt	odojtnak	odojtanak	TRUE	9515.785399999999
mondasz_mondasz_participant_SESSION_2025-10-27_09h33.39.857.csv	vutojt	Prs.NDef.2Pl (mondotok)	vutojtotok	3380	212	1090820	Nő	2005	8 / 8	IJKI8D	device: no device info, screen width: no width info, screen height: no height info, user info: no agent info	1222950	jt	vutojt	vutojttok	vutojtotok	TRUE	9515.785399999999
mondasz_mondasz_participant_SESSION_2025-10-27_09h33.39.857.csv	pánkojt	Prs.1Sg›2 (mondalak)	pánkojtalak	2231	213	1093553	Nő	2005	8 / 8	IJKI8D	device: no device info, screen width: no width info, screen height: no height info, user info: no agent info	1222950	jt	pánkojt	pánkojtlak	pánkojtalak	TRUE	9515.785399999999
mondasz_mondasz_participant_SESSION_2025-10-27_09h33.39.857.csv	pagoszt	Prs.1Sg›2 (mondalak)	pagosztalak	3746	215	1100670	Nő	2005	8 / 8	IJKI8D	device: no device info, screen width: no width info, screen height: no height info, user info: no agent info	1222950	st	pagost	pagosztlak	pagosztalak	TRUE	9515.785399999999
mondasz_mondasz_participant_SESSION_2025-10-27_09h33.39.857.csv	hördöng	Prs.NDef.2Pl (mondotok)	hördöngötök	2181	216	1103352	Nő	2005	8 / 8	IJKI8D	device: no device info, screen width: no width info, screen height: no height info, user info: no agent info	1222950	ng	hördöng	hördöngtök	hördöngötök	TRUE	9515.785399999999
mondasz_mondasz_participant_SESSION_2025-10-27_09h33.39.857.csv	mirmeszt	Prs.NDef.3Pl (mondanak)	mirmesztenek	2166	217	1106020	Nő	2005	8 / 8	IJKI8D	device: no device info, screen width: no width info, screen height: no height info, user info: no agent info	1222950	st	mirmest	mirmesztnek	mirmesztenek	TRUE	9515.785399999999
mondasz_mondasz_participant_SESSION_2025-10-27_09h33.39.857.csv	haccsojt	Prs.NDef.2Pl (mondotok)	haccsojtotok	5513	218	1112035	Nő	2005	8 / 8	IJKI8D	device: no device info, screen width: no width info, screen height: no height info, user info: no agent info	1222950	jt	haččojt	haccsojttok	haccsojtotok	TRUE	9515.785399999999
mondasz_mondasz_participant_SESSION_2025-10-27_09h33.39.857.csv	lahont	Prs.NDef.3Pl (mondanak)	lahontanak	2948	219	1115486	Nő	2005	8 / 8	IJKI8D	device: no device info, screen width: no width info, screen height: no height info, user info: no agent info	1222950	nt	lahont	lahontnak	lahontanak	TRUE	9515.785399999999
mondasz_mondasz_participant_SESSION_2025-10-27_09h33.39.857.csv	ursojt	Prs.NDef.2Sg (mondas)	ursojtasz	2447	220	1118435	Nő	2005	8 / 8	IJKI8D	device: no device info, screen width: no width info, screen height: no height info, user info: no agent info	1222950	jt	uršojt	ursojtsz	ursojtasz	TRUE	9515.785399999999
mondasz_mondasz_participant_SESSION_2025-10-27_09h33.39.857.csv	mógyong	Prs.NDef.2Pl (mondotok)	mógyongotok	4064	221	1123001	Nő	2005	8 / 8	IJKI8D	device: no device info, screen width: no width info, screen height: no height info, user info: no agent info	1222950	ng	móḏong	mógyongtok	mógyongotok	TRUE	9515.785399999999
mondasz_mondasz_participant_SESSION_2025-10-27_09h33.39.857.csv	suvoszt	Prs.NDef.3Pl (mondanak)	suvosztanak	3530	223	1130836	Nő	2005	8 / 8	IJKI8D	device: no device info, screen width: no width info, screen height: no height info, user info: no agent info	1222950	st	šuvost	suvosztnak	suvosztanak	TRUE	9515.785399999999
mondasz_mondasz_participant_SESSION_2025-10-27_09h33.39.857.csv	ügönt	Prs.NDef.2Sg (mondas)	ügöntesz	2762	224	1134101	Nő	2005	8 / 8	IJKI8D	device: no device info, screen width: no width info, screen height: no height info, user info: no agent info	1222950	nt	ügönt	ügöntsz	ügöntesz	TRUE	9515.785399999999
mondasz_mondasz_participant_SESSION_2025-10-27_09h33.39.857.csv	hojont	Prs.NDef.2Sg (mondas)	hojontasz	2714	225	1137317	Nő	2005	8 / 8	IJKI8D	device: no device info, screen width: no width info, screen height: no height info, user info: no agent info	1222950	nt	hojont	hojontsz	hojontasz	TRUE	9515.785399999999
mondasz_mondasz_participant_SESSION_2025-10-27_09h33.39.857.csv	zöccsöjt	Prs.NDef.2Sg (mondas)	zöccsöjtesz	3047	226	1140866	Nő	2005	8 / 8	IJKI8D	device: no device info, screen width: no width info, screen height: no height info, user info: no agent info	1222950	jt	zöččöjt	zöccsöjtsz	zöccsöjtesz	TRUE	9515.785399999999
mondasz_mondasz_participant_SESSION_2025-10-27_09h33.39.857.csv	nyelkeng	Prs.NDef.3Pl (mondanak)	nyelkengenek	4066	227	1145433	Nő	2005	8 / 8	IJKI8D	device: no device info, screen width: no width info, screen height: no height info, user info: no agent info	1222950	ng	ṉelkeng	nyelkengnek	nyelkengenek	TRUE	9515.785399999999
mondasz_mondasz_participant_SESSION_2025-10-27_09h33.39.857.csv	kernyeszt	Prs.NDef.2Pl (mondotok)	kernyesztetek	2797	228	1148732	Nő	2005	8 / 8	IJKI8D	device: no device info, screen width: no width info, screen height: no height info, user info: no agent info	1222950	st	kerṉest	kernyeszttek	kernyesztetek	TRUE	9515.785399999999
mondasz_mondasz_participant_SESSION_2025-10-27_09h33.39.857.csv	kucont	Prs.NDef.3Pl (mondanak)	kucontanak	2248	229	1151483	Nő	2005	8 / 8	IJKI8D	device: no device info, screen width: no width info, screen height: no height info, user info: no agent info	1222950	nt	kucont	kucontnak	kucontanak	TRUE	9515.785399999999
mondasz_mondasz_participant_SESSION_2025-10-27_09h33.39.857.csv	fűjönt	Prs.NDef.2Sg (mondas)	fűjöntesz	3648	230	1155633	Nő	2005	8 / 8	IJKI8D	device: no device info, screen width: no width info, screen height: no height info, user info: no agent info	1222950	nt	fűjönt	fűjöntsz	fűjöntesz	TRUE	9515.785399999999
mondasz_mondasz_participant_SESSION_2025-10-27_09h33.39.857.csv	sébeszt	Prs.NDef.3Pl (mondanak)	sébesztenek	3130	231	1159266	Nő	2005	8 / 8	IJKI8D	device: no device info, screen width: no width info, screen height: no height info, user info: no agent info	1222950	st	šébest	sébesztnek	sébesztenek	TRUE	9515.785399999999
mondasz_mondasz_participant_SESSION_2025-10-27_09h33.39.857.csv	vuzong	Prs.1Sg›2 (mondalak)	vuzongalak	2200	232	1161968	Nő	2005	8 / 8	IJKI8D	device: no device info, screen width: no width info, screen height: no height info, user info: no agent info	1222950	ng	vuzong	vuzonglak	vuzongalak	TRUE	9515.785399999999
mondasz_mondasz_participant_SESSION_2025-10-27_09h33.39.857.csv	polloszt	Prs.NDef.2Pl (mondotok)	pollosztotok	2680	233	1165149	Nő	2005	8 / 8	IJKI8D	device: no device info, screen width: no width info, screen height: no height info, user info: no agent info	1222950	st	pollost	polloszttok	pollosztotok	TRUE	9515.785399999999
mondasz_mondasz_participant_SESSION_2025-10-27_09h33.39.857.csv	jököng	Prs.NDef.2Sg (mondas)	jököngsz	2648	234	1168300	Nő	2005	8 / 8	IJKI8D	device: no device info, screen width: no width info, screen height: no height info, user info: no agent info	1222950	ng	jököng	jököngsz	jököngesz	FALSE	9515.785399999999
mondasz_mondasz_participant_SESSION_2025-10-27_09h33.39.857.csv	pagyont	Prs.NDef.2Sg (mondas)	pagyontasz	2213	235	1171015	Nő	2005	8 / 8	IJKI8D	device: no device info, screen width: no width info, screen height: no height info, user info: no agent info	1222950	nt	paḏont	pagyontsz	pagyontasz	TRUE	9515.785399999999
mondasz_mondasz_participant_SESSION_2025-10-27_09h33.39.857.csv	hüröszt	Prs.NDef.2Pl (mondotok)	hürösztötök	1880	236	1173397	Nő	2005	8 / 8	IJKI8D	device: no device info, screen width: no width info, screen height: no height info, user info: no agent info	1222950	st	hüröst	hüröszttök	hürösztötök	TRUE	9515.785399999999
mondasz_mondasz_participant_SESSION_2025-10-27_09h33.39.857.csv	cúrong	Prs.1Sg›2 (mondalak)	cúrongalak	3199	237	1177098	Nő	2005	8 / 8	IJKI8D	device: no device info, screen width: no width info, screen height: no height info, user info: no agent info	1222950	ng	cúrong	cúronglak	cúrongalak	TRUE	9515.785399999999
mondasz_mondasz_participant_SESSION_2025-10-27_09h33.39.857.csv	vuzong	Prs.NDef.3Pl (mondanak)	vuzonganak	2663	238	1180263	Nő	2005	8 / 8	IJKI8D	device: no device info, screen width: no width info, screen height: no height info, user info: no agent info	1222950	ng	vuzong	vuzongnak	vuzonganak	TRUE	9515.785399999999
mondasz_mondasz_participant_SESSION_2025-10-27_09h33.39.857.csv	nyénnyejt	Prs.NDef.2Pl (mondotok)	nyénnyejtetek	5749	239	1186514	Nő	2005	8 / 8	IJKI8D	device: no device info, screen width: no width info, screen height: no height info, user info: no agent info	1222950	jt	ṉéṉṉejt	nyénnyejttek	nyénnyejtetek	TRUE	9515.785399999999
mondasz_mondasz_participant_SESSION_2025-10-27_09h33.39.857.csv	vórnyoszt	Prs.NDef.2Pl (mondotok)	vórnyosztotok	1963	240	1188979	Nő	2005	8 / 8	IJKI8D	device: no device info, screen width: no width info, screen height: no height info, user info: no agent info	1222950	st	vórṉost	vórnyoszttok	vórnyosztotok	TRUE	9515.785399999999
mondasz_mondasz_participant_SESSION_2025-10-27_09h33.39.857.csv	ejjeng	Prs.NDef.3Pl (mondanak)	ejjengenek	3016	241	1192497	Nő	2005	8 / 8	IJKI8D	device: no device info, screen width: no width info, screen height: no height info, user info: no agent info	1222950	ng	ejjeng	ejjengnek	ejjengenek	TRUE	9515.785399999999
mondasz_mondasz_participant_SESSION_2025-10-27_09h33.39.857.csv	dűszöng	Prs.NDef.2Sg (mondas)	dűszöngesz	2966	242	1195965	Nő	2005	8 / 8	IJKI8D	device: no device info, screen width: no width info, screen height: no height info, user info: no agent info	1222950	ng	dűsöng	dűszöngsz	dűszöngesz	TRUE	9515.785399999999
mondasz_mondasz_participant_SESSION_2025-10-27_09h33.39.857.csv	szüköjt	Prs.NDef.2Pl (mondotok)	szüköjtötök	1930	243	1198396	Nő	2005	8 / 8	IJKI8D	device: no device info, screen width: no width info, screen height: no height info, user info: no agent info	1222950	jt	süköjt	szüköjttök	szüköjtötök	TRUE	9515.785399999999
mondasz_mondasz_participant_SESSION_2025-10-27_09h33.39.857.csv	szüvöng	Prs.NDef.2Pl (mondotok)	szüvöngötök	2013	244	1200912	Nő	2005	8 / 8	IJKI8D	device: no device info, screen width: no width info, screen height: no height info, user info: no agent info	1222950	ng	süvöng	szüvöngtök	szüvöngötök	TRUE	9515.785399999999
mondasz_mondasz_participant_SESSION_2025-10-27_09h33.39.857.csv	ofont	Prs.NDef.2Pl (mondotok)	ofontotok	3566	245	1204979	Nő	2005	8 / 8	IJKI8D	device: no device info, screen width: no width info, screen height: no height info, user info: no agent info	1222950	nt	ofont	ofonttok	ofontotok	TRUE	9515.785399999999
mondasz_mondasz_participant_SESSION_2025-10-27_09h33.39.857.csv	gíneszt	Prs.NDef.2Pl (mondotok)	gínesztetek	2030	246	1207511	Nő	2005	8 / 8	IJKI8D	device: no device info, screen width: no width info, screen height: no height info, user info: no agent info	1222950	st	gínest	gíneszttek	gínesztetek	TRUE	9515.785399999999
mondasz_mondasz_participant_SESSION_2025-10-27_09h33.39.857.csv	füppönt	Prs.NDef.3Pl (mondanak)	füppöntenek	2464	247	1210478	Nő	2005	8 / 8	IJKI8D	device: no device info, screen width: no width info, screen height: no height info, user info: no agent info	1222950	nt	füppönt	füppöntnek	füppöntenek	TRUE	9515.785399999999
mondasz_mondasz_participant_SESSION_2025-10-27_09h33.39.857.csv	rüvönt	Prs.NDef.2Pl (mondotok)	rüvöntötök	2648	248	1213628	Nő	2005	8 / 8	IJKI8D	device: no device info, screen width: no width info, screen height: no height info, user info: no agent info	1222950	nt	rüvönt	rüvönttök	rüvöntötök	TRUE	9515.785399999999
mondasz_mondasz_participant_SESSION_2025-10-27_09h33.39.857.csv	sittyeszt	Prs.NDef.3Pl (mondanak)	sittyesztnek	1914	249	1216045	Nő	2005	8 / 8	IJKI8D	device: no device info, screen width: no width info, screen height: no height info, user info: no agent info	1222950	st	šiṯṯest	sittyesztnek	sittyesztenek	FALSE	9515.785399999999
mondasz_mondasz_participant_SESSION_2025-10-27_09h33.39.857.csv	ütvöszt	Prs.NDef.2Sg (mondas)	ütvösztesz	3062	251	1222943	Nő	2005	8 / 8	IJKI8D	device: no device info, screen width: no width info, screen height: no height info, user info: no agent info	1222950	st	ütvöst	ütvösztsz	ütvösztesz	TRUE	9515.785399999999
mondasz_mondasz_participant_SESSION_2025-10-27_09h33.39.857.csv	csölönt	Prs.NDef.3Pl (mondanak)	csölöntenek	2633	252	1226079	Nő	2005	8 / 8	IJKI8D	device: no device info, screen width: no width info, screen height: no height info, user info: no agent info	1222950	nt	čölönt	csölöntnek	csölöntenek	TRUE	9515.785399999999
mondasz_mondasz_participant_SESSION_2025-10-27_09h33.39.857.csv	hördöng	Prs.NDef.3Pl (mondanak)	hördöngenek	3463	253	1230044	Nő	2005	8 / 8	IJKI8D	device: no device info, screen width: no width info, screen height: no height info, user info: no agent info	1222950	ng	hördöng	hördöngnek	hördöngenek	TRUE	9515.785399999999
mondasz_mondasz_participant_SESSION_2025-10-27_09h33.39.857.csv	pömpöng	Prs.1Sg›2 (mondalak)	pömpöngelek	2665	254	1233210	Nő	2005	8 / 8	IJKI8D	device: no device info, screen width: no width info, screen height: no height info, user info: no agent info	1222950	ng	pömpöng	pömpönglek	pömpöngelek	TRUE	9515.785399999999
mondasz_mondasz_participant_SESSION_2025-10-27_09h33.39.857.csv	nyénnyejt	Prs.NDef.2Sg (mondas)	nyénnyejtesz	2932	255	1236644	Nő	2005	8 / 8	IJKI8D	device: no device info, screen width: no width info, screen height: no height info, user info: no agent info	1222950	jt	ṉéṉṉejt	nyénnyejtsz	nyénnyejtesz	TRUE	9515.785399999999
mondasz_mondasz_participant_SESSION_2025-10-27_09h33.39.857.csv	dűszöng	Prs.NDef.2Pl (mondotok)	dűszöngötök	2883	256	1240029	Nő	2005	8 / 8	IJKI8D	device: no device info, screen width: no width info, screen height: no height info, user info: no agent info	1222950	ng	dűsöng	dűszöngtök	dűszöngötök	TRUE	9515.785399999999
mondasz_mondasz_participant_SESSION_2025-10-27_09h33.39.857.csv	fesszent	Prs.1Sg›2 (mondalak)	fesszentelek	2778	257	1243309	Nő	2005	8 / 8	IJKI8D	device: no device info, screen width: no width info, screen height: no height info, user info: no agent info	1222950	nt	fessent	fesszentlek	fesszentelek	TRUE	9515.785399999999
mondasz_mondasz_participant_SESSION_2025-10-27_09h33.39.857.csv	bákont	Prs.NDef.2Pl (mondotok)	bákontotok	2951	258	1246762	Nő	2005	8 / 8	IJKI8D	device: no device info, screen width: no width info, screen height: no height info, user info: no agent info	1222950	nt	bákont	bákonttok	bákontotok	TRUE	9515.785399999999
mondasz_mondasz_participant_SESSION_2025-10-27_09h33.39.857.csv	csumlong	Prs.NDef.2Sg (mondas)	csumlongasz	2394	259	1249658	Nő	2005	8 / 8	IJKI8D	device: no device info, screen width: no width info, screen height: no height info, user info: no agent info	1222950	ng	čumlong	csumlongsz	csumlongasz	TRUE	9515.785399999999
mondasz_mondasz_participant_SESSION_2025-10-27_09h33.39.857.csv	nésszent	Prs.NDef.3Pl (mondanak)	nésszentenek	3650	260	1253810	Nő	2005	8 / 8	IJKI8D	device: no device info, screen width: no width info, screen height: no height info, user info: no agent info	1222950	nt	néssent	nésszentnek	nésszentenek	TRUE	9515.785399999999
mondasz_mondasz_participant_SESSION_2025-10-27_09h33.39.857.csv	sittyeszt	Prs.1Sg›2 (mondalak)	sittyesztelek	3181	261	1257493	Nő	2005	8 / 8	IJKI8D	device: no device info, screen width: no width info, screen height: no height info, user info: no agent info	1222950	st	šiṯṯest	sittyesztlek	sittyesztelek	TRUE	9515.785399999999
mondasz_mondasz_participant_SESSION_2025-10-27_09h33.39.857.csv	vurmong	Prs.NDef.2Sg (mondas)	vurmongasz	1831	262	1259826	Nő	2005	8 / 8	IJKI8D	device: no device info, screen width: no width info, screen height: no height info, user info: no agent info	1222950	ng	vurmong	vurmongsz	vurmongasz	TRUE	9515.785399999999
mondasz_mondasz_participant_SESSION_2025-10-27_09h33.39.857.csv	szipteszt	Prs.NDef.2Sg (mondas)	sziptesztesz	2096	263	1262425	Nő	2005	8 / 8	IJKI8D	device: no device info, screen width: no width info, screen height: no height info, user info: no agent info	1222950	st	siptest	sziptesztsz	sziptesztesz	TRUE	9515.785399999999
mondasz_mondasz_participant_SESSION_2025-10-27_09h33.39.857.csv	tárnyont	Prs.NDef.3Pl (mondanak)	tárnyontanak	2530	264	1265457	Nő	2005	8 / 8	IJKI8D	device: no device info, screen width: no width info, screen height: no height info, user info: no agent info	1222950	nt	tárṉont	tárnyontnak	tárnyontanak	TRUE	9515.785399999999
mondasz_mondasz_participant_SESSION_2025-10-27_09h33.39.857.csv	fűjönt	Prs.NDef.2Pl (mondotok)	fűjöntötök	3632	265	1269591	Nő	2005	8 / 8	IJKI8D	device: no device info, screen width: no width info, screen height: no height info, user info: no agent info	1222950	nt	fűjönt	fűjönttök	fűjöntötök	TRUE	9515.785399999999
mondasz_mondasz_participant_SESSION_2025-10-27_09h33.39.857.csv	sébeszt	Prs.NDef.2Pl (mondotok)	sébesztetek	3180	266	1273274	Nő	2005	8 / 8	IJKI8D	device: no device info, screen width: no width info, screen height: no height info, user info: no agent info	1222950	st	šébest	sébeszttek	sébesztetek	TRUE	9515.785399999999
mondasz_mondasz_participant_SESSION_2025-10-27_09h33.39.857.csv	hördöng	Prs.NDef.2Sg (mondas)	hördöngesz	2850	267	1276625	Nő	2005	8 / 8	IJKI8D	device: no device info, screen width: no width info, screen height: no height info, user info: no agent info	1222950	ng	hördöng	hördöngsz	hördöngesz	TRUE	9515.785399999999
mondasz_mondasz_participant_SESSION_2025-10-27_09h33.39.857.csv	fedrent	Prs.NDef.2Sg (mondas)	fedrentesz	2630	268	1279758	Nő	2005	8 / 8	IJKI8D	device: no device info, screen width: no width info, screen height: no height info, user info: no agent info	1222950	nt	fedrent	fedrentsz	fedrentesz	TRUE	9515.785399999999
mondasz_mondasz_participant_SESSION_2025-10-27_09h33.39.857.csv	sébeszt	Prs.1Sg›2 (mondalak)	sébesztelek	2881	269	1283141	Nő	2005	8 / 8	IJKI8D	device: no device info, screen width: no width info, screen height: no height info, user info: no agent info	1222950	st	šébest	sébesztlek	sébesztelek	TRUE	9515.785399999999
mondasz_mondasz_participant_SESSION_2025-10-27_09h33.39.857.csv	odojt	Prs.NDef.2Sg (mondas)	odojtsz	2936	270	1286579	Nő	2005	8 / 8	IJKI8D	device: no device info, screen width: no width info, screen height: no height info, user info: no agent info	1222950	jt	odojt	odojtsz	odojtasz	FALSE	9515.785399999999
mondasz_mondasz_participant_SESSION_2025-10-27_09h33.39.857.csv	zöccsöjt	Prs.NDef.2Pl (mondotok)	zöccsöjtötök	4008	271	1291089	Nő	2005	8 / 8	IJKI8D	device: no device info, screen width: no width info, screen height: no height info, user info: no agent info	1222950	jt	zöččöjt	zöccsöjttök	zöccsöjtötök	TRUE	9515.785399999999
mondasz_mondasz_participant_SESSION_2025-10-27_09h33.39.857.csv	dűszöng	Prs.1Sg›2 (mondalak)	dűszöngelek	2400	272	1293991	Nő	2005	8 / 8	IJKI8D	device: no device info, screen width: no width info, screen height: no height info, user info: no agent info	1222950	ng	dűsöng	dűszönglek	dűszöngelek	TRUE	9515.785399999999
mondasz_mondasz_participant_SESSION_2025-10-27_09h33.39.857.csv	gyahong	Prs.1Sg›2 (mondalak)	gyahongalak	2162	273	1296656	Nő	2005	8 / 8	IJKI8D	device: no device info, screen width: no width info, screen height: no height info, user info: no agent info	1222950	ng	ḏahong	gyahonglak	gyahongalak	TRUE	9515.785399999999
mondasz_mondasz_participant_SESSION_2025-10-27_09h33.39.857.csv	ügönt	Prs.NDef.2Pl (mondotok)	ügöntötök	1748	274	1298906	Nő	2005	8 / 8	IJKI8D	device: no device info, screen width: no width info, screen height: no height info, user info: no agent info	1222950	nt	ügönt	ügönttök	ügöntötök	TRUE	9515.785399999999
mondasz_mondasz_participant_SESSION_2025-10-27_09h33.39.857.csv	pánkojt	Prs.NDef.2Sg (mondas)	pánkojtasz	1865	275	1301274	Nő	2005	8 / 8	IJKI8D	device: no device info, screen width: no width info, screen height: no height info, user info: no agent info	1222950	jt	pánkojt	pánkojtsz	pánkojtasz	TRUE	9515.785399999999
mondasz_mondasz_participant_SESSION_2025-10-27_09h33.39.857.csv	nyuttojt	Prs.NDef.2Sg (mondas)	nyuttojtasz	2112	276	1303888	Nő	2005	8 / 8	IJKI8D	device: no device info, screen width: no width info, screen height: no height info, user info: no agent info	1222950	jt	ṉuttojt	nyuttojtsz	nyuttojtasz	TRUE	9515.785399999999
mondasz_mondasz_participant_SESSION_2025-10-27_09h33.39.857.csv	füppönt	Prs.NDef.2Pl (mondotok)	füppöntötök	1481	277	1305872	Nő	2005	8 / 8	IJKI8D	device: no device info, screen width: no width info, screen height: no height info, user info: no agent info	1222950	nt	füppönt	füppönttök	füppöntötök	TRUE	9515.785399999999
mondasz_mondasz_participant_SESSION_2025-10-27_09h33.39.857.csv	szüköjt	Prs.NDef.2Sg (mondas)	szüköjtesz	2165	278	1308539	Nő	2005	8 / 8	IJKI8D	device: no device info, screen width: no width info, screen height: no height info, user info: no agent info	1222950	jt	süköjt	szüköjtsz	szüköjtesz	TRUE	9515.785399999999
mondasz_mondasz_participant_SESSION_2025-10-27_09h33.39.857.csv	zöccsöjt	Prs.NDef.3Pl (mondanak)	zöccsöjtenek	1697	279	1310738	Nő	2005	8 / 8	IJKI8D	device: no device info, screen width: no width info, screen height: no height info, user info: no agent info	1222950	jt	zöččöjt	zöccsöjtnek	zöccsöjtenek	TRUE	9515.785399999999
mondasz_mondasz_participant_SESSION_2025-10-27_09h33.39.857.csv	mirmeszt	Prs.NDef.2Sg (mondas)	mirmesztesz	3981	280	1315221	Nő	2005	8 / 8	IJKI8D	device: no device info, screen width: no width info, screen height: no height info, user info: no agent info	1222950	st	mirmest	mirmesztsz	mirmesztesz	TRUE	9515.785399999999
mondasz_mondasz_participant_SESSION_2025-10-27_09h33.39.857.csv	suvoszt	Prs.1Sg›2 (mondalak)	suvosztalak	1747	281	1317470	Nő	2005	8 / 8	IJKI8D	device: no device info, screen width: no width info, screen height: no height info, user info: no agent info	1222950	st	šuvost	suvosztlak	suvosztalak	TRUE	9515.785399999999
mondasz_mondasz_participant_SESSION_2025-10-27_09h33.39.857.csv	büfröng	Prs.NDef.2Pl (mondotok)	büfröngötök	1548	282	1319521	Nő	2005	8 / 8	IJKI8D	device: no device info, screen width: no width info, screen height: no height info, user info: no agent info	1222950	ng	büfröng	büfröngtök	büfröngötök	TRUE	9515.785399999999
mondasz_mondasz_participant_SESSION_2025-10-27_09h33.39.857.csv	nésszent	Prs.NDef.2Pl (mondotok)	nésszentetek	1982	283	1322005	Nő	2005	8 / 8	IJKI8D	device: no device info, screen width: no width info, screen height: no height info, user info: no agent info	1222950	nt	néssent	nésszenttek	nésszentetek	TRUE	9515.785399999999
mondasz_mondasz_participant_SESSION_2025-10-27_09h33.39.857.csv	nésszent	Prs.NDef.2Sg (mondas)	nésszentesz	1563	284	1324070	Nő	2005	8 / 8	IJKI8D	device: no device info, screen width: no width info, screen height: no height info, user info: no agent info	1222950	nt	néssent	nésszentsz	nésszentesz	TRUE	9515.785399999999
mondasz_mondasz_participant_SESSION_2025-10-27_09h33.39.857.csv	vutojt	Prs.NDef.3Pl (mondanak)	vutojtanak	1868	285	1326439	Nő	2005	8 / 8	IJKI8D	device: no device info, screen width: no width info, screen height: no height info, user info: no agent info	1222950	jt	vutojt	vutojtnak	vutojtanak	TRUE	9515.785399999999
mondasz_mondasz_participant_SESSION_2025-10-27_09h33.39.857.csv	hüröszt	Prs.NDef.2Sg (mondas)	hürösztesz	1847	286	1328787	Nő	2005	8 / 8	IJKI8D	device: no device info, screen width: no width info, screen height: no height info, user info: no agent info	1222950	st	hüröst	hürösztsz	hürösztesz	TRUE	9515.785399999999
mondasz_mondasz_participant_SESSION_2025-10-27_09h33.39.857.csv	ornyoszt	Prs.1Sg›2 (mondalak)	ornyosztalak	2114	287	1331404	Nő	2005	8 / 8	IJKI8D	device: no device info, screen width: no width info, screen height: no height info, user info: no agent info	1222950	st	orṉost	ornyosztlak	ornyosztalak	TRUE	9515.785399999999
mondasz_mondasz_participant_SESSION_2025-10-27_09h33.39.857.csv	vuzong	Prs.NDef.2Pl (mondotok)	vuzongotok	1981	288	1333888	Nő	2005	8 / 8	IJKI8D	device: no device info, screen width: no width info, screen height: no height info, user info: no agent info	1222950	ng	vuzong	vuzongtok	vuzongotok	TRUE	9515.785399999999
mondasz_mondasz_participant_SESSION_2025-10-27_09h33.39.857.csv	fomong	Prs.NDef.3Pl (mondanak)	fomonganak	1580	289	1335971	Nő	2005	8 / 8	IJKI8D	device: no device info, screen width: no width info, screen height: no height info, user info: no agent info	1222950	ng	fomong	fomongnak	fomonganak	TRUE	9515.785399999999
mondasz_mondasz_participant_SESSION_2025-10-27_09h33.39.857.csv	sökköjt	Prs.NDef.2Pl (mondotok)	sökköjtötök	2830	290	1339304	Nő	2005	8 / 8	IJKI8D	device: no device info, screen width: no width info, screen height: no height info, user info: no agent info	1222950	jt	šökköjt	sökköjttök	sökköjtötök	TRUE	9515.785399999999
mondasz_mondasz_participant_SESSION_2025-10-27_09h33.39.857.csv	gyuront	Prs.NDef.2Pl (mondotok)	gyurontotok	1913	291	1341720	Nő	2005	8 / 8	IJKI8D	device: no device info, screen width: no width info, screen height: no height info, user info: no agent info	1222950	nt	ḏuront	gyuronttok	gyurontotok	TRUE	9515.785399999999
mondasz_mondasz_participant_SESSION_2025-10-27_09h33.39.857.csv	fedrent	Prs.1Sg›2 (mondalak)	fedrentelek	2147	292	1344369	Nő	2005	8 / 8	IJKI8D	device: no device info, screen width: no width info, screen height: no height info, user info: no agent info	1222950	nt	fedrent	fedrentlek	fedrentelek	TRUE	9515.785399999999
mondasz_mondasz_participant_SESSION_2025-10-27_09h33.39.857.csv	rupojt	Prs.1Sg›2 (mondalak)	rupojtalak	2082	293	1346952	Nő	2005	8 / 8	IJKI8D	device: no device info, screen width: no width info, screen height: no height info, user info: no agent info	1222950	jt	rupojt	rupojtlak	rupojtalak	TRUE	9515.785399999999
mondasz_mondasz_participant_SESSION_2025-10-27_09h33.39.857.csv	nyuttojt	Prs.1Sg›2 (mondalak)	nyuttojtalak	1482	294	1348936	Nő	2005	8 / 8	IJKI8D	device: no device info, screen width: no width info, screen height: no height info, user info: no agent info	1222950	jt	ṉuttojt	nyuttojtlak	nyuttojtalak	TRUE	9515.785399999999
mondasz_mondasz_participant_SESSION_2025-10-27_09h33.39.857.csv	odojt	Prs.NDef.2Pl (mondotok)	odojtotok	3099	295	1352536	Nő	2005	8 / 8	IJKI8D	device: no device info, screen width: no width info, screen height: no height info, user info: no agent info	1222950	jt	odojt	odojttok	odojtotok	TRUE	9515.785399999999
mondasz_mondasz_participant_SESSION_2025-10-27_09h33.39.857.csv	togyont	Prs.1Sg›2 (mondalak)	togyontalak	1613	296	1354652	Nő	2005	8 / 8	IJKI8D	device: no device info, screen width: no width info, screen height: no height info, user info: no agent info	1222950	nt	toḏont	togyontlak	togyontalak	TRUE	9515.785399999999
mondasz_mondasz_participant_SESSION_2025-10-27_09h33.39.857.csv	flöföjt	Prs.NDef.2Sg (mondas)	flöföjtesz	1716	297	1356870	Nő	2005	8 / 8	IJKI8D	device: no device info, screen width: no width info, screen height: no height info, user info: no agent info	1222950	jt	flöföjt	flöföjtsz	flöföjtesz	TRUE	9515.785399999999
mondasz_mondasz_participant_SESSION_2025-10-27_09h33.39.857.csv	pégeng	Prs.NDef.2Sg (mondas)	pégengesz	2629	298	1360001	Nő	2005	8 / 8	IJKI8D	device: no device info, screen width: no width info, screen height: no height info, user info: no agent info	1222950	ng	pégeng	pégengsz	pégengesz	TRUE	9515.785399999999
mondasz_mondasz_participant_SESSION_2025-10-27_09h33.39.857.csv	szüköjt	Prs.NDef.3Pl (mondanak)	szüköjtenek	1967	299	1362469	Nő	2005	8 / 8	IJKI8D	device: no device info, screen width: no width info, screen height: no height info, user info: no agent info	1222950	jt	süköjt	szüköjtnek	szüköjtenek	TRUE	9515.785399999999
mondasz_mondasz_participant_SESSION_2025-10-27_09h33.39.857.csv	csampojt	Prs.1Sg›2 (mondalak)	csampojtalak	2479	300	1365451	Nő	2005	8 / 8	IJKI8D	device: no device info, screen width: no width info, screen height: no height info, user info: no agent info	1222950	jt	čampojt	csampojtlak	csampojtalak	TRUE	9515.785399999999
mondasz_mondasz_participant_SESSION_2025-10-27_09h33.39.857.csv	szicsent	Prs.NDef.2Sg (mondas)	szicsentesz	1681	301	1367634	Nő	2005	8 / 8	IJKI8D	device: no device info, screen width: no width info, screen height: no height info, user info: no agent info	1222950	nt	sičent	szicsentsz	szicsentesz	TRUE	9515.785399999999
mondasz_mondasz_participant_SESSION_2025-10-27_09h33.39.857.csv	hüröszt	Prs.1Sg›2 (mondalak)	hürösztelek	1699	302	1369834	Nő	2005	8 / 8	IJKI8D	device: no device info, screen width: no width info, screen height: no height info, user info: no agent info	1222950	st	hüröst	hürösztlek	hürösztelek	TRUE	9515.785399999999
mondasz_mondasz_participant_SESSION_2025-10-27_09h33.39.857.csv	sajlojt	Prs.NDef.2Pl (mondotok)	sajlojtotok	2463	303	1372800	Nő	2005	8 / 8	IJKI8D	device: no device info, screen width: no width info, screen height: no height info, user info: no agent info	1222950	jt	šajlojt	sajlojttok	sajlojtotok	TRUE	9515.785399999999
mondasz_mondasz_participant_SESSION_2025-10-27_09h33.39.857.csv	kerzeng	Prs.1Sg›2 (mondalak)	kerzengelek	1665	304	1374967	Nő	2005	8 / 8	IJKI8D	device: no device info, screen width: no width info, screen height: no height info, user info: no agent info	1222950	ng	kerzeng	kerzenglek	kerzengelek	TRUE	9515.785399999999
mondasz_mondasz_participant_SESSION_2025-10-27_09h33.39.857.csv	ursojt	Prs.NDef.3Pl (mondanak)	ursojtanak	1599	305	1377067	Nő	2005	8 / 8	IJKI8D	device: no device info, screen width: no width info, screen height: no height info, user info: no agent info	1222950	jt	uršojt	ursojtnak	ursojtanak	TRUE	9515.785399999999
mondasz_mondasz_participant_SESSION_2025-10-27_09h33.39.857.csv	nyelkeng	Prs.NDef.2Pl (mondotok)	nyelkengetek	2898	306	1380467	Nő	2005	8 / 8	IJKI8D	device: no device info, screen width: no width info, screen height: no height info, user info: no agent info	1222950	ng	ṉelkeng	nyelkengtek	nyelkengetek	TRUE	9515.785399999999
mondasz_mondasz_participant_SESSION_2025-10-27_09h33.39.857.csv	hojont	Prs.1Sg›2 (mondalak)	hojontalak	1681	307	1382650	Nő	2005	8 / 8	IJKI8D	device: no device info, screen width: no width info, screen height: no height info, user info: no agent info	1222950	nt	hojont	hojontlak	hojontalak	TRUE	9515.785399999999
mondasz_mondasz_participant_SESSION_2025-10-27_09h33.39.857.csv	zsömhöjt	Prs.NDef.2Sg (mondas)	zsömhöjtesz	2248	308	1385400	Nő	2005	8 / 8	IJKI8D	device: no device info, screen width: no width info, screen height: no height info, user info: no agent info	1222950	jt	žömhöjt	zsömhöjtsz	zsömhöjtesz	TRUE	9515.785399999999
mondasz_mondasz_participant_SESSION_2025-10-27_09h33.39.857.csv	sökköjt	Prs.NDef.3Pl (mondanak)	sökköjtenek	2031	309	1387934	Nő	2005	8 / 8	IJKI8D	device: no device info, screen width: no width info, screen height: no height info, user info: no agent info	1222950	jt	šökköjt	sökköjtnek	sökköjtenek	TRUE	9515.785399999999
mondasz_mondasz_participant_SESSION_2025-10-27_09h33.39.857.csv	kucont	Prs.NDef.2Sg (mondas)	kucontasz	4198	310	1392633	Nő	2005	8 / 8	IJKI8D	device: no device info, screen width: no width info, screen height: no height info, user info: no agent info	1222950	nt	kucont	kucontsz	kucontasz	TRUE	9515.785399999999
mondasz_mondasz_participant_SESSION_2025-10-27_09h33.39.857.csv	nyuttojt	Prs.NDef.2Pl (mondotok)	nyuttojtotok	1463	311	1394598	Nő	2005	8 / 8	IJKI8D	device: no device info, screen width: no width info, screen height: no height info, user info: no agent info	1222950	jt	ṉuttojt	nyuttojttok	nyuttojtotok	TRUE	9515.785399999999
mondasz_mondasz_participant_SESSION_2025-10-27_09h33.39.857.csv	rüvönt	Prs.1Sg›2 (mondalak)	rüvöntelek	1665	312	1396765	Nő	2005	8 / 8	IJKI8D	device: no device info, screen width: no width info, screen height: no height info, user info: no agent info	1222950	nt	rüvönt	rüvöntlek	rüvöntelek	TRUE	9515.785399999999
mondasz_mondasz_participant_SESSION_2025-10-27_09h33.39.857.csv	koszkojt	Prs.NDef.2Pl (mondotok)	koszkojtotok	5215	313	1402482	Nő	2005	8 / 8	IJKI8D	device: no device info, screen width: no width info, screen height: no height info, user info: no agent info	1222950	jt	koskojt	koszkojttok	koszkojtotok	TRUE	9515.785399999999
mondasz_mondasz_participant_SESSION_2025-10-27_09h33.39.857.csv	ibreng	Prs.1Sg›2 (mondalak)	ibrengelek	1832	314	1404816	Nő	2005	8 / 8	IJKI8D	device: no device info, screen width: no width info, screen height: no height info, user info: no agent info	1222950	ng	ibreng	ibrenglek	ibrengelek	TRUE	9515.785399999999
mondasz_mondasz_participant_SESSION_2025-10-27_09h33.39.857.csv	pagyont	Prs.NDef.3Pl (mondanak)	pagyontanak	1979	315	1407298	Nő	2005	8 / 8	IJKI8D	device: no device info, screen width: no width info, screen height: no height info, user info: no agent info	1222950	nt	paḏont	pagyontnak	pagyontanak	TRUE	9515.785399999999
mondasz_mondasz_participant_SESSION_2025-10-27_09h33.39.857.csv	cséleszt	Prs.NDef.2Sg (mondas)	csélesztesz	1530	316	1409330	Nő	2005	8 / 8	IJKI8D	device: no device info, screen width: no width info, screen height: no height info, user info: no agent info	1222950	st	čélest	csélesztsz	csélesztesz	TRUE	9515.785399999999
mondasz_mondasz_participant_SESSION_2025-10-27_09h33.39.857.csv	potojt	Prs.NDef.2Sg (mondas)	potojtasz	1665	317	1411497	Nő	2005	8 / 8	IJKI8D	device: no device info, screen width: no width info, screen height: no height info, user info: no agent info	1222950	jt	potojt	potojtsz	potojtasz	TRUE	9515.785399999999
mondasz_mondasz_participant_SESSION_2025-10-27_09h33.39.857.csv	szipteszt	Prs.NDef.3Pl (mondanak)	sziptesztenek	2315	318	1414313	Nő	2005	8 / 8	IJKI8D	device: no device info, screen width: no width info, screen height: no height info, user info: no agent info	1222950	st	siptest	sziptesztnek	sziptesztenek	TRUE	9515.785399999999
mondasz_mondasz_participant_SESSION_2025-10-27_09h33.39.857.csv	mirmeszt	Prs.NDef.2Pl (mondotok)	mirmesztetek	1314	319	1416130	Nő	2005	8 / 8	IJKI8D	device: no device info, screen width: no width info, screen height: no height info, user info: no agent info	1222950	st	mirmest	mirmeszttek	mirmesztetek	TRUE	9515.785399999999
mondasz_mondasz_participant_SESSION_2025-10-27_09h33.39.857.csv	ornyoszt	Prs.NDef.2Pl (mondotok)	ornyosztotok	1481	320	1418113	Nő	2005	8 / 8	IJKI8D	device: no device info, screen width: no width info, screen height: no height info, user info: no agent info	1222950	st	orṉost	ornyoszttok	ornyosztotok	TRUE	9515.785399999999
mondasz_mondasz_participant_SESSION_2025-10-27_09h33.39.857.csv	nyénnyejt	Prs.NDef.3Pl (mondanak)	nyénnyejtenek	1297	321	1419913	Nő	2005	8 / 8	IJKI8D	device: no device info, screen width: no width info, screen height: no height info, user info: no agent info	1222950	jt	ṉéṉṉejt	nyénnyejtnek	nyénnyejtenek	TRUE	9515.785399999999
mondasz_mondasz_participant_SESSION_2025-10-27_09h33.39.857.csv	fedrent	Prs.NDef.2Pl (mondotok)	fedrentetek	1816	322	1422230	Nő	2005	8 / 8	IJKI8D	device: no device info, screen width: no width info, screen height: no height info, user info: no agent info	1222950	nt	fedrent	fedrenttek	fedrentetek	TRUE	9515.785399999999
mondasz_mondasz_participant_SESSION_2025-10-27_09h33.39.857.csv	ütvöszt	Prs.1Sg›2 (mondalak)	ütvösztelek	1598	323	1424331	Nő	2005	8 / 8	IJKI8D	device: no device info, screen width: no width info, screen height: no height info, user info: no agent info	1222950	st	ütvöst	ütvösztlek	ütvösztelek	TRUE	9515.785399999999
mondasz_mondasz_participant_SESSION_2025-10-27_09h33.39.857.csv	lahont	Prs.NDef.2Sg (mondas)	lahontasz	1312	324	1426146	Nő	2005	8 / 8	IJKI8D	device: no device info, screen width: no width info, screen height: no height info, user info: no agent info	1222950	nt	lahont	lahontsz	lahontasz	TRUE	9515.785399999999
mondasz_mondasz_participant_SESSION_2025-10-27_09h33.39.857.csv	fesszent	Prs.NDef.2Pl (mondotok)	fesszentetek	1724	326	1431362	Nő	2005	8 / 8	IJKI8D	device: no device info, screen width: no width info, screen height: no height info, user info: no agent info	1222950	nt	fessent	fesszenttek	fesszentetek	TRUE	9515.785399999999
mondasz_mondasz_participant_SESSION_2025-10-27_09h33.39.857.csv	lahont	Prs.1Sg›2 (mondalak)	lahontalak	1614	327	1433479	Nő	2005	8 / 8	IJKI8D	device: no device info, screen width: no width info, screen height: no height info, user info: no agent info	1222950	nt	lahont	lahontlak	lahontalak	TRUE	9515.785399999999
mondasz_mondasz_participant_SESSION_2025-10-27_09h33.39.857.csv	löllöszt	Prs.1Sg›2 (mondalak)	löllösztelek	1333	328	1435313	Nő	2005	8 / 8	IJKI8D	device: no device info, screen width: no width info, screen height: no height info, user info: no agent info	1222950	st	löllöst	löllösztlek	löllösztelek	TRUE	9515.785399999999
mondasz_mondasz_participant_SESSION_2025-10-27_09h33.39.857.csv	kurtoszt	Prs.1Sg›2 (mondalak)	kurtosztalak	1014	329	1436829	Nő	2005	8 / 8	IJKI8D	device: no device info, screen width: no width info, screen height: no height info, user info: no agent info	1222950	st	kurtost	kurtosztlak	kurtosztalak	TRUE	9515.785399999999
mondasz_mondasz_participant_SESSION_2025-10-27_09h33.39.857.csv	cúrong	Prs.NDef.2Sg (mondas)	cúrongasz	1248	330	1438578	Nő	2005	8 / 8	IJKI8D	device: no device info, screen width: no width info, screen height: no height info, user info: no agent info	1222950	ng	cúrong	cúrongsz	cúrongasz	TRUE	9515.785399999999
mondasz_mondasz_participant_SESSION_2025-10-27_09h33.39.857.csv	ütvöszt	Prs.NDef.3Pl (mondanak)	ütvösztenek	1865	331	1440945	Nő	2005	8 / 8	IJKI8D	device: no device info, screen width: no width info, screen height: no height info, user info: no agent info	1222950	st	ütvöst	ütvösztnek	ütvösztenek	TRUE	9515.785399999999
mondasz_mondasz_participant_SESSION_2025-10-27_09h33.39.857.csv	suvoszt	Prs.NDef.2Pl (mondotok)	suvosztotok	1364	332	1442811	Nő	2005	8 / 8	IJKI8D	device: no device info, screen width: no width info, screen height: no height info, user info: no agent info	1222950	st	šuvost	suvoszttok	suvosztotok	TRUE	9515.785399999999
mondasz_mondasz_participant_SESSION_2025-10-27_09h33.39.857.csv	szüvöng	Prs.1Sg›2 (mondalak)	szüvöngelek	1516	333	1444829	Nő	2005	8 / 8	IJKI8D	device: no device info, screen width: no width info, screen height: no height info, user info: no agent info	1222950	ng	süvöng	szüvönglek	szüvöngelek	TRUE	9515.785399999999
mondasz_mondasz_participant_SESSION_2025-10-27_09h33.39.857.csv	pétlent	Prs.1Sg›2 (mondalak)	pétlentelek	1481	334	1446812	Nő	2005	8 / 8	IJKI8D	device: no device info, screen width: no width info, screen height: no height info, user info: no agent info	1222950	nt	pétlent	pétlentlek	pétlentelek	TRUE	9515.785399999999
mondasz_mondasz_participant_SESSION_2025-10-27_09h33.39.857.csv	csumlong	Prs.NDef.3Pl (mondanak)	csumlonganak	1415	335	1448729	Nő	2005	8 / 8	IJKI8D	device: no device info, screen width: no width info, screen height: no height info, user info: no agent info	1222950	ng	čumlong	csumlongnak	csumlonganak	TRUE	9515.785399999999
mondasz_mondasz_participant_SESSION_2025-10-27_19h56.01.15.csv	csölönt	Prs.NDef.3Pl (mondanak)	csölöntenek	19179	8	219955	férfi	2004	8 / 8	IGQ479	device: desktop, screen width: 1920, screen height: 1080, user info: Mozilla/5.0 (Windows NT 10.0; Win64; x64) AppleWebKit/537.36 (KHTML, like Gecko) Chrome/141.0.0.0 Safari/537.36	1447278	nt	čölönt	csölöntnek	csölöntenek	TRUE	9515.785399999999
mondasz_mondasz_participant_SESSION_2025-10-27_19h56.01.15.csv	pagyont	Prs.NDef.2Pl (mondotok)	pagyonttok	11967	9	232426	férfi	2004	8 / 8	IGQ479	device: desktop, screen width: 1920, screen height: 1080, user info: Mozilla/5.0 (Windows NT 10.0; Win64; x64) AppleWebKit/537.36 (KHTML, like Gecko) Chrome/141.0.0.0 Safari/537.36	1447278	nt	paḏont	pagyonttok	pagyontotok	FALSE	9515.785399999999
mondasz_mondasz_participant_SESSION_2025-10-27_19h56.01.15.csv	pagoszt	Prs.NDef.2Pl (mondotok)	pagoszttok	5092	10	238019	férfi	2004	8 / 8	IGQ479	device: desktop, screen width: 1920, screen height: 1080, user info: Mozilla/5.0 (Windows NT 10.0; Win64; x64) AppleWebKit/537.36 (KHTML, like Gecko) Chrome/141.0.0.0 Safari/537.36	1447278	st	pagost	pagoszttok	pagosztotok	FALSE	9515.785399999999
mondasz_mondasz_participant_SESSION_2025-10-27_19h56.01.15.csv	fedrent	Prs.1Sg›2 (mondalak)	fedrentlek	17398	11	255924	férfi	2004	8 / 8	IGQ479	device: desktop, screen width: 1920, screen height: 1080, user info: Mozilla/5.0 (Windows NT 10.0; Win64; x64) AppleWebKit/537.36 (KHTML, like Gecko) Chrome/141.0.0.0 Safari/537.36	1447278	nt	fedrent	fedrentlek	fedrentelek	FALSE	9515.785399999999
mondasz_mondasz_participant_SESSION_2025-10-27_19h56.01.15.csv	flöföjt	Prs.NDef.3Pl (mondanak)	flöföjtenek	10882	12	267306	férfi	2004	8 / 8	IGQ479	device: desktop, screen width: 1920, screen height: 1080, user info: Mozilla/5.0 (Windows NT 10.0; Win64; x64) AppleWebKit/537.36 (KHTML, like Gecko) Chrome/141.0.0.0 Safari/537.36	1447278	jt	flöföjt	flöföjtnek	flöföjtenek	TRUE	9515.785399999999
mondasz_mondasz_participant_SESSION_2025-10-27_19h56.01.15.csv	nyuttojt	Prs.NDef.2Sg (mondas)	nyuttojtsz	8893	13	276705	férfi	2004	8 / 8	IGQ479	device: desktop, screen width: 1920, screen height: 1080, user info: Mozilla/5.0 (Windows NT 10.0; Win64; x64) AppleWebKit/537.36 (KHTML, like Gecko) Chrome/141.0.0.0 Safari/537.36	1447278	jt	ṉuttojt	nyuttojtsz	nyuttojtasz	FALSE	9515.785399999999
mondasz_mondasz_participant_SESSION_2025-10-27_19h56.01.15.csv	sökköjt	Prs.NDef.3Pl (mondanak)	sökköjtenek	6235	14	283453	férfi	2004	8 / 8	IGQ479	device: desktop, screen width: 1920, screen height: 1080, user info: Mozilla/5.0 (Windows NT 10.0; Win64; x64) AppleWebKit/537.36 (KHTML, like Gecko) Chrome/141.0.0.0 Safari/537.36	1447278	jt	šökköjt	sökköjtnek	sökköjtenek	TRUE	9515.785399999999
mondasz_mondasz_participant_SESSION_2025-10-27_19h56.01.15.csv	sittyeszt	Prs.NDef.3Pl (mondanak)	sittyesztenek	5875	15	289830	férfi	2004	8 / 8	IGQ479	device: desktop, screen width: 1920, screen height: 1080, user info: Mozilla/5.0 (Windows NT 10.0; Win64; x64) AppleWebKit/537.36 (KHTML, like Gecko) Chrome/141.0.0.0 Safari/537.36	1447278	st	šiṯṯest	sittyesztnek	sittyesztenek	TRUE	9515.785399999999
mondasz_mondasz_participant_SESSION_2025-10-27_19h56.01.15.csv	nyelkeng	Prs.1Sg›2 (mondalak)	nyelkenglek	19425	16	309769	férfi	2004	8 / 8	IGQ479	device: desktop, screen width: 1920, screen height: 1080, user info: Mozilla/5.0 (Windows NT 10.0; Win64; x64) AppleWebKit/537.36 (KHTML, like Gecko) Chrome/141.0.0.0 Safari/537.36	1447278	ng	ṉelkeng	nyelkenglek	nyelkengelek	FALSE	9515.785399999999
mondasz_mondasz_participant_SESSION_2025-10-27_19h56.01.15.csv	pégeng	Prs.NDef.2Sg (mondas)	pégengsz	6541	17	316811	férfi	2004	8 / 8	IGQ479	device: desktop, screen width: 1920, screen height: 1080, user info: Mozilla/5.0 (Windows NT 10.0; Win64; x64) AppleWebKit/537.36 (KHTML, like Gecko) Chrome/141.0.0.0 Safari/537.36	1447278	ng	pégeng	pégengsz	pégengesz	FALSE	9515.785399999999
mondasz_mondasz_participant_SESSION_2025-10-27_19h56.01.15.csv	hördöng	Prs.NDef.2Sg (mondas)	hördöngsz	5818	18	323132	férfi	2004	8 / 8	IGQ479	device: desktop, screen width: 1920, screen height: 1080, user info: Mozilla/5.0 (Windows NT 10.0; Win64; x64) AppleWebKit/537.36 (KHTML, like Gecko) Chrome/141.0.0.0 Safari/537.36	1447278	ng	hördöng	hördöngsz	hördöngesz	FALSE	9515.785399999999
mondasz_mondasz_participant_SESSION_2025-10-27_19h56.01.15.csv	mirmeszt	Prs.NDef.2Sg (mondas)	mirmesztesz	8008	19	331641	férfi	2004	8 / 8	IGQ479	device: desktop, screen width: 1920, screen height: 1080, user info: Mozilla/5.0 (Windows NT 10.0; Win64; x64) AppleWebKit/537.36 (KHTML, like Gecko) Chrome/141.0.0.0 Safari/537.36	1447278	st	mirmest	mirmesztsz	mirmesztesz	TRUE	9515.785399999999
mondasz_mondasz_participant_SESSION_2025-10-27_19h56.01.15.csv	vuzong	Prs.1Sg›2 (mondalak)	vuzonglak	4286	20	336437	férfi	2004	8 / 8	IGQ479	device: desktop, screen width: 1920, screen height: 1080, user info: Mozilla/5.0 (Windows NT 10.0; Win64; x64) AppleWebKit/537.36 (KHTML, like Gecko) Chrome/141.0.0.0 Safari/537.36	1447278	ng	vuzong	vuzonglak	vuzongalak	FALSE	9515.785399999999
mondasz_mondasz_participant_SESSION_2025-10-27_19h56.01.15.csv	kernyeszt	Prs.NDef.2Sg (mondas)	kernyesztesz	4589	21	341539	férfi	2004	8 / 8	IGQ479	device: desktop, screen width: 1920, screen height: 1080, user info: Mozilla/5.0 (Windows NT 10.0; Win64; x64) AppleWebKit/537.36 (KHTML, like Gecko) Chrome/141.0.0.0 Safari/537.36	1447278	st	kerṉest	kernyesztsz	kernyesztesz	TRUE	9515.785399999999
mondasz_mondasz_participant_SESSION_2025-10-27_19h56.01.15.csv	csampojt	Prs.NDef.2Pl (mondotok)	csampojttok	6576	22	348627	férfi	2004	8 / 8	IGQ479	device: desktop, screen width: 1920, screen height: 1080, user info: Mozilla/5.0 (Windows NT 10.0; Win64; x64) AppleWebKit/537.36 (KHTML, like Gecko) Chrome/141.0.0.0 Safari/537.36	1447278	jt	čampojt	csampojttok	csampojtotok	FALSE	9515.785399999999
mondasz_mondasz_participant_SESSION_2025-10-27_19h56.01.15.csv	cséleszt	Prs.1Sg›2 (mondalak)	csélesztelek	7683	23	356811	férfi	2004	8 / 8	IGQ479	device: desktop, screen width: 1920, screen height: 1080, user info: Mozilla/5.0 (Windows NT 10.0; Win64; x64) AppleWebKit/537.36 (KHTML, like Gecko) Chrome/141.0.0.0 Safari/537.36	1447278	st	čélest	csélesztlek	csélesztelek	TRUE	9515.785399999999
mondasz_mondasz_participant_SESSION_2025-10-27_19h56.01.15.csv	mirmeszt	Prs.NDef.3Pl (mondanak)	mirmesztenek	3605	24	360921	férfi	2004	8 / 8	IGQ479	device: desktop, screen width: 1920, screen height: 1080, user info: Mozilla/5.0 (Windows NT 10.0; Win64; x64) AppleWebKit/537.36 (KHTML, like Gecko) Chrome/141.0.0.0 Safari/537.36	1447278	st	mirmest	mirmesztnek	mirmesztenek	TRUE	9515.785399999999
mondasz_mondasz_participant_SESSION_2025-10-27_19h56.01.15.csv	hojont	Prs.NDef.3Pl (mondanak)	hojontanak	6359	26	376484	férfi	2004	8 / 8	IGQ479	device: desktop, screen width: 1920, screen height: 1080, user info: Mozilla/5.0 (Windows NT 10.0; Win64; x64) AppleWebKit/537.36 (KHTML, like Gecko) Chrome/141.0.0.0 Safari/537.36	1447278	nt	hojont	hojontnak	hojontanak	TRUE	9515.785399999999
mondasz_mondasz_participant_SESSION_2025-10-27_19h56.01.15.csv	pagoszt	Prs.NDef.3Pl (mondanak)	pagosztanak	5643	27	382628	férfi	2004	8 / 8	IGQ479	device: desktop, screen width: 1920, screen height: 1080, user info: Mozilla/5.0 (Windows NT 10.0; Win64; x64) AppleWebKit/537.36 (KHTML, like Gecko) Chrome/141.0.0.0 Safari/537.36	1447278	st	pagost	pagosztnak	pagosztanak	TRUE	9515.785399999999
mondasz_mondasz_participant_SESSION_2025-10-27_19h56.01.15.csv	gyahong	Prs.NDef.2Pl (mondotok)	gyahongtok	5050	28	388181	férfi	2004	8 / 8	IGQ479	device: desktop, screen width: 1920, screen height: 1080, user info: Mozilla/5.0 (Windows NT 10.0; Win64; x64) AppleWebKit/537.36 (KHTML, like Gecko) Chrome/141.0.0.0 Safari/537.36	1447278	ng	ḏahong	gyahongtok	gyahongotok	FALSE	9515.785399999999
mondasz_mondasz_participant_SESSION_2025-10-27_19h56.01.15.csv	zsömhöjt	Prs.NDef.2Sg (mondas)	zsömhöjtesz	5014	30	398703	férfi	2004	8 / 8	IGQ479	device: desktop, screen width: 1920, screen height: 1080, user info: Mozilla/5.0 (Windows NT 10.0; Win64; x64) AppleWebKit/537.36 (KHTML, like Gecko) Chrome/141.0.0.0 Safari/537.36	1447278	jt	žömhöjt	zsömhöjtsz	zsömhöjtesz	TRUE	9515.785399999999
mondasz_mondasz_participant_SESSION_2025-10-27_19h56.01.15.csv	nyorojt	Prs.1Sg›2 (mondalak)	nyorojtalak	5355	32	410911	férfi	2004	8 / 8	IGQ479	device: desktop, screen width: 1920, screen height: 1080, user info: Mozilla/5.0 (Windows NT 10.0; Win64; x64) AppleWebKit/537.36 (KHTML, like Gecko) Chrome/141.0.0.0 Safari/537.36	1447278	jt	ṉorojt	nyorojtlak	nyorojtalak	TRUE	9515.785399999999
mondasz_mondasz_participant_SESSION_2025-10-27_19h56.01.15.csv	pömpöng	Prs.1Sg›2 (mondalak)	pömpönglek	5442	33	416853	férfi	2004	8 / 8	IGQ479	device: desktop, screen width: 1920, screen height: 1080, user info: Mozilla/5.0 (Windows NT 10.0; Win64; x64) AppleWebKit/537.36 (KHTML, like Gecko) Chrome/141.0.0.0 Safari/537.36	1447278	ng	pömpöng	pömpönglek	pömpöngelek	FALSE	9515.785399999999
mondasz_mondasz_participant_SESSION_2025-10-27_19h56.01.15.csv	potojt	Prs.NDef.2Pl (mondotok)	potojttok	6114	34	423478	férfi	2004	8 / 8	IGQ479	device: desktop, screen width: 1920, screen height: 1080, user info: Mozilla/5.0 (Windows NT 10.0; Win64; x64) AppleWebKit/537.36 (KHTML, like Gecko) Chrome/141.0.0.0 Safari/537.36	1447278	jt	potojt	potojttok	potojtotok	FALSE	9515.785399999999
mondasz_mondasz_participant_SESSION_2025-10-27_19h56.01.15.csv	vórnyoszt	Prs.NDef.2Pl (mondotok)	vórnyosztotok	3417	35	427398	férfi	2004	8 / 8	IGQ479	device: desktop, screen width: 1920, screen height: 1080, user info: Mozilla/5.0 (Windows NT 10.0; Win64; x64) AppleWebKit/537.36 (KHTML, like Gecko) Chrome/141.0.0.0 Safari/537.36	1447278	st	vórṉost	vórnyoszttok	vórnyosztotok	TRUE	9515.785399999999
mondasz_mondasz_participant_SESSION_2025-10-27_19h56.01.15.csv	fesszent	Prs.NDef.3Pl (mondanak)	fesszentenek	6094	36	433993	férfi	2004	8 / 8	IGQ479	device: desktop, screen width: 1920, screen height: 1080, user info: Mozilla/5.0 (Windows NT 10.0; Win64; x64) AppleWebKit/537.36 (KHTML, like Gecko) Chrome/141.0.0.0 Safari/537.36	1447278	nt	fessent	fesszentnek	fesszentenek	TRUE	9515.785399999999
mondasz_mondasz_participant_SESSION_2025-10-27_19h56.01.15.csv	rupojt	Prs.NDef.3Pl (mondanak)	rupojtanak	4329	37	438825	férfi	2004	8 / 8	IGQ479	device: desktop, screen width: 1920, screen height: 1080, user info: Mozilla/5.0 (Windows NT 10.0; Win64; x64) AppleWebKit/537.36 (KHTML, like Gecko) Chrome/141.0.0.0 Safari/537.36	1447278	jt	rupojt	rupojtnak	rupojtanak	TRUE	9515.785399999999
mondasz_mondasz_participant_SESSION_2025-10-27_19h56.01.15.csv	áhong	Prs.NDef.3Pl (mondanak)	áhonganak	4007	38	443334	férfi	2004	8 / 8	IGQ479	device: desktop, screen width: 1920, screen height: 1080, user info: Mozilla/5.0 (Windows NT 10.0; Win64; x64) AppleWebKit/537.36 (KHTML, like Gecko) Chrome/141.0.0.0 Safari/537.36	1447278	ng	áhong	áhongnak	áhonganak	TRUE	9515.785399999999
mondasz_mondasz_participant_SESSION_2025-10-27_19h56.01.15.csv	büfröng	Prs.NDef.3Pl (mondanak)	büfröngenek	6103	39	449949	férfi	2004	8 / 8	IGQ479	device: desktop, screen width: 1920, screen height: 1080, user info: Mozilla/5.0 (Windows NT 10.0; Win64; x64) AppleWebKit/537.36 (KHTML, like Gecko) Chrome/141.0.0.0 Safari/537.36	1447278	ng	büfröng	büfröngnek	büfröngenek	TRUE	9515.785399999999
mondasz_mondasz_participant_SESSION_2025-10-27_19h56.01.15.csv	büfröng	Prs.1Sg›2 (mondalak)	büfrönglek	5200	40	455652	férfi	2004	8 / 8	IGQ479	device: desktop, screen width: 1920, screen height: 1080, user info: Mozilla/5.0 (Windows NT 10.0; Win64; x64) AppleWebKit/537.36 (KHTML, like Gecko) Chrome/141.0.0.0 Safari/537.36	1447278	ng	büfröng	büfrönglek	büfröngelek	FALSE	9515.785399999999
mondasz_mondasz_participant_SESSION_2025-10-27_19h56.01.15.csv	zsömhöjt	Prs.NDef.3Pl (mondanak)	zsömhöjtenek	4912	41	461064	férfi	2004	8 / 8	IGQ479	device: desktop, screen width: 1920, screen height: 1080, user info: Mozilla/5.0 (Windows NT 10.0; Win64; x64) AppleWebKit/537.36 (KHTML, like Gecko) Chrome/141.0.0.0 Safari/537.36	1447278	jt	žömhöjt	zsömhöjtnek	zsömhöjtenek	TRUE	9515.785399999999
mondasz_mondasz_participant_SESSION_2025-10-27_19h56.01.15.csv	mörgöng	Prs.1Sg›2 (mondalak)	mörgönglek	3606	42	465171	férfi	2004	8 / 8	IGQ479	device: desktop, screen width: 1920, screen height: 1080, user info: Mozilla/5.0 (Windows NT 10.0; Win64; x64) AppleWebKit/537.36 (KHTML, like Gecko) Chrome/141.0.0.0 Safari/537.36	1447278	ng	mörgöng	mörgönglek	mörgöngelek	FALSE	9515.785399999999
mondasz_mondasz_participant_SESSION_2025-10-27_19h56.01.15.csv	csumlong	Prs.NDef.2Pl (mondotok)	csumlongtok	4042	43	469714	férfi	2004	8 / 8	IGQ479	device: desktop, screen width: 1920, screen height: 1080, user info: Mozilla/5.0 (Windows NT 10.0; Win64; x64) AppleWebKit/537.36 (KHTML, like Gecko) Chrome/141.0.0.0 Safari/537.36	1447278	ng	čumlong	csumlongtok	csumlongotok	FALSE	9515.785399999999
mondasz_mondasz_participant_SESSION_2025-10-27_19h56.01.15.csv	potojt	Prs.1Sg›2 (mondalak)	potojtlak	4654	44	474869	férfi	2004	8 / 8	IGQ479	device: desktop, screen width: 1920, screen height: 1080, user info: Mozilla/5.0 (Windows NT 10.0; Win64; x64) AppleWebKit/537.36 (KHTML, like Gecko) Chrome/141.0.0.0 Safari/537.36	1447278	jt	potojt	potojtlak	potojtalak	FALSE	9515.785399999999
mondasz_mondasz_participant_SESSION_2025-10-27_19h56.01.15.csv	jököng	Prs.NDef.2Sg (mondas)	jököngsz	4743	45	480117	férfi	2004	8 / 8	IGQ479	device: desktop, screen width: 1920, screen height: 1080, user info: Mozilla/5.0 (Windows NT 10.0; Win64; x64) AppleWebKit/537.36 (KHTML, like Gecko) Chrome/141.0.0.0 Safari/537.36	1447278	ng	jököng	jököngsz	jököngesz	FALSE	9515.785399999999
mondasz_mondasz_participant_SESSION_2025-10-27_19h56.01.15.csv	fesszent	Prs.NDef.2Pl (mondotok)	fesszentetek	2789	46	483407	férfi	2004	8 / 8	IGQ479	device: desktop, screen width: 1920, screen height: 1080, user info: Mozilla/5.0 (Windows NT 10.0; Win64; x64) AppleWebKit/537.36 (KHTML, like Gecko) Chrome/141.0.0.0 Safari/537.36	1447278	nt	fessent	fesszenttek	fesszentetek	TRUE	9515.785399999999
mondasz_mondasz_participant_SESSION_2025-10-27_19h56.01.15.csv	koszkojt	Prs.1Sg›2 (mondalak)	koszkojtalak	4799	47	488708	férfi	2004	8 / 8	IGQ479	device: desktop, screen width: 1920, screen height: 1080, user info: Mozilla/5.0 (Windows NT 10.0; Win64; x64) AppleWebKit/537.36 (KHTML, like Gecko) Chrome/141.0.0.0 Safari/537.36	1447278	jt	koskojt	koszkojtlak	koszkojtalak	TRUE	9515.785399999999
mondasz_mondasz_participant_SESSION_2025-10-27_19h56.01.15.csv	pánkojt	Prs.NDef.2Pl (mondotok)	pánkojttok	5413	48	494626	férfi	2004	8 / 8	IGQ479	device: desktop, screen width: 1920, screen height: 1080, user info: Mozilla/5.0 (Windows NT 10.0; Win64; x64) AppleWebKit/537.36 (KHTML, like Gecko) Chrome/141.0.0.0 Safari/537.36	1447278	jt	pánkojt	pánkojttok	pánkojtotok	FALSE	9515.785399999999
mondasz_mondasz_participant_SESSION_2025-10-27_19h56.01.15.csv	kucont	Prs.NDef.2Pl (mondotok)	kucontotok	5005	49	500134	férfi	2004	8 / 8	IGQ479	device: desktop, screen width: 1920, screen height: 1080, user info: Mozilla/5.0 (Windows NT 10.0; Win64; x64) AppleWebKit/537.36 (KHTML, like Gecko) Chrome/141.0.0.0 Safari/537.36	1447278	nt	kucont	kuconttok	kucontotok	TRUE	9515.785399999999
mondasz_mondasz_participant_SESSION_2025-10-27_19h56.01.15.csv	sébeszt	Prs.NDef.3Pl (mondanak)	sébesztenek	3985	50	504629	férfi	2004	8 / 8	IGQ479	device: desktop, screen width: 1920, screen height: 1080, user info: Mozilla/5.0 (Windows NT 10.0; Win64; x64) AppleWebKit/537.36 (KHTML, like Gecko) Chrome/141.0.0.0 Safari/537.36	1447278	st	šébest	sébesztnek	sébesztenek	TRUE	9515.785399999999
mondasz_mondasz_participant_SESSION_2025-10-27_19h56.01.15.csv	sökköjt	Prs.1Sg›2 (mondalak)	sökköjtlek	4044	51	509182	férfi	2004	8 / 8	IGQ479	device: desktop, screen width: 1920, screen height: 1080, user info: Mozilla/5.0 (Windows NT 10.0; Win64; x64) AppleWebKit/537.36 (KHTML, like Gecko) Chrome/141.0.0.0 Safari/537.36	1447278	jt	šökköjt	sökköjtlek	sökköjtelek	FALSE	9515.785399999999
mondasz_mondasz_participant_SESSION_2025-10-27_19h56.01.15.csv	mógyong	Prs.NDef.3Pl (mondanak)	mógyonganak	3711	52	513394	férfi	2004	8 / 8	IGQ479	device: desktop, screen width: 1920, screen height: 1080, user info: Mozilla/5.0 (Windows NT 10.0; Win64; x64) AppleWebKit/537.36 (KHTML, like Gecko) Chrome/141.0.0.0 Safari/537.36	1447278	ng	móḏong	mógyongnak	mógyonganak	TRUE	9515.785399999999
mondasz_mondasz_participant_SESSION_2025-10-27_19h56.01.15.csv	gyahong	Prs.1Sg›2 (mondalak)	gyahonglak	4940	53	518835	férfi	2004	8 / 8	IGQ479	device: desktop, screen width: 1920, screen height: 1080, user info: Mozilla/5.0 (Windows NT 10.0; Win64; x64) AppleWebKit/537.36 (KHTML, like Gecko) Chrome/141.0.0.0 Safari/537.36	1447278	ng	ḏahong	gyahonglak	gyahongalak	FALSE	9515.785399999999
mondasz_mondasz_participant_SESSION_2025-10-27_19h56.01.15.csv	polloszt	Prs.NDef.2Pl (mondotok)	pollosztotok	4342	55	529469	férfi	2004	8 / 8	IGQ479	device: desktop, screen width: 1920, screen height: 1080, user info: Mozilla/5.0 (Windows NT 10.0; Win64; x64) AppleWebKit/537.36 (KHTML, like Gecko) Chrome/141.0.0.0 Safari/537.36	1447278	st	pollost	polloszttok	pollosztotok	TRUE	9515.785399999999
mondasz_mondasz_participant_SESSION_2025-10-27_19h56.01.15.csv	hojont	Prs.NDef.2Pl (mondotok)	hojonttok	4214	56	534187	férfi	2004	8 / 8	IGQ479	device: desktop, screen width: 1920, screen height: 1080, user info: Mozilla/5.0 (Windows NT 10.0; Win64; x64) AppleWebKit/537.36 (KHTML, like Gecko) Chrome/141.0.0.0 Safari/537.36	1447278	nt	hojont	hojonttok	hojontotok	FALSE	9515.785399999999
mondasz_mondasz_participant_SESSION_2025-10-27_19h56.01.15.csv	hüröszt	Prs.NDef.3Pl (mondanak)	hürösztenek	2841	57	537540	férfi	2004	8 / 8	IGQ479	device: desktop, screen width: 1920, screen height: 1080, user info: Mozilla/5.0 (Windows NT 10.0; Win64; x64) AppleWebKit/537.36 (KHTML, like Gecko) Chrome/141.0.0.0 Safari/537.36	1447278	st	hüröst	hürösztnek	hürösztenek	TRUE	9515.785399999999
mondasz_mondasz_participant_SESSION_2025-10-27_19h56.01.15.csv	ütvöszt	Prs.1Sg›2 (mondalak)	ütvösztlek	3471	58	541520	férfi	2004	8 / 8	IGQ479	device: desktop, screen width: 1920, screen height: 1080, user info: Mozilla/5.0 (Windows NT 10.0; Win64; x64) AppleWebKit/537.36 (KHTML, like Gecko) Chrome/141.0.0.0 Safari/537.36	1447278	st	ütvöst	ütvösztlek	ütvösztelek	FALSE	9515.785399999999
mondasz_mondasz_participant_SESSION_2025-10-27_19h56.01.15.csv	bákont	Prs.NDef.2Sg (mondas)	bákontasz	11353	59	553376	férfi	2004	8 / 8	IGQ479	device: desktop, screen width: 1920, screen height: 1080, user info: Mozilla/5.0 (Windows NT 10.0; Win64; x64) AppleWebKit/537.36 (KHTML, like Gecko) Chrome/141.0.0.0 Safari/537.36	1447278	nt	bákont	bákontsz	bákontasz	TRUE	9515.785399999999
mondasz_mondasz_participant_SESSION_2025-10-27_19h56.01.15.csv	potojt	Prs.NDef.2Sg (mondas)	potojtasz	3869	60	557745	férfi	2004	8 / 8	IGQ479	device: desktop, screen width: 1920, screen height: 1080, user info: Mozilla/5.0 (Windows NT 10.0; Win64; x64) AppleWebKit/537.36 (KHTML, like Gecko) Chrome/141.0.0.0 Safari/537.36	1447278	jt	potojt	potojtsz	potojtasz	TRUE	9515.785399999999
mondasz_mondasz_participant_SESSION_2025-10-27_19h56.01.15.csv	zöccsöjt	Prs.NDef.2Sg (mondas)	zöccsöjtesz	4344	61	562590	férfi	2004	8 / 8	IGQ479	device: desktop, screen width: 1920, screen height: 1080, user info: Mozilla/5.0 (Windows NT 10.0; Win64; x64) AppleWebKit/537.36 (KHTML, like Gecko) Chrome/141.0.0.0 Safari/537.36	1447278	jt	zöččöjt	zöccsöjtsz	zöccsöjtesz	TRUE	9515.785399999999
mondasz_mondasz_participant_SESSION_2025-10-27_19h56.01.15.csv	cúrong	Prs.NDef.2Pl (mondotok)	cúrongotok	4070	62	567174	férfi	2004	8 / 8	IGQ479	device: desktop, screen width: 1920, screen height: 1080, user info: Mozilla/5.0 (Windows NT 10.0; Win64; x64) AppleWebKit/537.36 (KHTML, like Gecko) Chrome/141.0.0.0 Safari/537.36	1447278	ng	cúrong	cúrongtok	cúrongotok	TRUE	9515.785399999999
mondasz_mondasz_participant_SESSION_2025-10-27_19h56.01.15.csv	nyénnyejt	Prs.NDef.2Sg (mondas)	nyénnyejtesz	7135	63	574825	férfi	2004	8 / 8	IGQ479	device: desktop, screen width: 1920, screen height: 1080, user info: Mozilla/5.0 (Windows NT 10.0; Win64; x64) AppleWebKit/537.36 (KHTML, like Gecko) Chrome/141.0.0.0 Safari/537.36	1447278	jt	ṉéṉṉejt	nyénnyejtsz	nyénnyejtesz	TRUE	9515.785399999999
mondasz_mondasz_participant_SESSION_2025-10-27_19h56.01.15.csv	nyelkeng	Prs.NDef.2Pl (mondotok)	nyelkengtek	3389	64	578714	férfi	2004	8 / 8	IGQ479	device: desktop, screen width: 1920, screen height: 1080, user info: Mozilla/5.0 (Windows NT 10.0; Win64; x64) AppleWebKit/537.36 (KHTML, like Gecko) Chrome/141.0.0.0 Safari/537.36	1447278	ng	ṉelkeng	nyelkengtek	nyelkengetek	FALSE	9515.785399999999
mondasz_mondasz_participant_SESSION_2025-10-27_19h56.01.15.csv	csumlong	Prs.NDef.3Pl (mondanak)	csumlongnak	3315	65	582530	férfi	2004	8 / 8	IGQ479	device: desktop, screen width: 1920, screen height: 1080, user info: Mozilla/5.0 (Windows NT 10.0; Win64; x64) AppleWebKit/537.36 (KHTML, like Gecko) Chrome/141.0.0.0 Safari/537.36	1447278	ng	čumlong	csumlongnak	csumlonganak	FALSE	9515.785399999999
mondasz_mondasz_participant_SESSION_2025-10-27_19h56.01.15.csv	ütvöszt	Prs.NDef.2Sg (mondas)	ütvösztesz	3260	66	586303	férfi	2004	8 / 8	IGQ479	device: desktop, screen width: 1920, screen height: 1080, user info: Mozilla/5.0 (Windows NT 10.0; Win64; x64) AppleWebKit/537.36 (KHTML, like Gecko) Chrome/141.0.0.0 Safari/537.36	1447278	st	ütvöst	ütvösztsz	ütvösztesz	TRUE	9515.785399999999
mondasz_mondasz_participant_SESSION_2025-10-27_19h56.01.15.csv	nésszent	Prs.NDef.2Pl (mondotok)	nésszenttek	4139	67	590957	férfi	2004	8 / 8	IGQ479	device: desktop, screen width: 1920, screen height: 1080, user info: Mozilla/5.0 (Windows NT 10.0; Win64; x64) AppleWebKit/537.36 (KHTML, like Gecko) Chrome/141.0.0.0 Safari/537.36	1447278	nt	néssent	nésszenttek	nésszentetek	FALSE	9515.785399999999
mondasz_mondasz_participant_SESSION_2025-10-27_19h56.01.15.csv	fűjönt	Prs.1Sg›2 (mondalak)	fűjöntlek	5390	68	596848	férfi	2004	8 / 8	IGQ479	device: desktop, screen width: 1920, screen height: 1080, user info: Mozilla/5.0 (Windows NT 10.0; Win64; x64) AppleWebKit/537.36 (KHTML, like Gecko) Chrome/141.0.0.0 Safari/537.36	1447278	nt	fűjönt	fűjöntlek	fűjöntelek	FALSE	9515.785399999999
mondasz_mondasz_participant_SESSION_2025-10-27_19h56.01.15.csv	vutojt	Prs.NDef.2Sg (mondas)	vutojtasz	3348	69	600698	férfi	2004	8 / 8	IGQ479	device: desktop, screen width: 1920, screen height: 1080, user info: Mozilla/5.0 (Windows NT 10.0; Win64; x64) AppleWebKit/537.36 (KHTML, like Gecko) Chrome/141.0.0.0 Safari/537.36	1447278	jt	vutojt	vutojtsz	vutojtasz	TRUE	9515.785399999999
mondasz_mondasz_participant_SESSION_2025-10-27_19h56.01.15.csv	gyuront	Prs.1Sg›2 (mondalak)	gyurontlak	7465	70	608666	férfi	2004	8 / 8	IGQ479	device: desktop, screen width: 1920, screen height: 1080, user info: Mozilla/5.0 (Windows NT 10.0; Win64; x64) AppleWebKit/537.36 (KHTML, like Gecko) Chrome/141.0.0.0 Safari/537.36	1447278	nt	ḏuront	gyurontlak	gyurontalak	FALSE	9515.785399999999
mondasz_mondasz_participant_SESSION_2025-10-27_19h56.01.15.csv	csölönt	Prs.NDef.2Sg (mondas)	csölöntesz	9626	71	618794	férfi	2004	8 / 8	IGQ479	device: desktop, screen width: 1920, screen height: 1080, user info: Mozilla/5.0 (Windows NT 10.0; Win64; x64) AppleWebKit/537.36 (KHTML, like Gecko) Chrome/141.0.0.0 Safari/537.36	1447278	nt	čölönt	csölöntsz	csölöntesz	TRUE	9515.785399999999
mondasz_mondasz_participant_SESSION_2025-10-27_19h56.01.15.csv	lahont	Prs.1Sg›2 (mondalak)	lahontlak	3400	72	622705	férfi	2004	8 / 8	IGQ479	device: desktop, screen width: 1920, screen height: 1080, user info: Mozilla/5.0 (Windows NT 10.0; Win64; x64) AppleWebKit/537.36 (KHTML, like Gecko) Chrome/141.0.0.0 Safari/537.36	1447278	nt	lahont	lahontlak	lahontalak	FALSE	9515.785399999999
mondasz_mondasz_participant_SESSION_2025-10-27_19h56.01.15.csv	pétlent	Prs.NDef.2Pl (mondotok)	pétlenttek	5155	73	628371	férfi	2004	8 / 8	IGQ479	device: desktop, screen width: 1920, screen height: 1080, user info: Mozilla/5.0 (Windows NT 10.0; Win64; x64) AppleWebKit/537.36 (KHTML, like Gecko) Chrome/141.0.0.0 Safari/537.36	1447278	nt	pétlent	pétlenttek	pétlentetek	FALSE	9515.785399999999
mondasz_mondasz_participant_SESSION_2025-10-27_19h56.01.15.csv	csampojt	Prs.NDef.2Sg (mondas)	csampojtasz	3303	74	632174	férfi	2004	8 / 8	IGQ479	device: desktop, screen width: 1920, screen height: 1080, user info: Mozilla/5.0 (Windows NT 10.0; Win64; x64) AppleWebKit/537.36 (KHTML, like Gecko) Chrome/141.0.0.0 Safari/537.36	1447278	jt	čampojt	csampojtsz	csampojtasz	TRUE	9515.785399999999
mondasz_mondasz_participant_SESSION_2025-10-27_19h56.01.15.csv	gyuront	Prs.NDef.2Pl (mondotok)	gyuronttok	4161	75	636841	férfi	2004	8 / 8	IGQ479	device: desktop, screen width: 1920, screen height: 1080, user info: Mozilla/5.0 (Windows NT 10.0; Win64; x64) AppleWebKit/537.36 (KHTML, like Gecko) Chrome/141.0.0.0 Safari/537.36	1447278	nt	ḏuront	gyuronttok	gyurontotok	FALSE	9515.785399999999
mondasz_mondasz_participant_SESSION_2025-10-27_19h56.01.15.csv	hárkont	Prs.NDef.2Pl (mondotok)	hárkonttok	2769	76	640118	férfi	2004	8 / 8	IGQ479	device: desktop, screen width: 1920, screen height: 1080, user info: Mozilla/5.0 (Windows NT 10.0; Win64; x64) AppleWebKit/537.36 (KHTML, like Gecko) Chrome/141.0.0.0 Safari/537.36	1447278	nt	hárkont	hárkonttok	hárkontotok	FALSE	9515.785399999999
mondasz_mondasz_participant_SESSION_2025-10-27_19h56.01.15.csv	nyénnyejt	Prs.1Sg›2 (mondalak)	nyénnyejtelek	5950	77	646573	férfi	2004	8 / 8	IGQ479	device: desktop, screen width: 1920, screen height: 1080, user info: Mozilla/5.0 (Windows NT 10.0; Win64; x64) AppleWebKit/537.36 (KHTML, like Gecko) Chrome/141.0.0.0 Safari/537.36	1447278	jt	ṉéṉṉejt	nyénnyejtlek	nyénnyejtelek	TRUE	9515.785399999999
mondasz_mondasz_participant_SESSION_2025-10-27_19h56.01.15.csv	nyorojt	Prs.NDef.2Sg (mondas)	nyorojtasz	3380	78	650466	férfi	2004	8 / 8	IGQ479	device: desktop, screen width: 1920, screen height: 1080, user info: Mozilla/5.0 (Windows NT 10.0; Win64; x64) AppleWebKit/537.36 (KHTML, like Gecko) Chrome/141.0.0.0 Safari/537.36	1447278	jt	ṉorojt	nyorojtsz	nyorojtasz	TRUE	9515.785399999999
mondasz_mondasz_participant_SESSION_2025-10-27_19h56.01.15.csv	börköszt	Prs.NDef.2Pl (mondotok)	börköszttök	2972	79	653938	férfi	2004	8 / 8	IGQ479	device: desktop, screen width: 1920, screen height: 1080, user info: Mozilla/5.0 (Windows NT 10.0; Win64; x64) AppleWebKit/537.36 (KHTML, like Gecko) Chrome/141.0.0.0 Safari/537.36	1447278	st	börköst	börköszttök	börkösztötök	FALSE	9515.785399999999
mondasz_mondasz_participant_SESSION_2025-10-27_19h56.01.15.csv	pégeng	Prs.1Sg›2 (mondalak)	pégenglek	7155	80	661599	férfi	2004	8 / 8	IGQ479	device: desktop, screen width: 1920, screen height: 1080, user info: Mozilla/5.0 (Windows NT 10.0; Win64; x64) AppleWebKit/537.36 (KHTML, like Gecko) Chrome/141.0.0.0 Safari/537.36	1447278	ng	pégeng	pégenglek	pégengelek	FALSE	9515.785399999999
mondasz_mondasz_participant_SESSION_2025-10-27_19h56.01.15.csv	vuzong	Prs.NDef.3Pl (mondanak)	vuzonganak	3237	81	665340	férfi	2004	8 / 8	IGQ479	device: desktop, screen width: 1920, screen height: 1080, user info: Mozilla/5.0 (Windows NT 10.0; Win64; x64) AppleWebKit/537.36 (KHTML, like Gecko) Chrome/141.0.0.0 Safari/537.36	1447278	ng	vuzong	vuzongnak	vuzonganak	TRUE	9515.785399999999
mondasz_mondasz_participant_SESSION_2025-10-27_19h56.01.15.csv	nyuttojt	Prs.NDef.3Pl (mondanak)	nyuttojtnak	4050	82	669890	férfi	2004	8 / 8	IGQ479	device: desktop, screen width: 1920, screen height: 1080, user info: Mozilla/5.0 (Windows NT 10.0; Win64; x64) AppleWebKit/537.36 (KHTML, like Gecko) Chrome/141.0.0.0 Safari/537.36	1447278	jt	ṉuttojt	nyuttojtnak	nyuttojtanak	FALSE	9515.785399999999
mondasz_mondasz_participant_SESSION_2025-10-27_19h56.01.15.csv	nyelkeng	Prs.NDef.3Pl (mondanak)	nyelkengenek	3778	83	674182	férfi	2004	8 / 8	IGQ479	device: desktop, screen width: 1920, screen height: 1080, user info: Mozilla/5.0 (Windows NT 10.0; Win64; x64) AppleWebKit/537.36 (KHTML, like Gecko) Chrome/141.0.0.0 Safari/537.36	1447278	ng	ṉelkeng	nyelkengnek	nyelkengenek	TRUE	9515.785399999999
mondasz_mondasz_participant_SESSION_2025-10-27_19h56.01.15.csv	nyegejt	Prs.NDef.3Pl (mondanak)	nyegejtnek	4431	84	679113	férfi	2004	8 / 8	IGQ479	device: desktop, screen width: 1920, screen height: 1080, user info: Mozilla/5.0 (Windows NT 10.0; Win64; x64) AppleWebKit/537.36 (KHTML, like Gecko) Chrome/141.0.0.0 Safari/537.36	1447278	jt	ṉegejt	nyegejtnek	nyegejtenek	FALSE	9515.785399999999
mondasz_mondasz_participant_SESSION_2025-10-27_19h56.01.15.csv	zsömhöjt	Prs.NDef.2Pl (mondotok)	zsömhöjttök	8235	85	687850	férfi	2004	8 / 8	IGQ479	device: desktop, screen width: 1920, screen height: 1080, user info: Mozilla/5.0 (Windows NT 10.0; Win64; x64) AppleWebKit/537.36 (KHTML, like Gecko) Chrome/141.0.0.0 Safari/537.36	1447278	jt	žömhöjt	zsömhöjttök	zsömhöjtötök	FALSE	9515.785399999999
mondasz_mondasz_participant_SESSION_2025-10-27_19h56.01.15.csv	pánkojt	Prs.NDef.3Pl (mondanak)	pánkojtnak	4980	86	693330	férfi	2004	8 / 8	IGQ479	device: desktop, screen width: 1920, screen height: 1080, user info: Mozilla/5.0 (Windows NT 10.0; Win64; x64) AppleWebKit/537.36 (KHTML, like Gecko) Chrome/141.0.0.0 Safari/537.36	1447278	jt	pánkojt	pánkojtnak	pánkojtanak	FALSE	9515.785399999999
mondasz_mondasz_participant_SESSION_2025-10-27_19h56.01.15.csv	haccsojt	Prs.NDef.2Pl (mondotok)	haccsojttok	4907	87	698743	férfi	2004	8 / 8	IGQ479	device: desktop, screen width: 1920, screen height: 1080, user info: Mozilla/5.0 (Windows NT 10.0; Win64; x64) AppleWebKit/537.36 (KHTML, like Gecko) Chrome/141.0.0.0 Safari/537.36	1447278	jt	haččojt	haccsojttok	haccsojtotok	FALSE	9515.785399999999
mondasz_mondasz_participant_SESSION_2025-10-27_19h56.01.15.csv	gíneszt	Prs.NDef.2Pl (mondotok)	gíneszttek	2943	88	702188	férfi	2004	8 / 8	IGQ479	device: desktop, screen width: 1920, screen height: 1080, user info: Mozilla/5.0 (Windows NT 10.0; Win64; x64) AppleWebKit/537.36 (KHTML, like Gecko) Chrome/141.0.0.0 Safari/537.36	1447278	st	gínest	gíneszttek	gínesztetek	FALSE	9515.785399999999
mondasz_mondasz_participant_SESSION_2025-10-27_19h56.01.15.csv	fűjönt	Prs.NDef.2Pl (mondotok)	fűjönttök	3866	89	706563	férfi	2004	8 / 8	IGQ479	device: desktop, screen width: 1920, screen height: 1080, user info: Mozilla/5.0 (Windows NT 10.0; Win64; x64) AppleWebKit/537.36 (KHTML, like Gecko) Chrome/141.0.0.0 Safari/537.36	1447278	nt	fűjönt	fűjönttök	fűjöntötök	FALSE	9515.785399999999
mondasz_mondasz_participant_SESSION_2025-10-27_19h56.01.15.csv	rupojt	Prs.1Sg›2 (mondalak)	rupojtlak	3867	90	710931	férfi	2004	8 / 8	IGQ479	device: desktop, screen width: 1920, screen height: 1080, user info: Mozilla/5.0 (Windows NT 10.0; Win64; x64) AppleWebKit/537.36 (KHTML, like Gecko) Chrome/141.0.0.0 Safari/537.36	1447278	jt	rupojt	rupojtlak	rupojtalak	FALSE	9515.785399999999
mondasz_mondasz_participant_SESSION_2025-10-27_19h56.01.15.csv	szipteszt	Prs.1Sg›2 (mondalak)	sziptesztelek	4345	91	715782	férfi	2004	8 / 8	IGQ479	device: desktop, screen width: 1920, screen height: 1080, user info: Mozilla/5.0 (Windows NT 10.0; Win64; x64) AppleWebKit/537.36 (KHTML, like Gecko) Chrome/141.0.0.0 Safari/537.36	1447278	st	siptest	sziptesztlek	sziptesztelek	TRUE	9515.785399999999
mondasz_mondasz_participant_SESSION_2025-10-27_19h56.01.15.csv	bákont	Prs.NDef.2Pl (mondotok)	bákonttok	3496	92	719779	férfi	2004	8 / 8	IGQ479	device: desktop, screen width: 1920, screen height: 1080, user info: Mozilla/5.0 (Windows NT 10.0; Win64; x64) AppleWebKit/537.36 (KHTML, like Gecko) Chrome/141.0.0.0 Safari/537.36	1447278	nt	bákont	bákonttok	bákontotok	FALSE	9515.785399999999
mondasz_mondasz_participant_SESSION_2025-10-27_19h56.01.15.csv	mörgöng	Prs.NDef.2Pl (mondotok)	mörgöngtök	4447	93	724727	férfi	2004	8 / 8	IGQ479	device: desktop, screen width: 1920, screen height: 1080, user info: Mozilla/5.0 (Windows NT 10.0; Win64; x64) AppleWebKit/537.36 (KHTML, like Gecko) Chrome/141.0.0.0 Safari/537.36	1447278	ng	mörgöng	mörgöngtök	mörgöngötök	FALSE	9515.785399999999
mondasz_mondasz_participant_SESSION_2025-10-27_19h56.01.15.csv	tárnyont	Prs.NDef.2Pl (mondotok)	tárnyonttok	6387	94	731620	férfi	2004	8 / 8	IGQ479	device: desktop, screen width: 1920, screen height: 1080, user info: Mozilla/5.0 (Windows NT 10.0; Win64; x64) AppleWebKit/537.36 (KHTML, like Gecko) Chrome/141.0.0.0 Safari/537.36	1447278	nt	tárṉont	tárnyonttok	tárnyontotok	FALSE	9515.785399999999
mondasz_mondasz_participant_SESSION_2025-10-27_19h56.01.15.csv	gyahong	Prs.NDef.3Pl (mondanak)	gyahongnak	2579	95	734702	férfi	2004	8 / 8	IGQ479	device: desktop, screen width: 1920, screen height: 1080, user info: Mozilla/5.0 (Windows NT 10.0; Win64; x64) AppleWebKit/537.36 (KHTML, like Gecko) Chrome/141.0.0.0 Safari/537.36	1447278	ng	ḏahong	gyahongnak	gyahonganak	FALSE	9515.785399999999
mondasz_mondasz_participant_SESSION_2025-10-27_19h56.01.15.csv	fesszent	Prs.1Sg›2 (mondalak)	fesszentelek	4016	96	739226	férfi	2004	8 / 8	IGQ479	device: desktop, screen width: 1920, screen height: 1080, user info: Mozilla/5.0 (Windows NT 10.0; Win64; x64) AppleWebKit/537.36 (KHTML, like Gecko) Chrome/141.0.0.0 Safari/537.36	1447278	nt	fessent	fesszentlek	fesszentelek	TRUE	9515.785399999999
mondasz_mondasz_participant_SESSION_2025-10-27_19h56.01.15.csv	zöccsöjt	Prs.NDef.2Pl (mondotok)	zöccsöjttök	3426	97	743167	férfi	2004	8 / 8	IGQ479	device: desktop, screen width: 1920, screen height: 1080, user info: Mozilla/5.0 (Windows NT 10.0; Win64; x64) AppleWebKit/537.36 (KHTML, like Gecko) Chrome/141.0.0.0 Safari/537.36	1447278	jt	zöččöjt	zöccsöjttök	zöccsöjtötök	FALSE	9515.785399999999
mondasz_mondasz_participant_SESSION_2025-10-27_19h56.01.15.csv	rüvönt	Prs.NDef.2Sg (mondas)	rüvöntesz	4593	98	748273	férfi	2004	8 / 8	IGQ479	device: desktop, screen width: 1920, screen height: 1080, user info: Mozilla/5.0 (Windows NT 10.0; Win64; x64) AppleWebKit/537.36 (KHTML, like Gecko) Chrome/141.0.0.0 Safari/537.36	1447278	nt	rüvönt	rüvöntsz	rüvöntesz	TRUE	9515.785399999999
mondasz_mondasz_participant_SESSION_2025-10-27_19h56.01.15.csv	kajszoszt	Prs.NDef.3Pl (mondanak)	kajszosztnak	9629	99	758408	férfi	2004	8 / 8	IGQ479	device: desktop, screen width: 1920, screen height: 1080, user info: Mozilla/5.0 (Windows NT 10.0; Win64; x64) AppleWebKit/537.36 (KHTML, like Gecko) Chrome/141.0.0.0 Safari/537.36	1447278	st	kajsost	kajszosztnak	kajszosztanak	FALSE	9515.785399999999
mondasz_mondasz_participant_SESSION_2025-10-27_19h56.01.15.csv	sittyeszt	Prs.NDef.2Sg (mondas)	sittyesztesz	5455	100	764366	férfi	2004	8 / 8	IGQ479	device: desktop, screen width: 1920, screen height: 1080, user info: Mozilla/5.0 (Windows NT 10.0; Win64; x64) AppleWebKit/537.36 (KHTML, like Gecko) Chrome/141.0.0.0 Safari/537.36	1447278	st	šiṯṯest	sittyesztsz	sittyesztesz	TRUE	9515.785399999999
mondasz_mondasz_participant_SESSION_2025-10-27_19h56.01.15.csv	löllöszt	Prs.NDef.2Pl (mondotok)	löllösztötök	4506	101	769377	férfi	2004	8 / 8	IGQ479	device: desktop, screen width: 1920, screen height: 1080, user info: Mozilla/5.0 (Windows NT 10.0; Win64; x64) AppleWebKit/537.36 (KHTML, like Gecko) Chrome/141.0.0.0 Safari/537.36	1447278	st	löllöst	löllöszttök	löllösztötök	TRUE	9515.785399999999
mondasz_mondasz_participant_SESSION_2025-10-27_19h56.01.15.csv	csumlong	Prs.1Sg›2 (mondalak)	csumlonglak	8735	102	778617	férfi	2004	8 / 8	IGQ479	device: desktop, screen width: 1920, screen height: 1080, user info: Mozilla/5.0 (Windows NT 10.0; Win64; x64) AppleWebKit/537.36 (KHTML, like Gecko) Chrome/141.0.0.0 Safari/537.36	1447278	ng	čumlong	csumlonglak	csumlongalak	FALSE	9515.785399999999
mondasz_mondasz_participant_SESSION_2025-10-27_19h56.01.15.csv	cúrong	Prs.1Sg›2 (mondalak)	cúronglak	4199	103	783323	férfi	2004	8 / 8	IGQ479	device: desktop, screen width: 1920, screen height: 1080, user info: Mozilla/5.0 (Windows NT 10.0; Win64; x64) AppleWebKit/537.36 (KHTML, like Gecko) Chrome/141.0.0.0 Safari/537.36	1447278	ng	cúrong	cúronglak	cúrongalak	FALSE	9515.785399999999
mondasz_mondasz_participant_SESSION_2025-10-27_19h56.01.15.csv	szüvöng	Prs.1Sg›2 (mondalak)	szüvönglek	6000	104	789824	férfi	2004	8 / 8	IGQ479	device: desktop, screen width: 1920, screen height: 1080, user info: Mozilla/5.0 (Windows NT 10.0; Win64; x64) AppleWebKit/537.36 (KHTML, like Gecko) Chrome/141.0.0.0 Safari/537.36	1447278	ng	süvöng	szüvönglek	szüvöngelek	FALSE	9515.785399999999
mondasz_mondasz_participant_SESSION_2025-10-27_19h56.01.15.csv	pánkojt	Prs.1Sg›2 (mondalak)	pánkojtlak	4970	105	795295	férfi	2004	8 / 8	IGQ479	device: desktop, screen width: 1920, screen height: 1080, user info: Mozilla/5.0 (Windows NT 10.0; Win64; x64) AppleWebKit/537.36 (KHTML, like Gecko) Chrome/141.0.0.0 Safari/537.36	1447278	jt	pánkojt	pánkojtlak	pánkojtalak	FALSE	9515.785399999999
mondasz_mondasz_participant_SESSION_2025-10-27_19h56.01.15.csv	nyegejt	Prs.1Sg›2 (mondalak)	nyegejtlek	4561	106	800365	férfi	2004	8 / 8	IGQ479	device: desktop, screen width: 1920, screen height: 1080, user info: Mozilla/5.0 (Windows NT 10.0; Win64; x64) AppleWebKit/537.36 (KHTML, like Gecko) Chrome/141.0.0.0 Safari/537.36	1447278	jt	ṉegejt	nyegejtlek	nyegejtelek	FALSE	9515.785399999999
mondasz_mondasz_participant_SESSION_2025-10-27_19h56.01.15.csv	mörgöng	Prs.NDef.3Pl (mondanak)	mörgöngenek	6072	107	806951	férfi	2004	8 / 8	IGQ479	device: desktop, screen width: 1920, screen height: 1080, user info: Mozilla/5.0 (Windows NT 10.0; Win64; x64) AppleWebKit/537.36 (KHTML, like Gecko) Chrome/141.0.0.0 Safari/537.36	1447278	ng	mörgöng	mörgöngnek	mörgöngenek	TRUE	9515.785399999999
mondasz_mondasz_participant_SESSION_2025-10-27_19h56.01.15.csv	dűszöng	Prs.1Sg›2 (mondalak)	dűszönglek	4661	108	812119	férfi	2004	8 / 8	IGQ479	device: desktop, screen width: 1920, screen height: 1080, user info: Mozilla/5.0 (Windows NT 10.0; Win64; x64) AppleWebKit/537.36 (KHTML, like Gecko) Chrome/141.0.0.0 Safari/537.36	1447278	ng	dűsöng	dűszönglek	dűszöngelek	FALSE	9515.785399999999
mondasz_mondasz_participant_SESSION_2025-10-27_19h56.01.15.csv	tárnyont	Prs.NDef.2Sg (mondas)	tárnyontasz	5256	109	817879	férfi	2004	8 / 8	IGQ479	device: desktop, screen width: 1920, screen height: 1080, user info: Mozilla/5.0 (Windows NT 10.0; Win64; x64) AppleWebKit/537.36 (KHTML, like Gecko) Chrome/141.0.0.0 Safari/537.36	1447278	nt	tárṉont	tárnyontsz	tárnyontasz	TRUE	9515.785399999999
mondasz_mondasz_participant_SESSION_2025-10-27_19h56.01.15.csv	dűszöng	Prs.NDef.2Pl (mondotok)	dűszöngtök	11536	110	829919	férfi	2004	8 / 8	IGQ479	device: desktop, screen width: 1920, screen height: 1080, user info: Mozilla/5.0 (Windows NT 10.0; Win64; x64) AppleWebKit/537.36 (KHTML, like Gecko) Chrome/141.0.0.0 Safari/537.36	1447278	ng	dűsöng	dűszöngtök	dűszöngötök	FALSE	9515.785399999999
mondasz_mondasz_participant_SESSION_2025-10-27_19h56.01.15.csv	szüköjt	Prs.1Sg›2 (mondalak)	szüköjtlek	6654	111	837080	férfi	2004	8 / 8	IGQ479	device: desktop, screen width: 1920, screen height: 1080, user info: Mozilla/5.0 (Windows NT 10.0; Win64; x64) AppleWebKit/537.36 (KHTML, like Gecko) Chrome/141.0.0.0 Safari/537.36	1447278	jt	süköjt	szüköjtlek	szüköjtelek	FALSE	9515.785399999999
mondasz_mondasz_participant_SESSION_2025-10-27_19h56.01.15.csv	haccsojt	Prs.NDef.3Pl (mondanak)	haccsojtanak	7063	112	844659	férfi	2004	8 / 8	IGQ479	device: desktop, screen width: 1920, screen height: 1080, user info: Mozilla/5.0 (Windows NT 10.0; Win64; x64) AppleWebKit/537.36 (KHTML, like Gecko) Chrome/141.0.0.0 Safari/537.36	1447278	jt	haččojt	haccsojtnak	haccsojtanak	TRUE	9515.785399999999
mondasz_mondasz_participant_SESSION_2025-10-27_19h56.01.15.csv	dűszöng	Prs.NDef.2Sg (mondas)	dűszöngsz	3887	113	849060	férfi	2004	8 / 8	IGQ479	device: desktop, screen width: 1920, screen height: 1080, user info: Mozilla/5.0 (Windows NT 10.0; Win64; x64) AppleWebKit/537.36 (KHTML, like Gecko) Chrome/141.0.0.0 Safari/537.36	1447278	ng	dűsöng	dűszöngsz	dűszöngesz	FALSE	9515.785399999999
mondasz_mondasz_participant_SESSION_2025-10-27_19h56.01.15.csv	pánkojt	Prs.NDef.2Sg (mondas)	pánkojtsz	4266	114	853830	férfi	2004	8 / 8	IGQ479	device: desktop, screen width: 1920, screen height: 1080, user info: Mozilla/5.0 (Windows NT 10.0; Win64; x64) AppleWebKit/537.36 (KHTML, like Gecko) Chrome/141.0.0.0 Safari/537.36	1447278	jt	pánkojt	pánkojtsz	pánkojtasz	FALSE	9515.785399999999
mondasz_mondasz_participant_SESSION_2025-10-27_19h56.01.15.csv	fűjönt	Prs.NDef.2Sg (mondas)	fűjöntesz	3391	115	857733	férfi	2004	8 / 8	IGQ479	device: desktop, screen width: 1920, screen height: 1080, user info: Mozilla/5.0 (Windows NT 10.0; Win64; x64) AppleWebKit/537.36 (KHTML, like Gecko) Chrome/141.0.0.0 Safari/537.36	1447278	nt	fűjönt	fűjöntsz	fűjöntesz	TRUE	9515.785399999999
mondasz_mondasz_participant_SESSION_2025-10-27_19h56.01.15.csv	ütvöszt	Prs.NDef.2Pl (mondotok)	ütvösztötök	4043	116	862288	férfi	2004	8 / 8	IGQ479	device: desktop, screen width: 1920, screen height: 1080, user info: Mozilla/5.0 (Windows NT 10.0; Win64; x64) AppleWebKit/537.36 (KHTML, like Gecko) Chrome/141.0.0.0 Safari/537.36	1447278	st	ütvöst	ütvöszttök	ütvösztötök	TRUE	9515.785399999999
mondasz_mondasz_participant_SESSION_2025-10-27_19h56.01.15.csv	koszkojt	Prs.NDef.3Pl (mondanak)	koszkojtanak	4229	117	867031	férfi	2004	8 / 8	IGQ479	device: desktop, screen width: 1920, screen height: 1080, user info: Mozilla/5.0 (Windows NT 10.0; Win64; x64) AppleWebKit/537.36 (KHTML, like Gecko) Chrome/141.0.0.0 Safari/537.36	1447278	jt	koskojt	koszkojtnak	koszkojtanak	TRUE	9515.785399999999
mondasz_mondasz_participant_SESSION_2025-10-27_19h56.01.15.csv	vurmong	Prs.NDef.2Pl (mondotok)	vurmongtok	4218	118	871759	férfi	2004	8 / 8	IGQ479	device: desktop, screen width: 1920, screen height: 1080, user info: Mozilla/5.0 (Windows NT 10.0; Win64; x64) AppleWebKit/537.36 (KHTML, like Gecko) Chrome/141.0.0.0 Safari/537.36	1447278	ng	vurmong	vurmongtok	vurmongotok	FALSE	9515.785399999999
mondasz_mondasz_participant_SESSION_2025-10-27_19h56.01.15.csv	bákont	Prs.NDef.3Pl (mondanak)	bákontanak	4054	119	876329	férfi	2004	8 / 8	IGQ479	device: desktop, screen width: 1920, screen height: 1080, user info: Mozilla/5.0 (Windows NT 10.0; Win64; x64) AppleWebKit/537.36 (KHTML, like Gecko) Chrome/141.0.0.0 Safari/537.36	1447278	nt	bákont	bákontnak	bákontanak	TRUE	9515.785399999999
mondasz_mondasz_participant_SESSION_2025-10-27_19h56.01.15.csv	ornyoszt	Prs.1Sg›2 (mondalak)	ornyosztlak	17269	120	894098	férfi	2004	8 / 8	IGQ479	device: desktop, screen width: 1920, screen height: 1080, user info: Mozilla/5.0 (Windows NT 10.0; Win64; x64) AppleWebKit/537.36 (KHTML, like Gecko) Chrome/141.0.0.0 Safari/537.36	1447278	st	orṉost	ornyosztlak	ornyosztalak	FALSE	9515.785399999999
mondasz_mondasz_participant_SESSION_2025-10-27_19h56.01.15.csv	polloszt	Prs.1Sg›2 (mondalak)	pollosztlak	3790	121	898397	férfi	2004	8 / 8	IGQ479	device: desktop, screen width: 1920, screen height: 1080, user info: Mozilla/5.0 (Windows NT 10.0; Win64; x64) AppleWebKit/537.36 (KHTML, like Gecko) Chrome/141.0.0.0 Safari/537.36	1447278	st	pollost	pollosztlak	pollosztalak	FALSE	9515.785399999999
mondasz_mondasz_participant_SESSION_2025-10-27_19h56.01.15.csv	vurmong	Prs.1Sg›2 (mondalak)	vurmonglak	9835	122	908733	férfi	2004	8 / 8	IGQ479	device: desktop, screen width: 1920, screen height: 1080, user info: Mozilla/5.0 (Windows NT 10.0; Win64; x64) AppleWebKit/537.36 (KHTML, like Gecko) Chrome/141.0.0.0 Safari/537.36	1447278	ng	vurmong	vurmonglak	vurmongalak	FALSE	9515.785399999999
mondasz_mondasz_participant_SESSION_2025-10-27_19h56.01.15.csv	odojt	Prs.NDef.2Sg (mondas)	odojtasz	4109	123	913347	férfi	2004	8 / 8	IGQ479	device: desktop, screen width: 1920, screen height: 1080, user info: Mozilla/5.0 (Windows NT 10.0; Win64; x64) AppleWebKit/537.36 (KHTML, like Gecko) Chrome/141.0.0.0 Safari/537.36	1447278	jt	odojt	odojtsz	odojtasz	TRUE	9515.785399999999
mondasz_mondasz_participant_SESSION_2025-10-27_19h56.01.15.csv	pömpöng	Prs.NDef.2Sg (mondas)	pömpöngsz	10604	124	924451	férfi	2004	8 / 8	IGQ479	device: desktop, screen width: 1920, screen height: 1080, user info: Mozilla/5.0 (Windows NT 10.0; Win64; x64) AppleWebKit/537.36 (KHTML, like Gecko) Chrome/141.0.0.0 Safari/537.36	1447278	ng	pömpöng	pömpöngsz	pömpöngesz	FALSE	9515.785399999999
mondasz_mondasz_participant_SESSION_2025-10-27_19h56.01.15.csv	büfröng	Prs.NDef.2Sg (mondas)	büfröngesz	5482	125	930446	férfi	2004	8 / 8	IGQ479	device: desktop, screen width: 1920, screen height: 1080, user info: Mozilla/5.0 (Windows NT 10.0; Win64; x64) AppleWebKit/537.36 (KHTML, like Gecko) Chrome/141.0.0.0 Safari/537.36	1447278	ng	büfröng	büfröngsz	büfröngesz	TRUE	9515.785399999999
mondasz_mondasz_participant_SESSION_2025-10-27_19h56.01.15.csv	lahont	Prs.NDef.2Pl (mondotok)	lahonttok	5021	126	935983	férfi	2004	8 / 8	IGQ479	device: desktop, screen width: 1920, screen height: 1080, user info: Mozilla/5.0 (Windows NT 10.0; Win64; x64) AppleWebKit/537.36 (KHTML, like Gecko) Chrome/141.0.0.0 Safari/537.36	1447278	nt	lahont	lahonttok	lahontotok	FALSE	9515.785399999999
mondasz_mondasz_participant_SESSION_2025-10-27_19h56.01.15.csv	vórnyoszt	Prs.NDef.2Sg (mondas)	vórnyosztasz	5250	127	941737	férfi	2004	8 / 8	IGQ479	device: desktop, screen width: 1920, screen height: 1080, user info: Mozilla/5.0 (Windows NT 10.0; Win64; x64) AppleWebKit/537.36 (KHTML, like Gecko) Chrome/141.0.0.0 Safari/537.36	1447278	st	vórṉost	vórnyosztsz	vórnyosztasz	TRUE	9515.785399999999
mondasz_mondasz_participant_SESSION_2025-10-27_19h56.01.15.csv	kernyeszt	Prs.1Sg›2 (mondalak)	kernyesztlek	7730	128	949975	férfi	2004	8 / 8	IGQ479	device: desktop, screen width: 1920, screen height: 1080, user info: Mozilla/5.0 (Windows NT 10.0; Win64; x64) AppleWebKit/537.36 (KHTML, like Gecko) Chrome/141.0.0.0 Safari/537.36	1447278	st	kerṉest	kernyesztlek	kernyesztelek	FALSE	9515.785399999999
mondasz_mondasz_participant_SESSION_2025-10-27_19h56.01.15.csv	nyuttojt	Prs.1Sg›2 (mondalak)	nyuttojtlak	16044	129	966520	férfi	2004	8 / 8	IGQ479	device: desktop, screen width: 1920, screen height: 1080, user info: Mozilla/5.0 (Windows NT 10.0; Win64; x64) AppleWebKit/537.36 (KHTML, like Gecko) Chrome/141.0.0.0 Safari/537.36	1447278	jt	ṉuttojt	nyuttojtlak	nyuttojtalak	FALSE	9515.785399999999
mondasz_mondasz_participant_SESSION_2025-10-27_19h56.01.15.csv	hördöng	Prs.NDef.3Pl (mondanak)	hördöngnek	5257	130	972286	férfi	2004	8 / 8	IGQ479	device: desktop, screen width: 1920, screen height: 1080, user info: Mozilla/5.0 (Windows NT 10.0; Win64; x64) AppleWebKit/537.36 (KHTML, like Gecko) Chrome/141.0.0.0 Safari/537.36	1447278	ng	hördöng	hördöngnek	hördöngenek	FALSE	9515.785399999999
mondasz_mondasz_participant_SESSION_2025-10-27_19h56.01.15.csv	kernyeszt	Prs.NDef.2Pl (mondotok)	kernyeszttek	7198	131	979995	férfi	2004	8 / 8	IGQ479	device: desktop, screen width: 1920, screen height: 1080, user info: Mozilla/5.0 (Windows NT 10.0; Win64; x64) AppleWebKit/537.36 (KHTML, like Gecko) Chrome/141.0.0.0 Safari/537.36	1447278	st	kerṉest	kernyeszttek	kernyesztetek	FALSE	9515.785399999999
mondasz_mondasz_participant_SESSION_2025-10-27_19h56.01.15.csv	tárnyont	Prs.NDef.3Pl (mondanak)	tárnyontanak	4139	132	984634	férfi	2004	8 / 8	IGQ479	device: desktop, screen width: 1920, screen height: 1080, user info: Mozilla/5.0 (Windows NT 10.0; Win64; x64) AppleWebKit/537.36 (KHTML, like Gecko) Chrome/141.0.0.0 Safari/537.36	1447278	nt	tárṉont	tárnyontnak	tárnyontanak	TRUE	9515.785399999999
mondasz_mondasz_participant_SESSION_2025-10-27_19h56.01.15.csv	szüvöng	Prs.NDef.3Pl (mondanak)	szüvöngnek	4958	133	990100	férfi	2004	8 / 8	IGQ479	device: desktop, screen width: 1920, screen height: 1080, user info: Mozilla/5.0 (Windows NT 10.0; Win64; x64) AppleWebKit/537.36 (KHTML, like Gecko) Chrome/141.0.0.0 Safari/537.36	1447278	ng	süvöng	szüvöngnek	szüvöngenek	FALSE	9515.785399999999
mondasz_mondasz_participant_SESSION_2025-10-27_19h56.01.15.csv	dimbeszt	Prs.NDef.3Pl (mondanak)	dimbesztenek	4684	134	995285	férfi	2004	8 / 8	IGQ479	device: desktop, screen width: 1920, screen height: 1080, user info: Mozilla/5.0 (Windows NT 10.0; Win64; x64) AppleWebKit/537.36 (KHTML, like Gecko) Chrome/141.0.0.0 Safari/537.36	1447278	st	dimbest	dimbesztnek	dimbesztenek	TRUE	9515.785399999999
mondasz_mondasz_participant_SESSION_2025-10-27_19h56.01.15.csv	csumlong	Prs.NDef.2Sg (mondas)	csumlongsz	3661	135	999446	férfi	2004	8 / 8	IGQ479	device: desktop, screen width: 1920, screen height: 1080, user info: Mozilla/5.0 (Windows NT 10.0; Win64; x64) AppleWebKit/537.36 (KHTML, like Gecko) Chrome/141.0.0.0 Safari/537.36	1447278	ng	čumlong	csumlongsz	csumlongasz	FALSE	9515.785399999999
mondasz_mondasz_participant_SESSION_2025-10-27_19h56.01.15.csv	koszkojt	Prs.NDef.2Pl (mondotok)	koszkojttok	4537	136	1004490	férfi	2004	8 / 8	IGQ479	device: desktop, screen width: 1920, screen height: 1080, user info: Mozilla/5.0 (Windows NT 10.0; Win64; x64) AppleWebKit/537.36 (KHTML, like Gecko) Chrome/141.0.0.0 Safari/537.36	1447278	jt	koskojt	koszkojttok	koszkojtotok	FALSE	9515.785399999999
mondasz_mondasz_participant_SESSION_2025-10-27_19h56.01.15.csv	kurtoszt	Prs.NDef.3Pl (mondanak)	kurtosztnak	5634	137	1010625	férfi	2004	8 / 8	IGQ479	device: desktop, screen width: 1920, screen height: 1080, user info: Mozilla/5.0 (Windows NT 10.0; Win64; x64) AppleWebKit/537.36 (KHTML, like Gecko) Chrome/141.0.0.0 Safari/537.36	1447278	st	kurtost	kurtosztnak	kurtosztanak	FALSE	9515.785399999999
mondasz_mondasz_participant_SESSION_2025-10-27_19h56.01.15.csv	kajszoszt	Prs.NDef.2Sg (mondas)	kajszosztasz	7206	138	1018333	férfi	2004	8 / 8	IGQ479	device: desktop, screen width: 1920, screen height: 1080, user info: Mozilla/5.0 (Windows NT 10.0; Win64; x64) AppleWebKit/537.36 (KHTML, like Gecko) Chrome/141.0.0.0 Safari/537.36	1447278	st	kajsost	kajszosztsz	kajszosztasz	TRUE	9515.785399999999
mondasz_mondasz_participant_SESSION_2025-10-27_19h56.01.15.csv	mógyong	Prs.NDef.2Pl (mondotok)	mógyongtok	4093	139	1022937	férfi	2004	8 / 8	IGQ479	device: desktop, screen width: 1920, screen height: 1080, user info: Mozilla/5.0 (Windows NT 10.0; Win64; x64) AppleWebKit/537.36 (KHTML, like Gecko) Chrome/141.0.0.0 Safari/537.36	1447278	ng	móḏong	mógyongtok	mógyongotok	FALSE	9515.785399999999
mondasz_mondasz_participant_SESSION_2025-10-27_19h56.01.15.csv	ibreng	Prs.NDef.2Sg (mondas)	ibrengsz	6252	140	1029690	férfi	2004	8 / 8	IGQ479	device: desktop, screen width: 1920, screen height: 1080, user info: Mozilla/5.0 (Windows NT 10.0; Win64; x64) AppleWebKit/537.36 (KHTML, like Gecko) Chrome/141.0.0.0 Safari/537.36	1447278	ng	ibreng	ibrengsz	ibrengesz	FALSE	9515.785399999999
mondasz_mondasz_participant_SESSION_2025-10-27_19h56.01.15.csv	hüröszt	Prs.1Sg›2 (mondalak)	hürösztlek	4986	141	1035179	férfi	2004	8 / 8	IGQ479	device: desktop, screen width: 1920, screen height: 1080, user info: Mozilla/5.0 (Windows NT 10.0; Win64; x64) AppleWebKit/537.36 (KHTML, like Gecko) Chrome/141.0.0.0 Safari/537.36	1447278	st	hüröst	hürösztlek	hürösztelek	FALSE	9515.785399999999
mondasz_mondasz_participant_SESSION_2025-10-27_19h56.01.15.csv	löllöszt	Prs.1Sg›2 (mondalak)	löllösztlek	5325	142	1041011	férfi	2004	8 / 8	IGQ479	device: desktop, screen width: 1920, screen height: 1080, user info: Mozilla/5.0 (Windows NT 10.0; Win64; x64) AppleWebKit/537.36 (KHTML, like Gecko) Chrome/141.0.0.0 Safari/537.36	1447278	st	löllöst	löllösztlek	löllösztelek	FALSE	9515.785399999999
mondasz_mondasz_participant_SESSION_2025-10-27_19h56.01.15.csv	füppönt	Prs.NDef.2Sg (mondas)	füppöntesz	7437	143	1048956	férfi	2004	8 / 8	IGQ479	device: desktop, screen width: 1920, screen height: 1080, user info: Mozilla/5.0 (Windows NT 10.0; Win64; x64) AppleWebKit/537.36 (KHTML, like Gecko) Chrome/141.0.0.0 Safari/537.36	1447278	nt	füppönt	füppöntsz	füppöntesz	TRUE	9515.785399999999
mondasz_mondasz_participant_SESSION_2025-10-27_19h56.01.15.csv	kerzeng	Prs.NDef.2Sg (mondas)	kerzengsz	8695	144	1058155	férfi	2004	8 / 8	IGQ479	device: desktop, screen width: 1920, screen height: 1080, user info: Mozilla/5.0 (Windows NT 10.0; Win64; x64) AppleWebKit/537.36 (KHTML, like Gecko) Chrome/141.0.0.0 Safari/537.36	1447278	ng	kerzeng	kerzengsz	kerzengesz	FALSE	9515.785399999999
mondasz_mondasz_participant_SESSION_2025-10-27_19h56.01.15.csv	haccsojt	Prs.1Sg›2 (mondalak)	haccsojtlak	6096	145	1064758	férfi	2004	8 / 8	IGQ479	device: desktop, screen width: 1920, screen height: 1080, user info: Mozilla/5.0 (Windows NT 10.0; Win64; x64) AppleWebKit/537.36 (KHTML, like Gecko) Chrome/141.0.0.0 Safari/537.36	1447278	jt	haččojt	haccsojtlak	haccsojtalak	FALSE	9515.785399999999
mondasz_mondasz_participant_SESSION_2025-10-27_19h56.01.15.csv	hördöng	Prs.NDef.2Pl (mondotok)	hördöngtök	4296	146	1069569	férfi	2004	8 / 8	IGQ479	device: desktop, screen width: 1920, screen height: 1080, user info: Mozilla/5.0 (Windows NT 10.0; Win64; x64) AppleWebKit/537.36 (KHTML, like Gecko) Chrome/141.0.0.0 Safari/537.36	1447278	ng	hördöng	hördöngtök	hördöngötök	FALSE	9515.785399999999
mondasz_mondasz_participant_SESSION_2025-10-27_19h56.01.15.csv	löllöszt	Prs.NDef.3Pl (mondanak)	löllösztenek	3139	147	1073216	férfi	2004	8 / 8	IGQ479	device: desktop, screen width: 1920, screen height: 1080, user info: Mozilla/5.0 (Windows NT 10.0; Win64; x64) AppleWebKit/537.36 (KHTML, like Gecko) Chrome/141.0.0.0 Safari/537.36	1447278	st	löllöst	löllösztnek	löllösztenek	TRUE	9515.785399999999
mondasz_mondasz_participant_SESSION_2025-10-27_19h56.01.15.csv	pégeng	Prs.NDef.2Pl (mondotok)	pégengtek	3032	148	1076763	férfi	2004	8 / 8	IGQ479	device: desktop, screen width: 1920, screen height: 1080, user info: Mozilla/5.0 (Windows NT 10.0; Win64; x64) AppleWebKit/537.36 (KHTML, like Gecko) Chrome/141.0.0.0 Safari/537.36	1447278	ng	pégeng	pégengtek	pégengetek	FALSE	9515.785399999999
mondasz_mondasz_participant_SESSION_2025-10-27_19h56.01.15.csv	fomong	Prs.NDef.3Pl (mondanak)	fomongnak	3430	149	1080700	férfi	2004	8 / 8	IGQ479	device: desktop, screen width: 1920, screen height: 1080, user info: Mozilla/5.0 (Windows NT 10.0; Win64; x64) AppleWebKit/537.36 (KHTML, like Gecko) Chrome/141.0.0.0 Safari/537.36	1447278	ng	fomong	fomongnak	fomonganak	FALSE	9515.785399999999
mondasz_mondasz_participant_SESSION_2025-10-27_19h56.01.15.csv	mirmeszt	Prs.NDef.2Pl (mondotok)	mirmesztetek	3576	150	1084789	férfi	2004	8 / 8	IGQ479	device: desktop, screen width: 1920, screen height: 1080, user info: Mozilla/5.0 (Windows NT 10.0; Win64; x64) AppleWebKit/537.36 (KHTML, like Gecko) Chrome/141.0.0.0 Safari/537.36	1447278	st	mirmest	mirmeszttek	mirmesztetek	TRUE	9515.785399999999
mondasz_mondasz_participant_SESSION_2025-10-27_19h56.01.15.csv	kurtoszt	Prs.1Sg›2 (mondalak)	kurtosztlak	11112	151	1096402	férfi	2004	8 / 8	IGQ479	device: desktop, screen width: 1920, screen height: 1080, user info: Mozilla/5.0 (Windows NT 10.0; Win64; x64) AppleWebKit/537.36 (KHTML, like Gecko) Chrome/141.0.0.0 Safari/537.36	1447278	st	kurtost	kurtosztlak	kurtosztalak	FALSE	9515.785399999999
mondasz_mondasz_participant_SESSION_2025-10-27_19h56.01.15.csv	hempeszt	Prs.1Sg›2 (mondalak)	hempesztelek	4089	152	1101007	férfi	2004	8 / 8	IGQ479	device: desktop, screen width: 1920, screen height: 1080, user info: Mozilla/5.0 (Windows NT 10.0; Win64; x64) AppleWebKit/537.36 (KHTML, like Gecko) Chrome/141.0.0.0 Safari/537.36	1447278	st	hempest	hempesztlek	hempesztelek	TRUE	9515.785399999999
mondasz_mondasz_participant_SESSION_2025-10-27_19h56.01.15.csv	sajlojt	Prs.NDef.2Pl (mondotok)	sajlojtotok	11422	153	1112930	férfi	2004	8 / 8	IGQ479	device: desktop, screen width: 1920, screen height: 1080, user info: Mozilla/5.0 (Windows NT 10.0; Win64; x64) AppleWebKit/537.36 (KHTML, like Gecko) Chrome/141.0.0.0 Safari/537.36	1447278	jt	šajlojt	sajlojttok	sajlojtotok	TRUE	9515.785399999999
mondasz_mondasz_participant_SESSION_2025-10-27_19h56.01.15.csv	jököng	Prs.NDef.3Pl (mondanak)	jököngnek	3492	154	1116923	férfi	2004	8 / 8	IGQ479	device: desktop, screen width: 1920, screen height: 1080, user info: Mozilla/5.0 (Windows NT 10.0; Win64; x64) AppleWebKit/537.36 (KHTML, like Gecko) Chrome/141.0.0.0 Safari/537.36	1447278	ng	jököng	jököngnek	jököngenek	FALSE	9515.785399999999
mondasz_mondasz_participant_SESSION_2025-10-27_19h56.01.15.csv	sébeszt	Prs.NDef.2Sg (mondas)	sébesztesz	4129	155	1121552	férfi	2004	8 / 8	IGQ479	device: desktop, screen width: 1920, screen height: 1080, user info: Mozilla/5.0 (Windows NT 10.0; Win64; x64) AppleWebKit/537.36 (KHTML, like Gecko) Chrome/141.0.0.0 Safari/537.36	1447278	st	šébest	sébesztsz	sébesztesz	TRUE	9515.785399999999
mondasz_mondasz_participant_SESSION_2025-10-27_19h56.01.15.csv	pagyont	Prs.NDef.3Pl (mondanak)	pagyontnak	4647	156	1126714	férfi	2004	8 / 8	IGQ479	device: desktop, screen width: 1920, screen height: 1080, user info: Mozilla/5.0 (Windows NT 10.0; Win64; x64) AppleWebKit/537.36 (KHTML, like Gecko) Chrome/141.0.0.0 Safari/537.36	1447278	nt	paḏont	pagyontnak	pagyontanak	FALSE	9515.785399999999
mondasz_mondasz_participant_SESSION_2025-10-27_19h56.01.15.csv	kajszoszt	Prs.NDef.2Pl (mondotok)	kajszoszttok	3651	157	1130873	férfi	2004	8 / 8	IGQ479	device: desktop, screen width: 1920, screen height: 1080, user info: Mozilla/5.0 (Windows NT 10.0; Win64; x64) AppleWebKit/537.36 (KHTML, like Gecko) Chrome/141.0.0.0 Safari/537.36	1447278	st	kajsost	kajszoszttok	kajszosztotok	FALSE	9515.785399999999
mondasz_mondasz_participant_SESSION_2025-10-27_19h56.01.15.csv	ibreng	Prs.1Sg›2 (mondalak)	ibrenglek	4751	158	1136125	férfi	2004	8 / 8	IGQ479	device: desktop, screen width: 1920, screen height: 1080, user info: Mozilla/5.0 (Windows NT 10.0; Win64; x64) AppleWebKit/537.36 (KHTML, like Gecko) Chrome/141.0.0.0 Safari/537.36	1447278	ng	ibreng	ibrenglek	ibrengelek	FALSE	9515.785399999999
mondasz_mondasz_participant_SESSION_2025-10-27_19h56.01.15.csv	sajlojt	Prs.1Sg›2 (mondalak)	sajlojtlak	4327	159	1140953	férfi	2004	8 / 8	IGQ479	device: desktop, screen width: 1920, screen height: 1080, user info: Mozilla/5.0 (Windows NT 10.0; Win64; x64) AppleWebKit/537.36 (KHTML, like Gecko) Chrome/141.0.0.0 Safari/537.36	1447278	jt	šajlojt	sajlojtlak	sajlojtalak	FALSE	9515.785399999999
mondasz_mondasz_participant_SESSION_2025-10-27_19h56.01.15.csv	sittyeszt	Prs.1Sg›2 (mondalak)	sittyesztelek	3693	160	1145147	férfi	2004	8 / 8	IGQ479	device: desktop, screen width: 1920, screen height: 1080, user info: Mozilla/5.0 (Windows NT 10.0; Win64; x64) AppleWebKit/537.36 (KHTML, like Gecko) Chrome/141.0.0.0 Safari/537.36	1447278	st	šiṯṯest	sittyesztlek	sittyesztelek	TRUE	9515.785399999999
mondasz_mondasz_participant_SESSION_2025-10-27_19h56.01.15.csv	ügönt	Prs.NDef.2Pl (mondotok)	ügönttök	3993	161	1149646	férfi	2004	8 / 8	IGQ479	device: desktop, screen width: 1920, screen height: 1080, user info: Mozilla/5.0 (Windows NT 10.0; Win64; x64) AppleWebKit/537.36 (KHTML, like Gecko) Chrome/141.0.0.0 Safari/537.36	1447278	nt	ügönt	ügönttök	ügöntötök	FALSE	9515.785399999999
mondasz_mondasz_participant_SESSION_2025-10-27_19h56.01.15.csv	ursojt	Prs.NDef.2Sg (mondas)	ursojtasz	4362	162	1154513	férfi	2004	8 / 8	IGQ479	device: desktop, screen width: 1920, screen height: 1080, user info: Mozilla/5.0 (Windows NT 10.0; Win64; x64) AppleWebKit/537.36 (KHTML, like Gecko) Chrome/141.0.0.0 Safari/537.36	1447278	jt	uršojt	ursojtsz	ursojtasz	TRUE	9515.785399999999
mondasz_mondasz_participant_SESSION_2025-10-27_19h56.01.15.csv	dimbeszt	Prs.1Sg›2 (mondalak)	dimbesztlek	3525	163	1158540	férfi	2004	8 / 8	IGQ479	device: desktop, screen width: 1920, screen height: 1080, user info: Mozilla/5.0 (Windows NT 10.0; Win64; x64) AppleWebKit/537.36 (KHTML, like Gecko) Chrome/141.0.0.0 Safari/537.36	1447278	st	dimbest	dimbesztlek	dimbesztelek	FALSE	9515.785399999999
mondasz_mondasz_participant_SESSION_2025-10-27_19h56.01.15.csv	cséleszt	Prs.NDef.2Sg (mondas)	csélesztesz	4959	164	1164007	férfi	2004	8 / 8	IGQ479	device: desktop, screen width: 1920, screen height: 1080, user info: Mozilla/5.0 (Windows NT 10.0; Win64; x64) AppleWebKit/537.36 (KHTML, like Gecko) Chrome/141.0.0.0 Safari/537.36	1447278	st	čélest	csélesztsz	csélesztesz	TRUE	9515.785399999999
mondasz_mondasz_participant_SESSION_2025-10-27_19h56.01.15.csv	füppönt	Prs.1Sg›2 (mondalak)	füppöntlek	6109	165	1170622	férfi	2004	8 / 8	IGQ479	device: desktop, screen width: 1920, screen height: 1080, user info: Mozilla/5.0 (Windows NT 10.0; Win64; x64) AppleWebKit/537.36 (KHTML, like Gecko) Chrome/141.0.0.0 Safari/537.36	1447278	nt	füppönt	füppöntlek	füppöntelek	FALSE	9515.785399999999
mondasz_mondasz_participant_SESSION_2025-10-27_19h56.01.15.csv	flöföjt	Prs.NDef.2Sg (mondas)	flöföjtesz	6303	166	1177426	férfi	2004	8 / 8	IGQ479	device: desktop, screen width: 1920, screen height: 1080, user info: Mozilla/5.0 (Windows NT 10.0; Win64; x64) AppleWebKit/537.36 (KHTML, like Gecko) Chrome/141.0.0.0 Safari/537.36	1447278	jt	flöföjt	flöföjtsz	flöföjtesz	TRUE	9515.785399999999
mondasz_mondasz_participant_SESSION_2025-10-27_19h56.01.15.csv	odojt	Prs.NDef.2Pl (mondotok)	odojttok	2912	167	1180839	férfi	2004	8 / 8	IGQ479	device: desktop, screen width: 1920, screen height: 1080, user info: Mozilla/5.0 (Windows NT 10.0; Win64; x64) AppleWebKit/537.36 (KHTML, like Gecko) Chrome/141.0.0.0 Safari/537.36	1447278	jt	odojt	odojttok	odojtotok	FALSE	9515.785399999999
mondasz_mondasz_participant_SESSION_2025-10-27_19h56.01.15.csv	pégeng	Prs.NDef.3Pl (mondanak)	pégengnek	8373	168	1189716	férfi	2004	8 / 8	IGQ479	device: desktop, screen width: 1920, screen height: 1080, user info: Mozilla/5.0 (Windows NT 10.0; Win64; x64) AppleWebKit/537.36 (KHTML, like Gecko) Chrome/141.0.0.0 Safari/537.36	1447278	ng	pégeng	pégengnek	pégengenek	FALSE	9515.785399999999
mondasz_mondasz_participant_SESSION_2025-10-27_19h56.01.15.csv	szűsöjt	Prs.NDef.3Pl (mondanak)	szűsöjtenek	5377	169	1195599	férfi	2004	8 / 8	IGQ479	device: desktop, screen width: 1920, screen height: 1080, user info: Mozilla/5.0 (Windows NT 10.0; Win64; x64) AppleWebKit/537.36 (KHTML, like Gecko) Chrome/141.0.0.0 Safari/537.36	1447278	jt	sűšöjt	szűsöjtnek	szűsöjtenek	TRUE	9515.785399999999
mondasz_mondasz_participant_SESSION_2025-10-27_19h56.01.15.csv	mirmeszt	Prs.1Sg›2 (mondalak)	mirmesztlek	3877	170	1199989	férfi	2004	8 / 8	IGQ479	device: desktop, screen width: 1920, screen height: 1080, user info: Mozilla/5.0 (Windows NT 10.0; Win64; x64) AppleWebKit/537.36 (KHTML, like Gecko) Chrome/141.0.0.0 Safari/537.36	1447278	st	mirmest	mirmesztlek	mirmesztelek	FALSE	9515.785399999999
mondasz_mondasz_participant_SESSION_2025-10-27_19h56.01.15.csv	szüköjt	Prs.NDef.3Pl (mondanak)	szüköjtnek	3215	171	1203719	férfi	2004	8 / 8	IGQ479	device: desktop, screen width: 1920, screen height: 1080, user info: Mozilla/5.0 (Windows NT 10.0; Win64; x64) AppleWebKit/537.36 (KHTML, like Gecko) Chrome/141.0.0.0 Safari/537.36	1447278	jt	süköjt	szüköjtnek	szüköjtenek	FALSE	9515.785399999999
mondasz_mondasz_participant_SESSION_2025-10-27_19h56.01.15.csv	jököng	Prs.1Sg›2 (mondalak)	jököngelek	6458	172	1210678	férfi	2004	8 / 8	IGQ479	device: desktop, screen width: 1920, screen height: 1080, user info: Mozilla/5.0 (Windows NT 10.0; Win64; x64) AppleWebKit/537.36 (KHTML, like Gecko) Chrome/141.0.0.0 Safari/537.36	1447278	ng	jököng	jökönglek	jököngelek	TRUE	9515.785399999999
mondasz_mondasz_participant_SESSION_2025-10-27_19h56.01.15.csv	vuzong	Prs.NDef.2Pl (mondotok)	vuzongtok	4746	174	1223202	férfi	2004	8 / 8	IGQ479	device: desktop, screen width: 1920, screen height: 1080, user info: Mozilla/5.0 (Windows NT 10.0; Win64; x64) AppleWebKit/537.36 (KHTML, like Gecko) Chrome/141.0.0.0 Safari/537.36	1447278	ng	vuzong	vuzongtok	vuzongotok	FALSE	9515.785399999999
mondasz_mondasz_participant_SESSION_2025-10-27_19h56.01.15.csv	cúrong	Prs.NDef.2Sg (mondas)	cúrongsz	2768	175	1226485	férfi	2004	8 / 8	IGQ479	device: desktop, screen width: 1920, screen height: 1080, user info: Mozilla/5.0 (Windows NT 10.0; Win64; x64) AppleWebKit/537.36 (KHTML, like Gecko) Chrome/141.0.0.0 Safari/537.36	1447278	ng	cúrong	cúrongsz	cúrongasz	FALSE	9515.785399999999
mondasz_mondasz_participant_SESSION_2025-10-27_19h56.01.15.csv	fedrent	Prs.NDef.2Pl (mondotok)	fedrenttek	4811	176	1231803	férfi	2004	8 / 8	IGQ479	device: desktop, screen width: 1920, screen height: 1080, user info: Mozilla/5.0 (Windows NT 10.0; Win64; x64) AppleWebKit/537.36 (KHTML, like Gecko) Chrome/141.0.0.0 Safari/537.36	1447278	nt	fedrent	fedrenttek	fedrentetek	FALSE	9515.785399999999
mondasz_mondasz_participant_SESSION_2025-10-27_19h56.01.15.csv	pagoszt	Prs.NDef.2Sg (mondas)	pagosztasz	4306	177	1236611	férfi	2004	8 / 8	IGQ479	device: desktop, screen width: 1920, screen height: 1080, user info: Mozilla/5.0 (Windows NT 10.0; Win64; x64) AppleWebKit/537.36 (KHTML, like Gecko) Chrome/141.0.0.0 Safari/537.36	1447278	st	pagost	pagosztsz	pagosztasz	TRUE	9515.785399999999
mondasz_mondasz_participant_SESSION_2025-10-27_19h56.01.15.csv	kerzeng	Prs.NDef.3Pl (mondanak)	kerzengnek	9378	178	1246499	férfi	2004	8 / 8	IGQ479	device: desktop, screen width: 1920, screen height: 1080, user info: Mozilla/5.0 (Windows NT 10.0; Win64; x64) AppleWebKit/537.36 (KHTML, like Gecko) Chrome/141.0.0.0 Safari/537.36	1447278	ng	kerzeng	kerzengnek	kerzengenek	FALSE	9515.785399999999
mondasz_mondasz_participant_SESSION_2025-10-27_19h56.01.15.csv	ibreng	Prs.NDef.2Pl (mondotok)	ibrengtek	9833	179	1256846	férfi	2004	8 / 8	IGQ479	device: desktop, screen width: 1920, screen height: 1080, user info: Mozilla/5.0 (Windows NT 10.0; Win64; x64) AppleWebKit/537.36 (KHTML, like Gecko) Chrome/141.0.0.0 Safari/537.36	1447278	ng	ibreng	ibrengtek	ibrengetek	FALSE	9515.785399999999
mondasz_mondasz_participant_SESSION_2025-10-27_19h56.01.15.csv	vórnyoszt	Prs.1Sg›2 (mondalak)	vórnyosztalak	3812	180	1261159	férfi	2004	8 / 8	IGQ479	device: desktop, screen width: 1920, screen height: 1080, user info: Mozilla/5.0 (Windows NT 10.0; Win64; x64) AppleWebKit/537.36 (KHTML, like Gecko) Chrome/141.0.0.0 Safari/537.36	1447278	st	vórṉost	vórnyosztlak	vórnyosztalak	TRUE	9515.785399999999
mondasz_mondasz_participant_SESSION_2025-10-27_19h56.01.15.csv	sébeszt	Prs.NDef.2Pl (mondotok)	sébesztetek	3993	181	1265659	férfi	2004	8 / 8	IGQ479	device: desktop, screen width: 1920, screen height: 1080, user info: Mozilla/5.0 (Windows NT 10.0; Win64; x64) AppleWebKit/537.36 (KHTML, like Gecko) Chrome/141.0.0.0 Safari/537.36	1447278	st	šébest	sébeszttek	sébesztetek	TRUE	9515.785399999999
mondasz_mondasz_participant_SESSION_2025-10-27_19h56.01.15.csv	ofont	Prs.1Sg›2 (mondalak)	ofontlak	4370	182	1270532	férfi	2004	8 / 8	IGQ479	device: desktop, screen width: 1920, screen height: 1080, user info: Mozilla/5.0 (Windows NT 10.0; Win64; x64) AppleWebKit/537.36 (KHTML, like Gecko) Chrome/141.0.0.0 Safari/537.36	1447278	nt	ofont	ofontlak	ofontalak	FALSE	9515.785399999999
mondasz_mondasz_participant_SESSION_2025-10-27_19h56.01.15.csv	vuzong	Prs.NDef.2Sg (mondas)	vuzongsz	3000	183	1274045	férfi	2004	8 / 8	IGQ479	device: desktop, screen width: 1920, screen height: 1080, user info: Mozilla/5.0 (Windows NT 10.0; Win64; x64) AppleWebKit/537.36 (KHTML, like Gecko) Chrome/141.0.0.0 Safari/537.36	1447278	ng	vuzong	vuzongsz	vuzongasz	FALSE	9515.785399999999
mondasz_mondasz_participant_SESSION_2025-10-27_19h56.01.15.csv	börköszt	Prs.NDef.2Sg (mondas)	börkösztesz	6344	184	1280898	férfi	2004	8 / 8	IGQ479	device: desktop, screen width: 1920, screen height: 1080, user info: Mozilla/5.0 (Windows NT 10.0; Win64; x64) AppleWebKit/537.36 (KHTML, like Gecko) Chrome/141.0.0.0 Safari/537.36	1447278	st	börköst	börkösztsz	börkösztesz	TRUE	9515.785399999999
mondasz_mondasz_participant_SESSION_2025-10-27_19h56.01.15.csv	füppönt	Prs.NDef.2Pl (mondotok)	füppönttök	4414	185	1285813	férfi	2004	8 / 8	IGQ479	device: desktop, screen width: 1920, screen height: 1080, user info: Mozilla/5.0 (Windows NT 10.0; Win64; x64) AppleWebKit/537.36 (KHTML, like Gecko) Chrome/141.0.0.0 Safari/537.36	1447278	nt	füppönt	füppönttök	füppöntötök	FALSE	9515.785399999999
mondasz_mondasz_participant_SESSION_2025-10-27_19h56.01.15.csv	hüröszt	Prs.NDef.2Sg (mondas)	hürösztesz	6072	186	1292387	férfi	2004	8 / 8	IGQ479	device: desktop, screen width: 1920, screen height: 1080, user info: Mozilla/5.0 (Windows NT 10.0; Win64; x64) AppleWebKit/537.36 (KHTML, like Gecko) Chrome/141.0.0.0 Safari/537.36	1447278	st	hüröst	hürösztsz	hürösztesz	TRUE	9515.785399999999
mondasz_mondasz_participant_SESSION_2025-10-27_19h56.01.15.csv	cséleszt	Prs.NDef.2Pl (mondotok)	cséleszttek	6149	187	1299041	férfi	2004	8 / 8	IGQ479	device: desktop, screen width: 1920, screen height: 1080, user info: Mozilla/5.0 (Windows NT 10.0; Win64; x64) AppleWebKit/537.36 (KHTML, like Gecko) Chrome/141.0.0.0 Safari/537.36	1447278	st	čélest	cséleszttek	csélesztetek	FALSE	9515.785399999999
mondasz_mondasz_participant_SESSION_2025-10-27_19h56.01.15.csv	ornyoszt	Prs.NDef.3Pl (mondanak)	ornyosztanak	6493	188	1306039	férfi	2004	8 / 8	IGQ479	device: desktop, screen width: 1920, screen height: 1080, user info: Mozilla/5.0 (Windows NT 10.0; Win64; x64) AppleWebKit/537.36 (KHTML, like Gecko) Chrome/141.0.0.0 Safari/537.36	1447278	st	orṉost	ornyosztnak	ornyosztanak	TRUE	9515.785399999999
mondasz_mondasz_participant_SESSION_2025-10-27_19h56.01.15.csv	jököng	Prs.NDef.2Pl (mondotok)	jököngtök	3907	189	1310446	férfi	2004	8 / 8	IGQ479	device: desktop, screen width: 1920, screen height: 1080, user info: Mozilla/5.0 (Windows NT 10.0; Win64; x64) AppleWebKit/537.36 (KHTML, like Gecko) Chrome/141.0.0.0 Safari/537.36	1447278	ng	jököng	jököngtök	jököngötök	FALSE	9515.785399999999
mondasz_mondasz_participant_SESSION_2025-10-27_19h56.01.15.csv	szicsent	Prs.NDef.2Sg (mondas)	szicsentesz	5795	190	1316743	férfi	2004	8 / 8	IGQ479	device: desktop, screen width: 1920, screen height: 1080, user info: Mozilla/5.0 (Windows NT 10.0; Win64; x64) AppleWebKit/537.36 (KHTML, like Gecko) Chrome/141.0.0.0 Safari/537.36	1447278	nt	sičent	szicsentsz	szicsentesz	TRUE	9515.785399999999
mondasz_mondasz_participant_SESSION_2025-10-27_19h56.01.15.csv	hempeszt	Prs.NDef.2Pl (mondotok)	hempesztetek	4075	191	1321332	férfi	2004	8 / 8	IGQ479	device: desktop, screen width: 1920, screen height: 1080, user info: Mozilla/5.0 (Windows NT 10.0; Win64; x64) AppleWebKit/537.36 (KHTML, like Gecko) Chrome/141.0.0.0 Safari/537.36	1447278	st	hempest	hempeszttek	hempesztetek	TRUE	9515.785399999999
mondasz_mondasz_participant_SESSION_2025-10-27_19h56.01.15.csv	togyont	Prs.NDef.2Pl (mondotok)	togyonttok	6363	192	1328201	férfi	2004	8 / 8	IGQ479	device: desktop, screen width: 1920, screen height: 1080, user info: Mozilla/5.0 (Windows NT 10.0; Win64; x64) AppleWebKit/537.36 (KHTML, like Gecko) Chrome/141.0.0.0 Safari/537.36	1447278	nt	toḏont	togyonttok	togyontotok	FALSE	9515.785399999999
mondasz_mondasz_participant_SESSION_2025-10-27_19h56.01.15.csv	hárkont	Prs.NDef.3Pl (mondanak)	hárkontanak	4410	193	1333120	férfi	2004	8 / 8	IGQ479	device: desktop, screen width: 1920, screen height: 1080, user info: Mozilla/5.0 (Windows NT 10.0; Win64; x64) AppleWebKit/537.36 (KHTML, like Gecko) Chrome/141.0.0.0 Safari/537.36	1447278	nt	hárkont	hárkontnak	hárkontanak	TRUE	9515.785399999999
mondasz_mondasz_participant_SESSION_2025-10-27_19h56.01.15.csv	nyorojt	Prs.NDef.3Pl (mondanak)	nyorojtanak	2581	194	1336215	férfi	2004	8 / 8	IGQ479	device: desktop, screen width: 1920, screen height: 1080, user info: Mozilla/5.0 (Windows NT 10.0; Win64; x64) AppleWebKit/537.36 (KHTML, like Gecko) Chrome/141.0.0.0 Safari/537.36	1447278	jt	ṉorojt	nyorojtnak	nyorojtanak	TRUE	9515.785399999999
mondasz_mondasz_participant_SESSION_2025-10-27_19h56.01.15.csv	odojt	Prs.1Sg›2 (mondalak)	odojtlak	5766	195	1342486	férfi	2004	8 / 8	IGQ479	device: desktop, screen width: 1920, screen height: 1080, user info: Mozilla/5.0 (Windows NT 10.0; Win64; x64) AppleWebKit/537.36 (KHTML, like Gecko) Chrome/141.0.0.0 Safari/537.36	1447278	jt	odojt	odojtlak	odojtalak	FALSE	9515.785399999999
mondasz_mondasz_participant_SESSION_2025-10-27_19h56.01.15.csv	gíneszt	Prs.NDef.3Pl (mondanak)	gínesztenek	3312	196	1346298	férfi	2004	8 / 8	IGQ479	device: desktop, screen width: 1920, screen height: 1080, user info: Mozilla/5.0 (Windows NT 10.0; Win64; x64) AppleWebKit/537.36 (KHTML, like Gecko) Chrome/141.0.0.0 Safari/537.36	1447278	st	gínest	gínesztnek	gínesztenek	TRUE	9515.785399999999
mondasz_mondasz_participant_SESSION_2025-10-27_19h56.01.15.csv	fedrent	Prs.NDef.2Sg (mondas)	fedrentesz	6278	197	1353083	férfi	2004	8 / 8	IGQ479	device: desktop, screen width: 1920, screen height: 1080, user info: Mozilla/5.0 (Windows NT 10.0; Win64; x64) AppleWebKit/537.36 (KHTML, like Gecko) Chrome/141.0.0.0 Safari/537.36	1447278	nt	fedrent	fedrentsz	fedrentesz	TRUE	9515.785399999999
mondasz_mondasz_participant_SESSION_2025-10-27_19h56.01.15.csv	fedrent	Prs.NDef.3Pl (mondanak)	fedrentenek	3915	198	1357506	férfi	2004	8 / 8	IGQ479	device: desktop, screen width: 1920, screen height: 1080, user info: Mozilla/5.0 (Windows NT 10.0; Win64; x64) AppleWebKit/537.36 (KHTML, like Gecko) Chrome/141.0.0.0 Safari/537.36	1447278	nt	fedrent	fedrentnek	fedrentenek	TRUE	9515.785399999999
mondasz_mondasz_participant_SESSION_2025-10-27_19h56.01.15.csv	hojont	Prs.NDef.2Sg (mondas)	hojontasz	5736	199	1363744	férfi	2004	8 / 8	IGQ479	device: desktop, screen width: 1920, screen height: 1080, user info: Mozilla/5.0 (Windows NT 10.0; Win64; x64) AppleWebKit/537.36 (KHTML, like Gecko) Chrome/141.0.0.0 Safari/537.36	1447278	nt	hojont	hojontsz	hojontasz	TRUE	9515.785399999999
mondasz_mondasz_participant_SESSION_2025-10-27_19h56.01.15.csv	suvoszt	Prs.NDef.3Pl (mondanak)	suvosztanak	2495	200	1366739	férfi	2004	8 / 8	IGQ479	device: desktop, screen width: 1920, screen height: 1080, user info: Mozilla/5.0 (Windows NT 10.0; Win64; x64) AppleWebKit/537.36 (KHTML, like Gecko) Chrome/141.0.0.0 Safari/537.36	1447278	st	šuvost	suvosztnak	suvosztanak	TRUE	9515.785399999999
mondasz_mondasz_participant_SESSION_2025-10-27_19h56.01.15.csv	vurmong	Prs.NDef.2Sg (mondas)	vurmongsz	3470	201	1370715	férfi	2004	8 / 8	IGQ479	device: desktop, screen width: 1920, screen height: 1080, user info: Mozilla/5.0 (Windows NT 10.0; Win64; x64) AppleWebKit/537.36 (KHTML, like Gecko) Chrome/141.0.0.0 Safari/537.36	1447278	ng	vurmong	vurmongsz	vurmongasz	FALSE	9515.785399999999
mondasz_mondasz_participant_SESSION_2025-10-27_19h56.01.15.csv	szűsöjt	Prs.NDef.2Sg (mondas)	szűsöjtesz	7063	202	1378281	férfi	2004	8 / 8	IGQ479	device: desktop, screen width: 1920, screen height: 1080, user info: Mozilla/5.0 (Windows NT 10.0; Win64; x64) AppleWebKit/537.36 (KHTML, like Gecko) Chrome/141.0.0.0 Safari/537.36	1447278	jt	sűšöjt	szűsöjtsz	szűsöjtesz	TRUE	9515.785399999999
mondasz_mondasz_participant_SESSION_2025-10-27_19h56.01.15.csv	lahont	Prs.NDef.2Sg (mondas)	lahontasz	4623	203	1383408	férfi	2004	8 / 8	IGQ479	device: desktop, screen width: 1920, screen height: 1080, user info: Mozilla/5.0 (Windows NT 10.0; Win64; x64) AppleWebKit/537.36 (KHTML, like Gecko) Chrome/141.0.0.0 Safari/537.36	1447278	nt	lahont	lahontsz	lahontasz	TRUE	9515.785399999999
mondasz_mondasz_participant_SESSION_2025-10-27_19h56.01.15.csv	nyegejt	Prs.NDef.2Sg (mondas)	nyegejtesz	5100	204	1389013	férfi	2004	8 / 8	IGQ479	device: desktop, screen width: 1920, screen height: 1080, user info: Mozilla/5.0 (Windows NT 10.0; Win64; x64) AppleWebKit/537.36 (KHTML, like Gecko) Chrome/141.0.0.0 Safari/537.36	1447278	jt	ṉegejt	nyegejtsz	nyegejtesz	TRUE	9515.785399999999
mondasz_mondasz_participant_SESSION_2025-10-27_19h56.01.15.csv	nésszent	Prs.NDef.2Sg (mondas)	nésszentesz	5212	205	1394729	férfi	2004	8 / 8	IGQ479	device: desktop, screen width: 1920, screen height: 1080, user info: Mozilla/5.0 (Windows NT 10.0; Win64; x64) AppleWebKit/537.36 (KHTML, like Gecko) Chrome/141.0.0.0 Safari/537.36	1447278	nt	néssent	nésszentsz	nésszentesz	TRUE	9515.785399999999
mondasz_mondasz_participant_SESSION_2025-10-27_19h56.01.15.csv	zöccsöjt	Prs.1Sg›2 (mondalak)	zöccsöjtelek	5218	206	1400459	férfi	2004	8 / 8	IGQ479	device: desktop, screen width: 1920, screen height: 1080, user info: Mozilla/5.0 (Windows NT 10.0; Win64; x64) AppleWebKit/537.36 (KHTML, like Gecko) Chrome/141.0.0.0 Safari/537.36	1447278	jt	zöččöjt	zöccsöjtlek	zöccsöjtelek	TRUE	9515.785399999999
mondasz_mondasz_participant_SESSION_2025-10-27_19h56.01.15.csv	szüköjt	Prs.NDef.2Sg (mondas)	szüköjtesz	2367	207	1403327	férfi	2004	8 / 8	IGQ479	device: desktop, screen width: 1920, screen height: 1080, user info: Mozilla/5.0 (Windows NT 10.0; Win64; x64) AppleWebKit/537.36 (KHTML, like Gecko) Chrome/141.0.0.0 Safari/537.36	1447278	jt	süköjt	szüköjtsz	szüköjtesz	TRUE	9515.785399999999
mondasz_mondasz_participant_SESSION_2025-10-27_19h56.01.15.csv	nyénnyejt	Prs.NDef.3Pl (mondanak)	nyénnyejtenek	4968	208	1408804	férfi	2004	8 / 8	IGQ479	device: desktop, screen width: 1920, screen height: 1080, user info: Mozilla/5.0 (Windows NT 10.0; Win64; x64) AppleWebKit/537.36 (KHTML, like Gecko) Chrome/141.0.0.0 Safari/537.36	1447278	jt	ṉéṉṉejt	nyénnyejtnek	nyénnyejtenek	TRUE	9515.785399999999
mondasz_mondasz_participant_SESSION_2025-10-27_19h56.01.15.csv	áhong	Prs.NDef.2Pl (mondotok)	áhongtok	5577	209	1414887	férfi	2004	8 / 8	IGQ479	device: desktop, screen width: 1920, screen height: 1080, user info: Mozilla/5.0 (Windows NT 10.0; Win64; x64) AppleWebKit/537.36 (KHTML, like Gecko) Chrome/141.0.0.0 Safari/537.36	1447278	ng	áhong	áhongtok	áhongotok	FALSE	9515.785399999999
mondasz_mondasz_participant_SESSION_2025-10-27_19h56.01.15.csv	kerzeng	Prs.NDef.2Pl (mondotok)	kerzengtek	2513	210	1417909	férfi	2004	8 / 8	IGQ479	device: desktop, screen width: 1920, screen height: 1080, user info: Mozilla/5.0 (Windows NT 10.0; Win64; x64) AppleWebKit/537.36 (KHTML, like Gecko) Chrome/141.0.0.0 Safari/537.36	1447278	ng	kerzeng	kerzengtek	kerzengetek	FALSE	9515.785399999999
mondasz_mondasz_participant_SESSION_2025-10-27_19h56.01.15.csv	löllöszt	Prs.NDef.2Sg (mondas)	löllösztesz	4853	211	1423268	férfi	2004	8 / 8	IGQ479	device: desktop, screen width: 1920, screen height: 1080, user info: Mozilla/5.0 (Windows NT 10.0; Win64; x64) AppleWebKit/537.36 (KHTML, like Gecko) Chrome/141.0.0.0 Safari/537.36	1447278	st	löllöst	löllösztsz	löllösztesz	TRUE	9515.785399999999
mondasz_mondasz_participant_SESSION_2025-10-27_19h56.01.15.csv	ejjeng	Prs.NDef.3Pl (mondanak)	ejjengenek	3527	212	1427297	férfi	2004	8 / 8	IGQ479	device: desktop, screen width: 1920, screen height: 1080, user info: Mozilla/5.0 (Windows NT 10.0; Win64; x64) AppleWebKit/537.36 (KHTML, like Gecko) Chrome/141.0.0.0 Safari/537.36	1447278	ng	ejjeng	ejjengnek	ejjengenek	TRUE	9515.785399999999
mondasz_mondasz_participant_SESSION_2025-10-27_19h56.01.15.csv	mógyong	Prs.NDef.2Sg (mondas)	mógyongsz	3247	213	1431045	férfi	2004	8 / 8	IGQ479	device: desktop, screen width: 1920, screen height: 1080, user info: Mozilla/5.0 (Windows NT 10.0; Win64; x64) AppleWebKit/537.36 (KHTML, like Gecko) Chrome/141.0.0.0 Safari/537.36	1447278	ng	móḏong	mógyongsz	mógyongasz	FALSE	9515.785399999999
mondasz_mondasz_participant_SESSION_2025-10-27_19h56.01.15.csv	ornyoszt	Prs.NDef.2Pl (mondotok)	ornyoszttok	4536	214	1436094	férfi	2004	8 / 8	IGQ479	device: desktop, screen width: 1920, screen height: 1080, user info: Mozilla/5.0 (Windows NT 10.0; Win64; x64) AppleWebKit/537.36 (KHTML, like Gecko) Chrome/141.0.0.0 Safari/537.36	1447278	st	orṉost	ornyoszttok	ornyosztotok	FALSE	9515.785399999999
mondasz_mondasz_participant_SESSION_2025-10-27_19h56.01.15.csv	hárkont	Prs.1Sg›2 (mondalak)	hárkontalak	4702	215	1441300	férfi	2004	8 / 8	IGQ479	device: desktop, screen width: 1920, screen height: 1080, user info: Mozilla/5.0 (Windows NT 10.0; Win64; x64) AppleWebKit/537.36 (KHTML, like Gecko) Chrome/141.0.0.0 Safari/537.36	1447278	nt	hárkont	hárkontlak	hárkontalak	TRUE	9515.785399999999
mondasz_mondasz_participant_SESSION_2025-10-27_19h56.01.15.csv	cúrong	Prs.NDef.3Pl (mondanak)	cúronganak	3957	216	1445763	férfi	2004	8 / 8	IGQ479	device: desktop, screen width: 1920, screen height: 1080, user info: Mozilla/5.0 (Windows NT 10.0; Win64; x64) AppleWebKit/537.36 (KHTML, like Gecko) Chrome/141.0.0.0 Safari/537.36	1447278	ng	cúrong	cúrongnak	cúronganak	TRUE	9515.785399999999
mondasz_mondasz_participant_SESSION_2025-10-27_19h56.01.15.csv	hojont	Prs.1Sg›2 (mondalak)	hojontalak	4534	217	1450801	férfi	2004	8 / 8	IGQ479	device: desktop, screen width: 1920, screen height: 1080, user info: Mozilla/5.0 (Windows NT 10.0; Win64; x64) AppleWebKit/537.36 (KHTML, like Gecko) Chrome/141.0.0.0 Safari/537.36	1447278	nt	hojont	hojontlak	hojontalak	TRUE	9515.785399999999
mondasz_mondasz_participant_SESSION_2025-10-27_19h56.01.15.csv	csampojt	Prs.1Sg›2 (mondalak)	csampojtalak	6589	218	1457891	férfi	2004	8 / 8	IGQ479	device: desktop, screen width: 1920, screen height: 1080, user info: Mozilla/5.0 (Windows NT 10.0; Win64; x64) AppleWebKit/537.36 (KHTML, like Gecko) Chrome/141.0.0.0 Safari/537.36	1447278	jt	čampojt	csampojtlak	csampojtalak	TRUE	9515.785399999999
mondasz_mondasz_participant_SESSION_2025-10-27_19h56.01.15.csv	pagoszt	Prs.1Sg›2 (mondalak)	pagosztalak	3596	219	1462000	férfi	2004	8 / 8	IGQ479	device: desktop, screen width: 1920, screen height: 1080, user info: Mozilla/5.0 (Windows NT 10.0; Win64; x64) AppleWebKit/537.36 (KHTML, like Gecko) Chrome/141.0.0.0 Safari/537.36	1447278	st	pagost	pagosztlak	pagosztalak	TRUE	9515.785399999999
mondasz_mondasz_participant_SESSION_2025-10-27_19h56.01.15.csv	sökköjt	Prs.NDef.2Sg (mondas)	sökköjtesz	2829	220	1465342	férfi	2004	8 / 8	IGQ479	device: desktop, screen width: 1920, screen height: 1080, user info: Mozilla/5.0 (Windows NT 10.0; Win64; x64) AppleWebKit/537.36 (KHTML, like Gecko) Chrome/141.0.0.0 Safari/537.36	1447278	jt	šökköjt	sökköjtsz	sökköjtesz	TRUE	9515.785399999999
mondasz_mondasz_participant_SESSION_2025-10-27_19h56.01.15.csv	hördöng	Prs.1Sg›2 (mondalak)	hördöngelek	3356	221	1469200	férfi	2004	8 / 8	IGQ479	device: desktop, screen width: 1920, screen height: 1080, user info: Mozilla/5.0 (Windows NT 10.0; Win64; x64) AppleWebKit/537.36 (KHTML, like Gecko) Chrome/141.0.0.0 Safari/537.36	1447278	ng	hördöng	hördönglek	hördöngelek	TRUE	9515.785399999999
mondasz_mondasz_participant_SESSION_2025-10-27_19h56.01.15.csv	sajlojt	Prs.NDef.2Sg (mondas)	sajlojtsz	3244	222	1472954	férfi	2004	8 / 8	IGQ479	device: desktop, screen width: 1920, screen height: 1080, user info: Mozilla/5.0 (Windows NT 10.0; Win64; x64) AppleWebKit/537.36 (KHTML, like Gecko) Chrome/141.0.0.0 Safari/537.36	1447278	jt	šajlojt	sajlojtsz	sajlojtasz	FALSE	9515.785399999999
mondasz_mondasz_participant_SESSION_2025-10-27_19h56.01.15.csv	polloszt	Prs.NDef.2Sg (mondas)	pollosztasz	2951	223	1476414	férfi	2004	8 / 8	IGQ479	device: desktop, screen width: 1920, screen height: 1080, user info: Mozilla/5.0 (Windows NT 10.0; Win64; x64) AppleWebKit/537.36 (KHTML, like Gecko) Chrome/141.0.0.0 Safari/537.36	1447278	st	pollost	pollosztsz	pollosztasz	TRUE	9515.785399999999
mondasz_mondasz_participant_SESSION_2025-10-27_19h56.01.15.csv	nyegejt	Prs.NDef.2Pl (mondotok)	nyegejtetek	2982	224	1479896	férfi	2004	8 / 8	IGQ479	device: desktop, screen width: 1920, screen height: 1080, user info: Mozilla/5.0 (Windows NT 10.0; Win64; x64) AppleWebKit/537.36 (KHTML, like Gecko) Chrome/141.0.0.0 Safari/537.36	1447278	jt	ṉegejt	nyegejttek	nyegejtetek	TRUE	9515.785399999999
mondasz_mondasz_participant_SESSION_2025-10-27_19h56.01.15.csv	suvoszt	Prs.NDef.2Pl (mondotok)	suvosztotok	1590	225	1481990	férfi	2004	8 / 8	IGQ479	device: desktop, screen width: 1920, screen height: 1080, user info: Mozilla/5.0 (Windows NT 10.0; Win64; x64) AppleWebKit/537.36 (KHTML, like Gecko) Chrome/141.0.0.0 Safari/537.36	1447278	st	šuvost	suvoszttok	suvosztotok	TRUE	9515.785399999999
mondasz_mondasz_participant_SESSION_2025-10-27_19h56.01.15.csv	gyuront	Prs.NDef.3Pl (mondanak)	gyurontanak	3825	226	1486320	férfi	2004	8 / 8	IGQ479	device: desktop, screen width: 1920, screen height: 1080, user info: Mozilla/5.0 (Windows NT 10.0; Win64; x64) AppleWebKit/537.36 (KHTML, like Gecko) Chrome/141.0.0.0 Safari/537.36	1447278	nt	ḏuront	gyurontnak	gyurontanak	TRUE	9515.785399999999
mondasz_mondasz_participant_SESSION_2025-10-27_19h56.01.15.csv	füppönt	Prs.NDef.3Pl (mondanak)	füppöntenek	2251	227	1489073	férfi	2004	8 / 8	IGQ479	device: desktop, screen width: 1920, screen height: 1080, user info: Mozilla/5.0 (Windows NT 10.0; Win64; x64) AppleWebKit/537.36 (KHTML, like Gecko) Chrome/141.0.0.0 Safari/537.36	1447278	nt	füppönt	füppöntnek	füppöntenek	TRUE	9515.785399999999
mondasz_mondasz_participant_SESSION_2025-10-27_19h56.01.15.csv	ejjeng	Prs.NDef.2Sg (mondas)	ejjengesz	4359	228	1493943	férfi	2004	8 / 8	IGQ479	device: desktop, screen width: 1920, screen height: 1080, user info: Mozilla/5.0 (Windows NT 10.0; Win64; x64) AppleWebKit/537.36 (KHTML, like Gecko) Chrome/141.0.0.0 Safari/537.36	1447278	ng	ejjeng	ejjengsz	ejjengesz	TRUE	9515.785399999999
mondasz_mondasz_participant_SESSION_2025-10-27_19h56.01.15.csv	ofont	Prs.NDef.2Sg (mondas)	ofontasz	2347	229	1496801	férfi	2004	8 / 8	IGQ479	device: desktop, screen width: 1920, screen height: 1080, user info: Mozilla/5.0 (Windows NT 10.0; Win64; x64) AppleWebKit/537.36 (KHTML, like Gecko) Chrome/141.0.0.0 Safari/537.36	1447278	nt	ofont	ofontsz	ofontasz	TRUE	9515.785399999999
mondasz_mondasz_participant_SESSION_2025-10-27_19h56.01.15.csv	szicsent	Prs.NDef.2Pl (mondotok)	szicsentetek	4299	230	1501604	férfi	2004	8 / 8	IGQ479	device: desktop, screen width: 1920, screen height: 1080, user info: Mozilla/5.0 (Windows NT 10.0; Win64; x64) AppleWebKit/537.36 (KHTML, like Gecko) Chrome/141.0.0.0 Safari/537.36	1447278	nt	sičent	szicsenttek	szicsentetek	TRUE	9515.785399999999
mondasz_mondasz_participant_SESSION_2025-10-27_19h56.01.15.csv	fomong	Prs.NDef.2Pl (mondotok)	fomongotok	1411	231	1503527	férfi	2004	8 / 8	IGQ479	device: desktop, screen width: 1920, screen height: 1080, user info: Mozilla/5.0 (Windows NT 10.0; Win64; x64) AppleWebKit/537.36 (KHTML, like Gecko) Chrome/141.0.0.0 Safari/537.36	1447278	ng	fomong	fomongtok	fomongotok	TRUE	9515.785399999999
mondasz_mondasz_participant_SESSION_2025-10-27_19h56.01.15.csv	ütvöszt	Prs.NDef.3Pl (mondanak)	ütvösztenek	4662	232	1508704	férfi	2004	8 / 8	IGQ479	device: desktop, screen width: 1920, screen height: 1080, user info: Mozilla/5.0 (Windows NT 10.0; Win64; x64) AppleWebKit/537.36 (KHTML, like Gecko) Chrome/141.0.0.0 Safari/537.36	1447278	st	ütvöst	ütvösztnek	ütvösztenek	TRUE	9515.785399999999
mondasz_mondasz_participant_SESSION_2025-10-27_19h56.01.15.csv	lahont	Prs.NDef.3Pl (mondanak)	lahontanak	3231	233	1512435	férfi	2004	8 / 8	IGQ479	device: desktop, screen width: 1920, screen height: 1080, user info: Mozilla/5.0 (Windows NT 10.0; Win64; x64) AppleWebKit/537.36 (KHTML, like Gecko) Chrome/141.0.0.0 Safari/537.36	1447278	nt	lahont	lahontnak	lahontanak	TRUE	9515.785399999999
mondasz_mondasz_participant_SESSION_2025-10-27_19h56.01.15.csv	ibreng	Prs.NDef.3Pl (mondanak)	ibrengenek	3894	234	1516838	férfi	2004	8 / 8	IGQ479	device: desktop, screen width: 1920, screen height: 1080, user info: Mozilla/5.0 (Windows NT 10.0; Win64; x64) AppleWebKit/537.36 (KHTML, like Gecko) Chrome/141.0.0.0 Safari/537.36	1447278	ng	ibreng	ibrengnek	ibrengenek	TRUE	9515.785399999999
mondasz_mondasz_participant_SESSION_2025-10-27_19h56.01.15.csv	bákont	Prs.1Sg›2 (mondalak)	bákontalak	3902	235	1521243	férfi	2004	8 / 8	IGQ479	device: desktop, screen width: 1920, screen height: 1080, user info: Mozilla/5.0 (Windows NT 10.0; Win64; x64) AppleWebKit/537.36 (KHTML, like Gecko) Chrome/141.0.0.0 Safari/537.36	1447278	nt	bákont	bákontlak	bákontalak	TRUE	9515.785399999999
mondasz_mondasz_participant_SESSION_2025-10-27_19h56.01.15.csv	rüvönt	Prs.NDef.3Pl (mondanak)	rüvöntnek	2974	236	1524721	férfi	2004	8 / 8	IGQ479	device: desktop, screen width: 1920, screen height: 1080, user info: Mozilla/5.0 (Windows NT 10.0; Win64; x64) AppleWebKit/537.36 (KHTML, like Gecko) Chrome/141.0.0.0 Safari/537.36	1447278	nt	rüvönt	rüvöntnek	rüvöntenek	FALSE	9515.785399999999
mondasz_mondasz_participant_SESSION_2025-10-27_19h56.01.15.csv	ejjeng	Prs.1Sg›2 (mondalak)	ejjengelek	5485	237	1530709	férfi	2004	8 / 8	IGQ479	device: desktop, screen width: 1920, screen height: 1080, user info: Mozilla/5.0 (Windows NT 10.0; Win64; x64) AppleWebKit/537.36 (KHTML, like Gecko) Chrome/141.0.0.0 Safari/537.36	1447278	ng	ejjeng	ejjenglek	ejjengelek	TRUE	9515.785399999999
mondasz_mondasz_participant_SESSION_2025-10-27_19h56.01.15.csv	hárkont	Prs.NDef.2Sg (mondas)	hárkontasz	2743	238	1533952	férfi	2004	8 / 8	IGQ479	device: desktop, screen width: 1920, screen height: 1080, user info: Mozilla/5.0 (Windows NT 10.0; Win64; x64) AppleWebKit/537.36 (KHTML, like Gecko) Chrome/141.0.0.0 Safari/537.36	1447278	nt	hárkont	hárkontsz	hárkontasz	TRUE	9515.785399999999
mondasz_mondasz_participant_SESSION_2025-10-27_19h56.01.15.csv	nyénnyejt	Prs.NDef.2Pl (mondotok)	nyénnyejtetek	2169	239	1536626	férfi	2004	8 / 8	IGQ479	device: desktop, screen width: 1920, screen height: 1080, user info: Mozilla/5.0 (Windows NT 10.0; Win64; x64) AppleWebKit/537.36 (KHTML, like Gecko) Chrome/141.0.0.0 Safari/537.36	1447278	jt	ṉéṉṉejt	nyénnyejttek	nyénnyejtetek	TRUE	9515.785399999999
mondasz_mondasz_participant_SESSION_2025-10-27_19h56.01.15.csv	rupojt	Prs.NDef.2Pl (mondotok)	rupojttok	5247	240	1542376	férfi	2004	8 / 8	IGQ479	device: desktop, screen width: 1920, screen height: 1080, user info: Mozilla/5.0 (Windows NT 10.0; Win64; x64) AppleWebKit/537.36 (KHTML, like Gecko) Chrome/141.0.0.0 Safari/537.36	1447278	jt	rupojt	rupojttok	rupojtotok	FALSE	9515.785399999999
mondasz_mondasz_participant_SESSION_2025-10-27_19h56.01.15.csv	hüröszt	Prs.NDef.2Pl (mondotok)	hürösztötök	4668	241	1547549	férfi	2004	8 / 8	IGQ479	device: desktop, screen width: 1920, screen height: 1080, user info: Mozilla/5.0 (Windows NT 10.0; Win64; x64) AppleWebKit/537.36 (KHTML, like Gecko) Chrome/141.0.0.0 Safari/537.36	1447278	st	hüröst	hüröszttök	hürösztötök	TRUE	9515.785399999999
mondasz_mondasz_participant_SESSION_2025-10-27_19h56.01.15.csv	gyahong	Prs.NDef.2Sg (mondas)	gyahongasz	4942	243	1557424	férfi	2004	8 / 8	IGQ479	device: desktop, screen width: 1920, screen height: 1080, user info: Mozilla/5.0 (Windows NT 10.0; Win64; x64) AppleWebKit/537.36 (KHTML, like Gecko) Chrome/141.0.0.0 Safari/537.36	1447278	ng	ḏahong	gyahongsz	gyahongasz	TRUE	9515.785399999999
mondasz_mondasz_participant_SESSION_2025-10-27_19h56.01.15.csv	suvoszt	Prs.NDef.2Sg (mondas)	suvosztasz	2008	244	1559935	férfi	2004	8 / 8	IGQ479	device: desktop, screen width: 1920, screen height: 1080, user info: Mozilla/5.0 (Windows NT 10.0; Win64; x64) AppleWebKit/537.36 (KHTML, like Gecko) Chrome/141.0.0.0 Safari/537.36	1447278	st	šuvost	suvosztsz	suvosztasz	TRUE	9515.785399999999
mondasz_mondasz_participant_SESSION_2025-10-27_19h56.01.15.csv	ornyoszt	Prs.NDef.2Sg (mondas)	ornyosztasz	1708	245	1562146	férfi	2004	8 / 8	IGQ479	device: desktop, screen width: 1920, screen height: 1080, user info: Mozilla/5.0 (Windows NT 10.0; Win64; x64) AppleWebKit/537.36 (KHTML, like Gecko) Chrome/141.0.0.0 Safari/537.36	1447278	st	orṉost	ornyosztsz	ornyosztasz	TRUE	9515.785399999999
mondasz_mondasz_participant_SESSION_2025-10-27_19h56.01.15.csv	ofont	Prs.NDef.2Pl (mondotok)	ofontotok	1124	246	1563778	férfi	2004	8 / 8	IGQ479	device: desktop, screen width: 1920, screen height: 1080, user info: Mozilla/5.0 (Windows NT 10.0; Win64; x64) AppleWebKit/537.36 (KHTML, like Gecko) Chrome/141.0.0.0 Safari/537.36	1447278	nt	ofont	ofonttok	ofontotok	TRUE	9515.785399999999
mondasz_mondasz_participant_SESSION_2025-10-27_19h56.01.15.csv	potojt	Prs.NDef.3Pl (mondanak)	potojtanak	1691	247	1565984	férfi	2004	8 / 8	IGQ479	device: desktop, screen width: 1920, screen height: 1080, user info: Mozilla/5.0 (Windows NT 10.0; Win64; x64) AppleWebKit/537.36 (KHTML, like Gecko) Chrome/141.0.0.0 Safari/537.36	1447278	jt	potojt	potojtnak	potojtanak	TRUE	9515.785399999999
mondasz_mondasz_participant_SESSION_2025-10-27_19h56.01.15.csv	szűsöjt	Prs.1Sg›2 (mondalak)	szűsöjtelek	2423	248	1568914	férfi	2004	8 / 8	IGQ479	device: desktop, screen width: 1920, screen height: 1080, user info: Mozilla/5.0 (Windows NT 10.0; Win64; x64) AppleWebKit/537.36 (KHTML, like Gecko) Chrome/141.0.0.0 Safari/537.36	1447278	jt	sűšöjt	szűsöjtlek	szűsöjtelek	TRUE	9515.785399999999
mondasz_mondasz_participant_SESSION_2025-10-27_19h56.01.15.csv	vutojt	Prs.NDef.3Pl (mondanak)	vutojtanak	1304	249	1570720	férfi	2004	8 / 8	IGQ479	device: desktop, screen width: 1920, screen height: 1080, user info: Mozilla/5.0 (Windows NT 10.0; Win64; x64) AppleWebKit/537.36 (KHTML, like Gecko) Chrome/141.0.0.0 Safari/537.36	1447278	jt	vutojt	vutojtnak	vutojtanak	TRUE	9515.785399999999
mondasz_mondasz_participant_SESSION_2025-10-27_19h56.01.15.csv	dimbeszt	Prs.NDef.2Pl (mondotok)	dimbesztetek	1814	250	1573045	férfi	2004	8 / 8	IGQ479	device: desktop, screen width: 1920, screen height: 1080, user info: Mozilla/5.0 (Windows NT 10.0; Win64; x64) AppleWebKit/537.36 (KHTML, like Gecko) Chrome/141.0.0.0 Safari/537.36	1447278	st	dimbest	dimbeszttek	dimbesztetek	TRUE	9515.785399999999
mondasz_mondasz_participant_SESSION_2025-10-27_19h56.01.15.csv	ofont	Prs.NDef.3Pl (mondanak)	ofontanak	1984	251	1575545	férfi	2004	8 / 8	IGQ479	device: desktop, screen width: 1920, screen height: 1080, user info: Mozilla/5.0 (Windows NT 10.0; Win64; x64) AppleWebKit/537.36 (KHTML, like Gecko) Chrome/141.0.0.0 Safari/537.36	1447278	nt	ofont	ofontnak	ofontanak	TRUE	9515.785399999999
mondasz_mondasz_participant_SESSION_2025-10-27_19h56.01.15.csv	szicsent	Prs.1Sg›2 (mondalak)	szicsentelek	1965	252	1578010	férfi	2004	8 / 8	IGQ479	device: desktop, screen width: 1920, screen height: 1080, user info: Mozilla/5.0 (Windows NT 10.0; Win64; x64) AppleWebKit/537.36 (KHTML, like Gecko) Chrome/141.0.0.0 Safari/537.36	1447278	nt	sičent	szicsentlek	szicsentelek	TRUE	9515.785399999999
mondasz_mondasz_participant_SESSION_2025-10-27_19h56.01.15.csv	szipteszt	Prs.NDef.2Sg (mondas)	sziptesztesz	2208	253	1580729	férfi	2004	8 / 8	IGQ479	device: desktop, screen width: 1920, screen height: 1080, user info: Mozilla/5.0 (Windows NT 10.0; Win64; x64) AppleWebKit/537.36 (KHTML, like Gecko) Chrome/141.0.0.0 Safari/537.36	1447278	st	siptest	sziptesztsz	sziptesztesz	TRUE	9515.785399999999
mondasz_mondasz_participant_SESSION_2025-10-27_19h56.01.15.csv	vutojt	Prs.1Sg›2 (mondalak)	vutojtalak	1907	254	1583151	férfi	2004	8 / 8	IGQ479	device: desktop, screen width: 1920, screen height: 1080, user info: Mozilla/5.0 (Windows NT 10.0; Win64; x64) AppleWebKit/537.36 (KHTML, like Gecko) Chrome/141.0.0.0 Safari/537.36	1447278	jt	vutojt	vutojtlak	vutojtalak	TRUE	9515.785399999999
mondasz_mondasz_participant_SESSION_2025-10-27_19h56.01.15.csv	tárnyont	Prs.1Sg›2 (mondalak)	tárnyontalak	2313	255	1585978	férfi	2004	8 / 8	IGQ479	device: desktop, screen width: 1920, screen height: 1080, user info: Mozilla/5.0 (Windows NT 10.0; Win64; x64) AppleWebKit/537.36 (KHTML, like Gecko) Chrome/141.0.0.0 Safari/537.36	1447278	nt	tárṉont	tárnyontlak	tárnyontalak	TRUE	9515.785399999999
mondasz_mondasz_participant_SESSION_2025-10-27_19h56.01.15.csv	nyelkeng	Prs.NDef.2Sg (mondas)	nyelkengesz	2583	256	1589071	férfi	2004	8 / 8	IGQ479	device: desktop, screen width: 1920, screen height: 1080, user info: Mozilla/5.0 (Windows NT 10.0; Win64; x64) AppleWebKit/537.36 (KHTML, like Gecko) Chrome/141.0.0.0 Safari/537.36	1447278	ng	ṉelkeng	nyelkengsz	nyelkengesz	TRUE	9515.785399999999
mondasz_mondasz_participant_SESSION_2025-10-27_19h56.01.15.csv	nyorojt	Prs.NDef.2Pl (mondotok)	nyorojtotok	4511	257	1594093	férfi	2004	8 / 8	IGQ479	device: desktop, screen width: 1920, screen height: 1080, user info: Mozilla/5.0 (Windows NT 10.0; Win64; x64) AppleWebKit/537.36 (KHTML, like Gecko) Chrome/141.0.0.0 Safari/537.36	1447278	jt	ṉorojt	nyorojttok	nyorojtotok	TRUE	9515.785399999999
mondasz_mondasz_participant_SESSION_2025-10-27_19h56.01.15.csv	dűszöng	Prs.NDef.3Pl (mondanak)	dűszöngenek	2376	258	1596972	férfi	2004	8 / 8	IGQ479	device: desktop, screen width: 1920, screen height: 1080, user info: Mozilla/5.0 (Windows NT 10.0; Win64; x64) AppleWebKit/537.36 (KHTML, like Gecko) Chrome/141.0.0.0 Safari/537.36	1447278	ng	dűsöng	dűszöngnek	dűszöngenek	TRUE	9515.785399999999
mondasz_mondasz_participant_SESSION_2025-10-27_19h56.01.15.csv	kerzeng	Prs.1Sg›2 (mondalak)	kerzengelek	3333	259	1600814	férfi	2004	8 / 8	IGQ479	device: desktop, screen width: 1920, screen height: 1080, user info: Mozilla/5.0 (Windows NT 10.0; Win64; x64) AppleWebKit/537.36 (KHTML, like Gecko) Chrome/141.0.0.0 Safari/537.36	1447278	ng	kerzeng	kerzenglek	kerzengelek	TRUE	9515.785399999999
mondasz_mondasz_participant_SESSION_2025-10-27_19h56.01.15.csv	nésszent	Prs.NDef.3Pl (mondanak)	nésszentenek	2334	260	1603649	férfi	2004	8 / 8	IGQ479	device: desktop, screen width: 1920, screen height: 1080, user info: Mozilla/5.0 (Windows NT 10.0; Win64; x64) AppleWebKit/537.36 (KHTML, like Gecko) Chrome/141.0.0.0 Safari/537.36	1447278	nt	néssent	nésszentnek	nésszentenek	TRUE	9515.785399999999
mondasz_mondasz_participant_SESSION_2025-10-27_19h56.01.15.csv	fomong	Prs.1Sg›2 (mondalak)	fomongalak	2693	261	1606850	férfi	2004	8 / 8	IGQ479	device: desktop, screen width: 1920, screen height: 1080, user info: Mozilla/5.0 (Windows NT 10.0; Win64; x64) AppleWebKit/537.36 (KHTML, like Gecko) Chrome/141.0.0.0 Safari/537.36	1447278	ng	fomong	fomonglak	fomongalak	TRUE	9515.785399999999
mondasz_mondasz_participant_SESSION_2025-10-27_19h56.01.15.csv	vórnyoszt	Prs.NDef.3Pl (mondanak)	vórnyosztanak	2925	262	1610281	férfi	2004	8 / 8	IGQ479	device: desktop, screen width: 1920, screen height: 1080, user info: Mozilla/5.0 (Windows NT 10.0; Win64; x64) AppleWebKit/537.36 (KHTML, like Gecko) Chrome/141.0.0.0 Safari/537.36	1447278	st	vórṉost	vórnyosztnak	vórnyosztanak	TRUE	9515.785399999999
mondasz_mondasz_participant_SESSION_2025-10-27_19h56.01.15.csv	hempeszt	Prs.NDef.2Sg (mondas)	hempesztesz	1711	263	1612506	férfi	2004	8 / 8	IGQ479	device: desktop, screen width: 1920, screen height: 1080, user info: Mozilla/5.0 (Windows NT 10.0; Win64; x64) AppleWebKit/537.36 (KHTML, like Gecko) Chrome/141.0.0.0 Safari/537.36	1447278	st	hempest	hempesztsz	hempesztesz	TRUE	9515.785399999999
mondasz_mondasz_participant_SESSION_2025-10-27_19h56.01.15.csv	koszkojt	Prs.NDef.2Sg (mondas)	koszkojtasz	4772	264	1617784	férfi	2004	8 / 8	IGQ479	device: desktop, screen width: 1920, screen height: 1080, user info: Mozilla/5.0 (Windows NT 10.0; Win64; x64) AppleWebKit/537.36 (KHTML, like Gecko) Chrome/141.0.0.0 Safari/537.36	1447278	jt	koskojt	koszkojtsz	koszkojtasz	TRUE	9515.785399999999
mondasz_mondasz_participant_SESSION_2025-10-27_19h56.01.15.csv	zöccsöjt	Prs.NDef.3Pl (mondanak)	zöccsöjtenek	1927	265	1620211	férfi	2004	8 / 8	IGQ479	device: desktop, screen width: 1920, screen height: 1080, user info: Mozilla/5.0 (Windows NT 10.0; Win64; x64) AppleWebKit/537.36 (KHTML, like Gecko) Chrome/141.0.0.0 Safari/537.36	1447278	jt	zöččöjt	zöccsöjtnek	zöccsöjtenek	TRUE	9515.785399999999
mondasz_mondasz_participant_SESSION_2025-10-27_19h56.01.15.csv	szüvöng	Prs.NDef.2Sg (mondas)	szüvöngesz	1619	266	1622335	férfi	2004	8 / 8	IGQ479	device: desktop, screen width: 1920, screen height: 1080, user info: Mozilla/5.0 (Windows NT 10.0; Win64; x64) AppleWebKit/537.36 (KHTML, like Gecko) Chrome/141.0.0.0 Safari/537.36	1447278	ng	süvöng	szüvöngsz	szüvöngesz	TRUE	9515.785399999999
mondasz_mondasz_participant_SESSION_2025-10-27_19h56.01.15.csv	kernyeszt	Prs.NDef.3Pl (mondanak)	kernyesztenek	3568	268	1633049	férfi	2004	8 / 8	IGQ479	device: desktop, screen width: 1920, screen height: 1080, user info: Mozilla/5.0 (Windows NT 10.0; Win64; x64) AppleWebKit/537.36 (KHTML, like Gecko) Chrome/141.0.0.0 Safari/537.36	1447278	st	kerṉest	kernyesztnek	kernyesztenek	TRUE	9515.785399999999
mondasz_mondasz_participant_SESSION_2025-10-27_19h56.01.15.csv	vutojt	Prs.NDef.2Pl (mondotok)	vutojtotok	1215	269	1634768	férfi	2004	8 / 8	IGQ479	device: desktop, screen width: 1920, screen height: 1080, user info: Mozilla/5.0 (Windows NT 10.0; Win64; x64) AppleWebKit/537.36 (KHTML, like Gecko) Chrome/141.0.0.0 Safari/537.36	1447278	jt	vutojt	vutojttok	vutojtotok	TRUE	9515.785399999999
mondasz_mondasz_participant_SESSION_2025-10-27_19h56.01.15.csv	togyont	Prs.NDef.3Pl (mondanak)	togyontanak	2628	270	1637901	férfi	2004	8 / 8	IGQ479	device: desktop, screen width: 1920, screen height: 1080, user info: Mozilla/5.0 (Windows NT 10.0; Win64; x64) AppleWebKit/537.36 (KHTML, like Gecko) Chrome/141.0.0.0 Safari/537.36	1447278	nt	toḏont	togyontnak	togyontanak	TRUE	9515.785399999999
mondasz_mondasz_participant_SESSION_2025-10-27_19h56.01.15.csv	gíneszt	Prs.1Sg›2 (mondalak)	gínesztelek	6357	271	1644771	férfi	2004	8 / 8	IGQ479	device: desktop, screen width: 1920, screen height: 1080, user info: Mozilla/5.0 (Windows NT 10.0; Win64; x64) AppleWebKit/537.36 (KHTML, like Gecko) Chrome/141.0.0.0 Safari/537.36	1447278	st	gínest	gínesztlek	gínesztelek	TRUE	9515.785399999999
mondasz_mondasz_participant_SESSION_2025-10-27_19h56.01.15.csv	börköszt	Prs.1Sg›2 (mondalak)	börkösztelek	1999	272	1647271	férfi	2004	8 / 8	IGQ479	device: desktop, screen width: 1920, screen height: 1080, user info: Mozilla/5.0 (Windows NT 10.0; Win64; x64) AppleWebKit/537.36 (KHTML, like Gecko) Chrome/141.0.0.0 Safari/537.36	1447278	st	börköst	börkösztlek	börkösztelek	TRUE	9515.785399999999
mondasz_mondasz_participant_SESSION_2025-10-27_19h56.01.15.csv	szicsent	Prs.NDef.3Pl (mondanak)	szicsentenek	2411	273	1650187	férfi	2004	8 / 8	IGQ479	device: desktop, screen width: 1920, screen height: 1080, user info: Mozilla/5.0 (Windows NT 10.0; Win64; x64) AppleWebKit/537.36 (KHTML, like Gecko) Chrome/141.0.0.0 Safari/537.36	1447278	nt	sičent	szicsentnek	szicsentenek	TRUE	9515.785399999999
mondasz_mondasz_participant_SESSION_2025-10-27_19h56.01.15.csv	ursojt	Prs.NDef.2Pl (mondotok)	ursojtotok	1905	274	1652601	férfi	2004	8 / 8	IGQ479	device: desktop, screen width: 1920, screen height: 1080, user info: Mozilla/5.0 (Windows NT 10.0; Win64; x64) AppleWebKit/537.36 (KHTML, like Gecko) Chrome/141.0.0.0 Safari/537.36	1447278	jt	uršojt	ursojttok	ursojtotok	TRUE	9515.785399999999
mondasz_mondasz_participant_SESSION_2025-10-27_19h56.01.15.csv	büfröng	Prs.NDef.2Pl (mondotok)	büfröngötök	2069	275	1655179	férfi	2004	8 / 8	IGQ479	device: desktop, screen width: 1920, screen height: 1080, user info: Mozilla/5.0 (Windows NT 10.0; Win64; x64) AppleWebKit/537.36 (KHTML, like Gecko) Chrome/141.0.0.0 Safari/537.36	1447278	ng	büfröng	büfröngtök	büfröngötök	TRUE	9515.785399999999
mondasz_mondasz_participant_SESSION_2025-10-27_19h56.01.15.csv	kajszoszt	Prs.1Sg›2 (mondalak)	kajszosztalak	2106	276	1657796	férfi	2004	8 / 8	IGQ479	device: desktop, screen width: 1920, screen height: 1080, user info: Mozilla/5.0 (Windows NT 10.0; Win64; x64) AppleWebKit/537.36 (KHTML, like Gecko) Chrome/141.0.0.0 Safari/537.36	1447278	st	kajsost	kajszosztlak	kajszosztalak	TRUE	9515.785399999999
mondasz_mondasz_participant_SESSION_2025-10-27_19h56.01.15.csv	pétlent	Prs.1Sg›2 (mondalak)	pétlentelek	2306	277	1660605	férfi	2004	8 / 8	IGQ479	device: desktop, screen width: 1920, screen height: 1080, user info: Mozilla/5.0 (Windows NT 10.0; Win64; x64) AppleWebKit/537.36 (KHTML, like Gecko) Chrome/141.0.0.0 Safari/537.36	1447278	nt	pétlent	pétlentlek	pétlentelek	TRUE	9515.785399999999
mondasz_mondasz_participant_SESSION_2025-10-27_19h56.01.15.csv	suvoszt	Prs.1Sg›2 (mondalak)	suvosztalak	13333	278	1674439	férfi	2004	8 / 8	IGQ479	device: desktop, screen width: 1920, screen height: 1080, user info: Mozilla/5.0 (Windows NT 10.0; Win64; x64) AppleWebKit/537.36 (KHTML, like Gecko) Chrome/141.0.0.0 Safari/537.36	1447278	st	šuvost	suvosztlak	suvosztalak	TRUE	9515.785399999999
mondasz_mondasz_participant_SESSION_2025-10-27_19h56.01.15.csv	pagyont	Prs.NDef.2Sg (mondas)	pagyontasz	3948	279	1678888	férfi	2004	8 / 8	IGQ479	device: desktop, screen width: 1920, screen height: 1080, user info: Mozilla/5.0 (Windows NT 10.0; Win64; x64) AppleWebKit/537.36 (KHTML, like Gecko) Chrome/141.0.0.0 Safari/537.36	1447278	nt	paḏont	pagyontsz	pagyontasz	TRUE	9515.785399999999
mondasz_mondasz_participant_SESSION_2025-10-27_19h56.01.15.csv	haccsojt	Prs.NDef.2Sg (mondas)	haccsojtasz	1712	280	1681101	férfi	2004	8 / 8	IGQ479	device: desktop, screen width: 1920, screen height: 1080, user info: Mozilla/5.0 (Windows NT 10.0; Win64; x64) AppleWebKit/537.36 (KHTML, like Gecko) Chrome/141.0.0.0 Safari/537.36	1447278	jt	haččojt	haccsojtsz	haccsojtasz	TRUE	9515.785399999999
mondasz_mondasz_participant_SESSION_2025-10-27_19h56.01.15.csv	szipteszt	Prs.NDef.2Pl (mondotok)	sziptesztetek	3097	281	1684703	férfi	2004	8 / 8	IGQ479	device: desktop, screen width: 1920, screen height: 1080, user info: Mozilla/5.0 (Windows NT 10.0; Win64; x64) AppleWebKit/537.36 (KHTML, like Gecko) Chrome/141.0.0.0 Safari/537.36	1447278	st	siptest	szipteszttek	sziptesztetek	TRUE	9515.785399999999
mondasz_mondasz_participant_SESSION_2025-10-27_19h56.01.15.csv	togyont	Prs.NDef.2Sg (mondas)	togyontasz	1521	282	1686738	férfi	2004	8 / 8	IGQ479	device: desktop, screen width: 1920, screen height: 1080, user info: Mozilla/5.0 (Windows NT 10.0; Win64; x64) AppleWebKit/537.36 (KHTML, like Gecko) Chrome/141.0.0.0 Safari/537.36	1447278	nt	toḏont	togyontsz	togyontasz	TRUE	9515.785399999999
mondasz_mondasz_participant_SESSION_2025-10-27_19h56.01.15.csv	flöföjt	Prs.1Sg›2 (mondalak)	flöföjtelek	2729	283	1689974	férfi	2004	8 / 8	IGQ479	device: desktop, screen width: 1920, screen height: 1080, user info: Mozilla/5.0 (Windows NT 10.0; Win64; x64) AppleWebKit/537.36 (KHTML, like Gecko) Chrome/141.0.0.0 Safari/537.36	1447278	jt	flöföjt	flöföjtlek	flöföjtelek	TRUE	9515.785399999999
mondasz_mondasz_participant_SESSION_2025-10-27_19h56.01.15.csv	börköszt	Prs.NDef.3Pl (mondanak)	börkösztenek	3015	284	1693496	férfi	2004	8 / 8	IGQ479	device: desktop, screen width: 1920, screen height: 1080, user info: Mozilla/5.0 (Windows NT 10.0; Win64; x64) AppleWebKit/537.36 (KHTML, like Gecko) Chrome/141.0.0.0 Safari/537.36	1447278	st	börköst	börkösztnek	börkösztenek	TRUE	9515.785399999999
mondasz_mondasz_participant_SESSION_2025-10-27_19h56.01.15.csv	kurtoszt	Prs.NDef.2Sg (mondas)	kurtosztasz	1664	285	1695661	férfi	2004	8 / 8	IGQ479	device: desktop, screen width: 1920, screen height: 1080, user info: Mozilla/5.0 (Windows NT 10.0; Win64; x64) AppleWebKit/537.36 (KHTML, like Gecko) Chrome/141.0.0.0 Safari/537.36	1447278	st	kurtost	kurtosztsz	kurtosztasz	TRUE	9515.785399999999
mondasz_mondasz_participant_SESSION_2025-10-27_19h56.01.15.csv	rüvönt	Prs.NDef.2Pl (mondotok)	rüvöntötök	3413	286	1699576	férfi	2004	8 / 8	IGQ479	device: desktop, screen width: 1920, screen height: 1080, user info: Mozilla/5.0 (Windows NT 10.0; Win64; x64) AppleWebKit/537.36 (KHTML, like Gecko) Chrome/141.0.0.0 Safari/537.36	1447278	nt	rüvönt	rüvönttök	rüvöntötök	TRUE	9515.785399999999
mondasz_mondasz_participant_SESSION_2025-10-27_19h56.01.15.csv	hempeszt	Prs.NDef.3Pl (mondanak)	hempesztenek	3391	287	1703475	férfi	2004	8 / 8	IGQ479	device: desktop, screen width: 1920, screen height: 1080, user info: Mozilla/5.0 (Windows NT 10.0; Win64; x64) AppleWebKit/537.36 (KHTML, like Gecko) Chrome/141.0.0.0 Safari/537.36	1447278	st	hempest	hempesztnek	hempesztenek	TRUE	9515.785399999999
mondasz_mondasz_participant_SESSION_2025-10-27_19h56.01.15.csv	pétlent	Prs.NDef.2Sg (mondas)	pétlentesz	5145	288	1709127	férfi	2004	8 / 8	IGQ479	device: desktop, screen width: 1920, screen height: 1080, user info: Mozilla/5.0 (Windows NT 10.0; Win64; x64) AppleWebKit/537.36 (KHTML, like Gecko) Chrome/141.0.0.0 Safari/537.36	1447278	nt	pétlent	pétlentsz	pétlentesz	TRUE	9515.785399999999
mondasz_mondasz_participant_SESSION_2025-10-27_19h56.01.15.csv	ejjeng	Prs.NDef.2Pl (mondotok)	ejjengetek	1162	289	1710804	férfi	2004	8 / 8	IGQ479	device: desktop, screen width: 1920, screen height: 1080, user info: Mozilla/5.0 (Windows NT 10.0; Win64; x64) AppleWebKit/537.36 (KHTML, like Gecko) Chrome/141.0.0.0 Safari/537.36	1447278	ng	ejjeng	ejjengtek	ejjengetek	TRUE	9515.785399999999
mondasz_mondasz_participant_SESSION_2025-10-27_19h56.01.15.csv	sajlojt	Prs.NDef.3Pl (mondanak)	sajlojtanak	1849	290	1713154	férfi	2004	8 / 8	IGQ479	device: desktop, screen width: 1920, screen height: 1080, user info: Mozilla/5.0 (Windows NT 10.0; Win64; x64) AppleWebKit/537.36 (KHTML, like Gecko) Chrome/141.0.0.0 Safari/537.36	1447278	jt	šajlojt	sajlojtnak	sajlojtanak	TRUE	9515.785399999999
mondasz_mondasz_participant_SESSION_2025-10-27_19h56.01.15.csv	gyuront	Prs.NDef.2Sg (mondas)	gyurontasz	1405	291	1715061	férfi	2004	8 / 8	IGQ479	device: desktop, screen width: 1920, screen height: 1080, user info: Mozilla/5.0 (Windows NT 10.0; Win64; x64) AppleWebKit/537.36 (KHTML, like Gecko) Chrome/141.0.0.0 Safari/537.36	1447278	nt	ḏuront	gyurontsz	gyurontasz	TRUE	9515.785399999999
mondasz_mondasz_participant_SESSION_2025-10-27_19h56.01.15.csv	nésszent	Prs.1Sg›2 (mondalak)	nésszentelek	5285	292	1720856	férfi	2004	8 / 8	IGQ479	device: desktop, screen width: 1920, screen height: 1080, user info: Mozilla/5.0 (Windows NT 10.0; Win64; x64) AppleWebKit/537.36 (KHTML, like Gecko) Chrome/141.0.0.0 Safari/537.36	1447278	nt	néssent	nésszentlek	nésszentelek	TRUE	9515.785399999999
mondasz_mondasz_participant_SESSION_2025-10-27_19h56.01.15.csv	vurmong	Prs.NDef.3Pl (mondanak)	vurmonganak	4501	294	1729203	férfi	2004	8 / 8	IGQ479	device: desktop, screen width: 1920, screen height: 1080, user info: Mozilla/5.0 (Windows NT 10.0; Win64; x64) AppleWebKit/537.36 (KHTML, like Gecko) Chrome/141.0.0.0 Safari/537.36	1447278	ng	vurmong	vurmongnak	vurmonganak	TRUE	9515.785399999999
mondasz_mondasz_participant_SESSION_2025-10-27_19h56.01.15.csv	ügönt	Prs.NDef.3Pl (mondanak)	ügöntenek	3179	295	1732897	férfi	2004	8 / 8	IGQ479	device: desktop, screen width: 1920, screen height: 1080, user info: Mozilla/5.0 (Windows NT 10.0; Win64; x64) AppleWebKit/537.36 (KHTML, like Gecko) Chrome/141.0.0.0 Safari/537.36	1447278	nt	ügönt	ügöntnek	ügöntenek	TRUE	9515.785399999999
mondasz_mondasz_participant_SESSION_2025-10-27_19h56.01.15.csv	zsömhöjt	Prs.1Sg›2 (mondalak)	zsömhöjtlek	5666	296	1739072	férfi	2004	8 / 8	IGQ479	device: desktop, screen width: 1920, screen height: 1080, user info: Mozilla/5.0 (Windows NT 10.0; Win64; x64) AppleWebKit/537.36 (KHTML, like Gecko) Chrome/141.0.0.0 Safari/537.36	1447278	jt	žömhöjt	zsömhöjtlek	zsömhöjtelek	FALSE	9515.785399999999
mondasz_mondasz_participant_SESSION_2025-10-27_19h56.01.15.csv	fomong	Prs.NDef.2Sg (mondas)	fomongsz	1449	297	1741025	férfi	2004	8 / 8	IGQ479	device: desktop, screen width: 1920, screen height: 1080, user info: Mozilla/5.0 (Windows NT 10.0; Win64; x64) AppleWebKit/537.36 (KHTML, like Gecko) Chrome/141.0.0.0 Safari/537.36	1447278	ng	fomong	fomongsz	fomongasz	FALSE	9515.785399999999
mondasz_mondasz_participant_SESSION_2025-10-27_19h56.01.15.csv	gíneszt	Prs.NDef.2Sg (mondas)	gínesztsz	2273	298	1743800	férfi	2004	8 / 8	IGQ479	device: desktop, screen width: 1920, screen height: 1080, user info: Mozilla/5.0 (Windows NT 10.0; Win64; x64) AppleWebKit/537.36 (KHTML, like Gecko) Chrome/141.0.0.0 Safari/537.36	1447278	st	gínest	gínesztsz	gínesztesz	FALSE	9515.785399999999
mondasz_mondasz_participant_SESSION_2025-10-27_19h56.01.15.csv	kucont	Prs.NDef.3Pl (mondanak)	kucontnak	4117	299	1748424	férfi	2004	8 / 8	IGQ479	device: desktop, screen width: 1920, screen height: 1080, user info: Mozilla/5.0 (Windows NT 10.0; Win64; x64) AppleWebKit/537.36 (KHTML, like Gecko) Chrome/141.0.0.0 Safari/537.36	1447278	nt	kucont	kucontnak	kucontanak	FALSE	9515.785399999999
mondasz_mondasz_participant_SESSION_2025-10-27_19h56.01.15.csv	csölönt	Prs.1Sg›2 (mondalak)	csölöntlek	2798	300	1751726	férfi	2004	8 / 8	IGQ479	device: desktop, screen width: 1920, screen height: 1080, user info: Mozilla/5.0 (Windows NT 10.0; Win64; x64) AppleWebKit/537.36 (KHTML, like Gecko) Chrome/141.0.0.0 Safari/537.36	1447278	nt	čölönt	csölöntlek	csölöntelek	FALSE	9515.785399999999
mondasz_mondasz_participant_SESSION_2025-10-27_19h56.01.15.csv	pömpöng	Prs.NDef.2Pl (mondotok)	pömpöngtök	2896	301	1755129	férfi	2004	8 / 8	IGQ479	device: desktop, screen width: 1920, screen height: 1080, user info: Mozilla/5.0 (Windows NT 10.0; Win64; x64) AppleWebKit/537.36 (KHTML, like Gecko) Chrome/141.0.0.0 Safari/537.36	1447278	ng	pömpöng	pömpöngtök	pömpöngötök	FALSE	9515.785399999999
mondasz_mondasz_participant_SESSION_2025-10-27_19h56.01.15.csv	fesszent	Prs.NDef.2Sg (mondas)	fesszentsz	1350	302	1756990	férfi	2004	8 / 8	IGQ479	device: desktop, screen width: 1920, screen height: 1080, user info: Mozilla/5.0 (Windows NT 10.0; Win64; x64) AppleWebKit/537.36 (KHTML, like Gecko) Chrome/141.0.0.0 Safari/537.36	1447278	nt	fessent	fesszentsz	fesszentesz	FALSE	9515.785399999999
mondasz_mondasz_participant_SESSION_2025-10-27_19h56.01.15.csv	nyuttojt	Prs.NDef.2Pl (mondotok)	nyuttojttok	1888	303	1759380	férfi	2004	8 / 8	IGQ479	device: desktop, screen width: 1920, screen height: 1080, user info: Mozilla/5.0 (Windows NT 10.0; Win64; x64) AppleWebKit/537.36 (KHTML, like Gecko) Chrome/141.0.0.0 Safari/537.36	1447278	jt	ṉuttojt	nyuttojttok	nyuttojtotok	FALSE	9515.785399999999
mondasz_mondasz_participant_SESSION_2025-10-27_19h56.01.15.csv	sébeszt	Prs.1Sg›2 (mondalak)	sébesztlek	1779	304	1761663	férfi	2004	8 / 8	IGQ479	device: desktop, screen width: 1920, screen height: 1080, user info: Mozilla/5.0 (Windows NT 10.0; Win64; x64) AppleWebKit/537.36 (KHTML, like Gecko) Chrome/141.0.0.0 Safari/537.36	1447278	st	šébest	sébesztlek	sébesztelek	FALSE	9515.785399999999
mondasz_mondasz_participant_SESSION_2025-10-27_19h56.01.15.csv	flöföjt	Prs.NDef.2Pl (mondotok)	flöföjttök	1452	305	1763628	férfi	2004	8 / 8	IGQ479	device: desktop, screen width: 1920, screen height: 1080, user info: Mozilla/5.0 (Windows NT 10.0; Win64; x64) AppleWebKit/537.36 (KHTML, like Gecko) Chrome/141.0.0.0 Safari/537.36	1447278	jt	flöföjt	flöföjttök	flöföjtötök	FALSE	9515.785399999999
mondasz_mondasz_participant_SESSION_2025-10-27_19h56.01.15.csv	rupojt	Prs.NDef.2Sg (mondas)	rupojtsz	1501	306	1765634	férfi	2004	8 / 8	IGQ479	device: desktop, screen width: 1920, screen height: 1080, user info: Mozilla/5.0 (Windows NT 10.0; Win64; x64) AppleWebKit/537.36 (KHTML, like Gecko) Chrome/141.0.0.0 Safari/537.36	1447278	jt	rupojt	rupojtsz	rupojtasz	FALSE	9515.785399999999
mondasz_mondasz_participant_SESSION_2025-10-27_19h56.01.15.csv	fűjönt	Prs.NDef.3Pl (mondanak)	fűjöntnek	1817	307	1767965	férfi	2004	8 / 8	IGQ479	device: desktop, screen width: 1920, screen height: 1080, user info: Mozilla/5.0 (Windows NT 10.0; Win64; x64) AppleWebKit/537.36 (KHTML, like Gecko) Chrome/141.0.0.0 Safari/537.36	1447278	nt	fűjönt	fűjöntnek	fűjöntenek	FALSE	9515.785399999999
mondasz_mondasz_participant_SESSION_2025-10-27_19h56.01.15.csv	szüvöng	Prs.NDef.2Pl (mondotok)	szüvöngtök	2352	308	1770819	férfi	2004	8 / 8	IGQ479	device: desktop, screen width: 1920, screen height: 1080, user info: Mozilla/5.0 (Windows NT 10.0; Win64; x64) AppleWebKit/537.36 (KHTML, like Gecko) Chrome/141.0.0.0 Safari/537.36	1447278	ng	süvöng	szüvöngtök	szüvöngötök	FALSE	9515.785399999999
mondasz_mondasz_participant_SESSION_2025-10-27_19h56.01.15.csv	ügönt	Prs.NDef.2Sg (mondas)	ügöntsz	2564	309	1773887	férfi	2004	8 / 8	IGQ479	device: desktop, screen width: 1920, screen height: 1080, user info: Mozilla/5.0 (Windows NT 10.0; Win64; x64) AppleWebKit/537.36 (KHTML, like Gecko) Chrome/141.0.0.0 Safari/537.36	1447278	nt	ügönt	ügöntsz	ügöntesz	FALSE	9515.785399999999
mondasz_mondasz_participant_SESSION_2025-10-27_19h56.01.15.csv	ursojt	Prs.NDef.3Pl (mondanak)	ursojtnak	3841	310	1778233	férfi	2004	8 / 8	IGQ479	device: desktop, screen width: 1920, screen height: 1080, user info: Mozilla/5.0 (Windows NT 10.0; Win64; x64) AppleWebKit/537.36 (KHTML, like Gecko) Chrome/141.0.0.0 Safari/537.36	1447278	jt	uršojt	ursojtnak	ursojtanak	FALSE	9515.785399999999
mondasz_mondasz_participant_SESSION_2025-10-27_19h56.01.15.csv	csölönt	Prs.NDef.2Pl (mondotok)	csölönttök	1946	311	1780685	férfi	2004	8 / 8	IGQ479	device: desktop, screen width: 1920, screen height: 1080, user info: Mozilla/5.0 (Windows NT 10.0; Win64; x64) AppleWebKit/537.36 (KHTML, like Gecko) Chrome/141.0.0.0 Safari/537.36	1447278	nt	čölönt	csölönttök	csölöntötök	FALSE	9515.785399999999
mondasz_mondasz_participant_SESSION_2025-10-27_19h56.01.15.csv	szűsöjt	Prs.NDef.2Pl (mondotok)	szűsöjttök	1882	312	1783074	férfi	2004	8 / 8	IGQ479	device: desktop, screen width: 1920, screen height: 1080, user info: Mozilla/5.0 (Windows NT 10.0; Win64; x64) AppleWebKit/537.36 (KHTML, like Gecko) Chrome/141.0.0.0 Safari/537.36	1447278	jt	sűšöjt	szűsöjttök	szűsöjtötök	FALSE	9515.785399999999
mondasz_mondasz_participant_SESSION_2025-10-27_19h56.01.15.csv	csampojt	Prs.NDef.3Pl (mondanak)	csampojtnak	2227	313	1785801	férfi	2004	8 / 8	IGQ479	device: desktop, screen width: 1920, screen height: 1080, user info: Mozilla/5.0 (Windows NT 10.0; Win64; x64) AppleWebKit/537.36 (KHTML, like Gecko) Chrome/141.0.0.0 Safari/537.36	1447278	jt	čampojt	csampojtnak	csampojtanak	FALSE	9515.785399999999
mondasz_mondasz_participant_SESSION_2025-10-27_19h56.01.15.csv	ursojt	Prs.1Sg›2 (mondalak)	ursojtlak	1263	314	1787567	férfi	2004	8 / 8	IGQ479	device: desktop, screen width: 1920, screen height: 1080, user info: Mozilla/5.0 (Windows NT 10.0; Win64; x64) AppleWebKit/537.36 (KHTML, like Gecko) Chrome/141.0.0.0 Safari/537.36	1447278	jt	uršojt	ursojtlak	ursojtalak	FALSE	9515.785399999999
mondasz_mondasz_participant_SESSION_2025-10-27_19h56.01.15.csv	pagyont	Prs.1Sg›2 (mondalak)	pagyontlak	3094	315	1791167	férfi	2004	8 / 8	IGQ479	device: desktop, screen width: 1920, screen height: 1080, user info: Mozilla/5.0 (Windows NT 10.0; Win64; x64) AppleWebKit/537.36 (KHTML, like Gecko) Chrome/141.0.0.0 Safari/537.36	1447278	nt	paḏont	pagyontlak	pagyontalak	FALSE	9515.785399999999
mondasz_mondasz_participant_SESSION_2025-10-27_19h56.01.15.csv	polloszt	Prs.NDef.3Pl (mondanak)	pollosztnak	1125	316	1792796	férfi	2004	8 / 8	IGQ479	device: desktop, screen width: 1920, screen height: 1080, user info: Mozilla/5.0 (Windows NT 10.0; Win64; x64) AppleWebKit/537.36 (KHTML, like Gecko) Chrome/141.0.0.0 Safari/537.36	1447278	st	pollost	pollosztnak	pollosztanak	FALSE	9515.785399999999
mondasz_mondasz_participant_SESSION_2025-10-27_19h56.01.15.csv	áhong	Prs.NDef.2Sg (mondas)	áhongsz	3291	317	1796590	férfi	2004	8 / 8	IGQ479	device: desktop, screen width: 1920, screen height: 1080, user info: Mozilla/5.0 (Windows NT 10.0; Win64; x64) AppleWebKit/537.36 (KHTML, like Gecko) Chrome/141.0.0.0 Safari/537.36	1447278	ng	áhong	áhongsz	áhongasz	FALSE	9515.785399999999
mondasz_mondasz_participant_SESSION_2025-10-27_19h56.01.15.csv	kurtoszt	Prs.NDef.2Pl (mondotok)	kurtoszttok	1414	318	1798504	férfi	2004	8 / 8	IGQ479	device: desktop, screen width: 1920, screen height: 1080, user info: Mozilla/5.0 (Windows NT 10.0; Win64; x64) AppleWebKit/537.36 (KHTML, like Gecko) Chrome/141.0.0.0 Safari/537.36	1447278	st	kurtost	kurtoszttok	kurtosztotok	FALSE	9515.785399999999
mondasz_mondasz_participant_SESSION_2025-10-27_19h56.01.15.csv	mörgöng	Prs.NDef.2Sg (mondas)	mörgöngsz	1209	319	1800214	férfi	2004	8 / 8	IGQ479	device: desktop, screen width: 1920, screen height: 1080, user info: Mozilla/5.0 (Windows NT 10.0; Win64; x64) AppleWebKit/537.36 (KHTML, like Gecko) Chrome/141.0.0.0 Safari/537.36	1447278	ng	mörgöng	mörgöngsz	mörgöngesz	FALSE	9515.785399999999
mondasz_mondasz_participant_SESSION_2025-10-27_19h56.01.15.csv	sittyeszt	Prs.NDef.2Pl (mondotok)	sittyeszttek	1750	320	1802470	férfi	2004	8 / 8	IGQ479	device: desktop, screen width: 1920, screen height: 1080, user info: Mozilla/5.0 (Windows NT 10.0; Win64; x64) AppleWebKit/537.36 (KHTML, like Gecko) Chrome/141.0.0.0 Safari/537.36	1447278	st	šiṯṯest	sittyeszttek	sittyesztetek	FALSE	9515.785399999999
mondasz_mondasz_participant_SESSION_2025-10-27_19h56.01.15.csv	rüvönt	Prs.1Sg›2 (mondalak)	rüvöntlek	3111	321	1806095	férfi	2004	8 / 8	IGQ479	device: desktop, screen width: 1920, screen height: 1080, user info: Mozilla/5.0 (Windows NT 10.0; Win64; x64) AppleWebKit/537.36 (KHTML, like Gecko) Chrome/141.0.0.0 Safari/537.36	1447278	nt	rüvönt	rüvöntlek	rüvöntelek	FALSE	9515.785399999999
mondasz_mondasz_participant_SESSION_2025-10-27_19h56.01.15.csv	kucont	Prs.1Sg›2 (mondalak)	kucontlak	2463	322	1809062	férfi	2004	8 / 8	IGQ479	device: desktop, screen width: 1920, screen height: 1080, user info: Mozilla/5.0 (Windows NT 10.0; Win64; x64) AppleWebKit/537.36 (KHTML, like Gecko) Chrome/141.0.0.0 Safari/537.36	1447278	nt	kucont	kucontlak	kucontalak	FALSE	9515.785399999999
mondasz_mondasz_participant_SESSION_2025-10-27_19h56.01.15.csv	kucont	Prs.NDef.2Sg (mondas)	kucontsz	2559	323	1812125	férfi	2004	8 / 8	IGQ479	device: desktop, screen width: 1920, screen height: 1080, user info: Mozilla/5.0 (Windows NT 10.0; Win64; x64) AppleWebKit/537.36 (KHTML, like Gecko) Chrome/141.0.0.0 Safari/537.36	1447278	nt	kucont	kucontsz	kucontasz	FALSE	9515.785399999999
mondasz_mondasz_participant_SESSION_2025-10-27_19h56.01.15.csv	ügönt	Prs.1Sg›2 (mondalak)	ügöntlek	1561	324	1814188	férfi	2004	8 / 8	IGQ479	device: desktop, screen width: 1920, screen height: 1080, user info: Mozilla/5.0 (Windows NT 10.0; Win64; x64) AppleWebKit/537.36 (KHTML, like Gecko) Chrome/141.0.0.0 Safari/537.36	1447278	nt	ügönt	ügöntlek	ügöntelek	FALSE	9515.785399999999
mondasz_mondasz_participant_SESSION_2025-10-27_19h56.01.15.csv	áhong	Prs.1Sg›2 (mondalak)	áhonglak	2055	325	1816750	férfi	2004	8 / 8	IGQ479	device: desktop, screen width: 1920, screen height: 1080, user info: Mozilla/5.0 (Windows NT 10.0; Win64; x64) AppleWebKit/537.36 (KHTML, like Gecko) Chrome/141.0.0.0 Safari/537.36	1447278	ng	áhong	áhonglak	áhongalak	FALSE	9515.785399999999
mondasz_mondasz_participant_SESSION_2025-10-27_19h56.01.15.csv	dimbeszt	Prs.NDef.2Sg (mondas)	dimbesztsz	2795	326	1820046	férfi	2004	8 / 8	IGQ479	device: desktop, screen width: 1920, screen height: 1080, user info: Mozilla/5.0 (Windows NT 10.0; Win64; x64) AppleWebKit/537.36 (KHTML, like Gecko) Chrome/141.0.0.0 Safari/537.36	1447278	st	dimbest	dimbesztsz	dimbesztesz	FALSE	9515.785399999999
mondasz_mondasz_participant_SESSION_2025-10-27_19h56.01.15.csv	mógyong	Prs.1Sg›2 (mondalak)	mógyonglak	2936	327	1823482	férfi	2004	8 / 8	IGQ479	device: desktop, screen width: 1920, screen height: 1080, user info: Mozilla/5.0 (Windows NT 10.0; Win64; x64) AppleWebKit/537.36 (KHTML, like Gecko) Chrome/141.0.0.0 Safari/537.36	1447278	ng	móḏong	mógyonglak	mógyongalak	FALSE	9515.785399999999
mondasz_mondasz_participant_SESSION_2025-10-27_19h56.01.15.csv	pétlent	Prs.NDef.3Pl (mondanak)	pétlentnek	1927	328	1825914	férfi	2004	8 / 8	IGQ479	device: desktop, screen width: 1920, screen height: 1080, user info: Mozilla/5.0 (Windows NT 10.0; Win64; x64) AppleWebKit/537.36 (KHTML, like Gecko) Chrome/141.0.0.0 Safari/537.36	1447278	nt	pétlent	pétlentnek	pétlentenek	FALSE	9515.785399999999
mondasz_mondasz_participant_SESSION_2025-10-27_19h56.01.15.csv	sökköjt	Prs.NDef.2Pl (mondotok)	sökköjttök	2489	329	1828913	férfi	2004	8 / 8	IGQ479	device: desktop, screen width: 1920, screen height: 1080, user info: Mozilla/5.0 (Windows NT 10.0; Win64; x64) AppleWebKit/537.36 (KHTML, like Gecko) Chrome/141.0.0.0 Safari/537.36	1447278	jt	šökköjt	sökköjttök	sökköjtötök	FALSE	9515.785399999999
mondasz_mondasz_participant_SESSION_2025-10-27_19h56.01.15.csv	szipteszt	Prs.NDef.3Pl (mondanak)	sziptesztnek	8044	330	1837465	férfi	2004	8 / 8	IGQ479	device: desktop, screen width: 1920, screen height: 1080, user info: Mozilla/5.0 (Windows NT 10.0; Win64; x64) AppleWebKit/537.36 (KHTML, like Gecko) Chrome/141.0.0.0 Safari/537.36	1447278	st	siptest	sziptesztnek	sziptesztenek	FALSE	9515.785399999999
mondasz_mondasz_participant_SESSION_2025-10-27_19h56.01.15.csv	odojt	Prs.NDef.3Pl (mondanak)	odojtnak	6444	331	1844424	férfi	2004	8 / 8	IGQ479	device: desktop, screen width: 1920, screen height: 1080, user info: Mozilla/5.0 (Windows NT 10.0; Win64; x64) AppleWebKit/537.36 (KHTML, like Gecko) Chrome/141.0.0.0 Safari/537.36	1447278	jt	odojt	odojtnak	odojtanak	FALSE	9515.785399999999
mondasz_mondasz_participant_SESSION_2025-10-27_19h56.01.15.csv	cséleszt	Prs.NDef.3Pl (mondanak)	csélesztnek	1740	332	1846675	férfi	2004	8 / 8	IGQ479	device: desktop, screen width: 1920, screen height: 1080, user info: Mozilla/5.0 (Windows NT 10.0; Win64; x64) AppleWebKit/537.36 (KHTML, like Gecko) Chrome/141.0.0.0 Safari/537.36	1447278	st	čélest	csélesztnek	csélesztenek	FALSE	9515.785399999999
mondasz_mondasz_participant_SESSION_2025-10-27_19h56.01.15.csv	szüköjt	Prs.NDef.2Pl (mondotok)	szüköjttök	3418	333	1850598	férfi	2004	8 / 8	IGQ479	device: desktop, screen width: 1920, screen height: 1080, user info: Mozilla/5.0 (Windows NT 10.0; Win64; x64) AppleWebKit/537.36 (KHTML, like Gecko) Chrome/141.0.0.0 Safari/537.36	1447278	jt	süköjt	szüköjttök	szüköjtötök	FALSE	9515.785399999999
mondasz_mondasz_participant_SESSION_2025-10-27_19h56.01.15.csv	togyont	Prs.1Sg›2 (mondalak)	togyontlak	2693	334	1853799	férfi	2004	8 / 8	IGQ479	device: desktop, screen width: 1920, screen height: 1080, user info: Mozilla/5.0 (Windows NT 10.0; Win64; x64) AppleWebKit/537.36 (KHTML, like Gecko) Chrome/141.0.0.0 Safari/537.36	1447278	nt	toḏont	togyontlak	togyontalak	FALSE	9515.785399999999
mondasz_mondasz_participant_SESSION_2025-10-27_19h56.01.15.csv	pömpöng	Prs.NDef.3Pl (mondanak)	pömpöngnek	2671	335	1856982	férfi	2004	8 / 8	IGQ479	device: desktop, screen width: 1920, screen height: 1080, user info: Mozilla/5.0 (Windows NT 10.0; Win64; x64) AppleWebKit/537.36 (KHTML, like Gecko) Chrome/141.0.0.0 Safari/537.36	1447278	ng	pömpöng	pömpöngnek	pömpöngenek	FALSE	9515.785399999999
mondasz_mondasz_participant_SESSION_2025-10-29_15h30.58.653.csv	áhong	Prs.NDef.3Pl (mondanak)	áhonganak	8050	8	73074	Férfi	2005	8 / 8	MS1QG9	device: desktop, screen width: 1280, screen height: 720, user info: Mozilla/5.0 (Windows NT 10.0; Win64; x64; rv:144.0) Gecko/20100101 Firefox/144.0	1926854	ng	áhong	áhongnak	áhonganak	TRUE	9515.785399999999
mondasz_mondasz_participant_SESSION_2025-10-29_15h30.58.653.csv	kerzeng	Prs.NDef.2Sg (mondas)	kerzengsz	7846	9	81426	Férfi	2005	8 / 8	MS1QG9	device: desktop, screen width: 1280, screen height: 720, user info: Mozilla/5.0 (Windows NT 10.0; Win64; x64; rv:144.0) Gecko/20100101 Firefox/144.0	1926854	ng	kerzeng	kerzengsz	kerzengesz	FALSE	9515.785399999999
mondasz_mondasz_participant_SESSION_2025-10-29_15h30.58.653.csv	sébeszt	Prs.1Sg›2 (mondalak)	sébesztelek	5518	10	87462	Férfi	2005	8 / 8	MS1QG9	device: desktop, screen width: 1280, screen height: 720, user info: Mozilla/5.0 (Windows NT 10.0; Win64; x64; rv:144.0) Gecko/20100101 Firefox/144.0	1926854	st	šébest	sébesztlek	sébesztelek	TRUE	9515.785399999999
mondasz_mondasz_participant_SESSION_2025-10-29_15h30.58.653.csv	gyahong	Prs.NDef.3Pl (mondanak)	gyahongnak	11176	11	99158	Férfi	2005	8 / 8	MS1QG9	device: desktop, screen width: 1280, screen height: 720, user info: Mozilla/5.0 (Windows NT 10.0; Win64; x64; rv:144.0) Gecko/20100101 Firefox/144.0	1926854	ng	ḏahong	gyahongnak	gyahonganak	FALSE	9515.785399999999
mondasz_mondasz_participant_SESSION_2025-10-29_15h30.58.653.csv	gyahong	Prs.NDef.2Sg (mondas)	gyahongsz	3448	12	103127	Férfi	2005	8 / 8	MS1QG9	device: desktop, screen width: 1280, screen height: 720, user info: Mozilla/5.0 (Windows NT 10.0; Win64; x64; rv:144.0) Gecko/20100101 Firefox/144.0	1926854	ng	ḏahong	gyahongsz	gyahongasz	FALSE	9515.785399999999
mondasz_mondasz_participant_SESSION_2025-10-29_15h30.58.653.csv	ibreng	Prs.1Sg›2 (mondalak)	ibrenglek	74763	13	178399	Férfi	2005	8 / 8	MS1QG9	device: desktop, screen width: 1280, screen height: 720, user info: Mozilla/5.0 (Windows NT 10.0; Win64; x64; rv:144.0) Gecko/20100101 Firefox/144.0	1926854	ng	ibreng	ibrenglek	ibrengelek	FALSE	9515.785399999999
mondasz_mondasz_participant_SESSION_2025-10-29_15h30.58.653.csv	rupojt	Prs.1Sg›2 (mondalak)	rupojtlak	14906	14	193820	Férfi	2005	8 / 8	MS1QG9	device: desktop, screen width: 1280, screen height: 720, user info: Mozilla/5.0 (Windows NT 10.0; Win64; x64; rv:144.0) Gecko/20100101 Firefox/144.0	1926854	jt	rupojt	rupojtlak	rupojtalak	FALSE	9515.785399999999
mondasz_mondasz_participant_SESSION_2025-10-29_15h30.58.653.csv	csumlong	Prs.NDef.3Pl (mondanak)	csumlonganak	32174	15	226529	Férfi	2005	8 / 8	MS1QG9	device: desktop, screen width: 1280, screen height: 720, user info: Mozilla/5.0 (Windows NT 10.0; Win64; x64; rv:144.0) Gecko/20100101 Firefox/144.0	1926854	ng	čumlong	csumlongnak	csumlonganak	TRUE	9515.785399999999
mondasz_mondasz_participant_SESSION_2025-10-29_15h30.58.653.csv	szipteszt	Prs.NDef.2Sg (mondas)	sziptesztesz	14836	16	241877	Férfi	2005	8 / 8	MS1QG9	device: desktop, screen width: 1280, screen height: 720, user info: Mozilla/5.0 (Windows NT 10.0; Win64; x64; rv:144.0) Gecko/20100101 Firefox/144.0	1926854	st	siptest	sziptesztsz	sziptesztesz	TRUE	9515.785399999999
mondasz_mondasz_participant_SESSION_2025-10-29_15h30.58.653.csv	pagyont	Prs.NDef.3Pl (mondanak)	pagyontanak	14347	17	256739	Férfi	2005	8 / 8	MS1QG9	device: desktop, screen width: 1280, screen height: 720, user info: Mozilla/5.0 (Windows NT 10.0; Win64; x64; rv:144.0) Gecko/20100101 Firefox/144.0	1926854	nt	paḏont	pagyontnak	pagyontanak	TRUE	9515.785399999999
mondasz_mondasz_participant_SESSION_2025-10-29_15h30.58.653.csv	lahont	Prs.1Sg›2 (mondalak)	lahontlak	7053	18	264299	Férfi	2005	8 / 8	MS1QG9	device: desktop, screen width: 1280, screen height: 720, user info: Mozilla/5.0 (Windows NT 10.0; Win64; x64; rv:144.0) Gecko/20100101 Firefox/144.0	1926854	nt	lahont	lahontlak	lahontalak	FALSE	9515.785399999999
mondasz_mondasz_participant_SESSION_2025-10-29_15h30.58.653.csv	szipteszt	Prs.NDef.3Pl (mondanak)	sziptesztenek	3730	19	268541	Férfi	2005	8 / 8	MS1QG9	device: desktop, screen width: 1280, screen height: 720, user info: Mozilla/5.0 (Windows NT 10.0; Win64; x64; rv:144.0) Gecko/20100101 Firefox/144.0	1926854	st	siptest	sziptesztnek	sziptesztenek	TRUE	9515.785399999999
mondasz_mondasz_participant_SESSION_2025-10-29_15h30.58.653.csv	kucont	Prs.NDef.2Pl (mondotok)	kucontotok	5632	20	274683	Férfi	2005	8 / 8	MS1QG9	device: desktop, screen width: 1280, screen height: 720, user info: Mozilla/5.0 (Windows NT 10.0; Win64; x64; rv:144.0) Gecko/20100101 Firefox/144.0	1926854	nt	kucont	kuconttok	kucontotok	TRUE	9515.785399999999
mondasz_mondasz_participant_SESSION_2025-10-29_15h30.58.653.csv	pömpöng	Prs.NDef.3Pl (mondanak)	pömpöngnek	35749	21	310942	Férfi	2005	8 / 8	MS1QG9	device: desktop, screen width: 1280, screen height: 720, user info: Mozilla/5.0 (Windows NT 10.0; Win64; x64; rv:144.0) Gecko/20100101 Firefox/144.0	1926854	ng	pömpöng	pömpöngnek	pömpöngenek	FALSE	9515.785399999999
mondasz_mondasz_participant_SESSION_2025-10-29_15h30.58.653.csv	ofont	Prs.1Sg›2 (mondalak)	ofontlak	6221	22	317680	Férfi	2005	8 / 8	MS1QG9	device: desktop, screen width: 1280, screen height: 720, user info: Mozilla/5.0 (Windows NT 10.0; Win64; x64; rv:144.0) Gecko/20100101 Firefox/144.0	1926854	nt	ofont	ofontlak	ofontalak	FALSE	9515.785399999999
mondasz_mondasz_participant_SESSION_2025-10-29_15h30.58.653.csv	gíneszt	Prs.1Sg›2 (mondalak)	gínesztlek	5959	23	324146	Férfi	2005	8 / 8	MS1QG9	device: desktop, screen width: 1280, screen height: 720, user info: Mozilla/5.0 (Windows NT 10.0; Win64; x64; rv:144.0) Gecko/20100101 Firefox/144.0	1926854	st	gínest	gínesztlek	gínesztelek	FALSE	9515.785399999999
mondasz_mondasz_participant_SESSION_2025-10-29_15h30.58.653.csv	mógyong	Prs.NDef.2Pl (mondotok)	mógyongtok	8141	24	332795	Férfi	2005	8 / 8	MS1QG9	device: desktop, screen width: 1280, screen height: 720, user info: Mozilla/5.0 (Windows NT 10.0; Win64; x64; rv:144.0) Gecko/20100101 Firefox/144.0	1926854	ng	móḏong	mógyongtok	mógyongotok	FALSE	9515.785399999999
mondasz_mondasz_participant_SESSION_2025-10-29_15h30.58.653.csv	nyénnyejt	Prs.NDef.2Sg (mondas)	nyénnyejtesz	9618	25	342931	Férfi	2005	8 / 8	MS1QG9	device: desktop, screen width: 1280, screen height: 720, user info: Mozilla/5.0 (Windows NT 10.0; Win64; x64; rv:144.0) Gecko/20100101 Firefox/144.0	1926854	jt	ṉéṉṉejt	nyénnyejtsz	nyénnyejtesz	TRUE	9515.785399999999
mondasz_mondasz_participant_SESSION_2025-10-29_15h30.58.653.csv	fomong	Prs.NDef.2Sg (mondas)	fomongsz	6591	26	350036	Férfi	2005	8 / 8	MS1QG9	device: desktop, screen width: 1280, screen height: 720, user info: Mozilla/5.0 (Windows NT 10.0; Win64; x64; rv:144.0) Gecko/20100101 Firefox/144.0	1926854	ng	fomong	fomongsz	fomongasz	FALSE	9515.785399999999
mondasz_mondasz_participant_SESSION_2025-10-29_15h30.58.653.csv	vutojt	Prs.NDef.3Pl (mondanak)	vutojtanak	8515	27	359066	Férfi	2005	8 / 8	MS1QG9	device: desktop, screen width: 1280, screen height: 720, user info: Mozilla/5.0 (Windows NT 10.0; Win64; x64; rv:144.0) Gecko/20100101 Firefox/144.0	1926854	jt	vutojt	vutojtnak	vutojtanak	TRUE	9515.785399999999
mondasz_mondasz_participant_SESSION_2025-10-29_15h30.58.653.csv	dimbeszt	Prs.NDef.2Sg (mondas)	dimbesztesz	3202	28	362779	Férfi	2005	8 / 8	MS1QG9	device: desktop, screen width: 1280, screen height: 720, user info: Mozilla/5.0 (Windows NT 10.0; Win64; x64; rv:144.0) Gecko/20100101 Firefox/144.0	1926854	st	dimbest	dimbesztsz	dimbesztesz	TRUE	9515.785399999999
mondasz_mondasz_participant_SESSION_2025-10-29_15h30.58.653.csv	fesszent	Prs.NDef.2Pl (mondotok)	fesszentetek	4165	29	367453	Férfi	2005	8 / 8	MS1QG9	device: desktop, screen width: 1280, screen height: 720, user info: Mozilla/5.0 (Windows NT 10.0; Win64; x64; rv:144.0) Gecko/20100101 Firefox/144.0	1926854	nt	fessent	fesszenttek	fesszentetek	TRUE	9515.785399999999
mondasz_mondasz_participant_SESSION_2025-10-29_15h30.58.653.csv	ütvöszt	Prs.NDef.2Sg (mondas)	ütvösztesz	3691	30	371661	Férfi	2005	8 / 8	MS1QG9	device: desktop, screen width: 1280, screen height: 720, user info: Mozilla/5.0 (Windows NT 10.0; Win64; x64; rv:144.0) Gecko/20100101 Firefox/144.0	1926854	st	ütvöst	ütvösztsz	ütvösztesz	TRUE	9515.785399999999
mondasz_mondasz_participant_SESSION_2025-10-29_15h30.58.653.csv	hojont	Prs.NDef.3Pl (mondanak)	hojontnak	5247	31	377413	Férfi	2005	8 / 8	MS1QG9	device: desktop, screen width: 1280, screen height: 720, user info: Mozilla/5.0 (Windows NT 10.0; Win64; x64; rv:144.0) Gecko/20100101 Firefox/144.0	1926854	nt	hojont	hojontnak	hojontanak	FALSE	9515.785399999999
mondasz_mondasz_participant_SESSION_2025-10-29_15h30.58.653.csv	kurtoszt	Prs.NDef.3Pl (mondanak)	kurtosztanak	4670	32	382590	Férfi	2005	8 / 8	MS1QG9	device: desktop, screen width: 1280, screen height: 720, user info: Mozilla/5.0 (Windows NT 10.0; Win64; x64; rv:144.0) Gecko/20100101 Firefox/144.0	1926854	st	kurtost	kurtosztnak	kurtosztanak	TRUE	9515.785399999999
mondasz_mondasz_participant_SESSION_2025-10-29_15h30.58.653.csv	szűsöjt	Prs.1Sg›2 (mondalak)	szűsöjtelek	4897	33	387999	Férfi	2005	8 / 8	MS1QG9	device: desktop, screen width: 1280, screen height: 720, user info: Mozilla/5.0 (Windows NT 10.0; Win64; x64; rv:144.0) Gecko/20100101 Firefox/144.0	1926854	jt	sűšöjt	szűsöjtlek	szűsöjtelek	TRUE	9515.785399999999
mondasz_mondasz_participant_SESSION_2025-10-29_15h30.58.653.csv	fedrent	Prs.NDef.2Sg (mondas)	fedrentesz	3063	34	391591	Férfi	2005	8 / 8	MS1QG9	device: desktop, screen width: 1280, screen height: 720, user info: Mozilla/5.0 (Windows NT 10.0; Win64; x64; rv:144.0) Gecko/20100101 Firefox/144.0	1926854	nt	fedrent	fedrentsz	fedrentesz	TRUE	9515.785399999999
mondasz_mondasz_participant_SESSION_2025-10-29_15h30.58.653.csv	áhong	Prs.1Sg›2 (mondalak)	áhonglak	156657	35	548762	Férfi	2005	8 / 8	MS1QG9	device: desktop, screen width: 1280, screen height: 720, user info: Mozilla/5.0 (Windows NT 10.0; Win64; x64; rv:144.0) Gecko/20100101 Firefox/144.0	1926854	ng	áhong	áhonglak	áhongalak	FALSE	9515.785399999999
mondasz_mondasz_participant_SESSION_2025-10-29_15h30.58.653.csv	pömpöng	Prs.NDef.2Pl (mondotok)	pömpöngtök	3338	36	552609	Férfi	2005	8 / 8	MS1QG9	device: desktop, screen width: 1280, screen height: 720, user info: Mozilla/5.0 (Windows NT 10.0; Win64; x64; rv:144.0) Gecko/20100101 Firefox/144.0	1926854	ng	pömpöng	pömpöngtök	pömpöngötök	FALSE	9515.785399999999
mondasz_mondasz_participant_SESSION_2025-10-29_15h30.58.653.csv	pánkojt	Prs.NDef.3Pl (mondanak)	pánkojtanak	5426	37	558552	Férfi	2005	8 / 8	MS1QG9	device: desktop, screen width: 1280, screen height: 720, user info: Mozilla/5.0 (Windows NT 10.0; Win64; x64; rv:144.0) Gecko/20100101 Firefox/144.0	1926854	jt	pánkojt	pánkojtnak	pánkojtanak	TRUE	9515.785399999999
mondasz_mondasz_participant_SESSION_2025-10-29_15h30.58.653.csv	ornyoszt	Prs.NDef.2Pl (mondotok)	ornyosztotok	3678	38	562746	Férfi	2005	8 / 8	MS1QG9	device: desktop, screen width: 1280, screen height: 720, user info: Mozilla/5.0 (Windows NT 10.0; Win64; x64; rv:144.0) Gecko/20100101 Firefox/144.0	1926854	st	orṉost	ornyoszttok	ornyosztotok	TRUE	9515.785399999999
mondasz_mondasz_participant_SESSION_2025-10-29_15h30.58.653.csv	lahont	Prs.NDef.2Pl (mondotok)	lahontotok	3098	39	566360	Férfi	2005	8 / 8	MS1QG9	device: desktop, screen width: 1280, screen height: 720, user info: Mozilla/5.0 (Windows NT 10.0; Win64; x64; rv:144.0) Gecko/20100101 Firefox/144.0	1926854	nt	lahont	lahonttok	lahontotok	TRUE	9515.785399999999
mondasz_mondasz_participant_SESSION_2025-10-29_15h30.58.653.csv	fűjönt	Prs.NDef.2Pl (mondotok)	fűjöntötök	2710	40	569575	Férfi	2005	8 / 8	MS1QG9	device: desktop, screen width: 1280, screen height: 720, user info: Mozilla/5.0 (Windows NT 10.0; Win64; x64; rv:144.0) Gecko/20100101 Firefox/144.0	1926854	nt	fűjönt	fűjönttök	fűjöntötök	TRUE	9515.785399999999
mondasz_mondasz_participant_SESSION_2025-10-29_15h30.58.653.csv	sébeszt	Prs.NDef.3Pl (mondanak)	sébesztenek	4340	41	574430	Férfi	2005	8 / 8	MS1QG9	device: desktop, screen width: 1280, screen height: 720, user info: Mozilla/5.0 (Windows NT 10.0; Win64; x64; rv:144.0) Gecko/20100101 Firefox/144.0	1926854	st	šébest	sébesztnek	sébesztenek	TRUE	9515.785399999999
mondasz_mondasz_participant_SESSION_2025-10-29_15h30.58.653.csv	dimbeszt	Prs.NDef.3Pl (mondanak)	dimbesztenek	2774	42	577718	Férfi	2005	8 / 8	MS1QG9	device: desktop, screen width: 1280, screen height: 720, user info: Mozilla/5.0 (Windows NT 10.0; Win64; x64; rv:144.0) Gecko/20100101 Firefox/144.0	1926854	st	dimbest	dimbesztnek	dimbesztenek	TRUE	9515.785399999999
mondasz_mondasz_participant_SESSION_2025-10-29_15h30.58.653.csv	cséleszt	Prs.NDef.3Pl (mondanak)	csélesztenek	3442	43	581670	Férfi	2005	8 / 8	MS1QG9	device: desktop, screen width: 1280, screen height: 720, user info: Mozilla/5.0 (Windows NT 10.0; Win64; x64; rv:144.0) Gecko/20100101 Firefox/144.0	1926854	st	čélest	csélesztnek	csélesztenek	TRUE	9515.785399999999
mondasz_mondasz_participant_SESSION_2025-10-29_15h30.58.653.csv	börköszt	Prs.NDef.2Pl (mondotok)	börkösztötök	4348	44	586527	Férfi	2005	8 / 8	MS1QG9	device: desktop, screen width: 1280, screen height: 720, user info: Mozilla/5.0 (Windows NT 10.0; Win64; x64; rv:144.0) Gecko/20100101 Firefox/144.0	1926854	st	börköst	börköszttök	börkösztötök	TRUE	9515.785399999999
mondasz_mondasz_participant_SESSION_2025-10-29_15h30.58.653.csv	vórnyoszt	Prs.1Sg›2 (mondalak)	vórnyosztalak	4933	45	591977	Férfi	2005	8 / 8	MS1QG9	device: desktop, screen width: 1280, screen height: 720, user info: Mozilla/5.0 (Windows NT 10.0; Win64; x64; rv:144.0) Gecko/20100101 Firefox/144.0	1926854	st	vórṉost	vórnyosztlak	vórnyosztalak	TRUE	9515.785399999999
mondasz_mondasz_participant_SESSION_2025-10-29_15h30.58.653.csv	kajszoszt	Prs.NDef.2Sg (mondas)	kajszosztasz	4504	46	596997	Férfi	2005	8 / 8	MS1QG9	device: desktop, screen width: 1280, screen height: 720, user info: Mozilla/5.0 (Windows NT 10.0; Win64; x64; rv:144.0) Gecko/20100101 Firefox/144.0	1926854	st	kajsost	kajszosztsz	kajszosztasz	TRUE	9515.785399999999
mondasz_mondasz_participant_SESSION_2025-10-29_15h30.58.653.csv	hojont	Prs.1Sg›2 (mondalak)	hojontalak	7213	47	604717	Férfi	2005	8 / 8	MS1QG9	device: desktop, screen width: 1280, screen height: 720, user info: Mozilla/5.0 (Windows NT 10.0; Win64; x64; rv:144.0) Gecko/20100101 Firefox/144.0	1926854	nt	hojont	hojontlak	hojontalak	TRUE	9515.785399999999
mondasz_mondasz_participant_SESSION_2025-10-29_15h30.58.653.csv	cúrong	Prs.1Sg›2 (mondalak)	cúronglak	4543	48	609764	Férfi	2005	8 / 8	MS1QG9	device: desktop, screen width: 1280, screen height: 720, user info: Mozilla/5.0 (Windows NT 10.0; Win64; x64; rv:144.0) Gecko/20100101 Firefox/144.0	1926854	ng	cúrong	cúronglak	cúrongalak	FALSE	9515.785399999999
mondasz_mondasz_participant_SESSION_2025-10-29_15h30.58.653.csv	kerzeng	Prs.1Sg›2 (mondalak)	kerzengelek	3474	49	613747	Férfi	2005	8 / 8	MS1QG9	device: desktop, screen width: 1280, screen height: 720, user info: Mozilla/5.0 (Windows NT 10.0; Win64; x64; rv:144.0) Gecko/20100101 Firefox/144.0	1926854	ng	kerzeng	kerzenglek	kerzengelek	TRUE	9515.785399999999
mondasz_mondasz_participant_SESSION_2025-10-29_15h30.58.653.csv	odojt	Prs.NDef.2Pl (mondotok)	odojtotok	3193	50	617458	Férfi	2005	8 / 8	MS1QG9	device: desktop, screen width: 1280, screen height: 720, user info: Mozilla/5.0 (Windows NT 10.0; Win64; x64; rv:144.0) Gecko/20100101 Firefox/144.0	1926854	jt	odojt	odojttok	odojtotok	TRUE	9515.785399999999
mondasz_mondasz_participant_SESSION_2025-10-29_15h30.58.653.csv	odojt	Prs.NDef.3Pl (mondanak)	odojtanak	3273	51	621247	Férfi	2005	8 / 8	MS1QG9	device: desktop, screen width: 1280, screen height: 720, user info: Mozilla/5.0 (Windows NT 10.0; Win64; x64; rv:144.0) Gecko/20100101 Firefox/144.0	1926854	jt	odojt	odojtnak	odojtanak	TRUE	9515.785399999999
mondasz_mondasz_participant_SESSION_2025-10-29_15h30.58.653.csv	mirmeszt	Prs.NDef.2Sg (mondas)	mirmesztesz	3049	52	624814	Férfi	2005	8 / 8	MS1QG9	device: desktop, screen width: 1280, screen height: 720, user info: Mozilla/5.0 (Windows NT 10.0; Win64; x64; rv:144.0) Gecko/20100101 Firefox/144.0	1926854	st	mirmest	mirmesztsz	mirmesztesz	TRUE	9515.785399999999
mondasz_mondasz_participant_SESSION_2025-10-29_15h30.58.653.csv	szicsent	Prs.NDef.3Pl (mondanak)	szicsentenek	4897	53	630223	Férfi	2005	8 / 8	MS1QG9	device: desktop, screen width: 1280, screen height: 720, user info: Mozilla/5.0 (Windows NT 10.0; Win64; x64; rv:144.0) Gecko/20100101 Firefox/144.0	1926854	nt	sičent	szicsentnek	szicsentenek	TRUE	9515.785399999999
mondasz_mondasz_participant_SESSION_2025-10-29_15h30.58.653.csv	szüvöng	Prs.NDef.3Pl (mondanak)	szüvöngnek	3232	54	633960	Férfi	2005	8 / 8	MS1QG9	device: desktop, screen width: 1280, screen height: 720, user info: Mozilla/5.0 (Windows NT 10.0; Win64; x64; rv:144.0) Gecko/20100101 Firefox/144.0	1926854	ng	süvöng	szüvöngnek	szüvöngenek	FALSE	9515.785399999999
mondasz_mondasz_participant_SESSION_2025-10-29_15h30.58.653.csv	fomong	Prs.NDef.2Pl (mondotok)	fomongtok	4066	55	638542	Férfi	2005	8 / 8	MS1QG9	device: desktop, screen width: 1280, screen height: 720, user info: Mozilla/5.0 (Windows NT 10.0; Win64; x64; rv:144.0) Gecko/20100101 Firefox/144.0	1926854	ng	fomong	fomongtok	fomongotok	FALSE	9515.785399999999
mondasz_mondasz_participant_SESSION_2025-10-29_15h30.58.653.csv	pömpöng	Prs.1Sg›2 (mondalak)	pömpöngelek	3717	56	642764	Férfi	2005	8 / 8	MS1QG9	device: desktop, screen width: 1280, screen height: 720, user info: Mozilla/5.0 (Windows NT 10.0; Win64; x64; rv:144.0) Gecko/20100101 Firefox/144.0	1926854	ng	pömpöng	pömpönglek	pömpöngelek	TRUE	9515.785399999999
mondasz_mondasz_participant_SESSION_2025-10-29_15h30.58.653.csv	hördöng	Prs.NDef.2Pl (mondotok)	hördöngötök	2958	57	646224	Férfi	2005	8 / 8	MS1QG9	device: desktop, screen width: 1280, screen height: 720, user info: Mozilla/5.0 (Windows NT 10.0; Win64; x64; rv:144.0) Gecko/20100101 Firefox/144.0	1926854	ng	hördöng	hördöngtök	hördöngötök	TRUE	9515.785399999999
mondasz_mondasz_participant_SESSION_2025-10-29_15h30.58.653.csv	zöccsöjt	Prs.NDef.2Pl (mondotok)	zöccsöjtötök	6274	58	653015	Férfi	2005	8 / 8	MS1QG9	device: desktop, screen width: 1280, screen height: 720, user info: Mozilla/5.0 (Windows NT 10.0; Win64; x64; rv:144.0) Gecko/20100101 Firefox/144.0	1926854	jt	zöččöjt	zöccsöjttök	zöccsöjtötök	TRUE	9515.785399999999
mondasz_mondasz_participant_SESSION_2025-10-29_15h30.58.653.csv	hárkont	Prs.NDef.2Pl (mondotok)	hárkontotok	4163	59	657697	Férfi	2005	8 / 8	MS1QG9	device: desktop, screen width: 1280, screen height: 720, user info: Mozilla/5.0 (Windows NT 10.0; Win64; x64; rv:144.0) Gecko/20100101 Firefox/144.0	1926854	nt	hárkont	hárkonttok	hárkontotok	TRUE	9515.785399999999
mondasz_mondasz_participant_SESSION_2025-10-29_15h30.58.653.csv	vuzong	Prs.NDef.2Pl (mondotok)	vuzongtok	6782	60	664994	Férfi	2005	8 / 8	MS1QG9	device: desktop, screen width: 1280, screen height: 720, user info: Mozilla/5.0 (Windows NT 10.0; Win64; x64; rv:144.0) Gecko/20100101 Firefox/144.0	1926854	ng	vuzong	vuzongtok	vuzongotok	FALSE	9515.785399999999
mondasz_mondasz_participant_SESSION_2025-10-29_15h30.58.653.csv	bákont	Prs.1Sg›2 (mondalak)	bákontlak	6046	61	671555	Férfi	2005	8 / 8	MS1QG9	device: desktop, screen width: 1280, screen height: 720, user info: Mozilla/5.0 (Windows NT 10.0; Win64; x64; rv:144.0) Gecko/20100101 Firefox/144.0	1926854	nt	bákont	bákontlak	bákontalak	FALSE	9515.785399999999
mondasz_mondasz_participant_SESSION_2025-10-29_15h30.58.653.csv	polloszt	Prs.NDef.3Pl (mondanak)	pollosztanak	3532	62	675597	Férfi	2005	8 / 8	MS1QG9	device: desktop, screen width: 1280, screen height: 720, user info: Mozilla/5.0 (Windows NT 10.0; Win64; x64; rv:144.0) Gecko/20100101 Firefox/144.0	1926854	st	pollost	pollosztnak	pollosztanak	TRUE	9515.785399999999
mondasz_mondasz_participant_SESSION_2025-10-29_15h30.58.653.csv	szüvöng	Prs.1Sg›2 (mondalak)	szüvönglek	4649	63	680753	Férfi	2005	8 / 8	MS1QG9	device: desktop, screen width: 1280, screen height: 720, user info: Mozilla/5.0 (Windows NT 10.0; Win64; x64; rv:144.0) Gecko/20100101 Firefox/144.0	1926854	ng	süvöng	szüvönglek	szüvöngelek	FALSE	9515.785399999999
mondasz_mondasz_participant_SESSION_2025-10-29_15h30.58.653.csv	mörgöng	Prs.NDef.2Pl (mondotok)	mörgöngötök	5053	64	686326	Férfi	2005	8 / 8	MS1QG9	device: desktop, screen width: 1280, screen height: 720, user info: Mozilla/5.0 (Windows NT 10.0; Win64; x64; rv:144.0) Gecko/20100101 Firefox/144.0	1926854	ng	mörgöng	mörgöngtök	mörgöngötök	TRUE	9515.785399999999
mondasz_mondasz_participant_SESSION_2025-10-29_15h30.58.653.csv	szűsöjt	Prs.NDef.3Pl (mondanak)	szűsöjtenek	3550	65	690381	Férfi	2005	8 / 8	MS1QG9	device: desktop, screen width: 1280, screen height: 720, user info: Mozilla/5.0 (Windows NT 10.0; Win64; x64; rv:144.0) Gecko/20100101 Firefox/144.0	1926854	jt	sűšöjt	szűsöjtnek	szűsöjtenek	TRUE	9515.785399999999
mondasz_mondasz_participant_SESSION_2025-10-29_15h30.58.653.csv	bákont	Prs.NDef.3Pl (mondanak)	bákontnak	2858	66	693755	Férfi	2005	8 / 8	MS1QG9	device: desktop, screen width: 1280, screen height: 720, user info: Mozilla/5.0 (Windows NT 10.0; Win64; x64; rv:144.0) Gecko/20100101 Firefox/144.0	1926854	nt	bákont	bákontnak	bákontanak	FALSE	9515.785399999999
mondasz_mondasz_participant_SESSION_2025-10-29_15h30.58.653.csv	hüröszt	Prs.NDef.2Pl (mondotok)	hürösztötök	2611	67	696882	Férfi	2005	8 / 8	MS1QG9	device: desktop, screen width: 1280, screen height: 720, user info: Mozilla/5.0 (Windows NT 10.0; Win64; x64; rv:144.0) Gecko/20100101 Firefox/144.0	1926854	st	hüröst	hüröszttök	hürösztötök	TRUE	9515.785399999999
mondasz_mondasz_participant_SESSION_2025-10-29_15h30.58.653.csv	bákont	Prs.NDef.2Sg (mondas)	bákontasz	2939	68	700332	Férfi	2005	8 / 8	MS1QG9	device: desktop, screen width: 1280, screen height: 720, user info: Mozilla/5.0 (Windows NT 10.0; Win64; x64; rv:144.0) Gecko/20100101 Firefox/144.0	1926854	nt	bákont	bákontsz	bákontasz	TRUE	9515.785399999999
mondasz_mondasz_participant_SESSION_2025-10-29_15h30.58.653.csv	büfröng	Prs.NDef.3Pl (mondanak)	büfröngenek	10611	70	716220	Férfi	2005	8 / 8	MS1QG9	device: desktop, screen width: 1280, screen height: 720, user info: Mozilla/5.0 (Windows NT 10.0; Win64; x64; rv:144.0) Gecko/20100101 Firefox/144.0	1926854	ng	büfröng	büfröngnek	büfröngenek	TRUE	9515.785399999999
mondasz_mondasz_participant_SESSION_2025-10-29_15h30.58.653.csv	vurmong	Prs.1Sg›2 (mondalak)	vurmongalak	5074	71	721801	Férfi	2005	8 / 8	MS1QG9	device: desktop, screen width: 1280, screen height: 720, user info: Mozilla/5.0 (Windows NT 10.0; Win64; x64; rv:144.0) Gecko/20100101 Firefox/144.0	1926854	ng	vurmong	vurmonglak	vurmongalak	TRUE	9515.785399999999
mondasz_mondasz_participant_SESSION_2025-10-29_15h30.58.653.csv	flöföjt	Prs.NDef.2Pl (mondotok)	flöföjtötök	4110	72	726428	Férfi	2005	8 / 8	MS1QG9	device: desktop, screen width: 1280, screen height: 720, user info: Mozilla/5.0 (Windows NT 10.0; Win64; x64; rv:144.0) Gecko/20100101 Firefox/144.0	1926854	jt	flöföjt	flöföjttök	flöföjtötök	TRUE	9515.785399999999
mondasz_mondasz_participant_SESSION_2025-10-29_15h30.58.653.csv	vórnyoszt	Prs.NDef.2Pl (mondotok)	vórnyosztotok	3347	73	730283	Férfi	2005	8 / 8	MS1QG9	device: desktop, screen width: 1280, screen height: 720, user info: Mozilla/5.0 (Windows NT 10.0; Win64; x64; rv:144.0) Gecko/20100101 Firefox/144.0	1926854	st	vórṉost	vórnyoszttok	vórnyosztotok	TRUE	9515.785399999999
mondasz_mondasz_participant_SESSION_2025-10-29_15h30.58.653.csv	ornyoszt	Prs.1Sg›2 (mondalak)	ornyosztlak	5771	74	736582	Férfi	2005	8 / 8	MS1QG9	device: desktop, screen width: 1280, screen height: 720, user info: Mozilla/5.0 (Windows NT 10.0; Win64; x64; rv:144.0) Gecko/20100101 Firefox/144.0	1926854	st	orṉost	ornyosztlak	ornyosztalak	FALSE	9515.785399999999
mondasz_mondasz_participant_SESSION_2025-10-29_15h30.58.653.csv	jököng	Prs.1Sg›2 (mondalak)	jökönglek	6953	75	744050	Férfi	2005	8 / 8	MS1QG9	device: desktop, screen width: 1280, screen height: 720, user info: Mozilla/5.0 (Windows NT 10.0; Win64; x64; rv:144.0) Gecko/20100101 Firefox/144.0	1926854	ng	jököng	jökönglek	jököngelek	FALSE	9515.785399999999
mondasz_mondasz_participant_SESSION_2025-10-29_15h30.58.653.csv	szűsöjt	Prs.NDef.2Pl (mondotok)	szűsöjtötök	3902	76	748454	Férfi	2005	8 / 8	MS1QG9	device: desktop, screen width: 1280, screen height: 720, user info: Mozilla/5.0 (Windows NT 10.0; Win64; x64; rv:144.0) Gecko/20100101 Firefox/144.0	1926854	jt	sűšöjt	szűsöjttök	szűsöjtötök	TRUE	9515.785399999999
mondasz_mondasz_participant_SESSION_2025-10-29_15h30.58.653.csv	pétlent	Prs.1Sg›2 (mondalak)	pétlentelek	5950	77	754921	Férfi	2005	8 / 8	MS1QG9	device: desktop, screen width: 1280, screen height: 720, user info: Mozilla/5.0 (Windows NT 10.0; Win64; x64; rv:144.0) Gecko/20100101 Firefox/144.0	1926854	nt	pétlent	pétlentlek	pétlentelek	TRUE	9515.785399999999
mondasz_mondasz_participant_SESSION_2025-10-29_15h30.58.653.csv	hárkont	Prs.NDef.3Pl (mondanak)	hárkontanak	4528	78	759953	Férfi	2005	8 / 8	MS1QG9	device: desktop, screen width: 1280, screen height: 720, user info: Mozilla/5.0 (Windows NT 10.0; Win64; x64; rv:144.0) Gecko/20100101 Firefox/144.0	1926854	nt	hárkont	hárkontnak	hárkontanak	TRUE	9515.785399999999
mondasz_mondasz_participant_SESSION_2025-10-29_15h30.58.653.csv	nyuttojt	Prs.1Sg›2 (mondalak)	nyuttojtalak	7266	79	767735	Férfi	2005	8 / 8	MS1QG9	device: desktop, screen width: 1280, screen height: 720, user info: Mozilla/5.0 (Windows NT 10.0; Win64; x64; rv:144.0) Gecko/20100101 Firefox/144.0	1926854	jt	ṉuttojt	nyuttojtlak	nyuttojtalak	TRUE	9515.785399999999
mondasz_mondasz_participant_SESSION_2025-10-29_15h30.58.653.csv	zsömhöjt	Prs.NDef.2Pl (mondotok)	zsömhöjtötök	7536	80	775777	Férfi	2005	8 / 8	MS1QG9	device: desktop, screen width: 1280, screen height: 720, user info: Mozilla/5.0 (Windows NT 10.0; Win64; x64; rv:144.0) Gecko/20100101 Firefox/144.0	1926854	jt	žömhöjt	zsömhöjttök	zsömhöjtötök	TRUE	9515.785399999999
mondasz_mondasz_participant_SESSION_2025-10-29_15h30.58.653.csv	hördöng	Prs.1Sg›2 (mondalak)	hördöngelek	4201	81	780487	Férfi	2005	8 / 8	MS1QG9	device: desktop, screen width: 1280, screen height: 720, user info: Mozilla/5.0 (Windows NT 10.0; Win64; x64; rv:144.0) Gecko/20100101 Firefox/144.0	1926854	ng	hördöng	hördönglek	hördöngelek	TRUE	9515.785399999999
mondasz_mondasz_participant_SESSION_2025-10-29_15h30.58.653.csv	gíneszt	Prs.NDef.2Pl (mondotok)	gínesztetek	6714	82	787704	Férfi	2005	8 / 8	MS1QG9	device: desktop, screen width: 1280, screen height: 720, user info: Mozilla/5.0 (Windows NT 10.0; Win64; x64; rv:144.0) Gecko/20100101 Firefox/144.0	1926854	st	gínest	gíneszttek	gínesztetek	TRUE	9515.785399999999
mondasz_mondasz_participant_SESSION_2025-10-29_15h30.58.653.csv	vuzong	Prs.NDef.2Sg (mondas)	vuzongsz	5752	83	793972	Férfi	2005	8 / 8	MS1QG9	device: desktop, screen width: 1280, screen height: 720, user info: Mozilla/5.0 (Windows NT 10.0; Win64; x64; rv:144.0) Gecko/20100101 Firefox/144.0	1926854	ng	vuzong	vuzongsz	vuzongasz	FALSE	9515.785399999999
mondasz_mondasz_participant_SESSION_2025-10-29_15h30.58.653.csv	csumlong	Prs.NDef.2Sg (mondas)	csumlongsz	3440	84	797930	Férfi	2005	8 / 8	MS1QG9	device: desktop, screen width: 1280, screen height: 720, user info: Mozilla/5.0 (Windows NT 10.0; Win64; x64; rv:144.0) Gecko/20100101 Firefox/144.0	1926854	ng	čumlong	csumlongsz	csumlongasz	FALSE	9515.785399999999
mondasz_mondasz_participant_SESSION_2025-10-29_15h30.58.653.csv	ejjeng	Prs.NDef.3Pl (mondanak)	ejjengnek	3008	85	801442	Férfi	2005	8 / 8	MS1QG9	device: desktop, screen width: 1280, screen height: 720, user info: Mozilla/5.0 (Windows NT 10.0; Win64; x64; rv:144.0) Gecko/20100101 Firefox/144.0	1926854	ng	ejjeng	ejjengnek	ejjengenek	FALSE	9515.785399999999
mondasz_mondasz_participant_SESSION_2025-10-29_15h30.58.653.csv	mógyong	Prs.NDef.3Pl (mondanak)	mógyonganak	3827	86	805788	Férfi	2005	8 / 8	MS1QG9	device: desktop, screen width: 1280, screen height: 720, user info: Mozilla/5.0 (Windows NT 10.0; Win64; x64; rv:144.0) Gecko/20100101 Firefox/144.0	1926854	ng	móḏong	mógyongnak	mógyonganak	TRUE	9515.785399999999
mondasz_mondasz_participant_SESSION_2025-10-29_15h30.58.653.csv	pégeng	Prs.1Sg›2 (mondalak)	pégenglek	3149	87	809455	Férfi	2005	8 / 8	MS1QG9	device: desktop, screen width: 1280, screen height: 720, user info: Mozilla/5.0 (Windows NT 10.0; Win64; x64; rv:144.0) Gecko/20100101 Firefox/144.0	1926854	ng	pégeng	pégenglek	pégengelek	FALSE	9515.785399999999
mondasz_mondasz_participant_SESSION_2025-10-29_15h30.58.653.csv	ügönt	Prs.NDef.2Pl (mondotok)	ügöntötök	3457	88	813417	Férfi	2005	8 / 8	MS1QG9	device: desktop, screen width: 1280, screen height: 720, user info: Mozilla/5.0 (Windows NT 10.0; Win64; x64; rv:144.0) Gecko/20100101 Firefox/144.0	1926854	nt	ügönt	ügönttök	ügöntötök	TRUE	9515.785399999999
mondasz_mondasz_participant_SESSION_2025-10-29_15h30.58.653.csv	ügönt	Prs.1Sg›2 (mondalak)	ügöntelek	5485	89	819418	Férfi	2005	8 / 8	MS1QG9	device: desktop, screen width: 1280, screen height: 720, user info: Mozilla/5.0 (Windows NT 10.0; Win64; x64; rv:144.0) Gecko/20100101 Firefox/144.0	1926854	nt	ügönt	ügöntlek	ügöntelek	TRUE	9515.785399999999
mondasz_mondasz_participant_SESSION_2025-10-29_15h30.58.653.csv	jököng	Prs.NDef.2Sg (mondas)	jököngsz	4302	90	824223	Férfi	2005	8 / 8	MS1QG9	device: desktop, screen width: 1280, screen height: 720, user info: Mozilla/5.0 (Windows NT 10.0; Win64; x64; rv:144.0) Gecko/20100101 Firefox/144.0	1926854	ng	jököng	jököngsz	jököngesz	FALSE	9515.785399999999
mondasz_mondasz_participant_SESSION_2025-10-29_15h30.58.653.csv	sajlojt	Prs.NDef.2Pl (mondotok)	sajlojtotok	4530	91	829270	Férfi	2005	8 / 8	MS1QG9	device: desktop, screen width: 1280, screen height: 720, user info: Mozilla/5.0 (Windows NT 10.0; Win64; x64; rv:144.0) Gecko/20100101 Firefox/144.0	1926854	jt	šajlojt	sajlojttok	sajlojtotok	TRUE	9515.785399999999
mondasz_mondasz_participant_SESSION_2025-10-29_15h30.58.653.csv	rüvönt	Prs.NDef.2Sg (mondas)	rüvöntesz	3301	92	833074	Férfi	2005	8 / 8	MS1QG9	device: desktop, screen width: 1280, screen height: 720, user info: Mozilla/5.0 (Windows NT 10.0; Win64; x64; rv:144.0) Gecko/20100101 Firefox/144.0	1926854	nt	rüvönt	rüvöntsz	rüvöntesz	TRUE	9515.785399999999
mondasz_mondasz_participant_SESSION_2025-10-29_15h30.58.653.csv	kurtoszt	Prs.NDef.2Pl (mondotok)	kurtosztotok	3967	93	837549	Férfi	2005	8 / 8	MS1QG9	device: desktop, screen width: 1280, screen height: 720, user info: Mozilla/5.0 (Windows NT 10.0; Win64; x64; rv:144.0) Gecko/20100101 Firefox/144.0	1926854	st	kurtost	kurtoszttok	kurtosztotok	TRUE	9515.785399999999
mondasz_mondasz_participant_SESSION_2025-10-29_15h30.58.653.csv	hüröszt	Prs.NDef.3Pl (mondanak)	hürösztenek	3680	94	841737	Férfi	2005	8 / 8	MS1QG9	device: desktop, screen width: 1280, screen height: 720, user info: Mozilla/5.0 (Windows NT 10.0; Win64; x64; rv:144.0) Gecko/20100101 Firefox/144.0	1926854	st	hüröst	hürösztnek	hürösztenek	TRUE	9515.785399999999
mondasz_mondasz_participant_SESSION_2025-10-29_15h30.58.653.csv	haccsojt	Prs.1Sg›2 (mondalak)	haccsojtalak	3938	95	846192	Férfi	2005	8 / 8	MS1QG9	device: desktop, screen width: 1280, screen height: 720, user info: Mozilla/5.0 (Windows NT 10.0; Win64; x64; rv:144.0) Gecko/20100101 Firefox/144.0	1926854	jt	haččojt	haccsojtlak	haccsojtalak	TRUE	9515.785399999999
mondasz_mondasz_participant_SESSION_2025-10-29_15h30.58.653.csv	szipteszt	Prs.1Sg›2 (mondalak)	sziptesztelek	5452	96	852155	Férfi	2005	8 / 8	MS1QG9	device: desktop, screen width: 1280, screen height: 720, user info: Mozilla/5.0 (Windows NT 10.0; Win64; x64; rv:144.0) Gecko/20100101 Firefox/144.0	1926854	st	siptest	sziptesztlek	sziptesztelek	TRUE	9515.785399999999
mondasz_mondasz_participant_SESSION_2025-10-29_15h30.58.653.csv	rüvönt	Prs.NDef.2Pl (mondotok)	rüvöntötök	3848	97	856510	Férfi	2005	8 / 8	MS1QG9	device: desktop, screen width: 1280, screen height: 720, user info: Mozilla/5.0 (Windows NT 10.0; Win64; x64; rv:144.0) Gecko/20100101 Firefox/144.0	1926854	nt	rüvönt	rüvönttök	rüvöntötök	TRUE	9515.785399999999
mondasz_mondasz_participant_SESSION_2025-10-29_15h30.58.653.csv	kajszoszt	Prs.NDef.2Pl (mondotok)	kajszosztotok	3224	98	860250	Férfi	2005	8 / 8	MS1QG9	device: desktop, screen width: 1280, screen height: 720, user info: Mozilla/5.0 (Windows NT 10.0; Win64; x64; rv:144.0) Gecko/20100101 Firefox/144.0	1926854	st	kajsost	kajszoszttok	kajszosztotok	TRUE	9515.785399999999
mondasz_mondasz_participant_SESSION_2025-10-29_15h30.58.653.csv	nyelkeng	Prs.NDef.2Pl (mondotok)	nyelkengetek	4446	99	865209	Férfi	2005	8 / 8	MS1QG9	device: desktop, screen width: 1280, screen height: 720, user info: Mozilla/5.0 (Windows NT 10.0; Win64; x64; rv:144.0) Gecko/20100101 Firefox/144.0	1926854	ng	ṉelkeng	nyelkengtek	nyelkengetek	TRUE	9515.785399999999
mondasz_mondasz_participant_SESSION_2025-10-29_15h30.58.653.csv	kucont	Prs.NDef.2Sg (mondas)	kucontasz	4550	100	870265	Férfi	2005	8 / 8	MS1QG9	device: desktop, screen width: 1280, screen height: 720, user info: Mozilla/5.0 (Windows NT 10.0; Win64; x64; rv:144.0) Gecko/20100101 Firefox/144.0	1926854	nt	kucont	kucontsz	kucontasz	TRUE	9515.785399999999
mondasz_mondasz_participant_SESSION_2025-10-29_15h30.58.653.csv	hempeszt	Prs.1Sg›2 (mondalak)	hempesztelek	3707	101	874481	Férfi	2005	8 / 8	MS1QG9	device: desktop, screen width: 1280, screen height: 720, user info: Mozilla/5.0 (Windows NT 10.0; Win64; x64; rv:144.0) Gecko/20100101 Firefox/144.0	1926854	st	hempest	hempesztlek	hempesztelek	TRUE	9515.785399999999
mondasz_mondasz_participant_SESSION_2025-10-29_15h30.58.653.csv	gyahong	Prs.NDef.2Pl (mondotok)	gyahongtok	4845	102	879840	Férfi	2005	8 / 8	MS1QG9	device: desktop, screen width: 1280, screen height: 720, user info: Mozilla/5.0 (Windows NT 10.0; Win64; x64; rv:144.0) Gecko/20100101 Firefox/144.0	1926854	ng	ḏahong	gyahongtok	gyahongotok	FALSE	9515.785399999999
mondasz_mondasz_participant_SESSION_2025-10-29_15h30.58.653.csv	fűjönt	Prs.1Sg›2 (mondalak)	fűjöntelek	7836	103	888182	Férfi	2005	8 / 8	MS1QG9	device: desktop, screen width: 1280, screen height: 720, user info: Mozilla/5.0 (Windows NT 10.0; Win64; x64; rv:144.0) Gecko/20100101 Firefox/144.0	1926854	nt	fűjönt	fűjöntlek	fűjöntelek	TRUE	9515.785399999999
mondasz_mondasz_participant_SESSION_2025-10-29_15h30.58.653.csv	csölönt	Prs.NDef.2Sg (mondas)	csölöntesz	2533	104	891230	Férfi	2005	8 / 8	MS1QG9	device: desktop, screen width: 1280, screen height: 720, user info: Mozilla/5.0 (Windows NT 10.0; Win64; x64; rv:144.0) Gecko/20100101 Firefox/144.0	1926854	nt	čölönt	csölöntsz	csölöntesz	TRUE	9515.785399999999
mondasz_mondasz_participant_SESSION_2025-10-29_15h30.58.653.csv	ejjeng	Prs.NDef.2Pl (mondotok)	ejjengtek	4737	105	896483	Férfi	2005	8 / 8	MS1QG9	device: desktop, screen width: 1280, screen height: 720, user info: Mozilla/5.0 (Windows NT 10.0; Win64; x64; rv:144.0) Gecko/20100101 Firefox/144.0	1926854	ng	ejjeng	ejjengtek	ejjengetek	FALSE	9515.785399999999
mondasz_mondasz_participant_SESSION_2025-10-29_15h30.58.653.csv	pánkojt	Prs.1Sg›2 (mondalak)	pánkojtalak	5045	106	902042	Férfi	2005	8 / 8	MS1QG9	device: desktop, screen width: 1280, screen height: 720, user info: Mozilla/5.0 (Windows NT 10.0; Win64; x64; rv:144.0) Gecko/20100101 Firefox/144.0	1926854	jt	pánkojt	pánkojtlak	pánkojtalak	TRUE	9515.785399999999
mondasz_mondasz_participant_SESSION_2025-10-29_15h30.58.653.csv	mirmeszt	Prs.NDef.3Pl (mondanak)	mirmesztenek	2989	107	905538	Férfi	2005	8 / 8	MS1QG9	device: desktop, screen width: 1280, screen height: 720, user info: Mozilla/5.0 (Windows NT 10.0; Win64; x64; rv:144.0) Gecko/20100101 Firefox/144.0	1926854	st	mirmest	mirmesztnek	mirmesztenek	TRUE	9515.785399999999
mondasz_mondasz_participant_SESSION_2025-10-29_15h30.58.653.csv	potojt	Prs.NDef.2Pl (mondotok)	potojtotok	3424	108	909468	Férfi	2005	8 / 8	MS1QG9	device: desktop, screen width: 1280, screen height: 720, user info: Mozilla/5.0 (Windows NT 10.0; Win64; x64; rv:144.0) Gecko/20100101 Firefox/144.0	1926854	jt	potojt	potojttok	potojtotok	TRUE	9515.785399999999
mondasz_mondasz_participant_SESSION_2025-10-29_15h30.58.653.csv	szüköjt	Prs.NDef.3Pl (mondanak)	szüköjtenek	3192	109	913168	Férfi	2005	8 / 8	MS1QG9	device: desktop, screen width: 1280, screen height: 720, user info: Mozilla/5.0 (Windows NT 10.0; Win64; x64; rv:144.0) Gecko/20100101 Firefox/144.0	1926854	jt	süköjt	szüköjtnek	szüköjtenek	TRUE	9515.785399999999
mondasz_mondasz_participant_SESSION_2025-10-29_15h30.58.653.csv	hördöng	Prs.NDef.3Pl (mondanak)	hördöngnek	5199	110	918878	Férfi	2005	8 / 8	MS1QG9	device: desktop, screen width: 1280, screen height: 720, user info: Mozilla/5.0 (Windows NT 10.0; Win64; x64; rv:144.0) Gecko/20100101 Firefox/144.0	1926854	ng	hördöng	hördöngnek	hördöngenek	FALSE	9515.785399999999
mondasz_mondasz_participant_SESSION_2025-10-29_15h30.58.653.csv	ofont	Prs.NDef.2Sg (mondas)	ofontasz	4569	111	923963	Férfi	2005	8 / 8	MS1QG9	device: desktop, screen width: 1280, screen height: 720, user info: Mozilla/5.0 (Windows NT 10.0; Win64; x64; rv:144.0) Gecko/20100101 Firefox/144.0	1926854	nt	ofont	ofontsz	ofontasz	TRUE	9515.785399999999
mondasz_mondasz_participant_SESSION_2025-10-29_15h30.58.653.csv	ursojt	Prs.NDef.2Pl (mondotok)	ursojtotok	2725	112	927194	Férfi	2005	8 / 8	MS1QG9	device: desktop, screen width: 1280, screen height: 720, user info: Mozilla/5.0 (Windows NT 10.0; Win64; x64; rv:144.0) Gecko/20100101 Firefox/144.0	1926854	jt	uršojt	ursojttok	ursojtotok	TRUE	9515.785399999999
mondasz_mondasz_participant_SESSION_2025-10-29_15h30.58.653.csv	jököng	Prs.NDef.2Pl (mondotok)	jököngtök	3234	113	930937	Férfi	2005	8 / 8	MS1QG9	device: desktop, screen width: 1280, screen height: 720, user info: Mozilla/5.0 (Windows NT 10.0; Win64; x64; rv:144.0) Gecko/20100101 Firefox/144.0	1926854	ng	jököng	jököngtök	jököngötök	FALSE	9515.785399999999
mondasz_mondasz_participant_SESSION_2025-10-29_15h30.58.653.csv	nyuttojt	Prs.NDef.2Sg (mondas)	nyuttojtasz	2551	114	934001	Férfi	2005	8 / 8	MS1QG9	device: desktop, screen width: 1280, screen height: 720, user info: Mozilla/5.0 (Windows NT 10.0; Win64; x64; rv:144.0) Gecko/20100101 Firefox/144.0	1926854	jt	ṉuttojt	nyuttojtsz	nyuttojtasz	TRUE	9515.785399999999
mondasz_mondasz_participant_SESSION_2025-10-29_15h30.58.653.csv	cúrong	Prs.NDef.2Sg (mondas)	cúrongsz	4092	115	938603	Férfi	2005	8 / 8	MS1QG9	device: desktop, screen width: 1280, screen height: 720, user info: Mozilla/5.0 (Windows NT 10.0; Win64; x64; rv:144.0) Gecko/20100101 Firefox/144.0	1926854	ng	cúrong	cúrongsz	cúrongasz	FALSE	9515.785399999999
mondasz_mondasz_participant_SESSION_2025-10-29_15h30.58.653.csv	cúrong	Prs.NDef.2Pl (mondotok)	cúrongtok	3345	116	942457	Férfi	2005	8 / 8	MS1QG9	device: desktop, screen width: 1280, screen height: 720, user info: Mozilla/5.0 (Windows NT 10.0; Win64; x64; rv:144.0) Gecko/20100101 Firefox/144.0	1926854	ng	cúrong	cúrongtok	cúrongotok	FALSE	9515.785399999999
mondasz_mondasz_participant_SESSION_2025-10-29_15h30.58.653.csv	pétlent	Prs.NDef.2Sg (mondas)	pétlentesz	6276	117	949249	Férfi	2005	8 / 8	MS1QG9	device: desktop, screen width: 1280, screen height: 720, user info: Mozilla/5.0 (Windows NT 10.0; Win64; x64; rv:144.0) Gecko/20100101 Firefox/144.0	1926854	nt	pétlent	pétlentsz	pétlentesz	TRUE	9515.785399999999
mondasz_mondasz_participant_SESSION_2025-10-29_15h30.58.653.csv	hördöng	Prs.NDef.2Sg (mondas)	hördöngesz	58404	118	1008157	Férfi	2005	8 / 8	MS1QG9	device: desktop, screen width: 1280, screen height: 720, user info: Mozilla/5.0 (Windows NT 10.0; Win64; x64; rv:144.0) Gecko/20100101 Firefox/144.0	1926854	ng	hördöng	hördöngsz	hördöngesz	TRUE	9515.785399999999
mondasz_mondasz_participant_SESSION_2025-10-29_15h30.58.653.csv	ibreng	Prs.NDef.2Pl (mondotok)	ibrengtek	3253	119	1011913	Férfi	2005	8 / 8	MS1QG9	device: desktop, screen width: 1280, screen height: 720, user info: Mozilla/5.0 (Windows NT 10.0; Win64; x64; rv:144.0) Gecko/20100101 Firefox/144.0	1926854	ng	ibreng	ibrengtek	ibrengetek	FALSE	9515.785399999999
mondasz_mondasz_participant_SESSION_2025-10-29_15h30.58.653.csv	szüvöng	Prs.NDef.2Pl (mondotok)	szüvöngtök	5931	120	1018351	Férfi	2005	8 / 8	MS1QG9	device: desktop, screen width: 1280, screen height: 720, user info: Mozilla/5.0 (Windows NT 10.0; Win64; x64; rv:144.0) Gecko/20100101 Firefox/144.0	1926854	ng	süvöng	szüvöngtök	szüvöngötök	FALSE	9515.785399999999
mondasz_mondasz_participant_SESSION_2025-10-29_15h30.58.653.csv	tárnyont	Prs.NDef.2Pl (mondotok)	tárnyontotok	3634	121	1022490	Férfi	2005	8 / 8	MS1QG9	device: desktop, screen width: 1280, screen height: 720, user info: Mozilla/5.0 (Windows NT 10.0; Win64; x64; rv:144.0) Gecko/20100101 Firefox/144.0	1926854	nt	tárṉont	tárnyonttok	tárnyontotok	TRUE	9515.785399999999
mondasz_mondasz_participant_SESSION_2025-10-29_15h30.58.653.csv	rupojt	Prs.NDef.2Pl (mondotok)	rupojtotok	2123	122	1025129	Férfi	2005	8 / 8	MS1QG9	device: desktop, screen width: 1280, screen height: 720, user info: Mozilla/5.0 (Windows NT 10.0; Win64; x64; rv:144.0) Gecko/20100101 Firefox/144.0	1926854	jt	rupojt	rupojttok	rupojtotok	TRUE	9515.785399999999
mondasz_mondasz_participant_SESSION_2025-10-29_15h30.58.653.csv	odojt	Prs.NDef.2Sg (mondas)	odojtasz	3387	123	1029035	Férfi	2005	8 / 8	MS1QG9	device: desktop, screen width: 1280, screen height: 720, user info: Mozilla/5.0 (Windows NT 10.0; Win64; x64; rv:144.0) Gecko/20100101 Firefox/144.0	1926854	jt	odojt	odojtsz	odojtasz	TRUE	9515.785399999999
mondasz_mondasz_participant_SESSION_2025-10-29_15h30.58.653.csv	tárnyont	Prs.1Sg›2 (mondalak)	tárnyontalak	4061	124	1033602	Férfi	2005	8 / 8	MS1QG9	device: desktop, screen width: 1280, screen height: 720, user info: Mozilla/5.0 (Windows NT 10.0; Win64; x64; rv:144.0) Gecko/20100101 Firefox/144.0	1926854	nt	tárṉont	tárnyontlak	tárnyontalak	TRUE	9515.785399999999
mondasz_mondasz_participant_SESSION_2025-10-29_15h30.58.653.csv	fedrent	Prs.NDef.3Pl (mondanak)	fedrentenek	13058	125	1047173	Férfi	2005	8 / 8	MS1QG9	device: desktop, screen width: 1280, screen height: 720, user info: Mozilla/5.0 (Windows NT 10.0; Win64; x64; rv:144.0) Gecko/20100101 Firefox/144.0	1926854	nt	fedrent	fedrentnek	fedrentenek	TRUE	9515.785399999999
mondasz_mondasz_participant_SESSION_2025-10-29_15h30.58.653.csv	szipteszt	Prs.NDef.2Pl (mondotok)	sziptesztetek	8474	126	1056154	Férfi	2005	8 / 8	MS1QG9	device: desktop, screen width: 1280, screen height: 720, user info: Mozilla/5.0 (Windows NT 10.0; Win64; x64; rv:144.0) Gecko/20100101 Firefox/144.0	1926854	st	siptest	szipteszttek	sziptesztetek	TRUE	9515.785399999999
mondasz_mondasz_participant_SESSION_2025-10-29_15h30.58.653.csv	büfröng	Prs.1Sg›2 (mondalak)	büfröngelek	5919	127	1062582	Férfi	2005	8 / 8	MS1QG9	device: desktop, screen width: 1280, screen height: 720, user info: Mozilla/5.0 (Windows NT 10.0; Win64; x64; rv:144.0) Gecko/20100101 Firefox/144.0	1926854	ng	büfröng	büfrönglek	büfröngelek	TRUE	9515.785399999999
mondasz_mondasz_participant_SESSION_2025-10-29_15h30.58.653.csv	mörgöng	Prs.NDef.3Pl (mondanak)	mörgöngenek	13262	128	1076351	Férfi	2005	8 / 8	MS1QG9	device: desktop, screen width: 1280, screen height: 720, user info: Mozilla/5.0 (Windows NT 10.0; Win64; x64; rv:144.0) Gecko/20100101 Firefox/144.0	1926854	ng	mörgöng	mörgöngnek	mörgöngenek	TRUE	9515.785399999999
mondasz_mondasz_participant_SESSION_2025-10-29_15h30.58.653.csv	zöccsöjt	Prs.NDef.3Pl (mondanak)	zöccsöjtenek	2875	129	1079732	Férfi	2005	8 / 8	MS1QG9	device: desktop, screen width: 1280, screen height: 720, user info: Mozilla/5.0 (Windows NT 10.0; Win64; x64; rv:144.0) Gecko/20100101 Firefox/144.0	1926854	jt	zöččöjt	zöccsöjtnek	zöccsöjtenek	TRUE	9515.785399999999
mondasz_mondasz_participant_SESSION_2025-10-29_15h30.58.653.csv	nyorojt	Prs.1Sg›2 (mondalak)	nyorojtalak	5399	130	1085649	Férfi	2005	8 / 8	MS1QG9	device: desktop, screen width: 1280, screen height: 720, user info: Mozilla/5.0 (Windows NT 10.0; Win64; x64; rv:144.0) Gecko/20100101 Firefox/144.0	1926854	jt	ṉorojt	nyorojtlak	nyorojtalak	TRUE	9515.785399999999
mondasz_mondasz_participant_SESSION_2025-10-29_15h30.58.653.csv	koszkojt	Prs.1Sg›2 (mondalak)	koszkojtalak	4953	131	1091109	Férfi	2005	8 / 8	MS1QG9	device: desktop, screen width: 1280, screen height: 720, user info: Mozilla/5.0 (Windows NT 10.0; Win64; x64; rv:144.0) Gecko/20100101 Firefox/144.0	1926854	jt	koskojt	koszkojtlak	koszkojtalak	TRUE	9515.785399999999
mondasz_mondasz_participant_SESSION_2025-10-29_15h30.58.653.csv	gyuront	Prs.1Sg›2 (mondalak)	gyurontalak	5300	132	1096912	Férfi	2005	8 / 8	MS1QG9	device: desktop, screen width: 1280, screen height: 720, user info: Mozilla/5.0 (Windows NT 10.0; Win64; x64; rv:144.0) Gecko/20100101 Firefox/144.0	1926854	nt	ḏuront	gyurontlak	gyurontalak	TRUE	9515.785399999999
mondasz_mondasz_participant_SESSION_2025-10-29_15h30.58.653.csv	pagyont	Prs.NDef.2Sg (mondas)	pagyontasz	4038	133	1101467	Férfi	2005	8 / 8	MS1QG9	device: desktop, screen width: 1280, screen height: 720, user info: Mozilla/5.0 (Windows NT 10.0; Win64; x64; rv:144.0) Gecko/20100101 Firefox/144.0	1926854	nt	paḏont	pagyontsz	pagyontasz	TRUE	9515.785399999999
mondasz_mondasz_participant_SESSION_2025-10-29_15h30.58.653.csv	kernyeszt	Prs.NDef.2Sg (mondas)	kernyesztesz	3094	134	1105073	Férfi	2005	8 / 8	MS1QG9	device: desktop, screen width: 1280, screen height: 720, user info: Mozilla/5.0 (Windows NT 10.0; Win64; x64; rv:144.0) Gecko/20100101 Firefox/144.0	1926854	st	kerṉest	kernyesztsz	kernyesztesz	TRUE	9515.785399999999
mondasz_mondasz_participant_SESSION_2025-10-29_15h30.58.653.csv	sittyeszt	Prs.NDef.2Pl (mondotok)	sittyesztetek	7430	135	1113014	Férfi	2005	8 / 8	MS1QG9	device: desktop, screen width: 1280, screen height: 720, user info: Mozilla/5.0 (Windows NT 10.0; Win64; x64; rv:144.0) Gecko/20100101 Firefox/144.0	1926854	st	šiṯṯest	sittyeszttek	sittyesztetek	TRUE	9515.785399999999
mondasz_mondasz_participant_SESSION_2025-10-29_15h30.58.653.csv	szűsöjt	Prs.NDef.2Sg (mondas)	szűsöjtesz	2513	136	1116037	Férfi	2005	8 / 8	MS1QG9	device: desktop, screen width: 1280, screen height: 720, user info: Mozilla/5.0 (Windows NT 10.0; Win64; x64; rv:144.0) Gecko/20100101 Firefox/144.0	1926854	jt	sűšöjt	szűsöjtsz	szűsöjtesz	TRUE	9515.785399999999
mondasz_mondasz_participant_SESSION_2025-10-29_15h30.58.653.csv	haccsojt	Prs.NDef.2Pl (mondotok)	haccsojtotok	3217	137	1119757	Férfi	2005	8 / 8	MS1QG9	device: desktop, screen width: 1280, screen height: 720, user info: Mozilla/5.0 (Windows NT 10.0; Win64; x64; rv:144.0) Gecko/20100101 Firefox/144.0	1926854	jt	haččojt	haccsojttok	haccsojtotok	TRUE	9515.785399999999
mondasz_mondasz_participant_SESSION_2025-10-29_15h30.58.653.csv	gíneszt	Prs.NDef.3Pl (mondanak)	gínesztenek	2697	138	1122963	Férfi	2005	8 / 8	MS1QG9	device: desktop, screen width: 1280, screen height: 720, user info: Mozilla/5.0 (Windows NT 10.0; Win64; x64; rv:144.0) Gecko/20100101 Firefox/144.0	1926854	st	gínest	gínesztnek	gínesztenek	TRUE	9515.785399999999
mondasz_mondasz_participant_SESSION_2025-10-29_15h30.58.653.csv	nyorojt	Prs.NDef.2Sg (mondas)	nyorojtasz	271198	139	1394674	Férfi	2005	8 / 8	MS1QG9	device: desktop, screen width: 1280, screen height: 720, user info: Mozilla/5.0 (Windows NT 10.0; Win64; x64; rv:144.0) Gecko/20100101 Firefox/144.0	1926854	jt	ṉorojt	nyorojtsz	nyorojtasz	TRUE	9515.785399999999
mondasz_mondasz_participant_SESSION_2025-10-29_15h30.58.653.csv	ütvöszt	Prs.1Sg›2 (mondalak)	ütvösztelek	3715	140	1398902	Férfi	2005	8 / 8	MS1QG9	device: desktop, screen width: 1280, screen height: 720, user info: Mozilla/5.0 (Windows NT 10.0; Win64; x64; rv:144.0) Gecko/20100101 Firefox/144.0	1926854	st	ütvöst	ütvösztlek	ütvösztelek	TRUE	9515.785399999999
mondasz_mondasz_participant_SESSION_2025-10-29_15h30.58.653.csv	haccsojt	Prs.NDef.3Pl (mondanak)	haccsojtanak	29251	141	1428663	Férfi	2005	8 / 8	MS1QG9	device: desktop, screen width: 1280, screen height: 720, user info: Mozilla/5.0 (Windows NT 10.0; Win64; x64; rv:144.0) Gecko/20100101 Firefox/144.0	1926854	jt	haččojt	haccsojtnak	haccsojtanak	TRUE	9515.785399999999
mondasz_mondasz_participant_SESSION_2025-10-29_15h30.58.653.csv	flöföjt	Prs.1Sg›2 (mondalak)	flöföjtelek	6824	142	1435991	Férfi	2005	8 / 8	MS1QG9	device: desktop, screen width: 1280, screen height: 720, user info: Mozilla/5.0 (Windows NT 10.0; Win64; x64; rv:144.0) Gecko/20100101 Firefox/144.0	1926854	jt	flöföjt	flöföjtlek	flöföjtelek	TRUE	9515.785399999999
mondasz_mondasz_participant_SESSION_2025-10-29_15h30.58.653.csv	füppönt	Prs.NDef.3Pl (mondanak)	füppöntenek	3510	143	1440020	Férfi	2005	8 / 8	MS1QG9	device: desktop, screen width: 1280, screen height: 720, user info: Mozilla/5.0 (Windows NT 10.0; Win64; x64; rv:144.0) Gecko/20100101 Firefox/144.0	1926854	nt	füppönt	füppöntnek	füppöntenek	TRUE	9515.785399999999
mondasz_mondasz_participant_SESSION_2025-10-29_15h30.58.653.csv	áhong	Prs.NDef.2Sg (mondas)	áhongsz	6095	144	1446632	Férfi	2005	8 / 8	MS1QG9	device: desktop, screen width: 1280, screen height: 720, user info: Mozilla/5.0 (Windows NT 10.0; Win64; x64; rv:144.0) Gecko/20100101 Firefox/144.0	1926854	ng	áhong	áhongsz	áhongasz	FALSE	9515.785399999999
mondasz_mondasz_participant_SESSION_2025-10-29_15h30.58.653.csv	hempeszt	Prs.NDef.3Pl (mondanak)	hempesztenek	2786	145	1449935	Férfi	2005	8 / 8	MS1QG9	device: desktop, screen width: 1280, screen height: 720, user info: Mozilla/5.0 (Windows NT 10.0; Win64; x64; rv:144.0) Gecko/20100101 Firefox/144.0	1926854	st	hempest	hempesztnek	hempesztenek	TRUE	9515.785399999999
mondasz_mondasz_participant_SESSION_2025-10-29_15h30.58.653.csv	rupojt	Prs.NDef.2Sg (mondas)	rupojtasz	2319	146	1452761	Férfi	2005	8 / 8	MS1QG9	device: desktop, screen width: 1280, screen height: 720, user info: Mozilla/5.0 (Windows NT 10.0; Win64; x64; rv:144.0) Gecko/20100101 Firefox/144.0	1926854	jt	rupojt	rupojtsz	rupojtasz	TRUE	9515.785399999999
mondasz_mondasz_participant_SESSION_2025-10-29_15h30.58.653.csv	hempeszt	Prs.NDef.2Pl (mondotok)	hempesztetek	2526	147	1455791	Férfi	2005	8 / 8	MS1QG9	device: desktop, screen width: 1280, screen height: 720, user info: Mozilla/5.0 (Windows NT 10.0; Win64; x64; rv:144.0) Gecko/20100101 Firefox/144.0	1926854	st	hempest	hempeszttek	hempesztetek	TRUE	9515.785399999999
mondasz_mondasz_participant_SESSION_2025-10-29_15h30.58.653.csv	koszkojt	Prs.NDef.3Pl (mondanak)	koszkojtanak	2995	148	1459290	Férfi	2005	8 / 8	MS1QG9	device: desktop, screen width: 1280, screen height: 720, user info: Mozilla/5.0 (Windows NT 10.0; Win64; x64; rv:144.0) Gecko/20100101 Firefox/144.0	1926854	jt	koskojt	koszkojtnak	koszkojtanak	TRUE	9515.785399999999
mondasz_mondasz_participant_SESSION_2025-10-29_15h30.58.653.csv	pétlent	Prs.NDef.2Pl (mondotok)	pétlentetek	3267	149	1463073	Férfi	2005	8 / 8	MS1QG9	device: desktop, screen width: 1280, screen height: 720, user info: Mozilla/5.0 (Windows NT 10.0; Win64; x64; rv:144.0) Gecko/20100101 Firefox/144.0	1926854	nt	pétlent	pétlenttek	pétlentetek	TRUE	9515.785399999999
mondasz_mondasz_participant_SESSION_2025-10-29_15h30.58.653.csv	cséleszt	Prs.1Sg›2 (mondalak)	csélesztelek	4539	150	1468122	Férfi	2005	8 / 8	MS1QG9	device: desktop, screen width: 1280, screen height: 720, user info: Mozilla/5.0 (Windows NT 10.0; Win64; x64; rv:144.0) Gecko/20100101 Firefox/144.0	1926854	st	čélest	csélesztlek	csélesztelek	TRUE	9515.785399999999
mondasz_mondasz_participant_SESSION_2025-10-29_15h30.58.653.csv	nyelkeng	Prs.NDef.2Sg (mondas)	nyelkengsz	4010	151	1472637	Férfi	2005	8 / 8	MS1QG9	device: desktop, screen width: 1280, screen height: 720, user info: Mozilla/5.0 (Windows NT 10.0; Win64; x64; rv:144.0) Gecko/20100101 Firefox/144.0	1926854	ng	ṉelkeng	nyelkengsz	nyelkengesz	FALSE	9515.785399999999
mondasz_mondasz_participant_SESSION_2025-10-29_15h30.58.653.csv	csampojt	Prs.NDef.2Sg (mondas)	csampojtasz	3801	152	1476947	Férfi	2005	8 / 8	MS1QG9	device: desktop, screen width: 1280, screen height: 720, user info: Mozilla/5.0 (Windows NT 10.0; Win64; x64; rv:144.0) Gecko/20100101 Firefox/144.0	1926854	jt	čampojt	csampojtsz	csampojtasz	TRUE	9515.785399999999
mondasz_mondasz_participant_SESSION_2025-10-29_15h30.58.653.csv	pagyont	Prs.NDef.2Pl (mondotok)	pagyontotok	3353	153	1480809	Férfi	2005	8 / 8	MS1QG9	device: desktop, screen width: 1280, screen height: 720, user info: Mozilla/5.0 (Windows NT 10.0; Win64; x64; rv:144.0) Gecko/20100101 Firefox/144.0	1926854	nt	paḏont	pagyonttok	pagyontotok	TRUE	9515.785399999999
mondasz_mondasz_participant_SESSION_2025-10-29_15h30.58.653.csv	vurmong	Prs.NDef.2Pl (mondotok)	vurmongotok	3080	154	1484404	Férfi	2005	8 / 8	MS1QG9	device: desktop, screen width: 1280, screen height: 720, user info: Mozilla/5.0 (Windows NT 10.0; Win64; x64; rv:144.0) Gecko/20100101 Firefox/144.0	1926854	ng	vurmong	vurmongtok	vurmongotok	TRUE	9515.785399999999
mondasz_mondasz_participant_SESSION_2025-10-29_15h30.58.653.csv	csampojt	Prs.NDef.2Pl (mondotok)	csampojtotok	6046	155	1490958	Férfi	2005	8 / 8	MS1QG9	device: desktop, screen width: 1280, screen height: 720, user info: Mozilla/5.0 (Windows NT 10.0; Win64; x64; rv:144.0) Gecko/20100101 Firefox/144.0	1926854	jt	čampojt	csampojttok	csampojtotok	TRUE	9515.785399999999
mondasz_mondasz_participant_SESSION_2025-10-29_15h30.58.653.csv	pégeng	Prs.NDef.2Pl (mondotok)	pégengtek	8345	157	1504724	Férfi	2005	8 / 8	MS1QG9	device: desktop, screen width: 1280, screen height: 720, user info: Mozilla/5.0 (Windows NT 10.0; Win64; x64; rv:144.0) Gecko/20100101 Firefox/144.0	1926854	ng	pégeng	pégengtek	pégengetek	FALSE	9515.785399999999
mondasz_mondasz_participant_SESSION_2025-10-29_15h30.58.653.csv	fedrent	Prs.1Sg›2 (mondalak)	fedrentelek	3618	158	1508856	Férfi	2005	8 / 8	MS1QG9	device: desktop, screen width: 1280, screen height: 720, user info: Mozilla/5.0 (Windows NT 10.0; Win64; x64; rv:144.0) Gecko/20100101 Firefox/144.0	1926854	nt	fedrent	fedrentlek	fedrentelek	TRUE	9515.785399999999
mondasz_mondasz_participant_SESSION_2025-10-29_15h30.58.653.csv	nésszent	Prs.1Sg›2 (mondalak)	nésszentelek	2857	159	1512231	Férfi	2005	8 / 8	MS1QG9	device: desktop, screen width: 1280, screen height: 720, user info: Mozilla/5.0 (Windows NT 10.0; Win64; x64; rv:144.0) Gecko/20100101 Firefox/144.0	1926854	nt	néssent	nésszentlek	nésszentelek	TRUE	9515.785399999999
mondasz_mondasz_participant_SESSION_2025-10-29_15h30.58.653.csv	odojt	Prs.1Sg›2 (mondalak)	odojtalak	3805	160	1516546	Férfi	2005	8 / 8	MS1QG9	device: desktop, screen width: 1280, screen height: 720, user info: Mozilla/5.0 (Windows NT 10.0; Win64; x64; rv:144.0) Gecko/20100101 Firefox/144.0	1926854	jt	odojt	odojtlak	odojtalak	TRUE	9515.785399999999
mondasz_mondasz_participant_SESSION_2025-10-29_15h30.58.653.csv	löllöszt	Prs.NDef.2Pl (mondotok)	löllösztötök	4452	161	1521503	Férfi	2005	8 / 8	MS1QG9	device: desktop, screen width: 1280, screen height: 720, user info: Mozilla/5.0 (Windows NT 10.0; Win64; x64; rv:144.0) Gecko/20100101 Firefox/144.0	1926854	st	löllöst	löllöszttök	löllösztötök	TRUE	9515.785399999999
mondasz_mondasz_participant_SESSION_2025-10-29_15h30.58.653.csv	vutojt	Prs.NDef.2Sg (mondas)	vutojtasz	3235	162	1525250	Férfi	2005	8 / 8	MS1QG9	device: desktop, screen width: 1280, screen height: 720, user info: Mozilla/5.0 (Windows NT 10.0; Win64; x64; rv:144.0) Gecko/20100101 Firefox/144.0	1926854	jt	vutojt	vutojtsz	vutojtasz	TRUE	9515.785399999999
mondasz_mondasz_participant_SESSION_2025-10-29_15h30.58.653.csv	potojt	Prs.NDef.2Sg (mondas)	potojtasz	3381	163	1529136	Férfi	2005	8 / 8	MS1QG9	device: desktop, screen width: 1280, screen height: 720, user info: Mozilla/5.0 (Windows NT 10.0; Win64; x64; rv:144.0) Gecko/20100101 Firefox/144.0	1926854	jt	potojt	potojtsz	potojtasz	TRUE	9515.785399999999
mondasz_mondasz_participant_SESSION_2025-10-29_15h30.58.653.csv	cúrong	Prs.NDef.3Pl (mondanak)	cúronganak	2523	164	1532170	Férfi	2005	8 / 8	MS1QG9	device: desktop, screen width: 1280, screen height: 720, user info: Mozilla/5.0 (Windows NT 10.0; Win64; x64; rv:144.0) Gecko/20100101 Firefox/144.0	1926854	ng	cúrong	cúrongnak	cúronganak	TRUE	9515.785399999999
mondasz_mondasz_participant_SESSION_2025-10-29_15h30.58.653.csv	pégeng	Prs.NDef.3Pl (mondanak)	pégengenek	2762	165	1535439	Férfi	2005	8 / 8	MS1QG9	device: desktop, screen width: 1280, screen height: 720, user info: Mozilla/5.0 (Windows NT 10.0; Win64; x64; rv:144.0) Gecko/20100101 Firefox/144.0	1926854	ng	pégeng	pégengnek	pégengenek	TRUE	9515.785399999999
mondasz_mondasz_participant_SESSION_2025-10-29_15h30.58.653.csv	hárkont	Prs.1Sg›2 (mondalak)	hárkontalak	6778	166	1542734	Férfi	2005	8 / 8	MS1QG9	device: desktop, screen width: 1280, screen height: 720, user info: Mozilla/5.0 (Windows NT 10.0; Win64; x64; rv:144.0) Gecko/20100101 Firefox/144.0	1926854	nt	hárkont	hárkontlak	hárkontalak	TRUE	9515.785399999999
mondasz_mondasz_participant_SESSION_2025-10-29_15h30.58.653.csv	csumlong	Prs.NDef.2Pl (mondotok)	csumlongotok	2920	167	1546172	Férfi	2005	8 / 8	MS1QG9	device: desktop, screen width: 1280, screen height: 720, user info: Mozilla/5.0 (Windows NT 10.0; Win64; x64; rv:144.0) Gecko/20100101 Firefox/144.0	1926854	ng	čumlong	csumlongtok	csumlongotok	TRUE	9515.785399999999
mondasz_mondasz_participant_SESSION_2025-10-29_15h30.58.653.csv	ursojt	Prs.NDef.2Sg (mondas)	ursojtasz	2554	168	1549239	Férfi	2005	8 / 8	MS1QG9	device: desktop, screen width: 1280, screen height: 720, user info: Mozilla/5.0 (Windows NT 10.0; Win64; x64; rv:144.0) Gecko/20100101 Firefox/144.0	1926854	jt	uršojt	ursojtsz	ursojtasz	TRUE	9515.785399999999
mondasz_mondasz_participant_SESSION_2025-10-29_15h30.58.653.csv	nyénnyejt	Prs.1Sg›2 (mondalak)	nyénnyejtelek	4917	169	1554679	Férfi	2005	8 / 8	MS1QG9	device: desktop, screen width: 1280, screen height: 720, user info: Mozilla/5.0 (Windows NT 10.0; Win64; x64; rv:144.0) Gecko/20100101 Firefox/144.0	1926854	jt	ṉéṉṉejt	nyénnyejtlek	nyénnyejtelek	TRUE	9515.785399999999
mondasz_mondasz_participant_SESSION_2025-10-29_15h30.58.653.csv	vurmong	Prs.NDef.2Sg (mondas)	vurmongasz	2945	170	1558132	Férfi	2005	8 / 8	MS1QG9	device: desktop, screen width: 1280, screen height: 720, user info: Mozilla/5.0 (Windows NT 10.0; Win64; x64; rv:144.0) Gecko/20100101 Firefox/144.0	1926854	ng	vurmong	vurmongsz	vurmongasz	TRUE	9515.785399999999
mondasz_mondasz_participant_SESSION_2025-10-29_15h30.58.653.csv	potojt	Prs.NDef.3Pl (mondanak)	potojtanak	7039	171	1565678	Férfi	2005	8 / 8	MS1QG9	device: desktop, screen width: 1280, screen height: 720, user info: Mozilla/5.0 (Windows NT 10.0; Win64; x64; rv:144.0) Gecko/20100101 Firefox/144.0	1926854	jt	potojt	potojtnak	potojtanak	TRUE	9515.785399999999
mondasz_mondasz_participant_SESSION_2025-10-29_15h30.58.653.csv	tárnyont	Prs.NDef.2Sg (mondas)	tárnyontasz	3438	172	1569620	Férfi	2005	8 / 8	MS1QG9	device: desktop, screen width: 1280, screen height: 720, user info: Mozilla/5.0 (Windows NT 10.0; Win64; x64; rv:144.0) Gecko/20100101 Firefox/144.0	1926854	nt	tárṉont	tárnyontsz	tárnyontasz	TRUE	9515.785399999999
mondasz_mondasz_participant_SESSION_2025-10-29_15h30.58.653.csv	pagyont	Prs.1Sg›2 (mondalak)	pagyontalak	5455	173	1575587	Férfi	2005	8 / 8	MS1QG9	device: desktop, screen width: 1280, screen height: 720, user info: Mozilla/5.0 (Windows NT 10.0; Win64; x64; rv:144.0) Gecko/20100101 Firefox/144.0	1926854	nt	paḏont	pagyontlak	pagyontalak	TRUE	9515.785399999999
mondasz_mondasz_participant_SESSION_2025-10-29_15h30.58.653.csv	fűjönt	Prs.NDef.2Sg (mondas)	fűjöntesz	2234	174	1578339	Férfi	2005	8 / 8	MS1QG9	device: desktop, screen width: 1280, screen height: 720, user info: Mozilla/5.0 (Windows NT 10.0; Win64; x64; rv:144.0) Gecko/20100101 Firefox/144.0	1926854	nt	fűjönt	fűjöntsz	fűjöntesz	TRUE	9515.785399999999
mondasz_mondasz_participant_SESSION_2025-10-29_15h30.58.653.csv	gyuront	Prs.NDef.3Pl (mondanak)	gyurontanak	3223	175	1582067	Férfi	2005	8 / 8	MS1QG9	device: desktop, screen width: 1280, screen height: 720, user info: Mozilla/5.0 (Windows NT 10.0; Win64; x64; rv:144.0) Gecko/20100101 Firefox/144.0	1926854	nt	ḏuront	gyurontnak	gyurontanak	TRUE	9515.785399999999
mondasz_mondasz_participant_SESSION_2025-10-29_15h30.58.653.csv	vuzong	Prs.1Sg›2 (mondalak)	vuzonglak	3117	176	1585696	Férfi	2005	8 / 8	MS1QG9	device: desktop, screen width: 1280, screen height: 720, user info: Mozilla/5.0 (Windows NT 10.0; Win64; x64; rv:144.0) Gecko/20100101 Firefox/144.0	1926854	ng	vuzong	vuzonglak	vuzongalak	FALSE	9515.785399999999
mondasz_mondasz_participant_SESSION_2025-10-29_15h30.58.653.csv	nyegejt	Prs.NDef.2Sg (mondas)	nyegejtesz	4755	177	1590959	Férfi	2005	8 / 8	MS1QG9	device: desktop, screen width: 1280, screen height: 720, user info: Mozilla/5.0 (Windows NT 10.0; Win64; x64; rv:144.0) Gecko/20100101 Firefox/144.0	1926854	jt	ṉegejt	nyegejtsz	nyegejtesz	TRUE	9515.785399999999
mondasz_mondasz_participant_SESSION_2025-10-29_15h30.58.653.csv	nyegejt	Prs.NDef.2Pl (mondotok)	nyegejtetek	3559	178	1595021	Férfi	2005	8 / 8	MS1QG9	device: desktop, screen width: 1280, screen height: 720, user info: Mozilla/5.0 (Windows NT 10.0; Win64; x64; rv:144.0) Gecko/20100101 Firefox/144.0	1926854	jt	ṉegejt	nyegejttek	nyegejtetek	TRUE	9515.785399999999
mondasz_mondasz_participant_SESSION_2025-10-29_15h30.58.653.csv	togyont	Prs.NDef.2Pl (mondotok)	togyontotok	3046	179	1598586	Férfi	2005	8 / 8	MS1QG9	device: desktop, screen width: 1280, screen height: 720, user info: Mozilla/5.0 (Windows NT 10.0; Win64; x64; rv:144.0) Gecko/20100101 Firefox/144.0	1926854	nt	toḏont	togyonttok	togyontotok	TRUE	9515.785399999999
mondasz_mondasz_participant_SESSION_2025-10-29_15h30.58.653.csv	zsömhöjt	Prs.NDef.3Pl (mondanak)	zsömhöjtenek	4447	180	1603547	Férfi	2005	8 / 8	MS1QG9	device: desktop, screen width: 1280, screen height: 720, user info: Mozilla/5.0 (Windows NT 10.0; Win64; x64; rv:144.0) Gecko/20100101 Firefox/144.0	1926854	jt	žömhöjt	zsömhöjtnek	zsömhöjtenek	TRUE	9515.785399999999
mondasz_mondasz_participant_SESSION_2025-10-29_15h30.58.653.csv	büfröng	Prs.NDef.2Pl (mondotok)	büfröngtök	3728	181	1607790	Férfi	2005	8 / 8	MS1QG9	device: desktop, screen width: 1280, screen height: 720, user info: Mozilla/5.0 (Windows NT 10.0; Win64; x64; rv:144.0) Gecko/20100101 Firefox/144.0	1926854	ng	büfröng	büfröngtök	büfröngötök	FALSE	9515.785399999999
mondasz_mondasz_participant_SESSION_2025-10-29_15h30.58.653.csv	pagoszt	Prs.NDef.3Pl (mondanak)	pagosztanak	4094	182	1612398	Férfi	2005	8 / 8	MS1QG9	device: desktop, screen width: 1280, screen height: 720, user info: Mozilla/5.0 (Windows NT 10.0; Win64; x64; rv:144.0) Gecko/20100101 Firefox/144.0	1926854	st	pagost	pagosztnak	pagosztanak	TRUE	9515.785399999999
mondasz_mondasz_participant_SESSION_2025-10-29_15h30.58.653.csv	sébeszt	Prs.NDef.2Pl (mondotok)	sébesztetek	3080	183	1615989	Férfi	2005	8 / 8	MS1QG9	device: desktop, screen width: 1280, screen height: 720, user info: Mozilla/5.0 (Windows NT 10.0; Win64; x64; rv:144.0) Gecko/20100101 Firefox/144.0	1926854	st	šébest	sébeszttek	sébesztetek	TRUE	9515.785399999999
mondasz_mondasz_participant_SESSION_2025-10-29_15h30.58.653.csv	zsömhöjt	Prs.1Sg›2 (mondalak)	zsömhöjtlek	4825	185	1625002	Férfi	2005	8 / 8	MS1QG9	device: desktop, screen width: 1280, screen height: 720, user info: Mozilla/5.0 (Windows NT 10.0; Win64; x64; rv:144.0) Gecko/20100101 Firefox/144.0	1926854	jt	žömhöjt	zsömhöjtlek	zsömhöjtelek	FALSE	9515.785399999999
mondasz_mondasz_participant_SESSION_2025-10-29_15h30.58.653.csv	sajlojt	Prs.NDef.3Pl (mondanak)	sajlojtanak	2434	186	1627946	Férfi	2005	8 / 8	MS1QG9	device: desktop, screen width: 1280, screen height: 720, user info: Mozilla/5.0 (Windows NT 10.0; Win64; x64; rv:144.0) Gecko/20100101 Firefox/144.0	1926854	jt	šajlojt	sajlojtnak	sajlojtanak	TRUE	9515.785399999999
mondasz_mondasz_participant_SESSION_2025-10-29_15h30.58.653.csv	mógyong	Prs.NDef.2Sg (mondas)	mógyongsz	4760	187	1633220	Férfi	2005	8 / 8	MS1QG9	device: desktop, screen width: 1280, screen height: 720, user info: Mozilla/5.0 (Windows NT 10.0; Win64; x64; rv:144.0) Gecko/20100101 Firefox/144.0	1926854	ng	móḏong	mógyongsz	mógyongasz	FALSE	9515.785399999999
mondasz_mondasz_participant_SESSION_2025-10-29_15h30.58.653.csv	löllöszt	Prs.NDef.2Sg (mondas)	löllösztesz	16601	188	1650334	Férfi	2005	8 / 8	MS1QG9	device: desktop, screen width: 1280, screen height: 720, user info: Mozilla/5.0 (Windows NT 10.0; Win64; x64; rv:144.0) Gecko/20100101 Firefox/144.0	1926854	st	löllöst	löllösztsz	löllösztesz	TRUE	9515.785399999999
mondasz_mondasz_participant_SESSION_2025-10-29_15h30.58.653.csv	csumlong	Prs.1Sg›2 (mondalak)	csumlongalak	4222	189	1655063	Férfi	2005	8 / 8	MS1QG9	device: desktop, screen width: 1280, screen height: 720, user info: Mozilla/5.0 (Windows NT 10.0; Win64; x64; rv:144.0) Gecko/20100101 Firefox/144.0	1926854	ng	čumlong	csumlonglak	csumlongalak	TRUE	9515.785399999999
mondasz_mondasz_participant_SESSION_2025-10-29_15h30.58.653.csv	tárnyont	Prs.NDef.3Pl (mondanak)	tárnyontanak	5089	190	1660658	Férfi	2005	8 / 8	MS1QG9	device: desktop, screen width: 1280, screen height: 720, user info: Mozilla/5.0 (Windows NT 10.0; Win64; x64; rv:144.0) Gecko/20100101 Firefox/144.0	1926854	nt	tárṉont	tárnyontnak	tárnyontanak	TRUE	9515.785399999999
mondasz_mondasz_participant_SESSION_2025-10-29_15h30.58.653.csv	ejjeng	Prs.NDef.2Sg (mondas)	ejjengsz	3290	191	1664463	Férfi	2005	8 / 8	MS1QG9	device: desktop, screen width: 1280, screen height: 720, user info: Mozilla/5.0 (Windows NT 10.0; Win64; x64; rv:144.0) Gecko/20100101 Firefox/144.0	1926854	ng	ejjeng	ejjengsz	ejjengesz	FALSE	9515.785399999999
mondasz_mondasz_participant_SESSION_2025-10-29_15h30.58.653.csv	fesszent	Prs.1Sg›2 (mondalak)	fesszentelek	4111	192	1669080	Férfi	2005	8 / 8	MS1QG9	device: desktop, screen width: 1280, screen height: 720, user info: Mozilla/5.0 (Windows NT 10.0; Win64; x64; rv:144.0) Gecko/20100101 Firefox/144.0	1926854	nt	fessent	fesszentlek	fesszentelek	TRUE	9515.785399999999
mondasz_mondasz_participant_SESSION_2025-10-29_15h30.58.653.csv	füppönt	Prs.1Sg›2 (mondalak)	füppöntlek	4456	193	1674040	Férfi	2005	8 / 8	MS1QG9	device: desktop, screen width: 1280, screen height: 720, user info: Mozilla/5.0 (Windows NT 10.0; Win64; x64; rv:144.0) Gecko/20100101 Firefox/144.0	1926854	nt	füppönt	füppöntlek	füppöntelek	FALSE	9515.785399999999
mondasz_mondasz_participant_SESSION_2025-10-29_15h30.58.653.csv	pagoszt	Prs.1Sg›2 (mondalak)	pagosztalak	5970	194	1680513	Férfi	2005	8 / 8	MS1QG9	device: desktop, screen width: 1280, screen height: 720, user info: Mozilla/5.0 (Windows NT 10.0; Win64; x64; rv:144.0) Gecko/20100101 Firefox/144.0	1926854	st	pagost	pagosztlak	pagosztalak	TRUE	9515.785399999999
mondasz_mondasz_participant_SESSION_2025-10-29_15h30.58.653.csv	löllöszt	Prs.NDef.3Pl (mondanak)	löllösztenek	2502	195	1683526	Férfi	2005	8 / 8	MS1QG9	device: desktop, screen width: 1280, screen height: 720, user info: Mozilla/5.0 (Windows NT 10.0; Win64; x64; rv:144.0) Gecko/20100101 Firefox/144.0	1926854	st	löllöst	löllösztnek	löllösztenek	TRUE	9515.785399999999
mondasz_mondasz_participant_SESSION_2025-10-29_15h30.58.653.csv	hojont	Prs.NDef.2Sg (mondas)	hojontasz	2463	196	1686498	Férfi	2005	8 / 8	MS1QG9	device: desktop, screen width: 1280, screen height: 720, user info: Mozilla/5.0 (Windows NT 10.0; Win64; x64; rv:144.0) Gecko/20100101 Firefox/144.0	1926854	nt	hojont	hojontsz	hojontasz	TRUE	9515.785399999999
mondasz_mondasz_participant_SESSION_2025-10-29_15h30.58.653.csv	hojont	Prs.NDef.2Pl (mondotok)	hojontotok	3495	197	1690500	Férfi	2005	8 / 8	MS1QG9	device: desktop, screen width: 1280, screen height: 720, user info: Mozilla/5.0 (Windows NT 10.0; Win64; x64; rv:144.0) Gecko/20100101 Firefox/144.0	1926854	nt	hojont	hojonttok	hojontotok	TRUE	9515.785399999999
mondasz_mondasz_participant_SESSION_2025-10-29_15h30.58.653.csv	nyorojt	Prs.NDef.3Pl (mondanak)	nyorojtanak	2884	198	1693901	Férfi	2005	8 / 8	MS1QG9	device: desktop, screen width: 1280, screen height: 720, user info: Mozilla/5.0 (Windows NT 10.0; Win64; x64; rv:144.0) Gecko/20100101 Firefox/144.0	1926854	jt	ṉorojt	nyorojtnak	nyorojtanak	TRUE	9515.785399999999
mondasz_mondasz_participant_SESSION_2025-10-29_15h30.58.653.csv	fűjönt	Prs.NDef.3Pl (mondanak)	fűjöntenek	3096	199	1697514	Férfi	2005	8 / 8	MS1QG9	device: desktop, screen width: 1280, screen height: 720, user info: Mozilla/5.0 (Windows NT 10.0; Win64; x64; rv:144.0) Gecko/20100101 Firefox/144.0	1926854	nt	fűjönt	fűjöntnek	fűjöntenek	TRUE	9515.785399999999
mondasz_mondasz_participant_SESSION_2025-10-29_15h30.58.653.csv	kernyeszt	Prs.1Sg›2 (mondalak)	kernyesztelek	3663	200	1701693	Férfi	2005	8 / 8	MS1QG9	device: desktop, screen width: 1280, screen height: 720, user info: Mozilla/5.0 (Windows NT 10.0; Win64; x64; rv:144.0) Gecko/20100101 Firefox/144.0	1926854	st	kerṉest	kernyesztlek	kernyesztelek	TRUE	9515.785399999999
mondasz_mondasz_participant_SESSION_2025-10-29_15h30.58.653.csv	sittyeszt	Prs.NDef.3Pl (mondanak)	sittyesztenek	4998	202	1710271	Férfi	2005	8 / 8	MS1QG9	device: desktop, screen width: 1280, screen height: 720, user info: Mozilla/5.0 (Windows NT 10.0; Win64; x64; rv:144.0) Gecko/20100101 Firefox/144.0	1926854	st	šiṯṯest	sittyesztnek	sittyesztenek	TRUE	9515.785399999999
mondasz_mondasz_participant_SESSION_2025-10-29_15h30.58.653.csv	börköszt	Prs.NDef.2Sg (mondas)	börkösztesz	3390	203	1714176	Férfi	2005	8 / 8	MS1QG9	device: desktop, screen width: 1280, screen height: 720, user info: Mozilla/5.0 (Windows NT 10.0; Win64; x64; rv:144.0) Gecko/20100101 Firefox/144.0	1926854	st	börköst	börkösztsz	börkösztesz	TRUE	9515.785399999999
mondasz_mondasz_participant_SESSION_2025-10-29_15h30.58.653.csv	sajlojt	Prs.NDef.2Sg (mondas)	sajlojtasz	3325	204	1718017	Férfi	2005	8 / 8	MS1QG9	device: desktop, screen width: 1280, screen height: 720, user info: Mozilla/5.0 (Windows NT 10.0; Win64; x64; rv:144.0) Gecko/20100101 Firefox/144.0	1926854	jt	šajlojt	sajlojtsz	sajlojtasz	TRUE	9515.785399999999
mondasz_mondasz_participant_SESSION_2025-10-29_15h30.58.653.csv	nyelkeng	Prs.1Sg›2 (mondalak)	nyelkengelek	3300	205	1721833	Férfi	2005	8 / 8	MS1QG9	device: desktop, screen width: 1280, screen height: 720, user info: Mozilla/5.0 (Windows NT 10.0; Win64; x64; rv:144.0) Gecko/20100101 Firefox/144.0	1926854	ng	ṉelkeng	nyelkenglek	nyelkengelek	TRUE	9515.785399999999
mondasz_mondasz_participant_SESSION_2025-10-29_15h30.58.653.csv	kucont	Prs.NDef.3Pl (mondanak)	kucontanak	3154	206	1725490	Férfi	2005	8 / 8	MS1QG9	device: desktop, screen width: 1280, screen height: 720, user info: Mozilla/5.0 (Windows NT 10.0; Win64; x64; rv:144.0) Gecko/20100101 Firefox/144.0	1926854	nt	kucont	kucontnak	kucontanak	TRUE	9515.785399999999
mondasz_mondasz_participant_SESSION_2025-10-29_15h30.58.653.csv	sökköjt	Prs.NDef.3Pl (mondanak)	sökköjtenek	3657	207	1729658	Férfi	2005	8 / 8	MS1QG9	device: desktop, screen width: 1280, screen height: 720, user info: Mozilla/5.0 (Windows NT 10.0; Win64; x64; rv:144.0) Gecko/20100101 Firefox/144.0	1926854	jt	šökköjt	sökköjtnek	sökköjtenek	TRUE	9515.785399999999
mondasz_mondasz_participant_SESSION_2025-10-29_15h30.58.653.csv	dimbeszt	Prs.1Sg›2 (mondalak)	dimbesztelek	3169	208	1733335	Férfi	2005	8 / 8	MS1QG9	device: desktop, screen width: 1280, screen height: 720, user info: Mozilla/5.0 (Windows NT 10.0; Win64; x64; rv:144.0) Gecko/20100101 Firefox/144.0	1926854	st	dimbest	dimbesztlek	dimbesztelek	TRUE	9515.785399999999
mondasz_mondasz_participant_SESSION_2025-10-29_15h30.58.653.csv	dűszöng	Prs.NDef.2Pl (mondotok)	dűszöngtök	3643	209	1737495	Férfi	2005	8 / 8	MS1QG9	device: desktop, screen width: 1280, screen height: 720, user info: Mozilla/5.0 (Windows NT 10.0; Win64; x64; rv:144.0) Gecko/20100101 Firefox/144.0	1926854	ng	dűsöng	dűszöngtök	dűszöngötök	FALSE	9515.785399999999
mondasz_mondasz_participant_SESSION_2025-10-29_15h30.58.653.csv	suvoszt	Prs.NDef.2Sg (mondas)	suvosztasz	2139	210	1740140	Férfi	2005	8 / 8	MS1QG9	device: desktop, screen width: 1280, screen height: 720, user info: Mozilla/5.0 (Windows NT 10.0; Win64; x64; rv:144.0) Gecko/20100101 Firefox/144.0	1926854	st	šuvost	suvosztsz	suvosztasz	TRUE	9515.785399999999
mondasz_mondasz_participant_SESSION_2025-10-29_15h30.58.653.csv	pétlent	Prs.NDef.3Pl (mondanak)	pétlentenek	3967	211	1744611	Férfi	2005	8 / 8	MS1QG9	device: desktop, screen width: 1280, screen height: 720, user info: Mozilla/5.0 (Windows NT 10.0; Win64; x64; rv:144.0) Gecko/20100101 Firefox/144.0	1926854	nt	pétlent	pétlentnek	pétlentenek	TRUE	9515.785399999999
mondasz_mondasz_participant_SESSION_2025-10-29_15h30.58.653.csv	szicsent	Prs.NDef.2Sg (mondas)	szicsentesz	4119	212	1749246	Férfi	2005	8 / 8	MS1QG9	device: desktop, screen width: 1280, screen height: 720, user info: Mozilla/5.0 (Windows NT 10.0; Win64; x64; rv:144.0) Gecko/20100101 Firefox/144.0	1926854	nt	sičent	szicsentsz	szicsentesz	TRUE	9515.785399999999
mondasz_mondasz_participant_SESSION_2025-10-29_15h30.58.653.csv	hárkont	Prs.NDef.2Sg (mondas)	hárkontasz	3426	214	1757745	Férfi	2005	8 / 8	MS1QG9	device: desktop, screen width: 1280, screen height: 720, user info: Mozilla/5.0 (Windows NT 10.0; Win64; x64; rv:144.0) Gecko/20100101 Firefox/144.0	1926854	nt	hárkont	hárkontsz	hárkontasz	TRUE	9515.785399999999
mondasz_mondasz_participant_SESSION_2025-10-29_15h30.58.653.csv	szüvöng	Prs.NDef.2Sg (mondas)	szüvöngsz	4328	215	1762589	Férfi	2005	8 / 8	MS1QG9	device: desktop, screen width: 1280, screen height: 720, user info: Mozilla/5.0 (Windows NT 10.0; Win64; x64; rv:144.0) Gecko/20100101 Firefox/144.0	1926854	ng	süvöng	szüvöngsz	szüvöngesz	FALSE	9515.785399999999
mondasz_mondasz_participant_SESSION_2025-10-29_15h30.58.653.csv	sajlojt	Prs.1Sg›2 (mondalak)	sajlojtalak	3834	216	1766940	Férfi	2005	8 / 8	MS1QG9	device: desktop, screen width: 1280, screen height: 720, user info: Mozilla/5.0 (Windows NT 10.0; Win64; x64; rv:144.0) Gecko/20100101 Firefox/144.0	1926854	jt	šajlojt	sajlojtlak	sajlojtalak	TRUE	9515.785399999999
mondasz_mondasz_participant_SESSION_2025-10-29_15h30.58.653.csv	szüköjt	Prs.NDef.2Pl (mondotok)	szüköjtötök	3173	217	1770618	Férfi	2005	8 / 8	MS1QG9	device: desktop, screen width: 1280, screen height: 720, user info: Mozilla/5.0 (Windows NT 10.0; Win64; x64; rv:144.0) Gecko/20100101 Firefox/144.0	1926854	jt	süköjt	szüköjttök	szüköjtötök	TRUE	9515.785399999999
mondasz_mondasz_participant_SESSION_2025-10-29_15h30.58.653.csv	mörgöng	Prs.1Sg›2 (mondalak)	mörgöngelek	3757	218	1774887	Férfi	2005	8 / 8	MS1QG9	device: desktop, screen width: 1280, screen height: 720, user info: Mozilla/5.0 (Windows NT 10.0; Win64; x64; rv:144.0) Gecko/20100101 Firefox/144.0	1926854	ng	mörgöng	mörgönglek	mörgöngelek	TRUE	9515.785399999999
mondasz_mondasz_participant_SESSION_2025-10-29_15h30.58.653.csv	koszkojt	Prs.NDef.2Pl (mondotok)	koszkojtotok	2618	219	1778016	Férfi	2005	8 / 8	MS1QG9	device: desktop, screen width: 1280, screen height: 720, user info: Mozilla/5.0 (Windows NT 10.0; Win64; x64; rv:144.0) Gecko/20100101 Firefox/144.0	1926854	jt	koskojt	koszkojttok	koszkojtotok	TRUE	9515.785399999999
mondasz_mondasz_participant_SESSION_2025-10-29_15h30.58.653.csv	vurmong	Prs.NDef.3Pl (mondanak)	vurmonganak	3335	220	1781861	Férfi	2005	8 / 8	MS1QG9	device: desktop, screen width: 1280, screen height: 720, user info: Mozilla/5.0 (Windows NT 10.0; Win64; x64; rv:144.0) Gecko/20100101 Firefox/144.0	1926854	ng	vurmong	vurmongnak	vurmonganak	TRUE	9515.785399999999
mondasz_mondasz_participant_SESSION_2025-10-29_15h30.58.653.csv	rupojt	Prs.NDef.3Pl (mondanak)	rupojtanak	2770	221	1785139	Férfi	2005	8 / 8	MS1QG9	device: desktop, screen width: 1280, screen height: 720, user info: Mozilla/5.0 (Windows NT 10.0; Win64; x64; rv:144.0) Gecko/20100101 Firefox/144.0	1926854	jt	rupojt	rupojtnak	rupojtanak	TRUE	9515.785399999999
mondasz_mondasz_participant_SESSION_2025-10-29_15h30.58.653.csv	gyuront	Prs.NDef.2Sg (mondas)	gyurontasz	2379	222	1788026	Férfi	2005	8 / 8	MS1QG9	device: desktop, screen width: 1280, screen height: 720, user info: Mozilla/5.0 (Windows NT 10.0; Win64; x64; rv:144.0) Gecko/20100101 Firefox/144.0	1926854	nt	ḏuront	gyurontsz	gyurontasz	TRUE	9515.785399999999
mondasz_mondasz_participant_SESSION_2025-10-29_15h30.58.653.csv	nyelkeng	Prs.NDef.3Pl (mondanak)	nyelkengnek	3288	223	1791825	Férfi	2005	8 / 8	MS1QG9	device: desktop, screen width: 1280, screen height: 720, user info: Mozilla/5.0 (Windows NT 10.0; Win64; x64; rv:144.0) Gecko/20100101 Firefox/144.0	1926854	ng	ṉelkeng	nyelkengnek	nyelkengenek	FALSE	9515.785399999999
mondasz_mondasz_participant_SESSION_2025-10-29_15h30.58.653.csv	ütvöszt	Prs.NDef.3Pl (mondanak)	ütvösztenek	3560	224	1795903	Férfi	2005	8 / 8	MS1QG9	device: desktop, screen width: 1280, screen height: 720, user info: Mozilla/5.0 (Windows NT 10.0; Win64; x64; rv:144.0) Gecko/20100101 Firefox/144.0	1926854	st	ütvöst	ütvösztnek	ütvösztenek	TRUE	9515.785399999999
mondasz_mondasz_participant_SESSION_2025-10-29_15h30.58.653.csv	áhong	Prs.NDef.2Pl (mondotok)	áhongtok	3007	225	1799417	Férfi	2005	8 / 8	MS1QG9	device: desktop, screen width: 1280, screen height: 720, user info: Mozilla/5.0 (Windows NT 10.0; Win64; x64; rv:144.0) Gecko/20100101 Firefox/144.0	1926854	ng	áhong	áhongtok	áhongotok	FALSE	9515.785399999999
mondasz_mondasz_participant_SESSION_2025-10-29_15h30.58.653.csv	sittyeszt	Prs.1Sg›2 (mondalak)	sittyesztelek	4287	226	1804217	Férfi	2005	8 / 8	MS1QG9	device: desktop, screen width: 1280, screen height: 720, user info: Mozilla/5.0 (Windows NT 10.0; Win64; x64; rv:144.0) Gecko/20100101 Firefox/144.0	1926854	st	šiṯṯest	sittyesztlek	sittyesztelek	TRUE	9515.785399999999
mondasz_mondasz_participant_SESSION_2025-10-29_15h30.58.653.csv	haccsojt	Prs.NDef.2Sg (mondas)	haccsojtasz	2623	227	1807343	Férfi	2005	8 / 8	MS1QG9	device: desktop, screen width: 1280, screen height: 720, user info: Mozilla/5.0 (Windows NT 10.0; Win64; x64; rv:144.0) Gecko/20100101 Firefox/144.0	1926854	jt	haččojt	haccsojtsz	haccsojtasz	TRUE	9515.785399999999
mondasz_mondasz_participant_SESSION_2025-10-29_15h30.58.653.csv	löllöszt	Prs.1Sg›2 (mondalak)	löllösztelek	3944	228	1811792	Férfi	2005	8 / 8	MS1QG9	device: desktop, screen width: 1280, screen height: 720, user info: Mozilla/5.0 (Windows NT 10.0; Win64; x64; rv:144.0) Gecko/20100101 Firefox/144.0	1926854	st	löllöst	löllösztlek	löllösztelek	TRUE	9515.785399999999
mondasz_mondasz_participant_SESSION_2025-10-29_15h30.58.653.csv	bákont	Prs.NDef.2Pl (mondotok)	bákontotok	3008	229	1815307	Férfi	2005	8 / 8	MS1QG9	device: desktop, screen width: 1280, screen height: 720, user info: Mozilla/5.0 (Windows NT 10.0; Win64; x64; rv:144.0) Gecko/20100101 Firefox/144.0	1926854	nt	bákont	bákonttok	bákontotok	TRUE	9515.785399999999
mondasz_mondasz_participant_SESSION_2025-10-29_15h30.58.653.csv	pömpöng	Prs.NDef.2Sg (mondas)	pömpöngesz	3499	230	1819322	Férfi	2005	8 / 8	MS1QG9	device: desktop, screen width: 1280, screen height: 720, user info: Mozilla/5.0 (Windows NT 10.0; Win64; x64; rv:144.0) Gecko/20100101 Firefox/144.0	1926854	ng	pömpöng	pömpöngsz	pömpöngesz	TRUE	9515.785399999999
mondasz_mondasz_participant_SESSION_2025-10-29_15h30.58.653.csv	ursojt	Prs.1Sg›2 (mondalak)	ursojtlak	2129	231	1821959	Férfi	2005	8 / 8	MS1QG9	device: desktop, screen width: 1280, screen height: 720, user info: Mozilla/5.0 (Windows NT 10.0; Win64; x64; rv:144.0) Gecko/20100101 Firefox/144.0	1926854	jt	uršojt	ursojtlak	ursojtalak	FALSE	9515.785399999999
mondasz_mondasz_participant_SESSION_2025-10-29_15h30.58.653.csv	nyorojt	Prs.NDef.2Pl (mondotok)	nyorojtotok	1602	232	1824065	Férfi	2005	8 / 8	MS1QG9	device: desktop, screen width: 1280, screen height: 720, user info: Mozilla/5.0 (Windows NT 10.0; Win64; x64; rv:144.0) Gecko/20100101 Firefox/144.0	1926854	jt	ṉorojt	nyorojttok	nyorojtotok	TRUE	9515.785399999999
mondasz_mondasz_participant_SESSION_2025-10-29_15h30.58.653.csv	vutojt	Prs.1Sg›2 (mondalak)	vutojtalak	1843	233	1826416	Férfi	2005	8 / 8	MS1QG9	device: desktop, screen width: 1280, screen height: 720, user info: Mozilla/5.0 (Windows NT 10.0; Win64; x64; rv:144.0) Gecko/20100101 Firefox/144.0	1926854	jt	vutojt	vutojtlak	vutojtalak	TRUE	9515.785399999999
mondasz_mondasz_participant_SESSION_2025-10-29_15h30.58.653.csv	kernyeszt	Prs.NDef.2Pl (mondotok)	kernyesztetek	2400	234	1829330	Férfi	2005	8 / 8	MS1QG9	device: desktop, screen width: 1280, screen height: 720, user info: Mozilla/5.0 (Windows NT 10.0; Win64; x64; rv:144.0) Gecko/20100101 Firefox/144.0	1926854	st	kerṉest	kernyeszttek	kernyesztetek	TRUE	9515.785399999999
mondasz_mondasz_participant_SESSION_2025-10-29_15h30.58.653.csv	cséleszt	Prs.NDef.2Sg (mondas)	csélesztesz	3693	235	1833535	Férfi	2005	8 / 8	MS1QG9	device: desktop, screen width: 1280, screen height: 720, user info: Mozilla/5.0 (Windows NT 10.0; Win64; x64; rv:144.0) Gecko/20100101 Firefox/144.0	1926854	st	čélest	csélesztsz	csélesztesz	TRUE	9515.785399999999
mondasz_mondasz_participant_SESSION_2025-10-29_15h30.58.653.csv	togyont	Prs.NDef.3Pl (mondanak)	togyontanak	3759	237	1840907	Férfi	2005	8 / 8	MS1QG9	device: desktop, screen width: 1280, screen height: 720, user info: Mozilla/5.0 (Windows NT 10.0; Win64; x64; rv:144.0) Gecko/20100101 Firefox/144.0	1926854	nt	toḏont	togyontnak	togyontanak	TRUE	9515.785399999999
mondasz_mondasz_participant_SESSION_2025-10-29_15h30.58.653.csv	gíneszt	Prs.NDef.2Sg (mondas)	gínesztesz	3911	238	1845335	Férfi	2005	8 / 8	MS1QG9	device: desktop, screen width: 1280, screen height: 720, user info: Mozilla/5.0 (Windows NT 10.0; Win64; x64; rv:144.0) Gecko/20100101 Firefox/144.0	1926854	st	gínest	gínesztsz	gínesztesz	TRUE	9515.785399999999
mondasz_mondasz_participant_SESSION_2025-10-29_15h30.58.653.csv	kucont	Prs.1Sg›2 (mondalak)	kucontalak	3219	239	1849060	Férfi	2005	8 / 8	MS1QG9	device: desktop, screen width: 1280, screen height: 720, user info: Mozilla/5.0 (Windows NT 10.0; Win64; x64; rv:144.0) Gecko/20100101 Firefox/144.0	1926854	nt	kucont	kucontlak	kucontalak	TRUE	9515.785399999999
mondasz_mondasz_participant_SESSION_2025-10-29_15h30.58.653.csv	ofont	Prs.NDef.2Pl (mondotok)	ofontotok	3932	240	1853502	Férfi	2005	8 / 8	MS1QG9	device: desktop, screen width: 1280, screen height: 720, user info: Mozilla/5.0 (Windows NT 10.0; Win64; x64; rv:144.0) Gecko/20100101 Firefox/144.0	1926854	nt	ofont	ofonttok	ofontotok	TRUE	9515.785399999999
mondasz_mondasz_participant_SESSION_2025-10-29_15h30.58.653.csv	nésszent	Prs.NDef.2Pl (mondotok)	nésszentetek	2853	241	1856864	Férfi	2005	8 / 8	MS1QG9	device: desktop, screen width: 1280, screen height: 720, user info: Mozilla/5.0 (Windows NT 10.0; Win64; x64; rv:144.0) Gecko/20100101 Firefox/144.0	1926854	nt	néssent	nésszenttek	nésszentetek	TRUE	9515.785399999999
mondasz_mondasz_participant_SESSION_2025-10-29_15h30.58.653.csv	lahont	Prs.NDef.2Sg (mondas)	lahontasz	2723	242	1860102	Férfi	2005	8 / 8	MS1QG9	device: desktop, screen width: 1280, screen height: 720, user info: Mozilla/5.0 (Windows NT 10.0; Win64; x64; rv:144.0) Gecko/20100101 Firefox/144.0	1926854	nt	lahont	lahontsz	lahontasz	TRUE	9515.785399999999
mondasz_mondasz_participant_SESSION_2025-10-29_15h30.58.653.csv	kurtoszt	Prs.1Sg›2 (mondalak)	kurtosztalak	3311	243	1863925	Férfi	2005	8 / 8	MS1QG9	device: desktop, screen width: 1280, screen height: 720, user info: Mozilla/5.0 (Windows NT 10.0; Win64; x64; rv:144.0) Gecko/20100101 Firefox/144.0	1926854	st	kurtost	kurtosztlak	kurtosztalak	TRUE	9515.785399999999
mondasz_mondasz_participant_SESSION_2025-10-29_15h30.58.653.csv	ejjeng	Prs.1Sg›2 (mondalak)	ejjengelek	3882	244	1868320	Férfi	2005	8 / 8	MS1QG9	device: desktop, screen width: 1280, screen height: 720, user info: Mozilla/5.0 (Windows NT 10.0; Win64; x64; rv:144.0) Gecko/20100101 Firefox/144.0	1926854	ng	ejjeng	ejjenglek	ejjengelek	TRUE	9515.785399999999
mondasz_mondasz_participant_SESSION_2025-10-29_15h30.58.653.csv	lahont	Prs.NDef.3Pl (mondanak)	lahontanak	2888	245	1871709	Férfi	2005	8 / 8	MS1QG9	device: desktop, screen width: 1280, screen height: 720, user info: Mozilla/5.0 (Windows NT 10.0; Win64; x64; rv:144.0) Gecko/20100101 Firefox/144.0	1926854	nt	lahont	lahontnak	lahontanak	TRUE	9515.785399999999
mondasz_mondasz_participant_SESSION_2025-10-29_15h30.58.653.csv	mirmeszt	Prs.NDef.2Pl (mondotok)	mirmesztetek	2849	246	1875075	Férfi	2005	8 / 8	MS1QG9	device: desktop, screen width: 1280, screen height: 720, user info: Mozilla/5.0 (Windows NT 10.0; Win64; x64; rv:144.0) Gecko/20100101 Firefox/144.0	1926854	st	mirmest	mirmeszttek	mirmesztetek	TRUE	9515.785399999999
mondasz_mondasz_participant_SESSION_2025-10-29_15h30.58.653.csv	dűszöng	Prs.NDef.3Pl (mondanak)	dűszöngenek	3092	247	1878674	Férfi	2005	8 / 8	MS1QG9	device: desktop, screen width: 1280, screen height: 720, user info: Mozilla/5.0 (Windows NT 10.0; Win64; x64; rv:144.0) Gecko/20100101 Firefox/144.0	1926854	ng	dűsöng	dűszöngnek	dűszöngenek	TRUE	9515.785399999999
mondasz_mondasz_participant_SESSION_2025-10-29_15h30.58.653.csv	ügönt	Prs.NDef.3Pl (mondanak)	ügöntenek	3569	248	1882753	Férfi	2005	8 / 8	MS1QG9	device: desktop, screen width: 1280, screen height: 720, user info: Mozilla/5.0 (Windows NT 10.0; Win64; x64; rv:144.0) Gecko/20100101 Firefox/144.0	1926854	nt	ügönt	ügöntnek	ügöntenek	TRUE	9515.785399999999
mondasz_mondasz_participant_SESSION_2025-10-29_15h30.58.653.csv	togyont	Prs.NDef.2Sg (mondas)	togyontasz	2914	249	1886182	Férfi	2005	8 / 8	MS1QG9	device: desktop, screen width: 1280, screen height: 720, user info: Mozilla/5.0 (Windows NT 10.0; Win64; x64; rv:144.0) Gecko/20100101 Firefox/144.0	1926854	nt	toḏont	togyontsz	togyontasz	TRUE	9515.785399999999
mondasz_mondasz_participant_SESSION_2025-10-29_15h30.58.653.csv	hüröszt	Prs.NDef.2Sg (mondas)	hürösztesz	2589	250	1889287	Férfi	2005	8 / 8	MS1QG9	device: desktop, screen width: 1280, screen height: 720, user info: Mozilla/5.0 (Windows NT 10.0; Win64; x64; rv:144.0) Gecko/20100101 Firefox/144.0	1926854	st	hüröst	hürösztsz	hürösztesz	TRUE	9515.785399999999
mondasz_mondasz_participant_SESSION_2025-10-29_15h30.58.653.csv	flöföjt	Prs.NDef.2Sg (mondas)	flöföjtesz	2018	251	1891809	Férfi	2005	8 / 8	MS1QG9	device: desktop, screen width: 1280, screen height: 720, user info: Mozilla/5.0 (Windows NT 10.0; Win64; x64; rv:144.0) Gecko/20100101 Firefox/144.0	1926854	jt	flöföjt	flöföjtsz	flöföjtesz	TRUE	9515.785399999999
mondasz_mondasz_participant_SESSION_2025-10-29_15h30.58.653.csv	togyont	Prs.1Sg›2 (mondalak)	togyontalak	4123	252	1896444	Férfi	2005	8 / 8	MS1QG9	device: desktop, screen width: 1280, screen height: 720, user info: Mozilla/5.0 (Windows NT 10.0; Win64; x64; rv:144.0) Gecko/20100101 Firefox/144.0	1926854	nt	toḏont	togyontlak	togyontalak	TRUE	9515.785399999999
mondasz_mondasz_participant_SESSION_2025-10-29_15h30.58.653.csv	füppönt	Prs.NDef.2Sg (mondas)	füppöntesz	3107	253	1900071	Férfi	2005	8 / 8	MS1QG9	device: desktop, screen width: 1280, screen height: 720, user info: Mozilla/5.0 (Windows NT 10.0; Win64; x64; rv:144.0) Gecko/20100101 Firefox/144.0	1926854	nt	füppönt	füppöntsz	füppöntesz	TRUE	9515.785399999999
mondasz_mondasz_participant_SESSION_2025-10-29_15h30.58.653.csv	csampojt	Prs.1Sg›2 (mondalak)	csampojtalak	4160	254	1904742	Férfi	2005	8 / 8	MS1QG9	device: desktop, screen width: 1280, screen height: 720, user info: Mozilla/5.0 (Windows NT 10.0; Win64; x64; rv:144.0) Gecko/20100101 Firefox/144.0	1926854	jt	čampojt	csampojtlak	csampojtalak	TRUE	9515.785399999999
mondasz_mondasz_participant_SESSION_2025-10-29_15h30.58.653.csv	jököng	Prs.NDef.3Pl (mondanak)	jököngenek	2687	255	1907946	Férfi	2005	8 / 8	MS1QG9	device: desktop, screen width: 1280, screen height: 720, user info: Mozilla/5.0 (Windows NT 10.0; Win64; x64; rv:144.0) Gecko/20100101 Firefox/144.0	1926854	ng	jököng	jököngnek	jököngenek	TRUE	9515.785399999999
mondasz_mondasz_participant_SESSION_2025-10-29_15h30.58.653.csv	fesszent	Prs.NDef.3Pl (mondanak)	fesszentenek	2845	256	1911300	Férfi	2005	8 / 8	MS1QG9	device: desktop, screen width: 1280, screen height: 720, user info: Mozilla/5.0 (Windows NT 10.0; Win64; x64; rv:144.0) Gecko/20100101 Firefox/144.0	1926854	nt	fessent	fesszentnek	fesszentenek	TRUE	9515.785399999999
mondasz_mondasz_participant_SESSION_2025-10-29_15h30.58.653.csv	gyuront	Prs.NDef.2Pl (mondotok)	gyurontotok	2231	257	1914047	Férfi	2005	8 / 8	MS1QG9	device: desktop, screen width: 1280, screen height: 720, user info: Mozilla/5.0 (Windows NT 10.0; Win64; x64; rv:144.0) Gecko/20100101 Firefox/144.0	1926854	nt	ḏuront	gyuronttok	gyurontotok	TRUE	9515.785399999999
mondasz_mondasz_participant_SESSION_2025-10-29_15h30.58.653.csv	vórnyoszt	Prs.NDef.3Pl (mondanak)	vórnyosztanak	2799	258	1917363	Férfi	2005	8 / 8	MS1QG9	device: desktop, screen width: 1280, screen height: 720, user info: Mozilla/5.0 (Windows NT 10.0; Win64; x64; rv:144.0) Gecko/20100101 Firefox/144.0	1926854	st	vórṉost	vórnyosztnak	vórnyosztanak	TRUE	9515.785399999999
mondasz_mondasz_participant_SESSION_2025-10-29_15h30.58.653.csv	fomong	Prs.NDef.3Pl (mondanak)	fomonganak	3716	259	1921588	Férfi	2005	8 / 8	MS1QG9	device: desktop, screen width: 1280, screen height: 720, user info: Mozilla/5.0 (Windows NT 10.0; Win64; x64; rv:144.0) Gecko/20100101 Firefox/144.0	1926854	ng	fomong	fomongnak	fomonganak	TRUE	9515.785399999999
mondasz_mondasz_participant_SESSION_2025-10-29_15h30.58.653.csv	ügönt	Prs.NDef.2Sg (mondas)	ügöntesz	3407	260	1925504	Férfi	2005	8 / 8	MS1QG9	device: desktop, screen width: 1280, screen height: 720, user info: Mozilla/5.0 (Windows NT 10.0; Win64; x64; rv:144.0) Gecko/20100101 Firefox/144.0	1926854	nt	ügönt	ügöntsz	ügöntesz	TRUE	9515.785399999999
mondasz_mondasz_participant_SESSION_2025-10-29_15h30.58.653.csv	fesszent	Prs.NDef.2Sg (mondas)	fesszentesz	2431	261	1928443	Férfi	2005	8 / 8	MS1QG9	device: desktop, screen width: 1280, screen height: 720, user info: Mozilla/5.0 (Windows NT 10.0; Win64; x64; rv:144.0) Gecko/20100101 Firefox/144.0	1926854	nt	fessent	fesszentsz	fesszentesz	TRUE	9515.785399999999
mondasz_mondasz_participant_SESSION_2025-10-29_15h30.58.653.csv	cséleszt	Prs.NDef.2Pl (mondotok)	csélesztetek	8119	262	1937067	Férfi	2005	8 / 8	MS1QG9	device: desktop, screen width: 1280, screen height: 720, user info: Mozilla/5.0 (Windows NT 10.0; Win64; x64; rv:144.0) Gecko/20100101 Firefox/144.0	1926854	st	čélest	cséleszttek	csélesztetek	TRUE	9515.785399999999
mondasz_mondasz_participant_SESSION_2025-10-29_15h30.58.653.csv	sébeszt	Prs.NDef.2Sg (mondas)	sébesztesz	2132	263	1939714	Férfi	2005	8 / 8	MS1QG9	device: desktop, screen width: 1280, screen height: 720, user info: Mozilla/5.0 (Windows NT 10.0; Win64; x64; rv:144.0) Gecko/20100101 Firefox/144.0	1926854	st	šébest	sébesztsz	sébesztesz	TRUE	9515.785399999999
mondasz_mondasz_participant_SESSION_2025-10-29_15h30.58.653.csv	sökköjt	Prs.NDef.2Sg (mondas)	sökköjtesz	2230	264	1942450	Férfi	2005	8 / 8	MS1QG9	device: desktop, screen width: 1280, screen height: 720, user info: Mozilla/5.0 (Windows NT 10.0; Win64; x64; rv:144.0) Gecko/20100101 Firefox/144.0	1926854	jt	šökköjt	sökköjtsz	sökköjtesz	TRUE	9515.785399999999
mondasz_mondasz_participant_SESSION_2025-10-29_15h30.58.653.csv	ibreng	Prs.NDef.2Sg (mondas)	ibrengesz	3004	265	1945969	Férfi	2005	8 / 8	MS1QG9	device: desktop, screen width: 1280, screen height: 720, user info: Mozilla/5.0 (Windows NT 10.0; Win64; x64; rv:144.0) Gecko/20100101 Firefox/144.0	1926854	ng	ibreng	ibrengsz	ibrengesz	TRUE	9515.785399999999
mondasz_mondasz_participant_SESSION_2025-10-29_15h30.58.653.csv	vutojt	Prs.NDef.2Pl (mondotok)	vutojtotok	4168	266	1950652	Férfi	2005	8 / 8	MS1QG9	device: desktop, screen width: 1280, screen height: 720, user info: Mozilla/5.0 (Windows NT 10.0; Win64; x64; rv:144.0) Gecko/20100101 Firefox/144.0	1926854	jt	vutojt	vutojttok	vutojtotok	TRUE	9515.785399999999
mondasz_mondasz_participant_SESSION_2025-10-29_15h30.58.653.csv	nyegejt	Prs.NDef.3Pl (mondanak)	nyegejtenek	2356	267	1953514	Férfi	2005	8 / 8	MS1QG9	device: desktop, screen width: 1280, screen height: 720, user info: Mozilla/5.0 (Windows NT 10.0; Win64; x64; rv:144.0) Gecko/20100101 Firefox/144.0	1926854	jt	ṉegejt	nyegejtnek	nyegejtenek	TRUE	9515.785399999999
mondasz_mondasz_participant_SESSION_2025-10-29_15h30.58.653.csv	börköszt	Prs.NDef.3Pl (mondanak)	börkösztenek	4208	268	1958239	Férfi	2005	8 / 8	MS1QG9	device: desktop, screen width: 1280, screen height: 720, user info: Mozilla/5.0 (Windows NT 10.0; Win64; x64; rv:144.0) Gecko/20100101 Firefox/144.0	1926854	st	börköst	börkösztnek	börkösztenek	TRUE	9515.785399999999
mondasz_mondasz_participant_SESSION_2025-10-29_15h30.58.653.csv	ibreng	Prs.NDef.3Pl (mondanak)	ibrengenek	2954	269	1961703	Férfi	2005	8 / 8	MS1QG9	device: desktop, screen width: 1280, screen height: 720, user info: Mozilla/5.0 (Windows NT 10.0; Win64; x64; rv:144.0) Gecko/20100101 Firefox/144.0	1926854	ng	ibreng	ibrengnek	ibrengenek	TRUE	9515.785399999999
mondasz_mondasz_participant_SESSION_2025-10-29_15h30.58.653.csv	ursojt	Prs.NDef.3Pl (mondanak)	ursojtanak	4835	270	1967053	Férfi	2005	8 / 8	MS1QG9	device: desktop, screen width: 1280, screen height: 720, user info: Mozilla/5.0 (Windows NT 10.0; Win64; x64; rv:144.0) Gecko/20100101 Firefox/144.0	1926854	jt	uršojt	ursojtnak	ursojtanak	TRUE	9515.785399999999
mondasz_mondasz_participant_SESSION_2025-10-29_15h30.58.653.csv	sittyeszt	Prs.NDef.2Sg (mondas)	sittyesztesz	4621	271	1972183	Férfi	2005	8 / 8	MS1QG9	device: desktop, screen width: 1280, screen height: 720, user info: Mozilla/5.0 (Windows NT 10.0; Win64; x64; rv:144.0) Gecko/20100101 Firefox/144.0	1926854	st	šiṯṯest	sittyesztsz	sittyesztesz	TRUE	9515.785399999999
mondasz_mondasz_participant_SESSION_2025-10-29_15h30.58.653.csv	suvoszt	Prs.NDef.2Pl (mondotok)	suvosztotok	2763	272	1975460	Férfi	2005	8 / 8	MS1QG9	device: desktop, screen width: 1280, screen height: 720, user info: Mozilla/5.0 (Windows NT 10.0; Win64; x64; rv:144.0) Gecko/20100101 Firefox/144.0	1926854	st	šuvost	suvoszttok	suvosztotok	TRUE	9515.785399999999
mondasz_mondasz_participant_SESSION_2025-10-29_15h30.58.653.csv	nésszent	Prs.NDef.2Sg (mondas)	nésszentsz	2601	273	1978576	Férfi	2005	8 / 8	MS1QG9	device: desktop, screen width: 1280, screen height: 720, user info: Mozilla/5.0 (Windows NT 10.0; Win64; x64; rv:144.0) Gecko/20100101 Firefox/144.0	1926854	nt	néssent	nésszentsz	nésszentesz	FALSE	9515.785399999999
mondasz_mondasz_participant_SESSION_2025-10-29_15h30.58.653.csv	kernyeszt	Prs.NDef.3Pl (mondanak)	kernyesztenek	2559	274	1981650	Férfi	2005	8 / 8	MS1QG9	device: desktop, screen width: 1280, screen height: 720, user info: Mozilla/5.0 (Windows NT 10.0; Win64; x64; rv:144.0) Gecko/20100101 Firefox/144.0	1926854	st	kerṉest	kernyesztnek	kernyesztenek	TRUE	9515.785399999999
mondasz_mondasz_participant_SESSION_2025-10-29_15h30.58.653.csv	zöccsöjt	Prs.NDef.2Sg (mondas)	zöccsöjtesz	2394	275	1984552	Férfi	2005	8 / 8	MS1QG9	device: desktop, screen width: 1280, screen height: 720, user info: Mozilla/5.0 (Windows NT 10.0; Win64; x64; rv:144.0) Gecko/20100101 Firefox/144.0	1926854	jt	zöččöjt	zöccsöjtsz	zöccsöjtesz	TRUE	9515.785399999999
mondasz_mondasz_participant_SESSION_2025-10-29_15h30.58.653.csv	szicsent	Prs.NDef.2Pl (mondotok)	szicsentetek	2641	276	1987698	Férfi	2005	8 / 8	MS1QG9	device: desktop, screen width: 1280, screen height: 720, user info: Mozilla/5.0 (Windows NT 10.0; Win64; x64; rv:144.0) Gecko/20100101 Firefox/144.0	1926854	nt	sičent	szicsenttek	szicsentetek	TRUE	9515.785399999999
mondasz_mondasz_participant_SESSION_2025-10-29_15h30.58.653.csv	mirmeszt	Prs.1Sg›2 (mondalak)	mirmesztelek	21123	277	2009339	Férfi	2005	8 / 8	MS1QG9	device: desktop, screen width: 1280, screen height: 720, user info: Mozilla/5.0 (Windows NT 10.0; Win64; x64; rv:144.0) Gecko/20100101 Firefox/144.0	1926854	st	mirmest	mirmesztlek	mirmesztelek	TRUE	9515.785399999999
mondasz_mondasz_participant_SESSION_2025-10-29_15h30.58.653.csv	zsömhöjt	Prs.NDef.2Sg (mondas)	zsömhöjtesz	2934	278	2012779	Férfi	2005	8 / 8	MS1QG9	device: desktop, screen width: 1280, screen height: 720, user info: Mozilla/5.0 (Windows NT 10.0; Win64; x64; rv:144.0) Gecko/20100101 Firefox/144.0	1926854	jt	žömhöjt	zsömhöjtsz	zsömhöjtesz	TRUE	9515.785399999999
mondasz_mondasz_participant_SESSION_2025-10-29_15h30.58.653.csv	pagoszt	Prs.NDef.2Pl (mondotok)	pagosztotok	2959	279	2016255	Férfi	2005	8 / 8	MS1QG9	device: desktop, screen width: 1280, screen height: 720, user info: Mozilla/5.0 (Windows NT 10.0; Win64; x64; rv:144.0) Gecko/20100101 Firefox/144.0	1926854	st	pagost	pagoszttok	pagosztotok	TRUE	9515.785399999999
mondasz_mondasz_participant_SESSION_2025-10-29_15h30.58.653.csv	dűszöng	Prs.1Sg›2 (mondalak)	dűszöngelek	3333	280	2020093	Férfi	2005	8 / 8	MS1QG9	device: desktop, screen width: 1280, screen height: 720, user info: Mozilla/5.0 (Windows NT 10.0; Win64; x64; rv:144.0) Gecko/20100101 Firefox/144.0	1926854	ng	dűsöng	dűszönglek	dűszöngelek	TRUE	9515.785399999999
mondasz_mondasz_participant_SESSION_2025-10-29_15h30.58.653.csv	hempeszt	Prs.NDef.2Sg (mondas)	hempesztesz	2735	281	2023347	Férfi	2005	8 / 8	MS1QG9	device: desktop, screen width: 1280, screen height: 720, user info: Mozilla/5.0 (Windows NT 10.0; Win64; x64; rv:144.0) Gecko/20100101 Firefox/144.0	1926854	st	hempest	hempesztsz	hempesztesz	TRUE	9515.785399999999
mondasz_mondasz_participant_SESSION_2025-10-29_15h30.58.653.csv	flöföjt	Prs.NDef.3Pl (mondanak)	flöföjtenek	3043	282	2026907	Férfi	2005	8 / 8	MS1QG9	device: desktop, screen width: 1280, screen height: 720, user info: Mozilla/5.0 (Windows NT 10.0; Win64; x64; rv:144.0) Gecko/20100101 Firefox/144.0	1926854	jt	flöföjt	flöföjtnek	flöföjtenek	TRUE	9515.785399999999
mondasz_mondasz_participant_SESSION_2025-10-29_15h30.58.653.csv	zöccsöjt	Prs.1Sg›2 (mondalak)	zöccsöjtelek	3397	283	2030810	Férfi	2005	8 / 8	MS1QG9	device: desktop, screen width: 1280, screen height: 720, user info: Mozilla/5.0 (Windows NT 10.0; Win64; x64; rv:144.0) Gecko/20100101 Firefox/144.0	1926854	jt	zöččöjt	zöccsöjtlek	zöccsöjtelek	TRUE	9515.785399999999
mondasz_mondasz_participant_SESSION_2025-10-29_15h30.58.653.csv	pánkojt	Prs.NDef.2Pl (mondotok)	pánkojtotok	6152	284	2037471	Férfi	2005	8 / 8	MS1QG9	device: desktop, screen width: 1280, screen height: 720, user info: Mozilla/5.0 (Windows NT 10.0; Win64; x64; rv:144.0) Gecko/20100101 Firefox/144.0	1926854	jt	pánkojt	pánkojttok	pánkojtotok	TRUE	9515.785399999999
mondasz_mondasz_participant_SESSION_2025-10-29_15h30.58.653.csv	kajszoszt	Prs.NDef.3Pl (mondanak)	kajszosztanak	3475	285	2041458	Férfi	2005	8 / 8	MS1QG9	device: desktop, screen width: 1280, screen height: 720, user info: Mozilla/5.0 (Windows NT 10.0; Win64; x64; rv:144.0) Gecko/20100101 Firefox/144.0	1926854	st	kajsost	kajszosztnak	kajszosztanak	TRUE	9515.785399999999
mondasz_mondasz_participant_SESSION_2025-10-29_15h30.58.653.csv	csölönt	Prs.NDef.3Pl (mondanak)	csölöntenek	4028	286	2045992	Férfi	2005	8 / 8	MS1QG9	device: desktop, screen width: 1280, screen height: 720, user info: Mozilla/5.0 (Windows NT 10.0; Win64; x64; rv:144.0) Gecko/20100101 Firefox/144.0	1926854	nt	čölönt	csölöntnek	csölöntenek	TRUE	9515.785399999999
mondasz_mondasz_participant_SESSION_2025-10-29_15h30.58.653.csv	hüröszt	Prs.1Sg›2 (mondalak)	hürösztelek	3500	287	2049993	Férfi	2005	8 / 8	MS1QG9	device: desktop, screen width: 1280, screen height: 720, user info: Mozilla/5.0 (Windows NT 10.0; Win64; x64; rv:144.0) Gecko/20100101 Firefox/144.0	1926854	st	hüröst	hürösztlek	hürösztelek	TRUE	9515.785399999999
mondasz_mondasz_participant_SESSION_2025-10-29_15h30.58.653.csv	kajszoszt	Prs.1Sg›2 (mondalak)	kajszosztlak	6783	288	2057292	Férfi	2005	8 / 8	MS1QG9	device: desktop, screen width: 1280, screen height: 720, user info: Mozilla/5.0 (Windows NT 10.0; Win64; x64; rv:144.0) Gecko/20100101 Firefox/144.0	1926854	st	kajsost	kajszosztlak	kajszosztalak	FALSE	9515.785399999999
mondasz_mondasz_participant_SESSION_2025-10-29_15h30.58.653.csv	csampojt	Prs.NDef.3Pl (mondanak)	csampojtanak	3161	289	2060967	Férfi	2005	8 / 8	MS1QG9	device: desktop, screen width: 1280, screen height: 720, user info: Mozilla/5.0 (Windows NT 10.0; Win64; x64; rv:144.0) Gecko/20100101 Firefox/144.0	1926854	jt	čampojt	csampojtnak	csampojtanak	TRUE	9515.785399999999
mondasz_mondasz_participant_SESSION_2025-10-29_15h30.58.653.csv	pánkojt	Prs.NDef.2Sg (mondas)	pánkojtasz	2580	290	2064052	Férfi	2005	8 / 8	MS1QG9	device: desktop, screen width: 1280, screen height: 720, user info: Mozilla/5.0 (Windows NT 10.0; Win64; x64; rv:144.0) Gecko/20100101 Firefox/144.0	1926854	jt	pánkojt	pánkojtsz	pánkojtasz	TRUE	9515.785399999999
mondasz_mondasz_participant_SESSION_2025-10-29_15h30.58.653.csv	kurtoszt	Prs.NDef.2Sg (mondas)	kurtosztasz	1799	291	2066353	Férfi	2005	8 / 8	MS1QG9	device: desktop, screen width: 1280, screen height: 720, user info: Mozilla/5.0 (Windows NT 10.0; Win64; x64; rv:144.0) Gecko/20100101 Firefox/144.0	1926854	st	kurtost	kurtosztsz	kurtosztasz	TRUE	9515.785399999999
mondasz_mondasz_participant_SESSION_2025-10-29_15h30.58.653.csv	suvoszt	Prs.1Sg›2 (mondalak)	suvosztlak	2313	292	2069172	Férfi	2005	8 / 8	MS1QG9	device: desktop, screen width: 1280, screen height: 720, user info: Mozilla/5.0 (Windows NT 10.0; Win64; x64; rv:144.0) Gecko/20100101 Firefox/144.0	1926854	st	šuvost	suvosztlak	suvosztalak	FALSE	9515.785399999999
mondasz_mondasz_participant_SESSION_2025-10-29_15h30.58.653.csv	rüvönt	Prs.1Sg›2 (mondalak)	rüvöntelek	2071	293	2071759	Férfi	2005	8 / 8	MS1QG9	device: desktop, screen width: 1280, screen height: 720, user info: Mozilla/5.0 (Windows NT 10.0; Win64; x64; rv:144.0) Gecko/20100101 Firefox/144.0	1926854	nt	rüvönt	rüvöntlek	rüvöntelek	TRUE	9515.785399999999
mondasz_mondasz_participant_SESSION_2025-10-29_15h30.58.653.csv	koszkojt	Prs.NDef.2Sg (mondas)	koszkojtasz	2379	294	2074653	Férfi	2005	8 / 8	MS1QG9	device: desktop, screen width: 1280, screen height: 720, user info: Mozilla/5.0 (Windows NT 10.0; Win64; x64; rv:144.0) Gecko/20100101 Firefox/144.0	1926854	jt	koskojt	koszkojtsz	koszkojtasz	TRUE	9515.785399999999
mondasz_mondasz_participant_SESSION_2025-10-29_15h30.58.653.csv	nyuttojt	Prs.NDef.2Pl (mondotok)	nyuttojtotok	2258	295	2077418	Férfi	2005	8 / 8	MS1QG9	device: desktop, screen width: 1280, screen height: 720, user info: Mozilla/5.0 (Windows NT 10.0; Win64; x64; rv:144.0) Gecko/20100101 Firefox/144.0	1926854	jt	ṉuttojt	nyuttojttok	nyuttojtotok	TRUE	9515.785399999999
mondasz_mondasz_participant_SESSION_2025-10-29_15h30.58.653.csv	ofont	Prs.NDef.3Pl (mondanak)	ofontanak	2276	296	2080211	Férfi	2005	8 / 8	MS1QG9	device: desktop, screen width: 1280, screen height: 720, user info: Mozilla/5.0 (Windows NT 10.0; Win64; x64; rv:144.0) Gecko/20100101 Firefox/144.0	1926854	nt	ofont	ofontnak	ofontanak	TRUE	9515.785399999999
mondasz_mondasz_participant_SESSION_2025-10-29_15h30.58.653.csv	nyuttojt	Prs.NDef.3Pl (mondanak)	nyuttojtnak	2523	297	2083249	Férfi	2005	8 / 8	MS1QG9	device: desktop, screen width: 1280, screen height: 720, user info: Mozilla/5.0 (Windows NT 10.0; Win64; x64; rv:144.0) Gecko/20100101 Firefox/144.0	1926854	jt	ṉuttojt	nyuttojtnak	nyuttojtanak	FALSE	9515.785399999999
mondasz_mondasz_participant_SESSION_2025-10-29_15h30.58.653.csv	büfröng	Prs.NDef.2Sg (mondas)	büfröngesz	1809	298	2085561	Férfi	2005	8 / 8	MS1QG9	device: desktop, screen width: 1280, screen height: 720, user info: Mozilla/5.0 (Windows NT 10.0; Win64; x64; rv:144.0) Gecko/20100101 Firefox/144.0	1926854	ng	büfröng	büfröngsz	büfröngesz	TRUE	9515.785399999999
mondasz_mondasz_participant_SESSION_2025-10-29_15h30.58.653.csv	nyegejt	Prs.1Sg›2 (mondalak)	nyegejtelek	2482	299	2088557	Férfi	2005	8 / 8	MS1QG9	device: desktop, screen width: 1280, screen height: 720, user info: Mozilla/5.0 (Windows NT 10.0; Win64; x64; rv:144.0) Gecko/20100101 Firefox/144.0	1926854	jt	ṉegejt	nyegejtlek	nyegejtelek	TRUE	9515.785399999999
mondasz_mondasz_participant_SESSION_2025-10-29_15h30.58.653.csv	szüköjt	Prs.1Sg›2 (mondalak)	szüköjtelek	2404	300	2091464	Férfi	2005	8 / 8	MS1QG9	device: desktop, screen width: 1280, screen height: 720, user info: Mozilla/5.0 (Windows NT 10.0; Win64; x64; rv:144.0) Gecko/20100101 Firefox/144.0	1926854	jt	süköjt	szüköjtlek	szüköjtelek	TRUE	9515.785399999999
mondasz_mondasz_participant_SESSION_2025-10-29_15h30.58.653.csv	gyahong	Prs.1Sg›2 (mondalak)	gyahongalak	2306	302	2099490	Férfi	2005	8 / 8	MS1QG9	device: desktop, screen width: 1280, screen height: 720, user info: Mozilla/5.0 (Windows NT 10.0; Win64; x64; rv:144.0) Gecko/20100101 Firefox/144.0	1926854	ng	ḏahong	gyahonglak	gyahongalak	TRUE	9515.785399999999
mondasz_mondasz_participant_SESSION_2025-10-29_15h30.58.653.csv	kerzeng	Prs.NDef.3Pl (mondanak)	kerzengenek	2561	303	2102563	Férfi	2005	8 / 8	MS1QG9	device: desktop, screen width: 1280, screen height: 720, user info: Mozilla/5.0 (Windows NT 10.0; Win64; x64; rv:144.0) Gecko/20100101 Firefox/144.0	1926854	ng	kerzeng	kerzengnek	kerzengenek	TRUE	9515.785399999999
mondasz_mondasz_participant_SESSION_2025-10-29_15h30.58.653.csv	fomong	Prs.1Sg›2 (mondalak)	fomongalak	3246	304	2106322	Férfi	2005	8 / 8	MS1QG9	device: desktop, screen width: 1280, screen height: 720, user info: Mozilla/5.0 (Windows NT 10.0; Win64; x64; rv:144.0) Gecko/20100101 Firefox/144.0	1926854	ng	fomong	fomonglak	fomongalak	TRUE	9515.785399999999
mondasz_mondasz_participant_SESSION_2025-10-29_15h30.58.653.csv	suvoszt	Prs.NDef.3Pl (mondanak)	suvosztanak	5652	305	2112486	Férfi	2005	8 / 8	MS1QG9	device: desktop, screen width: 1280, screen height: 720, user info: Mozilla/5.0 (Windows NT 10.0; Win64; x64; rv:144.0) Gecko/20100101 Firefox/144.0	1926854	st	šuvost	suvosztnak	suvosztanak	TRUE	9515.785399999999
mondasz_mondasz_participant_SESSION_2025-10-29_15h30.58.653.csv	fedrent	Prs.NDef.2Pl (mondotok)	fedrentetek	4684	306	2117681	Férfi	2005	8 / 8	MS1QG9	device: desktop, screen width: 1280, screen height: 720, user info: Mozilla/5.0 (Windows NT 10.0; Win64; x64; rv:144.0) Gecko/20100101 Firefox/144.0	1926854	nt	fedrent	fedrenttek	fedrentetek	TRUE	9515.785399999999
mondasz_mondasz_participant_SESSION_2025-10-29_15h30.58.653.csv	ornyoszt	Prs.NDef.3Pl (mondanak)	ornyosztanak	3563	307	2121757	Férfi	2005	8 / 8	MS1QG9	device: desktop, screen width: 1280, screen height: 720, user info: Mozilla/5.0 (Windows NT 10.0; Win64; x64; rv:144.0) Gecko/20100101 Firefox/144.0	1926854	st	orṉost	ornyosztnak	ornyosztanak	TRUE	9515.785399999999
mondasz_mondasz_participant_SESSION_2025-10-29_15h30.58.653.csv	nésszent	Prs.NDef.3Pl (mondanak)	nésszentenek	2162	308	2124429	Férfi	2005	8 / 8	MS1QG9	device: desktop, screen width: 1280, screen height: 720, user info: Mozilla/5.0 (Windows NT 10.0; Win64; x64; rv:144.0) Gecko/20100101 Firefox/144.0	1926854	nt	néssent	nésszentnek	nésszentenek	TRUE	9515.785399999999
mondasz_mondasz_participant_SESSION_2025-10-29_15h30.58.653.csv	potojt	Prs.1Sg›2 (mondalak)	potojtlak	1753	309	2126688	Férfi	2005	8 / 8	MS1QG9	device: desktop, screen width: 1280, screen height: 720, user info: Mozilla/5.0 (Windows NT 10.0; Win64; x64; rv:144.0) Gecko/20100101 Firefox/144.0	1926854	jt	potojt	potojtlak	potojtalak	FALSE	9515.785399999999
mondasz_mondasz_participant_SESSION_2025-10-29_15h30.58.653.csv	szicsent	Prs.1Sg›2 (mondalak)	szicsentlek	1182	310	2128375	Férfi	2005	8 / 8	MS1QG9	device: desktop, screen width: 1280, screen height: 720, user info: Mozilla/5.0 (Windows NT 10.0; Win64; x64; rv:144.0) Gecko/20100101 Firefox/144.0	1926854	nt	sičent	szicsentlek	szicsentelek	FALSE	9515.785399999999
mondasz_mondasz_participant_SESSION_2025-10-29_15h30.58.653.csv	vuzong	Prs.NDef.3Pl (mondanak)	vuzonganak	1966	311	2130843	Férfi	2005	8 / 8	MS1QG9	device: desktop, screen width: 1280, screen height: 720, user info: Mozilla/5.0 (Windows NT 10.0; Win64; x64; rv:144.0) Gecko/20100101 Firefox/144.0	1926854	ng	vuzong	vuzongnak	vuzonganak	TRUE	9515.785399999999
mondasz_mondasz_participant_SESSION_2025-10-29_15h30.58.653.csv	dimbeszt	Prs.NDef.2Pl (mondotok)	dimbesztetek	1402	312	2132760	Férfi	2005	8 / 8	MS1QG9	device: desktop, screen width: 1280, screen height: 720, user info: Mozilla/5.0 (Windows NT 10.0; Win64; x64; rv:144.0) Gecko/20100101 Firefox/144.0	1926854	st	dimbest	dimbeszttek	dimbesztetek	TRUE	9515.785399999999
mondasz_mondasz_participant_SESSION_2025-10-29_15h30.58.653.csv	ütvöszt	Prs.NDef.2Pl (mondotok)	ütvösztötök	1985	313	2135259	Férfi	2005	8 / 8	MS1QG9	device: desktop, screen width: 1280, screen height: 720, user info: Mozilla/5.0 (Windows NT 10.0; Win64; x64; rv:144.0) Gecko/20100101 Firefox/144.0	1926854	st	ütvöst	ütvöszttök	ütvösztötök	TRUE	9515.785399999999
mondasz_mondasz_participant_SESSION_2025-10-29_15h30.58.653.csv	nyénnyejt	Prs.NDef.3Pl (mondanak)	nyénnyejtenek	1272	314	2137044	Férfi	2005	8 / 8	MS1QG9	device: desktop, screen width: 1280, screen height: 720, user info: Mozilla/5.0 (Windows NT 10.0; Win64; x64; rv:144.0) Gecko/20100101 Firefox/144.0	1926854	jt	ṉéṉṉejt	nyénnyejtnek	nyénnyejtenek	TRUE	9515.785399999999
mondasz_mondasz_participant_SESSION_2025-10-29_15h30.58.653.csv	ornyoszt	Prs.NDef.2Sg (mondas)	ornyosztasz	3346	315	2140900	Férfi	2005	8 / 8	MS1QG9	device: desktop, screen width: 1280, screen height: 720, user info: Mozilla/5.0 (Windows NT 10.0; Win64; x64; rv:144.0) Gecko/20100101 Firefox/144.0	1926854	st	orṉost	ornyosztsz	ornyosztasz	TRUE	9515.785399999999
mondasz_mondasz_participant_SESSION_2025-10-29_15h30.58.653.csv	sökköjt	Prs.1Sg›2 (mondalak)	sökköjtelek	2419	316	2143823	Férfi	2005	8 / 8	MS1QG9	device: desktop, screen width: 1280, screen height: 720, user info: Mozilla/5.0 (Windows NT 10.0; Win64; x64; rv:144.0) Gecko/20100101 Firefox/144.0	1926854	jt	šökköjt	sökköjtlek	sökköjtelek	TRUE	9515.785399999999
mondasz_mondasz_participant_SESSION_2025-10-29_15h30.58.653.csv	vórnyoszt	Prs.NDef.2Sg (mondas)	vórnyosztasz	1664	317	2145995	Férfi	2005	8 / 8	MS1QG9	device: desktop, screen width: 1280, screen height: 720, user info: Mozilla/5.0 (Windows NT 10.0; Win64; x64; rv:144.0) Gecko/20100101 Firefox/144.0	1926854	st	vórṉost	vórnyosztsz	vórnyosztasz	TRUE	9515.785399999999
mondasz_mondasz_participant_SESSION_2025-10-29_15h30.58.653.csv	csölönt	Prs.1Sg›2 (mondalak)	csölöntelek	4634	318	2151131	Férfi	2005	8 / 8	MS1QG9	device: desktop, screen width: 1280, screen height: 720, user info: Mozilla/5.0 (Windows NT 10.0; Win64; x64; rv:144.0) Gecko/20100101 Firefox/144.0	1926854	nt	čölönt	csölöntlek	csölöntelek	TRUE	9515.785399999999
mondasz_mondasz_participant_SESSION_2025-10-29_15h30.58.653.csv	mörgöng	Prs.NDef.2Sg (mondas)	mörgöngesz	2205	319	2153851	Férfi	2005	8 / 8	MS1QG9	device: desktop, screen width: 1280, screen height: 720, user info: Mozilla/5.0 (Windows NT 10.0; Win64; x64; rv:144.0) Gecko/20100101 Firefox/144.0	1926854	ng	mörgöng	mörgöngsz	mörgöngesz	TRUE	9515.785399999999
mondasz_mondasz_participant_SESSION_2025-10-29_15h30.58.653.csv	kerzeng	Prs.NDef.2Pl (mondotok)	kerzengetek	1546	320	2155913	Férfi	2005	8 / 8	MS1QG9	device: desktop, screen width: 1280, screen height: 720, user info: Mozilla/5.0 (Windows NT 10.0; Win64; x64; rv:144.0) Gecko/20100101 Firefox/144.0	1926854	ng	kerzeng	kerzengtek	kerzengetek	TRUE	9515.785399999999
mondasz_mondasz_participant_SESSION_2025-10-29_15h30.58.653.csv	nyénnyejt	Prs.NDef.2Pl (mondotok)	nyénnyejtetek	1291	321	2157718	Férfi	2005	8 / 8	MS1QG9	device: desktop, screen width: 1280, screen height: 720, user info: Mozilla/5.0 (Windows NT 10.0; Win64; x64; rv:144.0) Gecko/20100101 Firefox/144.0	1926854	jt	ṉéṉṉejt	nyénnyejttek	nyénnyejtetek	TRUE	9515.785399999999
mondasz_mondasz_participant_SESSION_2025-10-29_15h30.58.653.csv	rüvönt	Prs.NDef.3Pl (mondanak)	rüvöntenek	1322	322	2159545	Férfi	2005	8 / 8	MS1QG9	device: desktop, screen width: 1280, screen height: 720, user info: Mozilla/5.0 (Windows NT 10.0; Win64; x64; rv:144.0) Gecko/20100101 Firefox/144.0	1926854	nt	rüvönt	rüvöntnek	rüvöntenek	TRUE	9515.785399999999
mondasz_mondasz_participant_SESSION_2025-10-29_15h30.58.653.csv	mógyong	Prs.1Sg›2 (mondalak)	mógyongalak	555	323	2160615	Férfi	2005	8 / 8	MS1QG9	device: desktop, screen width: 1280, screen height: 720, user info: Mozilla/5.0 (Windows NT 10.0; Win64; x64; rv:144.0) Gecko/20100101 Firefox/144.0	1926854	ng	móḏong	mógyonglak	mógyongalak	TRUE	9515.785399999999
mondasz_mondasz_participant_SESSION_2025-10-29_15h30.58.653.csv	füppönt	Prs.NDef.2Pl (mondotok)	füppönttök	971	324	2162090	Férfi	2005	8 / 8	MS1QG9	device: desktop, screen width: 1280, screen height: 720, user info: Mozilla/5.0 (Windows NT 10.0; Win64; x64; rv:144.0) Gecko/20100101 Firefox/144.0	1926854	nt	füppönt	füppönttök	füppöntötök	FALSE	9515.785399999999
mondasz_mondasz_participant_SESSION_2025-10-29_15h30.58.653.csv	szüköjt	Prs.NDef.2Sg (mondas)	szüköjtesz	1540	325	2164133	Férfi	2005	8 / 8	MS1QG9	device: desktop, screen width: 1280, screen height: 720, user info: Mozilla/5.0 (Windows NT 10.0; Win64; x64; rv:144.0) Gecko/20100101 Firefox/144.0	1926854	jt	süköjt	szüköjtsz	szüköjtesz	TRUE	9515.785399999999
mondasz_mondasz_participant_SESSION_2025-10-29_15h30.58.653.csv	polloszt	Prs.NDef.2Pl (mondotok)	polloszttok	1136	326	2165785	Férfi	2005	8 / 8	MS1QG9	device: desktop, screen width: 1280, screen height: 720, user info: Mozilla/5.0 (Windows NT 10.0; Win64; x64; rv:144.0) Gecko/20100101 Firefox/144.0	1926854	st	pollost	polloszttok	pollosztotok	FALSE	9515.785399999999
mondasz_mondasz_participant_SESSION_2025-10-29_15h30.58.653.csv	sökköjt	Prs.NDef.2Pl (mondotok)	sökköjttök	726	327	2167027	Férfi	2005	8 / 8	MS1QG9	device: desktop, screen width: 1280, screen height: 720, user info: Mozilla/5.0 (Windows NT 10.0; Win64; x64; rv:144.0) Gecko/20100101 Firefox/144.0	1926854	jt	šökköjt	sökköjttök	sökköjtötök	FALSE	9515.785399999999
mondasz_mondasz_participant_SESSION_2025-10-29_15h30.58.653.csv	polloszt	Prs.NDef.2Sg (mondas)	pollosztasz	2425	328	2169961	Férfi	2005	8 / 8	MS1QG9	device: desktop, screen width: 1280, screen height: 720, user info: Mozilla/5.0 (Windows NT 10.0; Win64; x64; rv:144.0) Gecko/20100101 Firefox/144.0	1926854	st	pollost	pollosztsz	pollosztasz	TRUE	9515.785399999999
mondasz_mondasz_participant_SESSION_2025-10-29_15h30.58.653.csv	polloszt	Prs.1Sg›2 (mondalak)	pollosztalak	2434	329	2172902	Férfi	2005	8 / 8	MS1QG9	device: desktop, screen width: 1280, screen height: 720, user info: Mozilla/5.0 (Windows NT 10.0; Win64; x64; rv:144.0) Gecko/20100101 Firefox/144.0	1926854	st	pollost	pollosztlak	pollosztalak	TRUE	9515.785399999999
mondasz_mondasz_participant_SESSION_2025-10-29_15h30.58.653.csv	csölönt	Prs.NDef.2Pl (mondotok)	csölöntötök	1955	330	2175361	Férfi	2005	8 / 8	MS1QG9	device: desktop, screen width: 1280, screen height: 720, user info: Mozilla/5.0 (Windows NT 10.0; Win64; x64; rv:144.0) Gecko/20100101 Firefox/144.0	1926854	nt	čölönt	csölönttök	csölöntötök	TRUE	9515.785399999999
mondasz_mondasz_participant_SESSION_2025-10-29_15h30.58.653.csv	börköszt	Prs.1Sg›2 (mondalak)	börkösztelek	2241	331	2178106	Férfi	2005	8 / 8	MS1QG9	device: desktop, screen width: 1280, screen height: 720, user info: Mozilla/5.0 (Windows NT 10.0; Win64; x64; rv:144.0) Gecko/20100101 Firefox/144.0	1926854	st	börköst	börkösztlek	börkösztelek	TRUE	9515.785399999999
mondasz_mondasz_participant_SESSION_2025-10-29_15h30.58.653.csv	dűszöng	Prs.NDef.2Sg (mondas)	dűszöngesz	1954	332	2180569	Férfi	2005	8 / 8	MS1QG9	device: desktop, screen width: 1280, screen height: 720, user info: Mozilla/5.0 (Windows NT 10.0; Win64; x64; rv:144.0) Gecko/20100101 Firefox/144.0	1926854	ng	dűsöng	dűszöngsz	dűszöngesz	TRUE	9515.785399999999
mondasz_mondasz_participant_SESSION_2025-10-29_15h30.58.653.csv	pagoszt	Prs.NDef.2Sg (mondas)	pagosztsz	1113	333	2182190	Férfi	2005	8 / 8	MS1QG9	device: desktop, screen width: 1280, screen height: 720, user info: Mozilla/5.0 (Windows NT 10.0; Win64; x64; rv:144.0) Gecko/20100101 Firefox/144.0	1926854	st	pagost	pagosztsz	pagosztasz	FALSE	9515.785399999999
mondasz_mondasz_participant_SESSION_2025-10-29_15h30.58.653.csv	pégeng	Prs.NDef.2Sg (mondas)	pégengesz	1511	335	2186669	Férfi	2005	8 / 8	MS1QG9	device: desktop, screen width: 1280, screen height: 720, user info: Mozilla/5.0 (Windows NT 10.0; Win64; x64; rv:144.0) Gecko/20100101 Firefox/144.0	1926854	ng	pégeng	pégengsz	pégengesz	TRUE	9515.785399999999
