lemma	xpostag	llfpm10	lemma_freq	coda	c1	c2	lemma_syl_count	form_v	suffix_v	freq_v	lfpm10v	suffix_nv	form_nv	freq_nv	lfpm10nv	odds_v	lo_v	tag	tag_freq_in_dataset
mond	[/V][Pst.Def.3Sg]	4.129447533832242	11546023	nd	n	d	1	mondotta	otta	42820	1.6986617785004616	ta	mondta	3153487	3.5658061605305207	0.01357861947742293	-4.299258820529993	Pst.Def.3Sg (mondotta)	36
áll	[/V][Prs.NDef.3Pl]	3.9639210093508	7886892	ll	l	l	1	állanak	anak	12357	1.1589281622181222	nak	állnak	787800	2.963431092015165	0.015685453160700684	-4.155021546414752	Prs.NDef.3Pl (mondanak)	106
mond	[/V][Pst.Def.1Sg]	4.129447533832242	11546023	nd	n	d	1	mondottam	ottam	7567	0.9459388495096094	tam	mondtam	437770	2.708261111967938	0.017285332480526303	-4.057896970588088	Pst.Def.1Sg (mondottam)	35
áll	[/V][Pst.NDef.3Pl]	3.9639210093508	7886892	ll	l	l	1	állottak	ottak	9632	1.0507315894557914	tak	álltak	250266	2.4654169678855395	0.03848704977903511	-3.2574334636489777	Pst.NDef.3Pl (mondottak)	75
kezd	[/V][Prs.NDef.3Pl]	3.772113864625659	5071060	zd	z	d	1	kezdenek	enek	148387	2.2384109701537196	nek	kezdnek	592	-0.16066317773503802	250.65371621621622	5.524072369916046	Prs.NDef.3Pl (mondanak)	106
mond	[/V][Prs.NDef.3Pl]	4.129447533832242	11546023	nd	n	d	1	mondanak	anak	113365	2.1214941079024947	nak	mondnak	412	-0.3180876684248232	275.15776699029124	5.617344631311217	Prs.NDef.3Pl (mondanak)	106
áll	[/V][Pst.NDef.1Sg]	3.9639210093508	7886892	ll	l	l	1	állottam	ottam	683	-0.09856418077642524	tam	álltam	97319	2.05521275323698	0.007018156783361934	-4.959254661893688	Pst.NDef.1Sg (mondottam)	46
ajánl	[/V][Pst.Def.3Sg]	3.322595137004172	1801275	nl	n	l	2	ajánlotta	otta	85310	1.9980150574981943	ta	ajánlta	185	-0.6658131560549441	461.13513513513516	6.133691134824415	Pst.Def.3Sg (mondotta)	36
küzd	[/V][Prs.NDef.3Pl]	2.8842471998392543	656496	zd	z	d	1	küzdenek	enek	82211	1.9819450464602493	nek	küzdnek	36	-1.3766823836906703	2283.6388888888887	7.733525453586409	Prs.NDef.3Pl (mondanak)	106
mond	[/V][Pst.NDef.3Pl]	4.129447533832242	11546023	nd	n	d	1	mondottak	ottak	1246	0.16253315786519296	tak	mondtak	78938	1.9643012343083144	0.01578453976538549	-4.1487243138504875	Pst.NDef.3Pl (mondottak)	75
áll	[/V][Prs.NDef.2Sg]	3.9639210093508	7886892	ll	l	l	1	állasz	asz	501	-0.23314715859071208	sz	állsz	76550	1.950960310576322	0.006544741998693664	-5.029093300000965	Prs.NDef.2Sg (mondasz)	134
vall	[/V][Pst.Def.3Sg]	2.7990089795374744	539503	ll	l	l	1	vallotta	otta	54314	1.8019269034931689	ta	vallta	22	-1.5905622036357516	2468.818181818182	7.811494846219732	Pst.Def.3Sg (mondotta)	36
küld	[/V][Prs.NDef.3Pl]	3.329046184230405	1828231	ld	l	d	1	küldenek	enek	49552	1.7620763035547538	nek	küldnek	79	-1.0353577931675164	627.2405063291139	6.441330049745963	Prs.NDef.3Pl (mondanak)	106
száll	[/V][Prs.NDef.3Pl]	2.818571340335746	564360	ll	l	l	1	szállanak	anak	1182	0.13963259208727874	nak	szállnak	41273	1.6826811530187649	0.028638577278123713	-3.5530006141667543	Prs.NDef.3Pl (mondanak)	106
tart	[/V][Prs.NDef.2Sg]	3.987109835917599	8319452	rt	r	t	1	tartasz	asz	41142	1.6813005153910607	sz	tartsz	185	-0.6658131560549441	222.38918918918918	5.404428951434094	Prs.NDef.2Sg (mondasz)	134
mond	[/V][Prs.NDef.2Sg]	4.129447533832242	11546023	nd	n	d	1	mondasz	asz	39605	1.6647651331678863	sz	mondsz	407	-0.3233904752327378	97.30958230958231	4.577897466455785	Prs.NDef.2Sg (mondasz)	134
ajánl	[/V][Pst.NDef.3Pl]	3.322595137004172	1801275	nl	n	l	2	ajánlottak	ottak	37327	1.639038202285888	tak	ajánltak	34	-1.4015059674157029	1097.8529411764705	7.001111679744841	Pst.NDef.3Pl (mondottak)	75
küzd	[/V][Pst.NDef.3Pl]	2.8842471998392543	656496	zd	z	d	1	küzdöttek	öttek	35520	1.6174880726486056	tek	küzdtek	145	-0.771616882222983	244.9655172413793	5.501117454685532	Pst.NDef.3Pl (mondottak)	75
ért	[/V][Prs.NDef.2Sg]	3.4293511043012694	2303223	rt	r	t	1	értesz	esz	34591	1.605978232867311	sz	értsz	76	-1.0521712921771664	455.14473684210526	6.120615471316616	Prs.NDef.2Sg (mondasz)	134
száll	[/V][Pst.NDef.3Pl]	2.818571340335746	564360	ll	l	l	1	szállottak	ottak	886	0.01444883742909295	tak	szálltak	34454	1.6042547649230827	0.025715446682533234	-3.6606634294012337	Pst.NDef.3Pl (mondottak)	75
old	[/V][Pst.Def.3Sg]	2.8249058973828483	572652	ld	l	d	1	oldotta	otta	31526	1.5656839867615928	ta	oldta	66	-1.1134409489160892	477.6666666666667	6.168913139160062	Pst.Def.3Sg (mondotta)	36
ajánl	[/V][Prs.NDef.3Pl]	3.322595137004172	1801275	nl	n	l	2	ajánlanak	anak	30906	1.5570579158062647	nak	ajánlnak	26	-1.5180115364871398	1188.6923076923076	7.080609080772158	Prs.NDef.3Pl (mondanak)	106
kezd	[/V][Prs.NDef.2Sg]	3.772113864625659	5071060	zd	z	d	1	kezdesz	esz	26079	1.483306049886882	sz	kezdsz	8	-2.0298948974660145	3259.875	8.089444130067339	Prs.NDef.2Sg (mondasz)	134
függ	[/V][Prs.NDef.3Pl]	2.921588333286279	715440	gg	g	g	1	függenek	enek	20551	1.3798480747913793	nek	függnek	24876	1.4627956636835278	0.8261376427078309	-0.1909938816828596	Prs.NDef.3Pl (mondanak)	106
áll	[/V][Pst.Def.3Sg]	3.9639210093508	7886892	ll	l	l	1	állotta	otta	686	-0.09666076875120616	ta	állta	24172	1.450327701118461	0.02837994373655469	-3.562072589755564	Pst.Def.3Sg (mondotta)	36
dönt	[/V][Prs.NDef.2Sg]	3.394476429170933	2125501	nt	n	t	1	döntesz	esz	22910	1.4270402047314397	sz	döntsz	22	-1.5905622036357516	1041.3636363636363	6.948286322089225	Prs.NDef.2Sg (mondasz)	134
vonz	[/V][Pst.Def.3Sg]	2.4928801476270666	266603	nz	n	z	1	vonzotta	otta	22338	1.416059402144078	ta	vonzta	14	-1.7868568487797198	1595.5714285714287	7.374987213485514	Pst.Def.3Sg (mondotta)	36
mond	[/V][Pst.NDef.1Sg]	4.129447533832242	11546023	nd	n	d	1	mondottam	ottam	3406	0.5992597591686244	tam	mondtam	20176	1.3718501847710485	0.16881443298969073	-1.7789551969820672	Pst.NDef.1Sg (mondottam)	46
örvend	[/V][Prs.NDef.3Pl]	2.1193126646506104	112797	nd	n	d	2	örvendenek	enek	18970	1.3450824464307047	nek	örvendnek	691	-0.09350683708375944	27.452966714905934	3.31247423916139	Prs.NDef.3Pl (mondanak)	106
vall	[/V][Prs.NDef.3Pl]	2.7990089795374744	539503	ll	l	l	1	vallanak	anak	18099	1.324669695578109	nak	vallnak	91	-0.9739434921368644	198.8901098901099	5.2927524605920215	Prs.NDef.3Pl (mondanak)	106
kattint	[/V][Prs.NDef.2Sg]	3.101250403862836	1082020	nt	n	t	2	kattintasz	asz	17196	1.3024425519870115	sz	kattintsz	36	-1.3766823836906703	477.6666666666667	6.168913139160062	Prs.NDef.2Sg (mondasz)	134
ajánl	[/V][Pst.Def.1Sg]	3.322595137004172	1801275	nl	n	l	2	ajánlottam	ottam	16278	1.2786161596872818	tam	ajánltam	20	-1.6319548887939763	813.9	6.7018375083329955	Pst.Def.1Sg (mondottam)	35
kering	[/V][Prs.NDef.3Pl]	1.9960046439135095	84916	ng	n	g	2	keringenek	enek	15387	1.254169069327458	nek	keringnek	532	-0.20707325216290967	28.922932330827066	3.3646347867157336	Prs.NDef.3Pl (mondanak)	106
hord	[/V][Prs.NDef.3Pl]	2.5559590570874056	308279	rd	r	d	1	hordanak	anak	14922	1.2408421511956218	nak	hordnak	38	-1.3532012878411477	392.6842105263158	5.973005753305074	Prs.NDef.3Pl (mondanak)	106
hord	[/V][Pst.Def.3Sg]	2.5559590570874056	308279	rd	r	d	1	hordotta	otta	106	-0.9076790191931876	ta	hordta	14791	1.2370126526086125	0.007166520181191265	-4.938335072559303	Pst.Def.3Sg (mondotta)	36
küzd	[/V][Pst.NDef.1Sg]	2.8842471998392543	656496	zd	z	d	1	küzdöttem	öttem	14630	1.2322594416673531	tem	küzdtem	66	-1.1134409489160892	221.66666666666666	5.401174751987744	Pst.NDef.1Sg (mondottam)	46
rajong	[/V][Prs.NDef.3Pl]	2.0252970219361894	90841	ng	n	g	2	rajonganak	anak	13803	1.2069886035265007	nak	rajongnak	309	-0.4430264050331232	44.66990291262136	3.7992999619258327	Prs.NDef.3Pl (mondanak)	106
küzd	[/V][Prs.NDef.2Sg]	2.8842471998392543	656496	zd	z	d	1	küzdesz	esz	13677	1.2030059624636669	sz	küzdsz	9	-1.978742375018633	1519.6666666666667	7.326246291545332	Prs.NDef.2Sg (mondasz)	134
száll	[/V][Pst.NDef.1Sg]	2.818571340335746	564360	ll	l	l	1	szállottam	ottam	131	-0.8157135888021936	tam	szálltam	13513	1.1977668923071851	0.009694368385998667	-4.636210140836934	Pst.NDef.1Sg (mondottam)	46
vonz	[/V][Prs.NDef.3Pl]	2.4928801476270666	266603	nz	n	z	1	vonzanak	anak	13083	1.183722456935131	nak	vonznak	16	-1.728864901802033	817.6875	6.706480234271095	Prs.NDef.3Pl (mondanak)	106
tölt	[/V][Prs.NDef.2Sg]	3.4380290110614276	2349708	lt	l	t	1	töltesz	esz	12150	1.151591393476373	sz	töltsz	8	-2.0298948974660145	1518.75	7.3256429070888585	Prs.NDef.2Sg (mondasz)	134
sugall	[/V][Pst.Def.3Sg]	2.166726825892367	125809	ll	l	l	2	sugallotta	otta	65	-1.1200715278151023	ta	sugallta	11363	1.1225081222198878	0.005720320337938924	-5.1637304720223725	Pst.Def.3Sg (mondotta)	36
köszönt	[/V][Prs.1Sg›2]	2.6232584999815622	359951	nt	n	t	2	köszöntelek	elek	11057	1.1106524251346128	lek	köszöntlek	549	-0.1934125400078659	20.140255009107467	3.0027205490328712	Prs.1Sg›2 (mondalak)	77
áld	[/V][Pst.Def.3Sg]	1.9847463785340496	82743	ld	l	d	1	áldotta	otta	10989	1.1079732889262497	ta	áldta	15	-1.756893625402277	732.6	6.596599850344714	Pst.Def.3Sg (mondotta)	36
vall	[/V][Pst.NDef.3Pl]	2.7990089795374744	539503	ll	l	l	1	vallottak	ottak	10746	1.0982619517747174	tak	valltak	15	-1.756893625402277	716.4	6.574238670186556	Pst.NDef.3Pl (mondottak)	75
küld	[/V][Prs.NDef.2Sg]	3.329046184230405	1828231	ld	l	d	1	küldesz	esz	9413	1.0407431742300697	sz	küldsz	38	-1.3532012878411477	247.71052631578948	5.512260831820835	Prs.NDef.2Sg (mondasz)	134
verseng	[/V][Prs.NDef.3Pl]	1.673041590197379	40367	ng	n	g	2	versengenek	enek	9319	1.0363844272755696	nek	versengnek	327	-0.4184371317976717	28.498470948012233	3.349850434888402	Prs.NDef.3Pl (mondanak)	106
old	[/V][Pst.NDef.3Pl]	2.8249058973828483	572652	ld	l	d	1	oldottak	ottak	9291	1.0350775756184911	tak	oldtak	24	-1.552773642746352	387.125	5.958747638293367	Pst.NDef.3Pl (mondottak)	75
kelt	[/V][Prs.NDef.2Sg]	2.7981185534768014	538398	lt	l	t	1	keltesz	esz	8990	1.020774807275271	sz	keltsz	2	-2.6319548887939765	4495	8.410720946905721	Prs.NDef.2Sg (mondasz)	134
ellentmond	[/V][Prs.NDef.3Pl]	1.8501894968434336	60698	nd	n	d	3	ellentmondanak	anak	8598	1.0014125563230305	nak	ellentmondnak	29	-1.4705868865590015	296.48275862068965	5.691989067069753	Prs.NDef.3Pl (mondanak)	106
old	[/V][Pst.Def.1Sg]	2.8249058973828483	572652	ld	l	d	1	oldottam	ottam	8389	0.990725309938605	tam	oldtam	9	-1.978742375018633	932.1111111111111	6.837452025510075	Pst.Def.1Sg (mondottam)	35
vonz	[/V][Pst.NDef.3Pl]	2.4928801476270666	266603	nz	n	z	1	vonzottak	ottak	7942	0.9669449982699064	tak	vonztak	1	-2.932984884457958	7942	8.979920411691197	Pst.NDef.3Pl (mondottak)	75
old	[/V][Prs.NDef.3Pl]	2.8249058973828483	572652	ld	l	d	1	oldanak	anak	7809	0.9596105383709403	nak	oldnak	15	-1.756893625402277	520.6	6.254981992560465	Prs.NDef.3Pl (mondanak)	106
egyetért	[/V][Prs.NDef.2Sg]	2.6806793792943684	410832	rt	r	t	3	egyetértesz	esz	7768	0.9573243324419906	sz	egyetértsz	7	-2.087886844443701	1109.7142857142858	7.011857860915848	Prs.NDef.2Sg (mondasz)	134
szégyell	[/V][Pst.Def.1Sg]	2.0545830722375222	97178	ll	l	l	2	szégyellettem	ettem	14	-1.7868568487797198	tem	szégyelltem	7684	0.9526024717316982	0.0018219677251431546	-6.307838194273189	Pst.Def.1Sg (mondottam)	35
küzd	[/V][Pst.Def.3Sg]	2.8842471998392543	656496	zd	z	d	1	küzdötte	ötte	7508	0.9425393794913508	te	küzdte	111	-0.8876619056713004	67.63963963963964	4.2141941963940655	Pst.Def.3Sg (mondotta)	36
ért	[/V][Prs.1Sg›2]	3.4293511043012694	2303223	rt	r	t	1	értelek	elek	7233	0.9263335806391584	lek	értlek	128	-0.8257749148100895	56.5078125	4.034378902929664	Prs.1Sg›2 (mondalak)	77
töpreng	[/V][Pst.NDef.1Sg]	1.6971377584013545	42670	ng	n	g	2	töprengettem	ettem	2	-2.6319548887939765	tem	töprengtem	7121	0.9195561013118412	2.808594298553574e-4	-8.177656263422179	Pst.NDef.1Sg (mondottam)	46
tekint	[/V][Prs.NDef.2Sg]	3.253129436802632	1535021	nt	n	t	2	tekintesz	esz	6947	0.9088124144163976	sz	tekintsz	63	-1.133644335004376	110.26984126984127	4.702930464301348	Prs.NDef.2Sg (mondasz)	134
reng	[/V][Prs.NDef.2Pl]	1.2320515955366076	14623	ng	n	g	1	rengetek	etek	6867	0.9037821629362476	tek	rengtek	44	-1.2895322079717704	156.0681818181818	5.0502929747024154	Prs.NDef.2Pl (mondotok)	43
száll	[/V][Pst.Def.3Sg]	2.818571340335746	564360	ll	l	l	1	szállotta	otta	614	-0.14481651331679016	ta	szállta	6595	0.8862299154244263	0.0931008339651251	-2.3740721370042723	Pst.Def.3Sg (mondotta)	36
szégyell	[/V][Pst.Def.3Sg]	2.0545830722375222	97178	ll	l	l	2	szégyellette	ette	66	-1.1134409489160892	te	szégyellte	6455	0.8769113621444813	0.010224632068164213	-4.582955561254318	Pst.Def.3Sg (mondotta)	36
vall	[/V][Pst.NDef.1Sg]	2.7990089795374744	539503	ll	l	l	1	vallottam	ottam	6047	0.8485550841479839	tam	valltam	8	-2.0298948974660145	755.875	6.627876018593377	Pst.NDef.1Sg (mondottam)	46
vált	[/V][Prs.NDef.2Sg]	3.138701646345799	1179469	lt	l	t	1	váltasz	asz	5874	0.8359490577288237	sz	váltsz	14	-1.7868568487797198	419.57142857142856	6.039233782143307	Prs.NDef.2Sg (mondasz)	134
tart	[/V][Prs.1Sg›2]	3.987109835917599	8319452	rt	r	t	1	tartalak	alak	5730	0.8251697375094321	lak	tartlak	91	-0.9739434921368644	62.967032967032964	4.142611303191935	Prs.1Sg›2 (mondalak)	77
teremt	[/V][Prs.NDef.2Sg]	2.9969798872652507	851069	mt	m	t	2	teremtesz	esz	5528	0.8095831499081841	sz	teremtsz	17	-1.702535963079684	325.1764705882353	5.784368021391289	Prs.NDef.2Sg (mondasz)	134
sarkall	[/V][Pst.Def.3Sg]	1.673009313043713	40364	ll	l	l	2	sarkallotta	otta	22	-1.5905622036357516	ta	sarkallta	5479	0.8057164159767519	0.004015331264829348	-5.5176354281801	Pst.Def.3Sg (mondotta)	36
helytáll	[/V][Pst.NDef.3Pl]	1.785201141146585	52262	ll	l	l	2	helytállottak	ottak	19	-1.654231283505129	tak	helytálltak	5336	0.7942309364505348	0.00356071964017991	-5.637792608429019	Pst.NDef.3Pl (mondottak)	75
kering	[/V][Prs.NDef.2Pl]	1.9960046439135095	84916	ng	n	g	2	keringetek	etek	13	-1.819041532151121	tek	keringtek	5312	0.7922731819020032	0.002447289156626506	-6.012774333694733	Prs.NDef.2Pl (mondotok)	43
költ	[/V][Prs.NDef.2Sg]	2.6688025015437415	399749	lt	l	t	1	költesz	esz	4852	0.7529359077365775	sz	költsz	8	-2.0298948974660145	606.5	6.407704728384105	Prs.NDef.2Sg (mondasz)	134
cseng	[/V][Prs.NDef.3Pl]	1.8314154384984305	58130	ng	n	g	1	csengenek	enek	4808	0.7489795745367253	nek	csengnek	560	-0.18479685745175745	8.585714285714285	2.1500996924858486	Prs.NDef.3Pl (mondanak)	106
rajong	[/V][Pst.NDef.1Sg]	2.0252970219361894	90841	ng	n	g	2	rajongottam	ottam	7	-2.087886844443701	tam	rajongtam	4725	0.741416928387324	0.0014814814814814814	-6.51471269087253	Pst.NDef.1Sg (mondottam)	46
hord	[/V][Prs.NDef.2Sg]	2.5559590570874056	308279	rd	r	d	1	hordasz	asz	4467	0.7170310680138807	sz	hordsz	62	-1.140593194959704	72.04838709677419	4.277337936307027	Prs.NDef.2Sg (mondasz)	134
vonz	[/V][Prs.NDef.2Sg]	2.4928801476270666	266603	nz	n	z	1	vonzasz	asz	24	-1.552773642746352	ol	vonzol	4405	0.7109610282901089	0.005448354143019296	-5.212441708022334	Prs.NDef.2Sg (mondasz)	134
száll	[/V][Prs.NDef.2Sg]	2.818571340335746	564360	ll	l	l	1	szállasz	asz	41	-1.3202010277382223	sz	szállsz	4283	0.6987631899386115	0.00957272939528368	-4.648836910911063	Prs.NDef.2Sg (mondasz)	134
rajong	[/V][Pst.NDef.3Pl]	2.0252970219361894	90841	ng	n	g	2	rajongottak	ottak	13	-1.819041532151121	tak	rajongtak	4185	0.688710577871321	0.003106332138590203	-5.774312625462039	Pst.NDef.3Pl (mondottak)	75
tolong	[/V][Prs.NDef.3Pl]	1.2105607427804643	13917	ng	n	g	2	tolonganak	anak	4170	0.6871511705157997	nak	tolongnak	316	-0.433297801839554	13.19620253164557	2.579929101205935	Prs.NDef.3Pl (mondanak)	106
sugall	[/V][Prs.NDef.3Pl]	2.166726825892367	125809	ll	l	l	2	sugallanak	anak	209	-0.6128385983469038	nak	sugallnak	4151	0.6851678489205616	0.05034931341845338	-2.988770296088228	Prs.NDef.3Pl (mondanak)	106
küzd	[/V][Pst.Def.1Sg]	2.8842471998392543	656496	zd	z	d	1	küzdöttem	öttem	3900	0.6580797225685414	tem	küzdtem	5	-2.234014880121939	780	6.659293919683638	Pst.Def.1Sg (mondottam)	35
megért	[/V][Prs.1Sg›2]	2.9406855700837777	747602	rt	r	t	2	megértelek	elek	3786	0.6451957251698202	lek	megértlek	36	-1.3766823836906703	105.16666666666667	4.655546393313158	Prs.1Sg›2 (mondalak)	77
áld	[/V][Prs.1Sg›2]	1.9847463785340496	82743	ld	l	d	1	áldalak	alak	3776	0.6440471011680735	lak	áldlak	203	-0.6254888465447449	18.600985221674875	2.923214548223604	Prs.1Sg›2 (mondalak)	77
varr	[/V][Pst.Def.3Sg]	2.1150449597688534	111694	rr	r	r	1	varrotta	otta	15	-1.756893625402277	ta	varrta	3536	0.6155273718830777	0.004242081447963801	-5.462701222655324	Pst.Def.3Sg (mondotta)	36
száguld	[/V][Prs.NDef.3Pl]	1.6960677532704322	42565	ld	l	d	2	száguldanak	anak	3516	0.6130639819437764	nak	száguldnak	32	-1.427834906138052	109.875	4.6993433560053415	Prs.NDef.3Pl (mondanak)	106
rajong	[/V][Prs.NDef.2Sg]	2.0252970219361894	90841	ng	n	g	2	rajongasz	asz	202	-0.627633515011334	sz	rajongsz	3314	0.5873676196253601	0.06095353047676524	-2.7976435005853033	Prs.NDef.2Sg (mondasz)	134
edz	[/V][Pst.Def.3Sg]	2.3313488081092952	183795	dz	d	z	1	edzette	ette	3188	0.5705334282661169	te	edzte	9	-1.978742375018633	354.22222222222223	5.869924462573886	Pst.Def.3Sg (mondotta)	36
szorong	[/V][Prs.NDef.3Pl]	1.6523630266366331	38490	ng	n	g	2	szoronganak	anak	3148	0.5650498392290692	nak	szorongnak	255	-0.5264447040240027	12.345098039215687	2.5132590643788677	Prs.NDef.3Pl (mondanak)	106
verseng	[/V][Prs.NDef.2Pl]	1.673041590197379	40367	ng	n	g	2	versengetek	etek	34	-1.4015059674157029	tek	versengtek	3139	0.5638064312420846	0.01083147499203568	-4.525299032225792	Prs.NDef.2Pl (mondotok)	43
nyújt	[/V][Prs.NDef.2Sg]	3.490448433130639	2651144	jt	j	t	1	nyújtasz	asz	3112	0.5600547038596935	sz	nyújtsz	53	-1.2087090148571689	58.716981132075475	4.0727289717461606	Prs.NDef.2Sg (mondasz)	134
leng	[/V][Pst.Def.3Sg]	1.7526762559372897	48491	ng	n	g	1	lengette	ette	9	-1.978742375018633	te	lengte	3096	0.5578160675528971	0.0029069767441860465	-5.840641657373398	Pst.Def.3Sg (mondotta)	36
tolong	[/V][Pst.NDef.3Pl]	1.2105607427804643	13917	ng	n	g	2	tolongottak	ottak	1	-2.932984884457958	tak	tolongtak	3084	0.5561294849209615	3.2425421530479895e-4	-8.03398273468322	Pst.NDef.3Pl (mondottak)	75
függ	[/V][Pst.NDef.3Pl]	2.921588333286279	715440	gg	g	g	1	függöttek	öttek	155	-0.7426531862876663	tek	függtek	3083	0.5559886402685504	0.0502757054816737	-2.9902333109669037	Pst.NDef.3Pl (mondottak)	75
nemz	[/V][Pst.Def.3Sg]	1.3173375126180489	17796	mz	m	z	1	nemzette	ette	3028	0.5481709863700773	te	nemzte	3	-2.455863629738295	1009.3333333333334	6.91704532588923	Pst.Def.3Sg (mondotta)	36
árt	[/V][Prs.NDef.2Sg]	2.658968559291343	390799	rt	r	t	1	ártasz	asz	2962	0.5386001697272318	sz	ártsz	46	-1.2702270527763837	64.3913043478261	4.164978598338649	Prs.NDef.2Sg (mondasz)	134
ajánl	[/V][Prs.NDef.2Sg]	3.322595137004172	1801275	nl	n	l	2	ajánlasz	asz	2948	0.536542594729056	sz	ajánlsz	111	-0.8876619056713004	26.55855855855856	3.2793520519968933	Prs.NDef.2Sg (mondasz)	134
bolyong	[/V][Prs.NDef.3Pl]	1.5543797744589725	30716	ng	n	g	2	bolyonganak	anak	2855	0.522621228123909	nak	bolyongnak	273	-0.49682223741720183	10.457875457875458	2.347355326905151	Prs.NDef.3Pl (mondanak)	106
hull	[/V][Pst.NDef.3Pl]	1.9644167549853853	78959	ll	l	l	1	hullottak	ottak	340	-0.4015059674157027	tak	hulltak	2734	0.5038136257738456	0.12435991221653256	-2.0845753996736875	Pst.NDef.3Pl (mondottak)	75
zeng	[/V][Prs.NDef.3Pl]	1.7743979085034178	50978	ng	n	g	1	zengenek	enek	2728	0.5028594815264835	nek	zengnek	995	0.06483819628776764	2.741708542713568	1.00858128180476	Prs.NDef.3Pl (mondanak)	106
örvend	[/V][Prs.NDef.2Pl]	2.1193126646506104	112797	nd	n	d	2	örvendetek	etek	21	-1.6107655897240385	tek	örvendtek	2639	0.4884545057620919	0.007957559681697613	-4.833632898779901	Prs.NDef.2Pl (mondotok)	43
hajt	[/V][Prs.NDef.2Sg]	2.919594521957997	712163	jt	j	t	1	hajtasz	asz	2632	0.4873010004839601	sz	hajtsz	9	-1.978742375018633	292.44444444444446	5.678274715108988	Prs.NDef.2Sg (mondasz)	134
furcsáll	[/V][Pst.NDef.1Sg]	1.280240588315443	16339	ll	l	l	2	furcsállottam	ottam	574	-0.17407299205998433	tam	furcsálltam	2576	0.47796097422981665	0.22282608695652173	-1.501363690904678	Pst.NDef.1Sg (mondottam)	46
varr	[/V][Prs.NDef.3Pl]	2.1150449597688534	111694	rr	r	r	1	varranak	anak	1	-2.932984884457958	nak	varrnak	2478	0.4611164175820868	4.035512510088781e-4	-7.815207062189088	Prs.NDef.3Pl (mondanak)	106
mond	[/V][Prs.NDef.2Pl]	4.129447533832242	11546023	nd	n	d	1	mondotok	otok	1909	0.34782104393570895	tok	mondtok	2410	0.44903215811691055	0.7921161825726141	-0.2330472027589531	Prs.NDef.2Pl (mondotok)	43
helytáll	[/V][Prs.NDef.3Pl]	1.785201141146585	52262	ll	l	l	2	helytállanak	anak	26	-1.5180115364871398	nak	helytállnak	2409	0.4488519155403856	0.010792860107928601	-4.528870464593389	Prs.NDef.3Pl (mondanak)	106
ajánl	[/V][Prs.NDef.2Pl]	3.322595137004172	1801275	nl	n	l	2	ajánlotok	otok	2389	0.44523126529192	tok	ajánltok	15	-1.756893625402277	159.26666666666668	5.070579946223599	Prs.NDef.2Pl (mondotok)	43
told	[/V][Pst.Def.3Sg]	1.2461933447518363	15107	ld	l	d	1	toldotta	otta	2283	0.4255210270322774	ta	toldta	30	-1.4558636297382954	76.1	4.33204826486764	Pst.Def.3Sg (mondotta)	36
bolyong	[/V][Pst.NDef.1Sg]	1.5543797744589725	30716	ng	n	g	2	bolyongottam	ottam	2	-2.6319548887939765	tam	bolyongtam	2171	0.40367493899646223	9.212344541685859e-4	-6.989795989318346	Pst.NDef.1Sg (mondottam)	46
forr	[/V][Prs.NDef.3Pl]	1.836569668505726	58824	rr	r	r	1	forranak	anak	33	-1.4144709445800705	nak	forrnak	1982	0.3641187656912987	0.016649848637739658	-4.095354153423453	Prs.NDef.3Pl (mondanak)	106
szégyell	[/V][Prs.NDef.3Pl]	2.0545830722375222	97178	ll	l	l	2	szégyellenek	enek	50	-1.234014880121939	nek	szégyellnek	1943	0.3554879161418247	0.02573340195573855	-3.659965443949294	Prs.NDef.3Pl (mondanak)	106
sarkall	[/V][Prs.NDef.3Pl]	1.673009313043713	40364	ll	l	l	2	sarkallanak	anak	44	-1.2895322079717704	nak	sarkallnak	1925	0.3514458493865616	0.022857142857142857	-3.7784916128036232	Prs.NDef.3Pl (mondanak)	106
megért	[/V][Prs.NDef.2Sg]	2.9406855700837777	747602	rt	r	t	2	megértesz	esz	1897	0.34508244643070474	sz	megértsz	5	-2.234014880121939	379.4	5.938591057500914	Prs.NDef.2Sg (mondasz)	134
küld	[/V][Prs.1Sg›2]	3.329046184230405	1828231	ld	l	d	1	küldelek	elek	1871	0.33908890304205214	lek	küldlek	68	-1.1004759717517214	27.514705882352942	3.314720621097983	Prs.1Sg›2 (mondalak)	77
száguld	[/V][Pst.NDef.3Pl]	1.6960677532704322	42565	ld	l	d	2	száguldottak	ottak	1723	0.3033003929900706	tak	száguldtak	118	-0.8611028771518324	14.601694915254237	2.681137612062265	Pst.NDef.3Pl (mondottak)	75
örvend	[/V][Pst.NDef.3Pl]	2.1193126646506104	112797	nd	n	d	2	örvendettek	ettek	147	-0.7656675497097818	tek	örvendtek	1684	0.29335720270567284	0.08729216152019002	-2.438494608023536	Pst.NDef.3Pl (mondottak)	75
pillant	[/V][Prs.NDef.2Sg]	2.0275762625908595	91319	nt	n	t	2	pillantasz	asz	1613	0.27464948293100366	sz	pillantsz	22	-1.5905622036357516	73.31818181818181	4.294808624766893	Prs.NDef.2Sg (mondasz)	134
áld	[/V][Pst.NDef.3Pl]	1.9847463785340496	82743	ld	l	d	1	áldottak	ottak	1609	0.2735711596410717	tak	áldtak	7	-2.087886844443701	229.85714285714286	5.43745799793707	Pst.NDef.3Pl (mondottak)	75
verseng	[/V][Pst.NDef.3Pl]	1.673041590197379	40367	ng	n	g	2	versengettek	ettek	19	-1.654231283505129	tek	versengtek	1606	0.2727606564847043	0.011830635118306352	-4.437062915340267	Pst.NDef.3Pl (mondottak)	75
sokall	[/V][Pst.Def.3Sg]	1.272002819729194	16032	ll	l	l	2	sokallotta	otta	313	-0.43744054691150935	ta	sokallta	1602	0.271677627290261	0.19538077403245943	-1.6328049370881512	Pst.Def.3Sg (mondotta)	36
felejt	[/V][Prs.NDef.2Sg]	2.6921814049054085	421858	jt	j	t	2	felejtesz	esz	1564	0.2612518642658714	sz	felejtsz	36	-1.3766823836906703	43.44444444444444	3.7714829826491463	Prs.NDef.2Sg (mondasz)	134
jelent	[/V][Prs.NDef.2Sg]	3.848512349249592	6046405	nt	n	t	2	jelentesz	esz	1524	0.25000008254562384	sz	jelentsz	15	-1.756893625402277	101.6	4.6210435351443815	Prs.NDef.2Sg (mondasz)	134
mereng	[/V][Pst.NDef.1Sg]	1.2914445773647398	16766	ng	n	g	2	merengettem	ettem	2	-2.6319548887939765	tem	merengtem	1452	0.2289817319061171	0.0013774104683195593	-6.587550014824796	Pst.NDef.1Sg (mondottam)	46
lézeng	[/V][Prs.NDef.3Pl]	1.031557581621179	9216	ng	n	g	2	lézengenek	enek	1404	0.21438222333582865	nek	lézengnek	73	-1.069662024337502	19.232876712328768	2.9566211434373653	Prs.NDef.3Pl (mondanak)	106
zeng	[/V][Pst.Def.3Sg]	1.7743979085034178	50978	ng	n	g	1	zengette	ette	94	-0.9598570308582592	te	zengte	1400	0.2131431512202802	0.06714285714285714	-2.700932733333346	Pst.Def.3Sg (mondotta)	36
lappang	[/V][Prs.NDef.3Pl]	1.2723819034085184	16046	ng	n	g	2	lappanganak	anak	1369	0.20341856367603217	nak	lappangnak	187	-0.6611432779214589	7.320855614973262	1.9907272084338623	Prs.NDef.3Pl (mondanak)	106
zeng	[/V][Prs.NDef.2Pl]	1.7743979085034178	50978	ng	n	g	1	zengetek	etek	12	-1.853803638410333	tek	zengtek	1349	0.1970270652139464	0.008895478131949592	-4.722212206419756	Prs.NDef.2Pl (mondotok)	43
önt	[/V][Prs.NDef.2Sg]	2.628092636201345	363980	nt	n	t	1	öntesz	esz	1320	0.187589046747892	sz	öntsz	8	-2.0298948974660145	165	5.10594547390058	Prs.NDef.2Sg (mondasz)	134
félreért	[/V][Prs.NDef.2Sg]	1.6781859130022172	40848	rt	r	t	3	félreértesz	esz	1313	0.18527984163152153	sz	félreértsz	7	-2.087886844443701	187.57142857142858	5.2341597252474825	Prs.NDef.2Sg (mondasz)	134
kong	[/V][Prs.NDef.3Pl]	1.684612987091838	41457	ng	n	g	1	konganak	anak	1304	0.18229270693794355	nak	kongnak	305	-0.448685045111172	4.275409836065574	1.4528799658791867	Prs.NDef.3Pl (mondanak)	106
lézeng	[/V][Prs.NDef.2Pl]	1.031557581621179	9216	ng	n	g	2	lézengetek	etek	2	-2.6319548887939765	tek	lézengtek	1292	0.17827762920110743	0.0015479876160990713	-6.470799503782602	Prs.NDef.2Pl (mondotok)	43
függ	[/V][Prs.NDef.2Sg]	2.921588333286279	715440	gg	g	g	1	függesz	esz	217	-0.5965251506094283	sz	függsz	1289	0.17726803289544518	0.16834755624515127	-1.781724649398728	Prs.NDef.2Sg (mondasz)	134
töpreng	[/V][Prs.NDef.3Pl]	1.6971377584013545	42670	ng	n	g	2	töprengenek	enek	1241	0.16078689704077198	nek	töprengnek	32	-1.427834906138052	38.78125	3.6579368824048806	Prs.NDef.3Pl (mondanak)	106
csüng	[/V][Pst.NDef.3Pl]	1.166350393228	12570	ng	n	g	1	csüngöttek	öttek	37	-1.3647831603909628	tek	csüngtek	1240	0.1604368007042773	0.029838709677419355	-3.511948745954858	Pst.NDef.3Pl (mondottak)	75
old	[/V][Pst.NDef.1Sg]	2.8249058973828483	572652	ld	l	d	1	oldottam	ottam	1225	0.15515120424259346	tam	oldtam	16	-1.728864901802033	76.5625	4.338107400739046	Pst.NDef.1Sg (mondottam)	46
vall	[/V][Prs.NDef.2Sg]	2.7990089795374744	539503	ll	l	l	1	vallasz	asz	1203	0.14728074288188692	sz	vallsz	23	-1.571257048440365	52.30434782608695	3.957079500045529	Prs.NDef.2Sg (mondasz)	134
átall	[/V][Pst.Def.3Sg]	1.0077805511732596	8725	ll	l	l	2	átallotta	otta	1200	0.146196361589667	ta	átallta	51	-1.2254147083600215	23.529411764705884	3.158251203051766	Pst.Def.3Sg (mondotta)	36
leng	[/V][Prs.NDef.3Pl]	1.7526762559372897	48491	ng	n	g	1	lengenek	enek	1199	0.1458342986408908	nek	lengnek	279	-0.48738068118436023	4.297491039426523	1.4580313732061487	Prs.NDef.3Pl (mondanak)	106
szorong	[/V][Prs.NDef.2Sg]	1.6523630266366331	38490	ng	n	g	2	szorongasz	asz	45	-1.279772370682614	sz	szorongsz	1184	0.14036681792894318	0.03800675675675676	-3.2699913256736313	Prs.NDef.2Sg (mondasz)	134
furcsáll	[/V][Pst.Def.1Sg]	1.280240588315443	16339	ll	l	l	2	furcsállottam	ottam	1177	0.13779157838547687	tam	furcsálltam	22	-1.5905622036357516	53.5	3.979681653901961	Pst.Def.1Sg (mondottam)	35
ront	[/V][Prs.NDef.2Sg]	2.498256616638663	269924	nt	n	t	1	rontasz	asz	1174	0.13668321245363788	sz	rontsz	9	-1.978742375018633	130.44444444444446	4.870947423051822	Prs.NDef.2Sg (mondasz)	134
furcsáll	[/V][Pst.Def.3Sg]	1.280240588315443	16339	ll	l	l	2	furcsállotta	otta	957	0.04792705331888575	ta	furcsállta	1162	0.1322212435963541	0.8235800344234079	-0.19409454595890233	Pst.Def.3Sg (mondotta)	36
küld	[/V][Prs.NDef.2Pl]	3.329046184230405	1828231	ld	l	d	1	küldötök	ötök	145	-0.771616882222983	tök	küldtök	1155	0.12959709977020528	0.12554112554112554	-2.0751218805353195	Prs.NDef.2Pl (mondotok)	43
leng	[/V][Pst.NDef.3Pl]	1.7526762559372897	48491	ng	n	g	1	lengettek	ettek	1155	0.12959709977020528	tek	lengtek	260	-0.5180115364871398	4.4423076923076925	1.4911739919403662	Pst.NDef.3Pl (mondottak)	75
sokall	[/V][Pst.NDef.1Sg]	1.272002819729194	16032	ll	l	l	2	sokallottam	ottam	123	-0.84307977301856	tam	sokalltam	1149	0.12733514423032735	0.10704960835509138	-2.234462922476338	Pst.NDef.1Sg (mondottam)	46
választ	[/V][Prs.1Sg›2]	3.596984538197973	3388203	szt	sz	t	2	választalak	alak	1129	0.11970905746701004	lak	választlak	5	-2.234014880121939	225.8	5.419649651715562	Prs.1Sg›2 (mondalak)	77
csüng	[/V][Prs.NDef.3Pl]	1.166350393228	12570	ng	n	g	1	csüngenek	enek	1121	0.11662072813701536	nek	csüngnek	773	-0.04480539053963291	1.4501940491591203	0.37169737448473794	Prs.NDef.3Pl (mondanak)	106
fetreng	[/V][Pst.NDef.1Sg]	1.1845515482523803	13108	ng	n	g	2	fetrengettem	ettem	3	-2.455863629738295	tem	fetrengtem	1084	0.10204439774441028	0.0027675276752767526	-5.889800893331482	Pst.NDef.1Sg (mondottam)	46
szorong	[/V][Pst.NDef.3Pl]	1.6523630266366331	38490	ng	n	g	2	szorongottak	ottak	1	-2.932984884457958	tak	szorongtak	1079	0.10003656022495284	9.267840593141798e-4	-6.983789965258135	Pst.NDef.3Pl (mondottak)	75
bánt	[/V][Prs.NDef.2Sg]	2.302654646830123	172044	nt	n	t	1	bántasz	asz	1065	0.09436472331679864	sz	bántsz	21	-1.6107655897240385	50.714285714285715	3.9262076404201025	Prs.NDef.2Sg (mondasz)	134
zöldell	[/V][Prs.NDef.3Pl]	0.8296186651088456	5789	ll	l	l	2	zöldellenek	enek	132	-0.812410953252108	nek	zöldellnek	1044	0.08571561420828551	0.12643678160919541	-2.068012845856213	Prs.NDef.3Pl (mondanak)	106
nemz	[/V][Prs.NDef.3Pl]	1.3173375126180489	17796	mz	m	z	1	nemzenek	enek	1036	0.08237487095125638	nek	nemznek	1	-2.932984884457958	1036	6.943122422819428	Prs.NDef.3Pl (mondanak)	106
kiált	[/V][Prs.NDef.2Sg]	2.355172642073583	194159	lt	l	t	2	kiáltasz	asz	1024	0.0773150721818541	sz	kiáltsz	12	-1.853803638410333	85.33333333333333	4.446565155811452	Prs.NDef.2Sg (mondasz)	134
terjeng	[/V][Prs.NDef.2Pl]	1.144782605924099	11961	ng	n	g	2	terjengetek	etek	5	-2.234014880121939	tek	terjengtek	996	0.06527445396574089	0.0050200803212851405	-5.294309345150498	Prs.NDef.2Pl (mondotok)	43
ellentmond	[/V][Pst.NDef.3Pl]	1.8501894968434336	60698	nd	n	d	3	ellentmondottak	ottak	31	-1.4416231906236852	tak	ellentmondtak	965	0.05154242888583474	0.03212435233160622	-3.43814089685384	Pst.NDef.3Pl (mondottak)	75
zeng	[/V][Pst.NDef.3Pl]	1.7743979085034178	50978	ng	n	g	1	zengettek	ettek	46	-1.2702270527763837	tek	zengtek	957	0.04792705331888575	0.04806687565308255	-3.0351619949638593	Pst.NDef.3Pl (mondottak)	75
ujjong	[/V][Prs.NDef.3Pl]	1.3958430545563227	21322	ng	n	g	2	ujjonganak	anak	950	0.04473872083088993	nak	ujjongnak	118	-0.8611028771518324	8.05084745762712	2.085777360128922	Prs.NDef.3Pl (mondanak)	106
fetreng	[/V][Prs.NDef.3Pl]	1.1845515482523803	13108	ng	n	g	2	fetrengenek	enek	947	0.0433650945453156	nek	fetrengnek	38	-1.3532012878411477	24.92105263157895	3.2157129334596926	Prs.NDef.3Pl (mondanak)	106
terjeng	[/V][Prs.NDef.3Pl]	1.144782605924099	11961	ng	n	g	2	terjengenek	enek	945	0.04244692405130512	nek	terjengnek	330	-0.4144709445800704	2.8636363636363638	1.052092273033217	Prs.NDef.3Pl (mondanak)	106
int	[/V][Prs.1Sg›2]	2.329181328593249	182880	nt	n	t	1	intelek	elek	896	0.0193231252041674	lek	intlek	114	-0.8760800331214852	7.859649122807017	2.061741964580435	Prs.1Sg›2 (mondalak)	77
legyint	[/V][Prs.NDef.2Sg]	1.705684043387432	43518	nt	n	t	2	legyintesz	esz	870	0.00653436816066066	sz	legyintsz	2	-2.6319548887939765	435	6.075346031088684	Prs.NDef.2Sg (mondasz)	134
sejt	[/V][Prs.NDef.2Sg]	2.9107709750098145	697840	jt	j	t	1	sejtesz	esz	862	0.00252238136675494	sz	sejtsz	41	-1.3202010277382223	21.024390243902438	3.0456832039593853	Prs.NDef.2Sg (mondasz)	134
küzd	[/V][Prs.NDef.2Pl]	2.8842471998392543	656496	zd	z	d	1	küzdötök	ötök	860	0.00151356678560985	tök	küzdtök	23	-1.571257048440365	37.391304347826086	3.6214381733184036	Prs.NDef.2Pl (mondotok)	43
bánt	[/V][Prs.1Sg›2]	2.302654646830123	172044	nt	n	t	1	bántalak	alak	855	-0.00101876972978518	lak	bántlak	178	-0.6825648821490639	4.803370786516854	1.569317918644675	Prs.1Sg›2 (mondalak)	77
tátong	[/V][Prs.NDef.3Pl]	1.285314241427215	16531	ng	n	g	2	tátonganak	anak	828	-0.0149545476730777	nak	tátongnak	324	-0.4224398742513457	2.5555555555555554	0.9382696385929302	Prs.NDef.3Pl (mondanak)	106
töpreng	[/V][Prs.NDef.2Sg]	1.6971377584013545	42670	ng	n	g	2	töprengesz	esz	88	-0.9885022123077892	sz	töprengsz	827	-0.01547937490541114	0.10640870616686819	-2.2404678805454847	Prs.NDef.2Sg (mondasz)	134
old	[/V][Prs.NDef.2Sg]	2.8249058973828483	572652	ld	l	d	1	oldasz	asz	825	-0.01653093590803274	sz	oldsz	8	-2.0298948974660145	103.125	4.6359418446548455	Prs.NDef.2Sg (mondasz)	134
gyújt	[/V][Prs.NDef.2Sg]	2.117290442944573	112273	jt	j	t	1	gyújtasz	asz	819	-0.01970098269753937	sz	gyújtsz	7	-2.087886844443701	117	4.762173934797756	Prs.NDef.2Sg (mondasz)	134
ejt	[/V][Prs.NDef.2Sg]	2.54627650321544	301482	jt	j	t	1	ejtesz	esz	807	-0.0261113497358874	sz	ejtsz	10	-1.9329848844579576	80.7	4.390738575275903	Prs.NDef.2Sg (mondasz)	134
rühell	[/V][Pst.Def.1Sg]	1.1255929646752671	11444	ll	l	l	2	rühellettem	ettem	3	-2.455863629738295	tem	rühelltem	800	-0.02989489746601426	0.00375	-5.585999438999818	Pst.Def.1Sg (mondottam)	35
áll	[/V][Pst.Def.1Sg]	3.9639210093508	7886892	ll	l	l	1	állottam	ottam	380	-0.3532012878411476	tam	álltam	798	-0.03098199310722839	0.47619047619047616	-0.7419373447293773	Pst.Def.1Sg (mondottam)	35
sugall	[/V][Pst.NDef.3Pl]	2.166726825892367	125809	ll	l	l	2	sugallottak	ottak	11	-1.8915921992997329	tak	sugalltak	789	-0.03590788124853755	0.01394169835234474	-4.272871048047504	Pst.NDef.3Pl (mondottak)	75
ment	[/V][Prs.NDef.2Sg]	2.6656885548669886	396893	nt	n	t	1	mentesz	esz	763	-0.05046034650307736	sz	mentsz	3	-2.455863629738295	254.33333333333334	5.538645742616348	Prs.NDef.2Sg (mondasz)	134
cseng	[/V][Prs.NDef.2Pl]	1.8314154384984305	58130	ng	n	g	1	csengetek	etek	220	-0.5905622036357516	tek	csengtek	762	-0.05102991311835734	0.2887139107611549	-1.2423190093342846	Prs.NDef.2Pl (mondotok)	43
őrjöng	[/V][Prs.NDef.3Pl]	1.1505535667721816	12121	ng	n	g	2	őrjöngenek	enek	750	-0.05792362106625776	nek	őrjöngnek	110	-0.8915921992997328	6.818181818181818	1.91959284073794	Prs.NDef.3Pl (mondanak)	106
mond	[/V][Prs.1Sg›2]	4.129447533832242	11546023	nd	n	d	1	mondalak	alak	740	-0.06375316472698163	lak	mondlak	26	-1.5180115364871398	28.46153846153846	3.3485536481767335	Prs.1Sg›2 (mondalak)	77
átall	[/V][Pst.NDef.3Pl]	1.0077805511732596	8725	ll	l	l	2	átallottak	ottak	730	-0.06966202433750192	tak	átalltak	35	-1.388916840107682	20.857142857142858	3.0376964726530233	Pst.NDef.3Pl (mondottak)	75
told	[/V][Pst.NDef.3Pl]	1.2461933447518363	15107	ld	l	d	1	toldottak	ottak	711	-0.08111528372819152	tak	toldtak	23	-1.571257048440365	30.91304347826087	3.4311782138740914	Pst.NDef.3Pl (mondottak)	75
feszeng	[/V][Pst.NDef.1Sg]	1.1022046244504902	10844	ng	n	g	2	feszengettem	ettem	3	-2.455863629738295	tem	feszengtem	701	-0.08726686649129917	0.0042796005706134095	-5.45389559836648	Pst.NDef.1Sg (mondottam)	46
zajong	[/V][Prs.NDef.3Pl]	0.8742117762529894	6415	ng	n	g	2	zajonganak	anak	689	-0.09476566255033204	nak	zajongnak	122	-0.8466250537832096	5.647540983606557	1.731220226280402	Prs.NDef.3Pl (mondanak)	106
sarkall	[/V][Pst.NDef.3Pl]	1.673009313043713	40364	ll	l	l	2	sarkallottak	ottak	20	-1.6319548887939763	tak	sarkalltak	677	-0.1023962157728135	0.029542097488921712	-3.521938999358284	Pst.NDef.3Pl (mondottak)	75
restell	[/V][Pst.Def.3Sg]	0.8460340874569128	6012	ll	l	l	2	restellette	ette	22	-1.5905622036357516	te	restellte	674	-0.10432498792263804	0.032640949554896145	-3.422187657553991	Pst.Def.3Sg (mondotta)	36
tátong	[/V][Pst.NDef.3Pl]	1.285314241427215	16531	ng	n	g	2	tátongottak	ottak	4	-2.3309248931299953	tak	tátongtak	665	-0.11016323915485328	0.006015037593984963	-5.113492679535963	Pst.NDef.3Pl (mondottak)	75
dühöng	[/V][Prs.NDef.3Pl]	1.3723234834061857	20198	ng	n	g	2	dühöngenek	enek	649	-0.12074018765758858	nek	dühöngnek	155	-0.7426531862876663	4.187096774193549	1.4320075997848434	Prs.NDef.3Pl (mondanak)	106
nemz	[/V][Pst.NDef.3Pl]	1.3173375126180489	17796	mz	m	z	1	nemzettek	ettek	641	-0.12612685493914044	tek	nemztek	11	-1.8915921992997329	58.27272727272727	4.065134184122299	Pst.NDef.3Pl (mondottak)	75
átall	[/V][Prs.NDef.3Pl]	1.0077805511732596	8725	ll	l	l	2	átallanak	anak	622	-0.13919449976713916	nak	átallnak	371	-0.363610974842912	1.6765498652291104	0.5167380301317442	Prs.NDef.3Pl (mondanak)	106
dereng	[/V][Prs.NDef.3Pl]	1.2369245574431114	14788	ng	n	g	2	derengenek	enek	617	-0.14269972042471618	nek	derengnek	76	-1.0521712921771664	8.118421052631579	2.0941356836190566	Prs.NDef.3Pl (mondanak)	106
kong	[/V][Pst.NDef.3Pl]	1.684612987091838	41457	ng	n	g	1	kongottak	ottak	39	-1.3419202774314587	tak	kongtak	595	-0.15846791872940827	0.06554621848739496	-2.7249997594159834	Pst.NDef.3Pl (mondottak)	75
csapong	[/V][Prs.NDef.3Pl]	0.9335977926055912	7355	ng	n	g	2	csaponganak	anak	592	-0.16066317773503802	nak	csapongnak	165	-0.7155009402440515	3.587878787878788	1.277561160983425	Prs.NDef.3Pl (mondanak)	106
int	[/V][Prs.NDef.2Sg]	2.329181328593249	182880	nt	n	t	1	intesz	esz	576	-0.1725624010347458	sz	intsz	15	-1.756893625402277	38.4	3.648057459593681	Prs.NDef.2Sg (mondasz)	134
zeng	[/V][Pst.NDef.1Sg]	1.7743979085034178	50978	ng	n	g	1	zengettem	ettem	4	-2.3309248931299953	tem	zengtem	570	-0.17711002878546644	0.007017543859649123	-4.959341999708705	Pst.NDef.1Sg (mondottam)	46
örvend	[/V][Pst.NDef.1Sg]	2.1193126646506104	112797	nd	n	d	2	örvendettem	ettem	20	-1.6319548887939763	tem	örvendtem	567	-0.17940182556505124	0.03527336860670194	-3.3446270301737613	Pst.NDef.1Sg (mondottam)	46
forr	[/V][Pst.Def.3Sg]	1.836569668505726	58824	rr	r	r	1	forrotta	otta	56	-1.1847968574517571	ta	forrta	561	-0.1840220232017964	0.09982174688057041	-2.304369214787547	Pst.Def.3Sg (mondotta)	36
félt	[/V][Prs.1Sg›2]	2.065662355068752	99689	lt	l	t	1	féltelek	elek	560	-0.18479685745175745	lek	féltlek	46	-1.2702270527763837	12.173913043478262	2.4992953872401	Prs.1Sg›2 (mondalak)	77
ring	[/V][Prs.NDef.3Pl]	1.9599496550527609	78151	ng	n	g	1	ringanak	anak	557	-0.1871296892842289	nak	ringnak	164	-0.71814103641026	3.3963414634146343	1.2226988121030857	Prs.NDef.3Pl (mondanak)	106
áld	[/V][Pst.Def.1Sg]	1.9847463785340496	82743	ld	l	d	1	áldottam	ottam	555	-0.1886919013352816	tam	áldtam	5	-2.234014880121939	111	4.709530201312334	Pst.Def.1Sg (mondottam)	35
leng	[/V][Prs.NDef.2Pl]	1.7526762559372897	48491	ng	n	g	1	lengetek	etek	183	-0.6705337947275284	tek	lengtek	554	-0.18947511972952813	0.3303249097472924	-1.107678533905863	Prs.NDef.2Pl (mondotok)	43
töpreng	[/V][Prs.NDef.2Pl]	1.6971377584013545	42670	ng	n	g	2	töprengetek	etek	6	-2.1548336340743144	tek	töprengtek	524	-0.21365359747423115	0.011450381679389313	-4.4697322150929875	Prs.NDef.2Pl (mondotok)	43
áld	[/V][Prs.NDef.3Pl]	1.9847463785340496	82743	ld	l	d	1	áldanak	anak	519	-0.21781752660949996	nak	áldnak	14	-1.7868568487797198	37.07142857142857	3.61284655355063	Prs.NDef.3Pl (mondanak)	106
szégyell	[/V][Prs.NDef.2Sg]	2.0545830722375222	97178	ll	l	l	2	szégyellesz	esz	4	-2.3309248931299953	sz	szégyellsz	517	-0.21949434136401536	0.007736943907156673	-4.861748513388538	Prs.NDef.2Sg (mondasz)	134
üvölt	[/V][Prs.NDef.2Sg]	1.8333164000862288	58385	lt	l	t	2	üvöltesz	esz	494	-0.2392579355343109	sz	üvöltsz	8	-2.0298948974660145	61.75	4.123093975508087	Prs.NDef.2Sg (mondasz)	134
fetreng	[/V][Prs.NDef.2Pl]	1.1845515482523803	13108	ng	n	g	2	fetrengetek	etek	10	-1.9329848844579576	tek	fetrengtek	482	-0.2499378462191083	0.02074688796680498	-3.8753590210565547	Prs.NDef.2Pl (mondotok)	43
hajlong	[/V][Prs.NDef.3Pl]	0.787339832959484	5252	ng	n	g	2	hajlonganak	anak	480	-0.2517436470823706	nak	hajlongnak	146	-0.7686320286735208	3.287671232876712	1.1901794821936	Prs.NDef.3Pl (mondanak)	106
felejt	[/V][Prs.1Sg›2]	2.6921814049054085	421858	jt	j	t	2	felejtelek	elek	476	-0.25537793173746465	lek	felejtlek	89	-0.983594877813045	5.348314606741573	1.67678148449928	Prs.1Sg›2 (mondalak)	77
sért	[/V][Prs.NDef.2Sg]	2.445578344004525	239091	rt	r	t	1	sértesz	esz	475	-0.2562912748330913	sz	sértsz	6	-2.1548336340743144	79.16666666666667	4.371555334806586	Prs.NDef.2Sg (mondasz)	134
fáraszt	[/V][Prs.1Sg›2]	1.459131449358052	24667	szt	sz	t	2	fárasztalak	alak	473	-0.2581237437201463	lak	fárasztlak	13	-1.819041532151121	36.38461538461539	3.5941460310303963	Prs.1Sg›2 (mondalak)	77
zsong	[/V][Prs.NDef.3Pl]	0.9725411639770906	8045	ng	n	g	1	zsonganak	anak	470	-0.2608870265222404	nak	zsongnak	273	-0.49682223741720183	1.7216117216117217	0.5432608995191446	Prs.NDef.3Pl (mondanak)	106
száguld	[/V][Pst.Def.1Sg]	1.6960677532704322	42565	ld	l	d	2	száguldottam	ottam	461	-0.26928395906830965	tam	száguldtam	5	-2.234014880121939	92.2	4.523960130562548	Pst.Def.1Sg (mondottam)	35
bont	[/V][Prs.NDef.2Sg]	2.508831177112865	276577	nt	n	t	1	bontasz	asz	453	-0.27688668244512593	sz	bontsz	3	-2.455863629738295	151	5.017279836814924	Prs.NDef.2Sg (mondasz)	134
feszeng	[/V][Prs.NDef.3Pl]	1.1022046244504902	10844	ng	n	g	2	feszengenek	enek	452	-0.2778464496465757	nek	feszengnek	145	-0.771616882222983	3.117241379310345	1.1369484374116567	Prs.NDef.3Pl (mondanak)	106
sokall	[/V][Pst.Def.1Sg]	1.272002819729194	16032	ll	l	l	2	sokallottam	ottam	198	-0.6363196941964268	tam	sokalltam	446	-0.283650025745816	0.4439461883408072	-0.8120519213255288	Pst.Def.1Sg (mondottam)	35
rühell	[/V][Pst.Def.3Sg]	1.1255929646752671	11444	ll	l	l	2	rühellette	ette	5	-2.234014880121939	te	rühellte	443	-0.2865811582348882	0.011286681715575621	-4.484131857611035	Pst.Def.3Sg (mondotta)	36
ellentmond	[/V][Prs.NDef.2Sg]	1.8501894968434336	60698	nd	n	d	3	ellentmondasz	asz	438	-0.29151077395385827	sz	ellentmondsz	12	-1.853803638410333	36.5	3.597312260588446	Prs.NDef.2Sg (mondasz)	134
lövell	[/V][Prs.NDef.3Pl]	0.8506328807327909	6076	ll	l	l	2	lövellenek	enek	9	-1.978742375018633	nek	lövellnek	431	-0.2985076142972262	0.02088167053364269	-3.8688835127675283	Prs.NDef.3Pl (mondanak)	106
óhajt	[/V][Prs.NDef.2Sg]	1.6797460062903842	40995	jt	j	t	2	óhajtasz	asz	423	-0.30664451708291546	sz	óhajtsz	30	-1.4558636297382954	14.1	2.6461747973841225	Prs.NDef.2Sg (mondasz)	134
mereng	[/V][Prs.NDef.3Pl]	1.2914445773647398	16766	ng	n	g	2	merengenek	enek	421	-0.30870278862228956	nek	merengnek	80	-1.0298948974660145	5.2625	1.6606061990085	Prs.NDef.3Pl (mondanak)	106
függ	[/V][Pst.NDef.1Sg]	2.921588333286279	715440	gg	g	g	1	függöttem	öttem	3	-2.455863629738295	tem	függtem	416	-0.3138915538312151	0.007211538461538462	-4.932072971593153	Pst.NDef.1Sg (mondottam)	46
javall	[/V][Pst.NDef.3Pl]	1.2947990163957603	16896	ll	l	l	2	javallottak	ottak	409	-0.32126157645061604	tak	javalltak	59	-1.1621328728158136	6.932203389830509	1.9361777121370822	Pst.NDef.3Pl (mondottak)	75
érint	[/V][Prs.NDef.2Sg]	3.006391077264476	869713	nt	n	t	2	érintesz	esz	407	-0.3233904752327378	sz	érintsz	2	-2.6319548887939765	203.5	5.31566600488265	Prs.NDef.2Sg (mondasz)	134
lázong	[/V][Prs.NDef.3Pl]	0.478803120085911	2581	ng	n	g	2	lázonganak	anak	404	-0.3266035193473528	nak	lázongnak	27	-1.5016211202989704	14.962962962962964	2.705578011956821	Prs.NDef.3Pl (mondanak)	106
hőzöng	[/V][Prs.NDef.3Pl]	0.5271609330337924	2885	ng	n	g	2	hőzöngenek	enek	402	-0.32875883137348777	nek	hőzöngnek	20	-1.6319548887939763	20.1	3.0007198150650303	Prs.NDef.3Pl (mondanak)	106
töpreng	[/V][Pst.NDef.3Pl]	1.6971377584013545	42670	ng	n	g	2	töprengettek	ettek	5	-2.234014880121939	tek	töprengtek	402	-0.32875883137348777	0.012437810945273632	-4.387014176184921	Pst.NDef.3Pl (mondottak)	75
lézeng	[/V][Pst.NDef.3Pl]	1.031557581621179	9216	ng	n	g	2	lézengettek	ettek	2	-2.6319548887939765	tek	lézengtek	389	-0.34303528313225007	0.005141388174807198	-5.270432163058501	Pst.NDef.3Pl (mondottak)	75
lövell	[/V][Pst.Def.3Sg]	0.8506328807327909	6076	ll	l	l	2	lövellette	ette	1	-2.932984884457958	te	lövellte	380	-0.3532012878411476	0.002631578947368421	-5.940171252720432	Pst.Def.3Sg (mondotta)	36
száguld	[/V][Pst.NDef.1Sg]	1.6960677532704322	42565	ld	l	d	2	száguldottam	ottam	378	-0.35549308462073254	tam	száguldtam	21	-1.6107655897240385	18	2.8903717578961645	Pst.NDef.1Sg (mondottam)	46
bolyong	[/V][Prs.NDef.2Sg]	1.5543797744589725	30716	ng	n	g	2	bolyongasz	asz	58	-1.169556890895021	sz	bolyongsz	376	-0.3577970395302968	0.15425531914893617	-1.869146132843475	Prs.NDef.2Sg (mondasz)	134
kering	[/V][Pst.NDef.1Sg]	1.9960046439135095	84916	ng	n	g	2	keringettem	ettem	5	-2.234014880121939	tem	keringtem	375	-0.35895361673023896	0.013333333333333334	-4.31748811353631	Pst.NDef.1Sg (mondottam)	46
odébbáll	[/V][Pst.NDef.3Pl]	0.7400360226709383	4710	ll	l	l	3	odébbállottak	ottak	2	-2.6319548887939765	tak	odébbálltak	375	-0.35895361673023896	0.005333333333333333	-5.233778845410465	Pst.NDef.3Pl (mondottak)	75
száguld	[/V][Prs.NDef.2Sg]	1.6960677532704322	42565	ld	l	d	2	száguldasz	asz	369	-0.3659585182988975	sz	száguldsz	3	-2.455863629738295	123	4.812184355372417	Prs.NDef.2Sg (mondasz)	134
kezd	[/V][Prs.1Sg›2]	3.772113864625659	5071060	zd	z	d	1	kezdelek	elek	368	-0.36713706578444016	lek	kezdlek	23	-1.571257048440365	16	2.772588722239781	Prs.1Sg›2 (mondalak)	77
sóhajt	[/V][Prs.NDef.2Sg]	1.812815728087108	55693	jt	j	t	2	sóhajtasz	asz	352	-0.3864422209798268	sz	sóhajtsz	13	-1.819041532151121	27.076923076923077	3.2986818181365605	Prs.NDef.2Sg (mondasz)	134
zsong	[/V][Pst.NDef.3Pl]	0.9725411639770906	8045	ng	n	g	1	zsongottak	ottak	4	-2.3309248931299953	tak	zsongtak	335	-0.4079400774211126	0.011940298507462687	-4.427836170705175	Pst.NDef.3Pl (mondottak)	75
szégyell	[/V][Prs.NDef.2Pl]	2.0545830722375222	97178	ll	l	l	2	szégyelletek	etek	1	-2.932984884457958	tek	szégyelltek	327	-0.4184371317976717	0.0030581039755351682	-5.7899601708972535	Prs.NDef.2Pl (mondotok)	43
javall	[/V][Pst.Def.3Sg]	1.2947990163957603	16896	ll	l	l	2	javallotta	otta	324	-0.4224398742513457	ta	javallta	82	-1.019171032074241	3.951219512195122	1.3740242685280764	Pst.Def.3Sg (mondotta)	36
rühell	[/V][Pst.NDef.1Sg]	1.1255929646752671	11444	ll	l	l	2	rühellettem	ettem	3	-2.455863629738295	tem	rühelltem	322	-0.4251290127621269	0.009316770186335404	-4.6759392568762985	Pst.NDef.1Sg (mondottam)	46
sért	[/V][Prs.1Sg›2]	2.445578344004525	239091	rt	r	t	1	sértelek	elek	319	-0.4291942014007767	lek	sértlek	19	-1.654231283505129	16.789473684210527	2.820752123618404	Prs.1Sg›2 (mondalak)	77
röstell	[/V][Pst.Def.3Sg]	0.6188309378930578	3563	ll	l	l	2	röstellette	ette	21	-1.6107655897240385	te	röstellte	317	-0.4319256222402063	0.06624605678233439	-2.7143793361538577	Pst.Def.3Sg (mondotta)	36
mereng	[/V][Prs.NDef.2Sg]	1.2914445773647398	16766	ng	n	g	2	merengesz	esz	12	-1.853803638410333	sz	merengsz	307	-0.4458465089807714	0.03908794788273615	-3.241941097799197	Prs.NDef.2Sg (mondasz)	134
teng	[/V][Pst.Def.1Sg]	1.0082283031273636	8734	ng	n	g	1	tengettem	ettem	307	-0.4458465089807714	tem	tengtem	3	-2.455863629738295	102.33333333333333	4.628235458919088	Pst.Def.1Sg (mondottam)	35
dühöng	[/V][Prs.NDef.2Sg]	1.3723234834061857	20198	ng	n	g	2	dühöngesz	esz	27	-1.5016211202989704	sz	dühöngsz	303	-0.4515422559556528	0.0891089108910891	-2.41789593950504	Prs.NDef.2Sg (mondasz)	134
rajong	[/V][Prs.NDef.2Pl]	2.0252970219361894	90841	ng	n	g	2	rajongotok	otok	32	-1.427834906138052	tok	rajongtok	298	-0.4587686203817026	0.10738255033557047	-2.231357583705678	Prs.NDef.2Pl (mondotok)	43
csügg	[/V][Prs.NDef.3Pl]	0.5277626573862391	2889	gg	g	g	1	csüggenek	enek	296	-0.4616931733990192	nek	csüggnek	237	-0.558236538447854	1.248945147679325	0.22229931318892923	Prs.NDef.3Pl (mondanak)	106
restell	[/V][Pst.Def.1Sg]	0.8460340874569128	6012	ll	l	l	2	restellettem	ettem	6	-2.1548336340743144	tem	restelltem	291	-0.46909189547205055	0.020618556701030927	-3.8815637979434374	Pst.Def.1Sg (mondottam)	35
feszeng	[/V][Prs.NDef.2Pl]	1.1022046244504902	10844	ng	n	g	2	feszengetek	etek	2	-2.6319548887939765	tek	feszengtek	289	-0.47208704170141	0.006920415224913495	-4.973279507552487	Prs.NDef.2Pl (mondotok)	43
helytáll	[/V][Pst.NDef.1Sg]	1.785201141146585	52262	ll	l	l	2	helytállottam	ottam	2	-2.6319548887939765	tam	helytálltam	282	-0.4827357761385967	0.0070921985815602835	-4.948759890378168	Pst.NDef.1Sg (mondottam)	46
döng	[/V][Pst.NDef.3Pl]	0.5861865793637012	3305	ng	n	g	1	döngöttek	öttek	4	-2.3309248931299953	tek	döngtek	280	-0.48582685311573864	0.014285714285714285	-4.248495242049359	Pst.NDef.3Pl (mondottak)	75
hord	[/V][Prs.NDef.2Pl]	2.5559590570874056	308279	rd	r	d	1	hordotok	otok	94	-0.9598570308582592	tok	hordtok	279	-0.48738068118436023	0.33691756272401435	-1.0879169995513618	Prs.NDef.2Pl (mondotok)	43
lappang	[/V][Pst.NDef.3Pl]	1.2723819034085184	16046	ng	n	g	2	lappangottak	ottak	1	-2.932984884457958	tak	lappangtak	277	-0.4905051153935094	0.0036101083032490976	-5.6240175061873385	Pst.NDef.3Pl (mondottak)	75
ring	[/V][Pst.NDef.3Pl]	1.9599496550527609	78151	ng	n	g	1	ringottak	ottak	18	-1.6777123793546518	tak	ringtak	265	-0.50973901052115	0.06792452830188679	-2.6893580680900575	Pst.NDef.3Pl (mondottak)	75
told	[/V][Pst.Def.1Sg]	1.2461933447518363	15107	ld	l	d	1	toldottam	ottam	265	-0.50973901052115	tam	toldtam	7	-2.087886844443701	37.857142857142854	3.633819676930909	Pst.Def.1Sg (mondottam)	35
szégyell	[/V][Pst.NDef.3Pl]	2.0545830722375222	97178	ll	l	l	2	szégyellettek	ettek	1	-2.932984884457958	tek	szégyelltek	261	-0.5163443771196768	0.0038314176245210726	-5.564520407322694	Pst.NDef.3Pl (mondottak)	75
bólint	[/V][Prs.NDef.2Sg]	1.825949705664744	57403	nt	n	t	2	bólintasz	asz	260	-0.5180115364871398	sz	bólintsz	1	-2.932984884457958	260	5.560681631015528	Prs.NDef.2Sg (mondasz)	134
feszeng	[/V][Prs.NDef.2Sg]	1.1022046244504902	10844	ng	n	g	2	feszengesz	esz	30	-1.4558636297382954	sz	feszengsz	259	-0.519685120376706	0.11583011583011583	-2.1556306800373823	Prs.NDef.2Sg (mondasz)	134
pang	[/V][Prs.NDef.3Pl]	0.8573002795752839	6170	ng	n	g	1	panganak	anak	258	-0.5213651784947277	nak	pangnak	34	-1.4015059674157029	7.588235294117647	2.026599060305456	Prs.NDef.3Pl (mondanak)	106
áld	[/V][Prs.NDef.2Sg]	1.9847463785340496	82743	ld	l	d	1	áldasz	asz	250	-0.5350448757859202	sz	áldsz	1	-2.932984884457958	250	5.521460917862246	Prs.NDef.2Sg (mondasz)	134
tekint	[/V][Prs.1Sg›2]	3.253129436802632	1535021	nt	n	t	2	tekintelek	elek	239	-0.5545869835098202	lek	tekintlek	20	-1.6319548887939763	11.95	2.4807312783775197	Prs.1Sg›2 (mondalak)	77
sugall	[/V][Pst.NDef.1Sg]	2.166726825892367	125809	ll	l	l	2	sugallottam	ottam	1	-2.932984884457958	tam	sugalltam	228	-0.575050037457504	0.0043859649122807015	-5.429345628954441	Pst.NDef.1Sg (mondottam)	46
zöldell	[/V][Pst.NDef.3Pl]	0.8296186651088456	5789	ll	l	l	2	zöldellettek	ettek	15	-1.756893625402277	tek	zöldelltek	227	-0.5769590272648352	0.06607929515418502	-2.7168998163791924	Pst.NDef.3Pl (mondottak)	75
visong	[/V][Pst.NDef.3Pl]	0.3176790350052857	1781	ng	n	g	2	visongottak	ottak	1	-2.932984884457958	tak	visongtak	225	-0.5808023663465953	0.0044444444444444444	-5.41610040220442	Pst.NDef.3Pl (mondottak)	75
csapong	[/V][Prs.NDef.2Sg]	0.9335977926055912	7355	ng	n	g	2	csapongasz	asz	6	-2.1548336340743144	sz	csapongsz	224	-0.5827368661237949	0.026785714285714284	-3.619886582626985	Prs.NDef.2Sg (mondasz)	134
rosszall	[/V][Pst.Def.3Sg]	0.28291692874607377	1644	ll	l	l	2	rosszallotta	otta	212	-0.6066490235292064	ta	rosszallta	169	-0.7050981798442842	1.2544378698224852	0.22668755974893895	Pst.Def.3Sg (mondotta)	36
teng	[/V][Prs.NDef.3Pl]	1.0082283031273636	8734	ng	n	g	1	tengenek	enek	206	-0.6191176640888044	nek	tengnek	68	-1.1004759717517214	3.0294117647058822	1.1083684636134743	Prs.NDef.3Pl (mondanak)	106
forrong	[/V][Prs.NDef.3Pl]	0.7458975302127779	4774	ng	n	g	2	forronganak	anak	205	-0.6212310234022035	nak	forrongnak	155	-0.7426531862876663	1.3225806451612903	0.2795848622191615	Prs.NDef.3Pl (mondanak)	106
ránt	[/V][Prs.NDef.2Sg]	2.1327815031647908	116350	nt	n	t	1	rántasz	asz	205	-0.6212310234022035	sz	rántsz	10	-1.9329848844579576	20.5	3.0204248861443626	Prs.NDef.2Sg (mondasz)	134
vall	[/V][Prs.NDef.2Pl]	2.7990089795374744	539503	ll	l	l	1	vallotok	otok	200	-0.6319548887939767	tok	valltok	4	-2.3309248931299953	50	3.912023005428146	Prs.NDef.2Pl (mondotok)	43
csügg	[/V][Pst.NDef.3Pl]	0.5277626573862391	2889	gg	g	g	1	csüggöttek	öttek	12	-1.853803638410333	tek	csüggtek	197	-0.6385186582963649	0.06091370558375635	-2.798297078949988	Pst.NDef.3Pl (mondottak)	75
tüsszent	[/V][Prs.NDef.2Sg]	0.8046847428986841	5466	nt	n	t	2	tüsszentesz	esz	197	-0.6385186582963649	sz	tüsszentsz	4	-2.3309248931299953	49.25	3.8969093676180977	Prs.NDef.2Sg (mondasz)	134
fetreng	[/V][Prs.NDef.2Sg]	1.1845515482523803	13108	ng	n	g	2	fetrengesz	esz	43	-1.2995164288783714	sz	fetrengsz	195	-0.6429502730954398	0.2205128205128205	-1.5117994428701844	Prs.NDef.2Sg (mondasz)	134
döng	[/V][Prs.NDef.3Pl]	0.5861865793637012	3305	ng	n	g	1	döngenek	enek	192	-0.6496836557544082	nek	döngnek	57	-1.1771100287854663	3.3684210526315788	1.2144441041932312	Prs.NDef.3Pl (mondanak)	106
borzong	[/V][Prs.NDef.3Pl]	1.0175746771538423	8924	ng	n	g	2	borzonganak	anak	185	-0.6658131560549441	nak	borzongnak	24	-1.552773642746352	7.708333333333333	2.042301994730379	Prs.NDef.3Pl (mondanak)	106
örvend	[/V][Prs.NDef.2Sg]	2.1193126646506104	112797	nd	n	d	2	örvendesz	esz	184	-0.6681670614484213	sz	örvendsz	72	-1.0756523880266893	2.5555555555555554	0.9382696385929302	Prs.NDef.2Sg (mondasz)	134
sugall	[/V][Prs.NDef.2Sg]	2.166726825892367	125809	ll	l	l	2	sugallasz	asz	7	-2.087886844443701	sz	sugallsz	178	-0.6825648821490639	0.03932584269662921	-3.235873401236772	Prs.NDef.2Sg (mondasz)	134
kereng	[/V][Prs.NDef.3Pl]	0.4808176323113937	2593	ng	n	g	2	kerengenek	enek	175	-0.6899468357716634	nek	kerengnek	155	-0.7426531862876663	1.1290322580645162	0.12136085700426753	Prs.NDef.3Pl (mondanak)	106
röstell	[/V][Pst.Def.1Sg]	0.6188309378930578	3563	ll	l	l	2	röstellettem	ettem	4	-2.3309248931299953	tem	röstelltem	175	-0.6899468357716634	0.022857142857142857	-3.7784916128036232	Pst.Def.1Sg (mondottam)	35
restell	[/V][Prs.NDef.3Pl]	0.8460340874569128	6012	ll	l	l	2	restellenek	enek	9	-1.978742375018633	nek	restellnek	174	-0.6924356361753581	0.05172413793103448	-2.9618307218783095	Prs.NDef.3Pl (mondanak)	106
cseppent	[/V][Prs.NDef.2Sg]	1.115418071694782	11179	nt	n	t	2	cseppentesz	esz	173	-0.6949387813291624	sz	cseppentsz	1	-2.932984884457958	173	5.153291594497779	Prs.NDef.2Sg (mondasz)	134
visong	[/V][Prs.NDef.3Pl]	0.3176790350052857	1781	ng	n	g	2	visonganak	anak	173	-0.6949387813291624	nak	visongnak	17	-1.702535963079684	10.176470588235293	2.3200782504415627	Prs.NDef.3Pl (mondanak)	106
töpreng	[/V][Pst.Def.1Sg]	1.6971377584013545	42670	ng	n	g	2	töprengettem	ettem	1	-2.932984884457958	tem	töprengtem	172	-0.6974564375504089	0.005813953488372093	-5.147494476813453	Pst.Def.1Sg (mondottam)	35
szökell	[/V][Prs.NDef.3Pl]	0.4649551242140798	2500	ll	l	l	2	szökellenek	enek	14	-1.7868568487797198	nek	szökellnek	169	-0.7050981798442842	0.08284023668639054	-2.4908413853078146	Prs.NDef.3Pl (mondanak)	106
dong	[/V][Prs.NDef.3Pl]	0.9073721747453984	6924	ng	n	g	1	donganak	anak	135	-0.8026511159629518	nak	dongnak	164	-0.71814103641026	0.823170731707317	-0.19459164938576903	Prs.NDef.3Pl (mondanak)	106
zsibong	[/V][Pst.NDef.3Pl]	0.3890275541244426	2099	ng	n	g	2	zsibongottak	ottak	4	-2.3309248931299953	tak	zsibongtak	162	-0.7234698699153269	0.024691358024691357	-3.7013019741124937	Pst.NDef.3Pl (mondottak)	75
átall	[/V][Pst.Def.1Sg]	1.0077805511732596	8725	ll	l	l	2	átallottam	ottam	160	-0.728864901802033	tam	átalltam	2	-2.6319548887939765	80	4.382026634673881	Pst.Def.1Sg (mondottam)	35
fetreng	[/V][Pst.NDef.3Pl]	1.1845515482523803	13108	ng	n	g	2	fetrengettek	ettek	4	-2.3309248931299953	tek	fetrengtek	158	-0.7343277975035353	0.02531645569620253	-3.676300671907076	Pst.NDef.3Pl (mondottak)	75
told	[/V][Prs.NDef.3Pl]	1.2461933447518363	15107	ld	l	d	1	toldanak	anak	158	-0.7343277975035353	nak	toldnak	3	-2.455863629738295	52.666666666666664	3.963982744358857	Prs.NDef.3Pl (mondanak)	106
ing	[/V][Prs.NDef.3Pl]	2.180008663585595	129716	ng	n	g	1	inganak	anak	153	-0.748293453640359	nak	ingnak	63	-1.133644335004376	2.4285714285714284	0.8873031950009027	Prs.NDef.3Pl (mondanak)	106
átall	[/V][Pst.NDef.1Sg]	1.0077805511732596	8725	ll	l	l	2	átallottam	ottam	151	-0.7540079371647884	tam	átalltam	6	-2.1548336340743144	25.166666666666668	3.2255203675868693	Pst.NDef.1Sg (mondottam)	46
ereszt	[/V][Prs.1Sg›2]	2.0182700425231386	89383	szt	sz	t	2	eresztelek	elek	150	-0.7568936254022766	lek	eresztlek	127	-0.829181163502001	1.1811023622047243	0.16644820763766438	Prs.1Sg›2 (mondalak)	77
zsibong	[/V][Prs.NDef.3Pl]	0.3890275541244426	2099	ng	n	g	2	zsibonganak	anak	146	-0.7686320286735208	nak	zsibongnak	81	-1.024499865579308	1.8024691358024691	0.5891574670358977	Prs.NDef.3Pl (mondanak)	106
cselleng	[/V][Prs.NDef.3Pl]	0.30781388665937337	1741	ng	n	g	2	csellengenek	enek	145	-0.771616882222983	nek	csellengnek	61	-1.1476550494471909	2.377049180327869	0.8658598782472632	Prs.NDef.3Pl (mondanak)	106
olt	[/V][Prs.NDef.2Sg]	2.01363438478017	88434	lt	l	t	1	oltasz	asz	143	-0.777648846992896	sz	oltsz	2	-2.6319548887939765	71.5	4.269697449699962	Prs.NDef.2Sg (mondasz)	134
szállong	[/V][Pst.NDef.3Pl]	0.08321246905448124	1038	ng	n	g	2	szállongottak	ottak	2	-2.6319548887939765	tak	szállongtak	143	-0.777648846992896	0.013986013986013986	-4.269697449699962	Pst.NDef.3Pl (mondottak)	75
feketéll	[/V][Pst.NDef.3Pl]	-0.3180876684248232	412	ll	l	l	3	feketéllettek	ettek	136	-0.7994459760877403	tek	feketélltek	35	-1.388916840107682	3.8857142857142857	1.3573068242466384	Pst.NDef.3Pl (mondottak)	75
ellentmond	[/V][Pst.Def.1Sg]	1.8501894968434336	60698	nd	n	d	3	ellentmondottam	ottam	1	-2.932984884457958	tam	ellentmondtam	135	-0.8026511159629518	0.007407407407407408	-4.90527477843843	Pst.Def.1Sg (mondottam)	35
függ	[/V][Prs.NDef.2Pl]	2.921588333286279	715440	gg	g	g	1	függötök	ötök	5	-2.234014880121939	tök	függtök	133	-0.809133243490872	0.03759398496240601	-3.2809112157876537	Prs.NDef.2Pl (mondotok)	43
tilt	[/V][Prs.1Sg›2]	2.4688841658205796	252272	lt	l	t	1	tiltalak	alak	132	-0.812410953252108	lak	tiltlak	12	-1.853803638410333	11	2.3978952727983707	Prs.1Sg›2 (mondalak)	77
szippant	[/V][Prs.NDef.2Sg]	1.4127220368204705	22167	nt	n	t	2	szippantasz	asz	130	-0.8190415321511211	sz	szippantsz	1	-2.932984884457958	130	4.867534450455582	Prs.NDef.2Sg (mondasz)	134
drágáll	[/V][Pst.Def.1Sg]	0.3857043854897881	2083	ll	l	l	2	drágállottam	ottam	129	-0.8223951741587089	tam	drágálltam	38	-1.3532012878411477	3.3947368421052633	1.2222262446352863	Pst.Def.1Sg (mondottam)	35
jajong	[/V][Prs.NDef.3Pl]	0.38214543272564394	2066	ng	n	g	2	jajonganak	anak	129	-0.8223951741587089	nak	jajongnak	63	-1.133644335004376	2.0476190476190474	0.7166776779701394	Prs.NDef.3Pl (mondanak)	106
végrehajt	[/V][Prs.NDef.2Sg]	2.3635815912942486	197955	jt	j	t	3	végrehajtasz	asz	128	-0.8257749148100895	sz	végrehajtsz	1	-2.932984884457958	128	4.852030263919617	Prs.NDef.2Sg (mondasz)	134
forrong	[/V][Pst.NDef.3Pl]	0.7458975302127779	4774	ng	n	g	2	forrongottak	ottak	1	-2.932984884457958	tak	forrongtak	124	-0.8395631992957228	0.008064516129032258	-4.820281565605037	Pst.NDef.3Pl (mondottak)	75
drágáll	[/V][Pst.Def.3Sg]	0.3857043854897881	2083	ll	l	l	2	drágállotta	otta	123	-0.84307977301856	ta	drágállta	77	-1.046494159285476	1.5974025974025974	0.4683789335187336	Pst.Def.3Sg (mondotta)	36
dereng	[/V][Pst.NDef.3Pl]	1.2369245574431114	14788	ng	n	g	2	derengettek	ettek	1	-2.932984884457958	tek	derengtek	122	-0.8466250537832096	0.00819672131147541	-4.804021044733257	Pst.NDef.3Pl (mondottak)	75
ment	[/V][Prs.1Sg›2]	2.6656885548669886	396893	nt	n	t	1	mentelek	elek	121	-0.8501995141415077	lek	mentlek	2	-2.6319548887939765	60.5	4.102643365036796	Prs.1Sg›2 (mondalak)	77
rühell	[/V][Prs.NDef.3Pl]	1.1255929646752671	11444	ll	l	l	2	rühellenek	enek	32	-1.427834906138052	nek	rühellnek	119	-0.8574379230654271	0.2689075630252101	-1.3133875903118029	Prs.NDef.3Pl (mondanak)	106
sugall	[/V][Pst.Def.1Sg]	2.166726825892367	125809	ll	l	l	2	sugallottam	ottam	1	-2.932984884457958	tam	sugalltam	119	-0.8574379230654271	0.008403361344537815	-4.77912349311153	Pst.Def.1Sg (mondottam)	35
hull	[/V][Prs.NDef.2Sg]	1.9644167549853853	78959	ll	l	l	1	hullasz	asz	115	-0.8722870441043462	sz	hullsz	118	-0.8611028771518324	0.9745762711864406	-0.02575249610241474	Prs.NDef.2Sg (mondasz)	134
kísért	[/V][Prs.NDef.2Sg]	1.5551849523789012	30773	rt	r	t	2	kísértesz	esz	118	-0.8611028771518324	sz	kísértsz	2	-2.6319548887939765	59	4.07753744390572	Prs.NDef.2Sg (mondasz)	134
szorong	[/V][Pst.Def.1Sg]	1.6523630266366331	38490	ng	n	g	2	szorongottam	ottam	2	-2.6319548887939765	tam	szorongtam	118	-0.8611028771518324	0.01694915254237288	-4.07753744390572	Pst.Def.1Sg (mondottam)	35
érint	[/V][Prs.1Sg›2]	3.006391077264476	869713	nt	n	t	2	érintelek	elek	115	-0.8722870441043462	lek	érintlek	13	-1.819041532151121	8.846153846153847	2.1799827709017134	Prs.1Sg›2 (mondalak)	77
nemz	[/V][Prs.NDef.2Sg]	1.3173375126180489	17796	mz	m	z	1	nemzesz	esz	15	-1.756893625402277	el	nemzel	113	-0.8799064409745381	0.13274336283185842	-2.0193376176101303	Prs.NDef.2Sg (mondasz)	134
sújt	[/V][Prs.NDef.2Sg]	2.2020777650972594	136478	jt	j	t	1	sújtasz	asz	113	-0.8799064409745381	sz	sújtsz	2	-2.6319548887939765	56.5	4.034240638152395	Prs.NDef.2Sg (mondasz)	134
mereng	[/V][Prs.NDef.2Pl]	1.2914445773647398	16766	ng	n	g	2	merengetek	etek	1	-2.932984884457958	tek	merengtek	112	-0.8837668617877762	0.008928571428571428	-4.718498871295094	Prs.NDef.2Pl (mondotok)	43
csüng	[/V][Prs.NDef.2Sg]	1.166350393228	12570	ng	n	g	1	csüngesz	esz	12	-1.853803638410333	sz	csüngsz	110	-0.8915921992997328	0.10909090909090909	-2.2155737160044158	Prs.NDef.2Sg (mondasz)	134
füllent	[/V][Prs.NDef.2Sg]	0.6628418926152654	3943	nt	n	t	2	füllentesz	esz	109	-0.8955583865173342	sz	füllentsz	2	-2.6319548887939765	54.5	3.9982007016691985	Prs.NDef.2Sg (mondasz)	134
bosszant	[/V][Prs.NDef.2Sg]	1.6866614018736934	41653	nt	n	t	2	bosszantasz	asz	108	-0.8995611289710082	sz	bosszantsz	1	-2.932984884457958	108	4.68213122712422	Prs.NDef.2Sg (mondasz)	134
pusszant	[/V][Prs.1Sg›2]	-0.4766188513289148	286	nt	n	t	2	pusszantalak	alak	107	-0.9036011067727482	lak	pusszantlak	60	-1.1548336340743142	1.7833333333333334	0.5784842722398056	Prs.1Sg›2 (mondalak)	77
áraszt	[/V][Prs.1Sg›2]	2.0384301389270374	93630	szt	sz	t	2	árasztalak	alak	107	-0.9036011067727482	lak	árasztlak	3	-2.455863629738295	35.666666666666664	3.574216545793796	Prs.1Sg›2 (mondalak)	77
odébbáll	[/V][Prs.NDef.2Sg]	0.7400360226709383	4710	ll	l	l	3	odébbállasz	asz	2	-2.6319548887939765	sz	odébbállsz	104	-0.9159515451591774	0.019230769230769232	-3.951243718581427	Prs.NDef.2Sg (mondasz)	134
hint	[/V][Prs.NDef.2Sg]	1.5869611793795713	33109	nt	n	t	1	hintesz	esz	102	-0.9243847126960404	sz	hintsz	2	-2.6319548887939765	51	3.9318256327243257	Prs.NDef.2Sg (mondasz)	134
rejt	[/V][Prs.1Sg›2]	2.5010631926907587	271674	jt	j	t	1	rejtelek	elek	102	-0.9243847126960404	lek	rejtlek	4	-2.3309248931299953	25.5	3.2386784521643803	Prs.1Sg›2 (mondalak)	77
rivall	[/V][Pst.NDef.1Sg]	0.438452432946143	2352	ll	l	l	2	rivallottam	ottam	1	-2.932984884457958	tam	rivalltam	102	-0.9243847126960404	0.00980392156862745	-4.624972813284271	Pst.NDef.1Sg (mondottam)	46
sokall	[/V][Pst.NDef.3Pl]	1.272002819729194	16032	ll	l	l	2	sokallottak	ottak	10	-1.9329848844579576	tak	sokalltak	102	-0.9243847126960404	0.09803921568627451	-2.3223877202902252	Pst.NDef.3Pl (mondottak)	75
tölt	[/V][Prs.1Sg›2]	3.4380290110614276	2349708	lt	l	t	1	töltelek	elek	101	-0.9286635106753152	lek	töltlek	1	-2.932984884457958	101	4.61512051684126	Prs.1Sg›2 (mondalak)	77
peng	[/V][Pst.NDef.1Sg]	0.8837865278753886	6558	ng	n	g	1	pengettem	ettem	100	-0.9329848844579578	tem	pengtem	3	-2.455863629738295	33.333333333333336	3.506557897319982	Pst.NDef.1Sg (mondottam)	46
szállong	[/V][Prs.NDef.3Pl]	0.08321246905448124	1038	ng	n	g	2	szállonganak	anak	100	-0.9329848844579578	nak	szállongnak	53	-1.2087090148571689	1.8867924528301887	0.6348782724359695	Prs.NDef.3Pl (mondanak)	106
vonz	[/V][Prs.1Sg›2]	2.4928801476270666	266603	nz	n	z	1	vonzalak	alak	100	-0.9329848844579578	lak	vonzlak	11	-1.8915921992997329	9.090909090909092	2.207274913189721	Prs.1Sg›2 (mondalak)	77
ömleng	[/V][Prs.NDef.3Pl]	0.2612518642658714	1564	ng	n	g	2	ömlengenek	enek	100	-0.9329848844579578	nek	ömlengnek	7	-2.087886844443701	14.285714285714286	2.659260036932778	Prs.NDef.3Pl (mondanak)	106
reng	[/V][Prs.NDef.3Pl]	1.2320515955366076	14623	ng	n	g	1	rengenek	enek	97	-0.946213150191713	nek	rengnek	24	-1.552773642746352	4.041666666666667	1.3966571481554373	Prs.NDef.3Pl (mondanak)	106
drágáll	[/V][Pst.NDef.1Sg]	0.3857043854897881	2083	ll	l	l	2	drágállottam	ottam	93	-0.9645019359040228	tam	drágálltam	88	-0.9885022123077892	1.0568181818181819	0.05526267867504952	Pst.NDef.1Sg (mondottam)	46
kísért	[/V][Prs.1Sg›2]	1.5551849523789012	30773	rt	r	t	2	kísértelek	elek	93	-0.9645019359040228	lek	kísértlek	1	-2.932984884457958	93	4.532599493153256	Prs.1Sg›2 (mondalak)	77
verseng	[/V][Prs.NDef.2Sg]	1.673041590197379	40367	ng	n	g	2	versengesz	esz	15	-1.756893625402277	sz	versengsz	92	-0.9691970571124026	0.16304347826086957	-1.8137383759468302	Prs.NDef.2Sg (mondasz)	134
restell	[/V][Pst.NDef.1Sg]	0.8460340874569128	6012	ll	l	l	2	restellettem	ettem	4	-2.3309248931299953	tem	restelltem	91	-0.9739434921368644	0.04395604395604396	-3.1245651453969594	Pst.NDef.1Sg (mondottam)	46
restell	[/V][Pst.NDef.3Pl]	0.8460340874569128	6012	ll	l	l	2	restellettek	ettek	4	-2.3309248931299953	tek	restelltek	90	-0.9787423750186328	0.044444444444444446	-3.1135153092103742	Pst.NDef.3Pl (mondottak)	75
sokall	[/V][Prs.NDef.3Pl]	1.272002819729194	16032	ll	l	l	2	sokallanak	anak	4	-2.3309248931299953	nak	sokallnak	87	-0.9934656318393392	0.04597701149425287	-3.079613757534693	Prs.NDef.3Pl (mondanak)	106
borzong	[/V][Prs.NDef.2Sg]	1.0175746771538423	8924	ng	n	g	2	borzongasz	asz	5	-2.234014880121939	sz	borzongsz	85	-1.0035659587436652	0.058823529411764705	-2.833213344056216	Prs.NDef.2Sg (mondasz)	134
kérd	[/V][Prs.1Sg›2]	1.9986204382455903	85429	rd	r	d	1	kérdelek	elek	85	-1.0035659587436652	lek	kérdlek	43	-1.2995164288783714	1.9767441860465116	0.6814511407967541	Prs.1Sg›2 (mondalak)	77
hull	[/V][Pst.Def.1Sg]	1.9644167549853853	78959	ll	l	l	1	hullottam	ottam	84	-1.0087055983960762	tam	hulltam	17	-1.702535963079684	4.9411764705882355	1.5976034547870976	Pst.Def.1Sg (mondottam)	35
peng	[/V][Prs.NDef.3Pl]	0.8837865278753886	6558	ng	n	g	1	pengenek	enek	84	-1.0087055983960762	nek	pengnek	41	-1.3202010277382223	2.048780487804878	0.7172447321390059	Prs.NDef.3Pl (mondanak)	106
szökell	[/V][Pst.NDef.3Pl]	0.4649551242140798	2500	ll	l	l	2	szökellettek	ettek	3	-2.455863629738295	tek	szökelltek	84	-1.0087055983960762	0.03571428571428571	-3.332204510175204	Pst.NDef.3Pl (mondottak)	75
ujjong	[/V][Prs.NDef.2Sg]	1.3958430545563227	21322	ng	n	g	2	ujjongasz	asz	10	-1.9329848844579576	sz	ujjongsz	83	-1.0139067920818838	0.12048192771084337	-2.1162555148025524	Prs.NDef.2Sg (mondasz)	134
feszeng	[/V][Pst.NDef.3Pl]	1.1022046244504902	10844	ng	n	g	2	feszengettek	ettek	1	-2.932984884457958	tek	feszengtek	82	-1.019171032074241	0.012195121951219513	-4.406719247264253	Pst.NDef.3Pl (mondottak)	75
restell	[/V][Prs.NDef.2Pl]	0.8460340874569128	6012	ll	l	l	2	restelletek	etek	3	-2.455863629738295	tek	restelltek	82	-1.019171032074241	0.036585365853658534	-3.3081069585961433	Prs.NDef.2Pl (mondotok)	43
őrjöng	[/V][Prs.NDef.2Sg]	1.1505535667721816	12121	ng	n	g	2	őrjöngesz	esz	11	-1.8915921992997329	sz	őrjöngsz	82	-1.019171032074241	0.13414634146341464	-2.0088239744658827	Prs.NDef.2Sg (mondasz)	134
peng	[/V][Prs.NDef.2Pl]	0.8837865278753886	6558	ng	n	g	1	pengetek	etek	81	-1.024499865579308	tek	pengtek	40	-1.3309248931299955	2.025	0.7055697005585024	Prs.NDef.2Pl (mondotok)	43
ráng	[/V][Prs.NDef.3Pl]	1.3527524056886966	19308	ng	n	g	1	ránganak	anak	80	-1.0298948974660145	nak	rángnak	20	-1.6319548887939763	4	1.3862943611198906	Prs.NDef.3Pl (mondanak)	106
kérd	[/V][Prs.NDef.2Sg]	1.9986204382455903	85429	rd	r	d	1	kérdesz	esz	79	-1.0353577931675164	sz	kérdsz	2	-2.6319548887939765	39.5	3.676300671907076	Prs.NDef.2Sg (mondasz)	134
megsért	[/V][Prs.1Sg›2]	2.1871545349738746	131868	rt	r	t	2	megsértelek	elek	79	-1.0353577931675164	lek	megsértlek	2	-2.6319548887939765	39.5	3.676300671907076	Prs.1Sg›2 (mondalak)	77
rajong	[/V][Pst.Def.3Sg]	2.0252970219361894	90841	ng	n	g	2	rajongotta	otta	1	-2.932984884457958	ta	rajongta	79	-1.0353577931675164	0.012658227848101266	-4.3694478524670215	Pst.Def.3Sg (mondotta)	36
kereng	[/V][Pst.NDef.3Pl]	0.4808176323113937	2593	ng	n	g	2	kerengettek	ettek	2	-2.6319548887939765	tek	kerengtek	78	-1.0408902817674774	0.02564102564102564	-3.6635616461296463	Pst.NDef.3Pl (mondottak)	75
pedz	[/V][Pst.Def.3Sg]	0.8305179810096391	5801	dz	d	z	1	pedzette	ette	78	-1.0408902817674774	te	pedzte	2	-2.6319548887939765	39	3.6635616461296463	Pst.Def.3Sg (mondotta)	36
síkraszáll	[/V][Pst.NDef.3Pl]	0.1816260997742153	1302	ll	l	l	3	síkraszállottak	ottak	2	-2.6319548887939765	tak	síkraszálltak	78	-1.0408902817674774	0.02564102564102564	-3.6635616461296463	Pst.NDef.3Pl (mondottak)	75
kering	[/V][Pst.Def.3Sg]	1.9960046439135095	84916	ng	n	g	2	keringette	ette	77	-1.046494159285476	te	keringte	7	-2.087886844443701	11	2.3978952727983707	Pst.Def.3Sg (mondotta)	36
márt	[/V][Prs.NDef.2Sg]	1.600189576284433	34133	rt	r	t	1	mártasz	asz	77	-1.046494159285476	sz	mártsz	1	-2.932984884457958	77	4.343805421853684	Prs.NDef.2Sg (mondasz)	134
ring	[/V][Prs.NDef.2Sg]	1.9599496550527609	78151	ng	n	g	1	ringasz	asz	9	-1.978742375018633	sz	ringsz	77	-1.046494159285476	0.11688311688311688	-2.1465808445174646	Prs.NDef.2Sg (mondasz)	134
csügg	[/V][Pst.NDef.1Sg]	0.5277626573862391	2889	gg	g	g	1	csüggöttem	öttem	5	-2.234014880121939	tem	csüggtem	76	-1.0521712921771664	0.06578947368421052	-2.7212954278522306	Pst.NDef.1Sg (mondottam)	46
kérd	[/V][Prs.NDef.3Pl]	1.9986204382455903	85429	rd	r	d	1	kérdenek	enek	76	-1.0521712921771664	nek	kérdnek	65	-1.1200715278151023	1.1692307692307693	0.15634607039069404	Prs.NDef.3Pl (mondanak)	106
röstell	[/V][Prs.NDef.3Pl]	0.6188309378930578	3563	ll	l	l	2	röstellenek	enek	7	-2.087886844443701	nek	röstellnek	76	-1.0521712921771664	0.09210526315789473	-2.384823191231018	Prs.NDef.3Pl (mondanak)	106
leng	[/V][Pst.NDef.1Sg]	1.7526762559372897	48491	ng	n	g	1	lengettem	ettem	73	-1.069662024337502	tem	lengtem	56	-1.1847968574517571	1.3035714285714286	0.2651077504132419	Pst.NDef.1Sg (mondottam)	46
told	[/V][Pst.NDef.1Sg]	1.2461933447518363	15107	ld	l	d	1	toldottam	ottam	72	-1.0756523880266893	tam	toldtam	7	-2.087886844443701	10.285714285714286	2.330755969960742	Pst.NDef.1Sg (mondottam)	46
ődöng	[/V][Pst.NDef.3Pl]	0.09150078324120914	1058	ng	n	g	2	ődöngöttek	öttek	1	-2.932984884457958	tek	ődöngtek	71	-1.0817265357388826	0.014084507042253521	-4.2626798770413155	Pst.NDef.3Pl (mondottak)	75
feszeng	[/V][Pst.Def.1Sg]	1.1022046244504902	10844	ng	n	g	2	feszengettem	ettem	3	-2.455863629738295	tem	feszengtem	70	-1.087886844443701	0.04285714285714286	-3.1498829533812494	Pst.Def.1Sg (mondottam)	35
kering	[/V][Prs.NDef.2Sg]	1.9960046439135095	84916	ng	n	g	2	keringesz	esz	32	-1.427834906138052	sz	keringsz	70	-1.087886844443701	0.45714285714285713	-0.7827593392496325	Prs.NDef.2Sg (mondasz)	134
nemz	[/V][Pst.NDef.1Sg]	1.3173375126180489	17796	mz	m	z	1	nemzettem	ettem	70	-1.087886844443701	tem	nemztem	2	-2.6319548887939765	35	3.5553480614894135	Pst.NDef.1Sg (mondottam)	46
bolyong	[/V][Prs.NDef.2Pl]	1.5543797744589725	30716	ng	n	g	2	bolyongotok	otok	1	-2.932984884457958	tok	bolyongtok	68	-1.1004759717517214	0.014705882352941176	-4.219507705176107	Prs.NDef.2Pl (mondotok)	43
kárörvend	[/V][Prs.NDef.3Pl]	0.26622159470369994	1582	nd	n	d	3	kárörvendenek	enek	68	-1.1004759717517214	nek	kárörvendnek	9	-1.978742375018633	7.555555555555555	2.0222831278398874	Prs.NDef.3Pl (mondanak)	106
félreért	[/V][Prs.1Sg›2]	1.6781859130022172	40848	rt	r	t	3	félreértelek	elek	67	-1.1069100817571311	lek	félreértlek	4	-2.3309248931299953	16.75	2.8183982582710754	Prs.1Sg›2 (mondalak)	77
javall	[/V][Prs.NDef.3Pl]	1.2947990163957603	16896	ll	l	l	2	javallanak	anak	66	-1.1134409489160892	nak	javallnak	22	-1.5905622036357516	3	1.0986122886681098	Prs.NDef.3Pl (mondanak)	106
száguld	[/V][Pst.Def.3Sg]	1.6960677532704322	42565	ld	l	d	2	száguldotta	otta	66	-1.1134409489160892	ta	száguldta	4	-2.3309248931299953	16.5	2.803360380906535	Pst.Def.3Sg (mondotta)	36
borong	[/V][Prs.NDef.3Pl]	0.4584795273811454	2463	ng	n	g	2	boronganak	anak	65	-1.1200715278151023	nak	borongnak	36	-1.3766823836906703	1.8055555555555556	0.5908683314395271	Prs.NDef.3Pl (mondanak)	106
mereng	[/V][Pst.Def.1Sg]	1.2914445773647398	16766	ng	n	g	2	merengettem	ettem	3	-2.455863629738295	tem	merengtem	65	-1.1200715278151023	0.046153846153846156	-3.0757749812275272	Pst.Def.1Sg (mondottam)	35
ellentmond	[/V][Pst.NDef.1Sg]	1.8501894968434336	60698	nd	n	d	3	ellentmondottam	ottam	1	-2.932984884457958	tam	ellentmondtam	63	-1.133644335004376	0.015873015873015872	-4.143134726391533	Pst.NDef.1Sg (mondottam)	46
csöng	[/V][Prs.NDef.3Pl]	0.7762002450922876	5119	ng	n	g	1	csöngenek	enek	59	-1.1621328728158136	nek	csöngnek	7	-2.087886844443701	8.428571428571429	2.1316272948504063	Prs.NDef.3Pl (mondanak)	106
lejt	[/V][Prs.NDef.2Sg]	1.1958342577365526	13453	jt	j	t	1	lejtesz	esz	59	-1.1621328728158136	sz	lejtsz	24	-1.552773642746352	2.4583333333333335	0.8994836135577738	Prs.NDef.2Sg (mondasz)	134
lövell	[/V][Prs.NDef.2Pl]	0.8506328807327909	6076	ll	l	l	2	lövelletek	etek	1	-2.932984884457958	tek	lövelltek	56	-1.1847968574517571	0.017857142857142856	-4.02535169073515	Prs.NDef.2Pl (mondotok)	43
áld	[/V][Pst.NDef.1Sg]	1.9847463785340496	82743	ld	l	d	1	áldottam	ottam	55	-1.192622194963714	tam	áldtam	3	-2.455863629738295	18.333333333333332	2.908720896564361	Pst.NDef.1Sg (mondottam)	46
ődöng	[/V][Prs.NDef.3Pl]	0.09150078324120914	1058	ng	n	g	2	ődöngenek	enek	54	-1.2005911246349894	nek	ődöngnek	7	-2.087886844443701	7.714285714285714	2.043073897508961	Prs.NDef.3Pl (mondanak)	106
kereng	[/V][Pst.NDef.1Sg]	0.4808176323113937	2593	ng	n	g	2	kerengettem	ettem	2	-2.6319548887939765	tem	kerengtem	53	-1.2087090148571689	0.03773584905660377	-3.2771447329921766	Pst.NDef.1Sg (mondottam)	46
hőzöng	[/V][Prs.NDef.2Sg]	0.5271609330337924	2885	ng	n	g	2	hőzöngesz	esz	6	-2.1548336340743144	sz	hőzöngsz	52	-1.2169815408231586	0.11538461538461539	-2.159484249353372	Prs.NDef.2Sg (mondasz)	134
javall	[/V][Pst.Def.1Sg]	1.2947990163957603	16896	ll	l	l	2	javallottam	ottam	52	-1.2169815408231586	tam	javalltam	6	-2.1548336340743144	8.666666666666666	2.159484249353372	Pst.Def.1Sg (mondottam)	35
zeng	[/V][Prs.NDef.2Sg]	1.7743979085034178	50978	ng	n	g	1	zengesz	esz	39	-1.3419202774314587	sz	zengsz	52	-1.2169815408231586	0.75	-0.2876820724517809	Prs.NDef.2Sg (mondasz)	134
eseng	[/V][Prs.NDef.3Pl]	0.2304746673120323	1457	ng	n	g	2	esengenek	enek	51	-1.2254147083600215	nek	esengnek	22	-1.5905622036357516	2.3181818181818183	0.84078317936601	Prs.NDef.3Pl (mondanak)	106
ejt	[/V][Prs.1Sg›2]	2.54627650321544	301482	jt	j	t	1	ejtelek	elek	50	-1.234014880121939	lek	ejtlek	2	-2.6319548887939765	25	3.2188758248682006	Prs.1Sg›2 (mondalak)	77
hord	[/V][Prs.1Sg›2]	2.5559590570874056	308279	rd	r	d	1	hordalak	alak	50	-1.234014880121939	lak	hordlak	13	-1.819041532151121	3.8461538461538463	1.3470736479666094	Prs.1Sg›2 (mondalak)	77
röstell	[/V][Pst.NDef.1Sg]	0.6188309378930578	3563	ll	l	l	2	röstellettem	ettem	8	-2.0298948974660145	tem	röstelltem	50	-1.234014880121939	0.16	-1.8325814637483102	Pst.NDef.1Sg (mondottam)	46
szökell	[/V][Pst.Def.1Sg]	0.4649551242140798	2500	ll	l	l	2	szökellettem	ettem	1	-2.932984884457958	tem	szökelltem	50	-1.234014880121939	0.02	-3.912023005428146	Pst.Def.1Sg (mondottam)	35
vall	[/V][Pst.Def.1Sg]	2.7990089795374744	539503	ll	l	l	1	vallottam	ottam	50	-1.234014880121939	tam	valltam	2	-2.6319548887939765	25	3.2188758248682006	Pst.Def.1Sg (mondottam)	35
sikong	[/V][Pst.NDef.3Pl]	0.00503421301825244	867	ng	n	g	2	sikongottak	ottak	1	-2.932984884457958	tak	sikongtak	49	-1.2427888044294442	0.02040816326530612	-3.891820298110627	Pst.NDef.3Pl (mondottak)	75
állong	[/V][Pst.NDef.3Pl]	-0.623354717032059	204	ng	n	g	2	állongottak	ottak	2	-2.6319548887939765	tak	állongtak	49	-1.2427888044294442	0.04081632653061224	-3.1986731175506815	Pst.NDef.3Pl (mondottak)	75
ont	[/V][Prs.NDef.2Sg]	1.7436264299947593	47491	nt	n	t	1	ontasz	asz	48	-1.2517436470823706	sz	ontsz	25	-1.5350448757859203	1.92	0.6523251860396901	Prs.NDef.2Sg (mondasz)	134
sikolt	[/V][Prs.NDef.2Sg]	1.0121388856641615	8813	lt	l	t	2	sikoltasz	asz	48	-1.2517436470823706	sz	sikoltsz	4	-2.3309248931299953	12	2.4849066497880004	Prs.NDef.2Sg (mondasz)	134
foszt	[/V][Prs.1Sg›2]	1.6726648740591443	40332	szt	sz	t	1	fosztalak	alak	47	-1.2608870265222405	lak	fosztlak	1	-2.932984884457958	47	3.8501476017100584	Prs.1Sg›2 (mondalak)	77
furcsáll	[/V][Prs.NDef.3Pl]	1.280240588315443	16339	ll	l	l	2	furcsállanak	anak	14	-1.7868568487797198	nak	furcsállnak	47	-1.2608870265222405	0.2978723404255319	-1.2110902720948	Prs.NDef.3Pl (mondanak)	106
ring	[/V][Pst.NDef.1Sg]	1.9599496550527609	78151	ng	n	g	1	ringottam	ottam	2	-2.6319548887939765	tam	ringtam	47	-1.2608870265222405	0.0425531914893617	-3.1570004211501135	Pst.NDef.1Sg (mondottam)	46
zeng	[/V][Pst.Def.1Sg]	1.7743979085034178	50978	ng	n	g	1	zengettem	ettem	14	-1.7868568487797198	tem	zengtem	47	-1.2608870265222405	0.2978723404255319	-1.2110902720948	Pst.Def.1Sg (mondottam)	35
szorong	[/V][Prs.NDef.2Pl]	1.6523630266366331	38490	ng	n	g	2	szorongotok	otok	2	-2.6319548887939765	tok	szorongtok	46	-1.2702270527763837	0.043478260869565216	-3.1354942159291497	Prs.NDef.2Pl (mondotok)	43
lézeng	[/V][Prs.NDef.2Sg]	1.031557581621179	9216	ng	n	g	2	lézengesz	esz	4	-2.3309248931299953	sz	lézengsz	45	-1.279772370682614	0.08888888888888889	-2.4203681286504293	Prs.NDef.2Sg (mondasz)	134
old	[/V][Prs.1Sg›2]	2.8249058973828483	572652	ld	l	d	1	oldalak	alak	29	-1.4705868865590015	lak	oldlak	45	-1.279772370682614	0.6444444444444445	-0.43936665978384565	Prs.1Sg›2 (mondalak)	77
peng	[/V][Pst.NDef.3Pl]	0.8837865278753886	6558	ng	n	g	1	pengettek	ettek	45	-1.279772370682614	tek	pengtek	14	-1.7868568487797198	3.2142857142857144	1.1676051601550612	Pst.NDef.3Pl (mondottak)	75
síkraszáll	[/V][Prs.NDef.3Pl]	0.1816260997742153	1302	ll	l	l	3	síkraszállanak	anak	3	-2.455863629738295	nak	síkraszállnak	45	-1.279772370682614	0.06666666666666667	-2.70805020110221	Prs.NDef.3Pl (mondanak)	106
tapaszt	[/V][Prs.1Sg›2]	1.133564654303976	11656	szt	sz	t	2	tapasztalak	alak	44	-1.2895322079717704	lak	tapasztlak	1	-2.932984884457958	44	3.784189633918261	Prs.1Sg›2 (mondalak)	77
teng	[/V][Pst.NDef.1Sg]	1.0082283031273636	8734	ng	n	g	1	tengettem	ettem	44	-1.2895322079717704	tem	tengtem	31	-1.4416231906236852	1.4193548387096775	0.35020242943311497	Pst.NDef.1Sg (mondottam)	46
óhajt	[/V][Prs.1Sg›2]	1.6797460062903842	40995	jt	j	t	2	óhajtalak	alak	33	-1.4144709445800705	lak	óhajtlak	44	-1.2895322079717704	0.75	-0.2876820724517809	Prs.1Sg›2 (mondalak)	77
bong	[/V][Prs.NDef.3Pl]	0.4401111026207692	2361	ng	n	g	1	bonganak	anak	28	-1.4858268531157386	nak	bongnak	43	-1.2995164288783714	0.6511627906976745	-0.4289956055183584	Prs.NDef.3Pl (mondanak)	106
bosszant	[/V][Prs.1Sg›2]	1.6866614018736934	41653	nt	n	t	2	bosszantalak	alak	43	-1.2995164288783714	lak	bosszantlak	7	-2.087886844443701	6.142857142857143	1.8152899666382492	Prs.1Sg›2 (mondalak)	77
sikong	[/V][Prs.NDef.3Pl]	0.00503421301825244	867	ng	n	g	2	sikonganak	anak	42	-1.3097355940600577	nak	sikongnak	22	-1.5905622036357516	1.9090909090909092	0.6466271649250525	Prs.NDef.3Pl (mondanak)	106
fojt	[/V][Prs.1Sg›2]	1.5716626503360749	31963	jt	j	t	1	fojtalak	alak	41	-1.3202010277382223	lak	fojtlak	6	-2.1548336340743144	6.833333333333333	1.9218125974762528	Prs.1Sg›2 (mondalak)	77
ijeszt	[/V][Prs.1Sg›2]	1.3020382750372657	17180	szt	sz	t	2	ijesztelek	elek	41	-1.3202010277382223	lek	ijesztlek	7	-2.087886844443701	5.857142857142857	1.7676619176489945	Prs.1Sg›2 (mondalak)	77
pang	[/V][Pst.NDef.3Pl]	0.8573002795752839	6170	ng	n	g	1	pangottak	ottak	5	-2.234014880121939	tak	pangtak	41	-1.3202010277382223	0.12195121951219512	-2.1041341542702074	Pst.NDef.3Pl (mondottak)	75
búsong	[/V][Prs.NDef.3Pl]	0.03736199177213555	934	ng	n	g	2	búsonganak	anak	39	-1.3419202774314587	nak	búsongnak	2	-2.6319548887939765	19.5	2.970414465569701	Prs.NDef.3Pl (mondanak)	106
ing	[/V][Pst.NDef.3Pl]	2.180008663585595	129716	ng	n	g	1	ingottak	ottak	10	-1.9329848844579576	tak	ingtak	39	-1.3419202774314587	0.2564102564102564	-1.3609765531356008	Pst.NDef.3Pl (mondottak)	75
jótáll	[/V][Prs.NDef.3Pl]	0.26069614508332367	1562	ll	l	l	2	jótállanak	anak	1	-2.932984884457958	nak	jótállnak	39	-1.3419202774314587	0.02564102564102564	-3.6635616461296463	Prs.NDef.3Pl (mondanak)	106
köszönt	[/V][Prs.NDef.2Sg]	2.6232584999815622	359951	nt	n	t	2	köszöntesz	esz	39	-1.3419202774314587	sz	köszöntsz	1	-2.932984884457958	39	3.6635616461296463	Prs.NDef.2Sg (mondasz)	134
nyilall	[/V][Prs.NDef.3Pl]	0.5229253559247852	2857	ll	l	l	2	nyilallanak	anak	2	-2.6319548887939765	nak	nyilallnak	39	-1.3419202774314587	0.05128205128205128	-2.9704144655697013	Prs.NDef.3Pl (mondanak)	106
rivall	[/V][Pst.NDef.3Pl]	0.438452432946143	2352	ll	l	l	2	rivallottak	ottak	3	-2.455863629738295	tak	rivalltak	39	-1.3419202774314587	0.07692307692307693	-2.5649493574615367	Pst.NDef.3Pl (mondottak)	75
zajong	[/V][Prs.NDef.2Pl]	0.8742117762529894	6415	ng	n	g	2	zajongotok	otok	1	-2.932984884457958	tok	zajongtok	38	-1.3532012878411477	0.02631578947368421	-3.6375861597263857	Prs.NDef.2Pl (mondotok)	43
borong	[/V][Pst.NDef.3Pl]	0.4584795273811454	2463	ng	n	g	2	borongottak	ottak	1	-2.932984884457958	tak	borongtak	37	-1.3647831603909628	0.02702702702702703	-3.6109179126442243	Pst.NDef.3Pl (mondottak)	75
irt	[/V][Prs.NDef.2Sg]	2.0216145648335377	90074	rt	r	t	1	irtasz	asz	37	-1.3647831603909628	sz	irtsz	2	-2.6319548887939765	18.5	2.917770732084279	Prs.NDef.2Sg (mondasz)	134
leng	[/V][Prs.NDef.2Sg]	1.7526762559372897	48491	ng	n	g	1	lengesz	esz	8	-2.0298948974660145	sz	lengsz	37	-1.3647831603909628	0.21621621621621623	-1.5314763709643884	Prs.NDef.2Sg (mondasz)	134
hajlong	[/V][Prs.NDef.2Sg]	0.787339832959484	5252	ng	n	g	2	hajlongasz	asz	18	-1.6777123793546518	sz	hajlongsz	35	-1.388916840107682	0.5142857142857142	-0.6649763035932491	Prs.NDef.2Sg (mondasz)	134
rühell	[/V][Prs.NDef.2Sg]	1.1255929646752671	11444	ll	l	l	2	rühellesz	esz	6	-2.1548336340743144	sz	rühellsz	35	-1.388916840107682	0.17142857142857143	-1.7635885922613588	Prs.NDef.2Sg (mondasz)	134
sújt	[/V][Prs.1Sg›2]	2.2020777650972594	136478	jt	j	t	1	sújtalak	alak	34	-1.4015059674157029	lak	sújtlak	8	-2.0298948974660145	4.25	1.4469189829363254	Prs.1Sg›2 (mondalak)	77
jajong	[/V][Prs.NDef.2Sg]	0.38214543272564394	2066	ng	n	g	2	jajongasz	asz	2	-2.6319548887939765	sz	jajongsz	33	-1.4144709445800705	0.06060606060606061	-2.803360380906535	Prs.NDef.2Sg (mondasz)	134
teng	[/V][Prs.NDef.2Pl]	1.0082283031273636	8734	ng	n	g	1	tengetek	etek	3	-2.455863629738295	tek	tengtek	33	-1.4144709445800705	0.09090909090909091	-2.3978952727983707	Prs.NDef.2Pl (mondotok)	43
tolong	[/V][Prs.NDef.2Pl]	1.2105607427804643	13917	ng	n	g	2	tolongotok	otok	1	-2.932984884457958	tok	tolongtok	33	-1.4144709445800705	0.030303030303030304	-3.4965075614664802	Prs.NDef.2Pl (mondotok)	43
zajong	[/V][Prs.NDef.2Sg]	0.8742117762529894	6415	ng	n	g	2	zajongasz	asz	2	-2.6319548887939765	sz	zajongsz	33	-1.4144709445800705	0.06060606060606061	-2.803360380906535	Prs.NDef.2Sg (mondasz)	134
elagg	[/V][Pst.NDef.3Pl]	0.10998418893522229	1104	gg	g	g	2	elaggottak	ottak	32	-1.427834906138052	tak	elaggtak	1	-2.932984884457958	32	3.4657359027997265	Pst.NDef.3Pl (mondottak)	75
fetreng	[/V][Pst.Def.1Sg]	1.1845515482523803	13108	ng	n	g	2	fetrengettem	ettem	1	-2.932984884457958	tem	fetrengtem	32	-1.427834906138052	0.03125	-3.4657359027997265	Pst.Def.1Sg (mondottam)	35
nyilall	[/V][Pst.NDef.3Pl]	0.5229253559247852	2857	ll	l	l	2	nyilallottak	ottak	1	-2.932984884457958	tak	nyilalltak	32	-1.427834906138052	0.03125	-3.4657359027997265	Pst.NDef.3Pl (mondottak)	75
ránt	[/V][Prs.1Sg›2]	2.1327815031647908	116350	nt	n	t	1	rántalak	alak	32	-1.427834906138052	lak	rántlak	3	-2.455863629738295	10.666666666666666	2.367123614131617	Prs.1Sg›2 (mondalak)	77
füttyent	[/V][Prs.NDef.2Sg]	0.5728431493968784	3205	nt	n	t	2	füttyentesz	esz	31	-1.4416231906236852	sz	füttyentsz	1	-2.932984884457958	31	3.4339872044851463	Prs.NDef.2Sg (mondasz)	134
ráng	[/V][Pst.NDef.3Pl]	1.3527524056886966	19308	ng	n	g	1	rángottak	ottak	4	-2.3309248931299953	tak	rángtak	31	-1.4416231906236852	0.12903225806451613	-2.0476928433652555	Pst.NDef.3Pl (mondottak)	75
akaszt	[/V][Prs.1Sg›2]	2.0187556513332554	89483	szt	sz	t	2	akasztalak	alak	30	-1.4558636297382954	lak	akasztlak	1	-2.932984884457958	30	3.4011973816621555	Prs.1Sg›2 (mondalak)	77
fest	[/V][Prs.1Sg›2]	2.6777795819372385	408098	st	s	t	1	festelek	elek	30	-1.4558636297382954	lek	festlek	2	-2.6319548887939765	15	2.70805020110221	Prs.1Sg›2 (mondalak)	77
hőzöng	[/V][Prs.NDef.2Pl]	0.5271609330337924	2885	ng	n	g	2	hőzöngötök	ötök	1	-2.932984884457958	tök	hőzöngtök	30	-1.4558636297382954	0.03333333333333333	-3.4011973816621555	Prs.NDef.2Pl (mondotok)	43
kukkant	[/V][Prs.NDef.2Sg]	0.995564582543706	8483	nt	n	t	2	kukkantasz	asz	30	-1.4558636297382954	sz	kukkantsz	1	-2.932984884457958	30	3.4011973816621555	Prs.NDef.2Sg (mondasz)	134
sejt	[/V][Prs.1Sg›2]	2.9107709750098145	697840	jt	j	t	1	sejtelek	elek	30	-1.4558636297382954	lek	sejtlek	3	-2.455863629738295	10	2.302585092994046	Prs.1Sg›2 (mondalak)	77
száguld	[/V][Prs.NDef.2Pl]	1.6960677532704322	42565	ld	l	d	2	száguldotok	otok	30	-1.4558636297382954	tok	száguldtok	2	-2.6319548887939765	15	2.70805020110221	Prs.NDef.2Pl (mondotok)	43
furcsáll	[/V][Pst.NDef.3Pl]	1.280240588315443	16339	ll	l	l	2	furcsállottak	ottak	21	-1.6107655897240385	tak	furcsálltak	29	-1.4705868865590015	0.7241379310344828	-0.322773392263051	Pst.NDef.3Pl (mondottak)	75
suhint	[/V][Prs.NDef.2Sg]	0.7173226386739786	4470	nt	n	t	2	suhintasz	asz	29	-1.4705868865590015	sz	suhintsz	1	-2.932984884457958	29	3.367295829986474	Prs.NDef.2Sg (mondasz)	134
hajt	[/V][Prs.1Sg›2]	2.919594521957997	712163	jt	j	t	1	hajtalak	alak	28	-1.4858268531157386	lak	hajtlak	3	-2.455863629738295	9.333333333333334	2.2335922215070942	Prs.1Sg›2 (mondalak)	77
kering	[/V][Pst.Def.1Sg]	1.9960046439135095	84916	ng	n	g	2	keringettem	ettem	6	-2.1548336340743144	tem	keringtem	27	-1.5016211202989704	0.2222222222222222	-1.5040773967762742	Pst.Def.1Sg (mondottam)	35
agg	[/V][Prs.NDef.2Sg]	1.346978483000779	19053	gg	g	g	1	aggasz	asz	25	-1.5350448757859203	sz	aggsz	6	-2.1548336340743144	4.166666666666667	1.4271163556401458	Prs.NDef.2Sg (mondasz)	134
csügg	[/V][Prs.NDef.2Sg]	0.5277626573862391	2889	gg	g	g	1	csüggesz	esz	11	-1.8915921992997329	sz	csüggsz	25	-1.5350448757859203	0.44	-0.8209805520698302	Prs.NDef.2Sg (mondasz)	134
forrong	[/V][Prs.NDef.2Sg]	0.7458975302127779	4774	ng	n	g	2	forrongasz	asz	1	-2.932984884457958	sz	forrongsz	25	-1.5350448757859203	0.04	-3.2188758248682006	Prs.NDef.2Sg (mondasz)	134
restell	[/V][Prs.NDef.2Sg]	0.8460340874569128	6012	ll	l	l	2	restellesz	esz	6	-2.1548336340743144	sz	restellsz	25	-1.5350448757859203	0.24	-1.4271163556401458	Prs.NDef.2Sg (mondasz)	134
dönt	[/V][Prs.1Sg›2]	3.394476429170933	2125501	nt	n	t	1	döntelek	elek	24	-1.552773642746352	lek	döntlek	7	-2.087886844443701	3.4285714285714284	1.2321436812926323	Prs.1Sg›2 (mondalak)	77
javall	[/V][Pst.NDef.1Sg]	1.2947990163957603	16896	ll	l	l	2	javallottam	ottam	24	-1.552773642746352	tam	javalltam	8	-2.0298948974660145	3	1.0986122886681098	Pst.NDef.1Sg (mondottam)	46
vált	[/V][Prs.1Sg›2]	3.138701646345799	1179469	lt	l	t	1	váltalak	alak	24	-1.552773642746352	lak	váltlak	7	-2.087886844443701	3.4285714285714284	1.2321436812926323	Prs.1Sg›2 (mondalak)	77
kárörvend	[/V][Prs.NDef.2Pl]	0.26622159470369994	1582	nd	n	d	3	kárörvendetek	etek	1	-2.932984884457958	tek	kárörvendtek	23	-1.571257048440365	0.043478260869565216	-3.1354942159291497	Prs.NDef.2Pl (mondotok)	43
borong	[/V][Prs.NDef.2Sg]	0.4584795273811454	2463	ng	n	g	2	borongasz	asz	7	-2.087886844443701	sz	borongsz	22	-1.5905622036357516	0.3181818181818182	-1.1451323043030026	Prs.NDef.2Sg (mondasz)	134
jótáll	[/V][Pst.NDef.3Pl]	0.26069614508332367	1562	ll	l	l	2	jótállottak	ottak	1	-2.932984884457958	tak	jótálltak	22	-1.5905622036357516	0.045454545454545456	-3.0910424533583156	Pst.NDef.3Pl (mondottak)	75
kering	[/V][Pst.NDef.3Pl]	1.9960046439135095	84916	ng	n	g	2	keringettek	ettek	22	-1.5905622036357516	tek	keringtek	7	-2.087886844443701	3.142857142857143	1.1451323043030026	Pst.NDef.3Pl (mondottak)	75
rosszall	[/V][Pst.Def.1Sg]	0.28291692874607377	1644	ll	l	l	2	rosszallottam	ottam	22	-1.5905622036357516	tam	rosszalltam	4	-2.3309248931299953	5.5	1.7047480922384253	Pst.Def.1Sg (mondottam)	35
bong	[/V][Pst.NDef.3Pl]	0.4401111026207692	2361	ng	n	g	1	bongottak	ottak	1	-2.932984884457958	tak	bongtak	21	-1.6107655897240385	0.047619047619047616	-3.044522437723423	Pst.NDef.3Pl (mondottak)	75
búsong	[/V][Pst.NDef.3Pl]	0.03736199177213555	934	ng	n	g	2	búsongottak	ottak	1	-2.932984884457958	tak	búsongtak	21	-1.6107655897240385	0.047619047619047616	-3.044522437723423	Pst.NDef.3Pl (mondottak)	75
rivall	[/V][Prs.NDef.3Pl]	0.438452432946143	2352	ll	l	l	2	rivallanak	anak	6	-2.1548336340743144	nak	rivallnak	21	-1.6107655897240385	0.2857142857142857	-1.252762968495368	Prs.NDef.3Pl (mondanak)	106
sokall	[/V][Prs.NDef.2Sg]	1.272002819729194	16032	ll	l	l	2	sokallasz	asz	9	-1.978742375018633	sz	sokallsz	21	-1.6107655897240385	0.42857142857142855	-0.8472978603872037	Prs.NDef.2Sg (mondasz)	134
hullong	[/V][Prs.NDef.3Pl]	-0.6385186582963649	197	ng	n	g	2	hullonganak	anak	20	-1.6319548887939763	nak	hullongnak	2	-2.6319548887939765	10	2.302585092994046	Prs.NDef.3Pl (mondanak)	106
lázong	[/V][Prs.NDef.2Sg]	0.478803120085911	2581	ng	n	g	2	lázongasz	asz	4	-2.3309248931299953	sz	lázongsz	20	-1.6319548887939763	0.2	-1.6094379124341003	Prs.NDef.2Sg (mondasz)	134
téveszt	[/V][Prs.1Sg›2]	1.7844276275827178	52169	szt	sz	t	2	tévesztelek	elek	20	-1.6319548887939763	lek	tévesztlek	4	-2.3309248931299953	5	1.6094379124341003	Prs.1Sg›2 (mondalak)	77
átall	[/V][Prs.NDef.2Sg]	1.0077805511732596	8725	ll	l	l	2	átallasz	asz	20	-1.6319548887939763	sz	átallsz	13	-1.819041532151121	1.5384615384615385	0.43078291609245434	Prs.NDef.2Sg (mondasz)	134
ömleng	[/V][Prs.NDef.2Sg]	0.2612518642658714	1564	ng	n	g	2	ömlengesz	esz	4	-2.3309248931299953	sz	ömlengsz	20	-1.6319548887939763	0.2	-1.6094379124341003	Prs.NDef.2Sg (mondasz)	134
jelent	[/V][Prs.1Sg›2]	3.848512349249592	6046405	nt	n	t	2	jelentelek	elek	19	-1.654231283505129	lek	jelentlek	5	-2.234014880121939	3.8	1.33500106673234	Prs.1Sg›2 (mondalak)	77
dühöng	[/V][Prs.NDef.2Pl]	1.3723234834061857	20198	ng	n	g	2	dühöngötök	ötök	3	-2.455863629738295	tök	dühöngtök	18	-1.6777123793546518	0.16666666666666666	-1.791759469228055	Prs.NDef.2Pl (mondotok)	43
gerjeszt	[/V][Prs.1Sg›2]	1.5671280377017365	31631	szt	sz	t	2	gerjesztelek	elek	18	-1.6777123793546518	lek	gerjesztlek	1	-2.932984884457958	18	2.8903717578961645	Prs.1Sg›2 (mondalak)	77
veszt	[/V][Prs.1Sg›2]	2.6514582920249814	384099	szt	sz	t	1	vesztelek	elek	18	-1.6777123793546518	lek	vesztlek	3	-2.455863629738295	6	1.791759469228055	Prs.1Sg›2 (mondalak)	77
kelt	[/V][Prs.1Sg›2]	2.7981185534768014	538398	lt	l	t	1	keltelek	elek	17	-1.702535963079684	lek	keltlek	1	-2.932984884457958	17	2.833213344056216	Prs.1Sg›2 (mondalak)	77
riaszt	[/V][Prs.1Sg›2]	1.8228823519462607	56999	szt	sz	t	2	riasztalak	alak	17	-1.702535963079684	lak	riasztlak	9	-1.978742375018633	1.8888888888888888	0.6359887667199967	Prs.1Sg›2 (mondalak)	77
ajánl	[/V][Pst.NDef.1Sg]	3.322595137004172	1801275	nl	n	l	2	ajánlottam	ottam	11	-1.8915921992997329	tam	ajánltam	16	-1.728864901802033	0.6875	-0.3746934494414107	Pst.NDef.1Sg (mondottam)	46
tolong	[/V][Prs.NDef.2Sg]	1.2105607427804643	13917	ng	n	g	2	tolongasz	asz	2	-2.6319548887939765	sz	tolongsz	16	-1.728864901802033	0.125	-2.0794415416798357	Prs.NDef.2Sg (mondasz)	134
áld	[/V][Prs.NDef.2Pl]	1.9847463785340496	82743	ld	l	d	1	áldotok	otok	16	-1.728864901802033	tok	áldtok	2	-2.6319548887939765	8	2.0794415416798357	Prs.NDef.2Pl (mondotok)	43
szégyell	[/V][Pst.NDef.1Sg]	2.0545830722375222	97178	ll	l	l	2	szégyellettem	ettem	15	-1.756893625402277	tem	szégyelltem	14	-1.7868568487797198	1.0714285714285714	0.06899287148695142	Pst.NDef.1Sg (mondottam)	46
állong	[/V][Prs.NDef.3Pl]	-0.623354717032059	204	ng	n	g	2	állonganak	anak	15	-1.756893625402277	nak	állongnak	7	-2.087886844443701	2.142857142857143	0.7621400520468967	Prs.NDef.3Pl (mondanak)	106
ellentmond	[/V][Prs.NDef.2Pl]	1.8501894968434336	60698	nd	n	d	3	ellentmondotok	otok	2	-2.6319548887939765	tok	ellentmondtok	14	-1.7868568487797198	0.14285714285714285	-1.9459101490553135	Prs.NDef.2Pl (mondotok)	43
füröszt	[/V][Prs.1Sg›2]	0.5572546007883294	3092	szt	sz	t	2	fürösztelek	elek	14	-1.7868568487797198	lek	fürösztlek	3	-2.455863629738295	4.666666666666667	1.540445040947149	Prs.1Sg›2 (mondalak)	77
odábbáll	[/V][Pst.NDef.3Pl]	-0.6128385983469038	209	ll	l	l	3	odábbállottak	ottak	1	-2.932984884457958	tak	odábbálltak	14	-1.7868568487797198	0.07142857142857142	-2.639057329615259	Pst.NDef.3Pl (mondottak)	75
rosszall	[/V][Pst.NDef.1Sg]	0.28291692874607377	1644	ll	l	l	2	rosszallottam	ottam	8	-2.0298948974660145	tam	rosszalltam	14	-1.7868568487797198	0.5714285714285714	-0.5596157879354228	Pst.NDef.1Sg (mondottam)	46
ráng	[/V][Pst.NDef.1Sg]	1.3527524056886966	19308	ng	n	g	1	rángottam	ottam	1	-2.932984884457958	tam	rángtam	13	-1.819041532151121	0.07692307692307693	-2.5649493574615367	Pst.NDef.1Sg (mondottam)	46
támaszt	[/V][Prs.1Sg›2]	2.412676973025972	221647	szt	sz	t	2	támasztalak	alak	13	-1.819041532151121	lak	támasztlak	1	-2.932984884457958	13	2.5649493574615367	Prs.1Sg›2 (mondalak)	77
reng	[/V][Pst.NDef.3Pl]	1.2320515955366076	14623	ng	n	g	1	rengettek	ettek	10	-1.9329848844579576	tek	rengtek	12	-1.853803638410333	0.8333333333333334	-0.1823215567939546	Pst.NDef.3Pl (mondottak)	75
csügg	[/V][Prs.NDef.2Pl]	0.5277626573862391	2889	gg	g	g	1	csüggötök	ötök	1	-2.932984884457958	tök	csüggtök	11	-1.8915921992997329	0.09090909090909091	-2.3978952727983707	Prs.NDef.2Pl (mondotok)	43
hint	[/V][Prs.1Sg›2]	1.5869611793795713	33109	nt	n	t	1	hintelek	elek	11	-1.8915921992997329	lek	hintlek	1	-2.932984884457958	11	2.3978952727983707	Prs.1Sg›2 (mondalak)	77
rosszall	[/V][Prs.NDef.3Pl]	0.28291692874607377	1644	ll	l	l	2	rosszallanak	anak	11	-1.8915921992997329	nak	rosszallnak	8	-2.0298948974660145	1.375	0.3184537311185346	Prs.NDef.3Pl (mondanak)	106
szánt	[/V][Prs.1Sg›2]	2.6324130648880937	367619	nt	n	t	1	szántalak	alak	11	-1.8915921992997329	lak	szántlak	3	-2.455863629738295	3.6666666666666665	1.2992829841302609	Prs.1Sg›2 (mondalak)	77
önt	[/V][Prs.1Sg›2]	2.628092636201345	363980	nt	n	t	1	öntelek	elek	11	-1.8915921992997329	lek	öntlek	9	-1.978742375018633	1.2222222222222223	0.20067069546215124	Prs.1Sg›2 (mondalak)	77
agg	[/V][Prs.NDef.3Pl]	1.346978483000779	19053	gg	g	g	1	agganak	anak	3	-2.455863629738295	nak	aggnak	10	-1.9329848844579576	0.3	-1.2039728043259361	Prs.NDef.3Pl (mondanak)	106
búsong	[/V][Prs.NDef.2Sg]	0.03736199177213555	934	ng	n	g	2	búsongasz	asz	2	-2.6319548887939765	sz	búsongsz	10	-1.9329848844579576	0.2	-1.6094379124341003	Prs.NDef.2Sg (mondasz)	134
kereng	[/V][Prs.NDef.2Sg]	0.4808176323113937	2593	ng	n	g	2	kerengesz	esz	2	-2.6319548887939765	sz	kerengsz	10	-1.9329848844579576	0.2	-1.6094379124341003	Prs.NDef.2Sg (mondasz)	134
kérd	[/V][Prs.NDef.2Pl]	1.9986204382455903	85429	rd	r	d	1	kérdetek	etek	6	-2.1548336340743144	tek	kérdtek	10	-1.9329848844579576	0.6	-0.5108256237659907	Prs.NDef.2Pl (mondotok)	43
billent	[/V][Prs.1Sg›2]	1.2721111631205262	16036	nt	n	t	2	billentelek	elek	9	-1.978742375018633	lek	billentlek	1	-2.932984884457958	9	2.1972245773362196	Prs.1Sg›2 (mondalak)	77
dülöng	[/V][Prs.NDef.3Pl]	-0.627633515011334	202	ng	n	g	2	dülöngenek	enek	9	-1.978742375018633	nek	dülöngnek	6	-2.1548336340743144	1.5	0.4054651081081644	Prs.NDef.3Pl (mondanak)	106
firkant	[/V][Prs.NDef.2Sg]	0.35816187727392773	1955	nt	n	t	2	firkantasz	asz	9	-1.978742375018633	sz	firkantsz	1	-2.932984884457958	9	2.1972245773362196	Prs.NDef.2Sg (mondasz)	134
forr	[/V][Prs.NDef.2Pl]	1.836569668505726	58824	rr	r	r	1	forrotok	otok	1	-2.932984884457958	tok	forrtok	9	-1.978742375018633	0.1111111111111111	-2.1972245773362196	Prs.NDef.2Pl (mondotok)	43
leng	[/V][Prs.1Sg›2]	1.7526762559372897	48491	ng	n	g	1	lengelek	elek	9	-1.978742375018633	lek	lenglek	2	-2.6319548887939765	4.5	1.5040773967762742	Prs.1Sg›2 (mondalak)	77
reng	[/V][Pst.NDef.1Sg]	1.2320515955366076	14623	ng	n	g	1	rengettem	ettem	4	-2.3309248931299953	tem	rengtem	9	-1.978742375018633	0.4444444444444444	-0.8109302162163288	Pst.NDef.1Sg (mondottam)	46
rikolt	[/V][Prs.NDef.2Sg]	0.39864483317197447	2146	lt	l	t	2	rikoltasz	asz	3	-2.455863629738295	sz	rikoltsz	9	-1.978742375018633	0.3333333333333333	-1.0986122886681098	Prs.NDef.2Sg (mondasz)	134
ring	[/V][Prs.NDef.2Pl]	1.9599496550527609	78151	ng	n	g	1	ringotok	otok	1	-2.932984884457958	tok	ringtok	9	-1.978742375018633	0.1111111111111111	-2.1972245773362196	Prs.NDef.2Pl (mondotok)	43
kong	[/V][Prs.NDef.2Sg]	1.684612987091838	41457	ng	n	g	1	kongasz	asz	1	-2.932984884457958	sz	kongsz	8	-2.0298948974660145	0.125	-2.0794415416798357	Prs.NDef.2Sg (mondasz)	134
ring	[/V][Pst.Def.1Sg]	1.9599496550527609	78151	ng	n	g	1	ringottam	ottam	2	-2.6319548887939765	tam	ringtam	8	-2.0298948974660145	0.25	-1.3862943611198906	Pst.Def.1Sg (mondottam)	35
ráng	[/V][Prs.NDef.2Sg]	1.3527524056886966	19308	ng	n	g	1	rángasz	asz	8	-2.0298948974660145	sz	rángsz	3	-2.455863629738295	2.6666666666666665	0.9808292530117262	Prs.NDef.2Sg (mondasz)	134
röstell	[/V][Prs.NDef.2Sg]	0.6188309378930578	3563	ll	l	l	2	röstellesz	esz	1	-2.932984884457958	sz	röstellsz	8	-2.0298948974660145	0.125	-2.0794415416798357	Prs.NDef.2Sg (mondasz)	134
villong	[/V][Prs.NDef.3Pl]	-0.8685268952310394	116	ng	n	g	2	villonganak	anak	8	-2.0298948974660145	nak	villongnak	2	-2.6319548887939765	4	1.3862943611198906	Prs.NDef.3Pl (mondanak)	106
visong	[/V][Prs.NDef.2Sg]	0.3176790350052857	1781	ng	n	g	2	visongasz	asz	2	-2.6319548887939765	sz	visongsz	8	-2.0298948974660145	0.25	-1.3862943611198906	Prs.NDef.2Sg (mondasz)	134
ing	[/V][Pst.NDef.1Sg]	2.180008663585595	129716	ng	n	g	1	ingottam	ottam	7	-2.087886844443701	tam	ingtam	1	-2.932984884457958	7	1.9459101490553132	Pst.NDef.1Sg (mondottam)	46
kárörvend	[/V][Prs.NDef.2Sg]	0.26622159470369994	1582	nd	n	d	3	kárörvendesz	esz	7	-2.087886844443701	sz	kárörvendsz	2	-2.6319548887939765	3.5	1.252762968495368	Prs.NDef.2Sg (mondasz)	134
rosszall	[/V][Pst.NDef.3Pl]	0.28291692874607377	1644	ll	l	l	2	rosszallottak	ottak	7	-2.087886844443701	tak	rosszalltak	3	-2.455863629738295	2.3333333333333335	0.8472978603872037	Pst.NDef.3Pl (mondottak)	75
serkent	[/V][Prs.1Sg›2]	2.050384267520748	96243	nt	n	t	2	serkentelek	elek	7	-2.087886844443701	lek	serkentlek	6	-2.1548336340743144	1.1666666666666667	0.15415067982725836	Prs.1Sg›2 (mondalak)	77
beleért	[/V][Prs.NDef.2Sg]	2.687566519794711	417399	rt	r	t	3	beleértesz	esz	6	-2.1548336340743144	sz	beleértsz	1	-2.932984884457958	6	1.791759469228055	Prs.NDef.2Sg (mondasz)	134
cuppant	[/V][Prs.1Sg›2]	0.03080294288759742	920	nt	n	t	2	cuppantalak	alak	2	-2.6319548887939765	lak	cuppantlak	6	-2.1548336340743144	0.3333333333333333	-1.0986122886681098	Prs.1Sg›2 (mondalak)	77
elagg	[/V][Prs.NDef.3Pl]	0.10998418893522229	1104	gg	g	g	2	elagganak	anak	6	-2.1548336340743144	nak	elaggnak	2	-2.6319548887939765	3	1.0986122886681098	Prs.NDef.3Pl (mondanak)	106
eseng	[/V][Prs.NDef.2Sg]	0.2304746673120323	1457	ng	n	g	2	esengesz	esz	6	-2.1548336340743144	sz	esengsz	5	-2.234014880121939	1.2	0.1823215567939546	Prs.NDef.2Sg (mondasz)	134
ing	[/V][Prs.NDef.2Sg]	2.180008663585595	129716	ng	n	g	1	ingasz	asz	6	-2.1548336340743144	sz	ingsz	1	-2.932984884457958	6	1.791759469228055	Prs.NDef.2Sg (mondasz)	134
rajong	[/V][Pst.Def.1Sg]	2.0252970219361894	90841	ng	n	g	2	rajongottam	ottam	6	-2.1548336340743144	tam	rajongtam	1	-2.932984884457958	6	1.791759469228055	Pst.Def.1Sg (mondottam)	35
veszejt	[/V][Prs.1Sg›2]	0.22987810886396828	1455	jt	j	t	2	veszejtelek	elek	6	-2.1548336340743144	lek	veszejtlek	1	-2.932984884457958	6	1.791759469228055	Prs.1Sg›2 (mondalak)	77
ölt	[/V][Prs.1Sg›2]	2.2726768182003068	160569	lt	l	t	1	öltelek	elek	6	-2.1548336340743144	lek	öltlek	1	-2.932984884457958	6	1.791759469228055	Prs.1Sg›2 (mondalak)	77
alábbszáll	[/V][Pst.NDef.3Pl]	-0.5509678418830894	241	ll	l	l	3	alábbszállottak	ottak	1	-2.932984884457958	tak	alábbszálltak	5	-2.234014880121939	0.2	-1.6094379124341003	Pst.NDef.3Pl (mondottak)	75
drágáll	[/V][Prs.NDef.3Pl]	0.3857043854897881	2083	ll	l	l	2	drágállanak	anak	1	-2.932984884457958	nak	drágállnak	5	-2.234014880121939	0.2	-1.6094379124341003	Prs.NDef.3Pl (mondanak)	106
kiált	[/V][Prs.1Sg›2]	2.355172642073583	194159	lt	l	t	2	kiáltalak	alak	5	-2.234014880121939	lak	kiáltlak	4	-2.3309248931299953	1.25	0.22314355131420976	Prs.1Sg›2 (mondalak)	77
zsong	[/V][Prs.NDef.2Sg]	0.9725411639770906	8045	ng	n	g	1	zsongasz	asz	3	-2.455863629738295	sz	zsongsz	5	-2.234014880121939	0.6	-0.5108256237659907	Prs.NDef.2Sg (mondasz)	134
zsong	[/V][Pst.Def.1Sg]	0.9725411639770906	8045	ng	n	g	1	zsongottam	ottam	1	-2.932984884457958	tam	zsongtam	5	-2.234014880121939	0.2	-1.6094379124341003	Pst.Def.1Sg (mondottam)	35
csavarint	[/V][Prs.NDef.2Sg]	-0.01970098269753937	819	nt	n	t	3	csavarintasz	asz	4	-2.3309248931299953	sz	csavarintsz	1	-2.932984884457958	4	1.3862943611198906	Prs.NDef.2Sg (mondasz)	134
kétell	[/V][Pst.Def.3Sg]	-1.4015059674157029	34	ll	l	l	2	kétellette	ette	4	-2.3309248931299953	te	kétellte	3	-2.455863629738295	1.3333333333333333	0.28768207245178085	Pst.Def.3Sg (mondotta)	36
ront	[/V][Prs.1Sg›2]	2.498256616638663	269924	nt	n	t	1	rontalak	alak	3	-2.455863629738295	lak	rontlak	4	-2.3309248931299953	0.75	-0.2876820724517809	Prs.1Sg›2 (mondalak)	77
átall	[/V][Prs.NDef.2Pl]	1.0077805511732596	8725	ll	l	l	2	átallotok	otok	1	-2.932984884457958	tok	átalltok	4	-2.3309248931299953	0.25	-1.3862943611198906	Prs.NDef.2Pl (mondotok)	43
dong	[/V][Prs.NDef.2Sg]	0.9073721747453984	6924	ng	n	g	1	dongasz	asz	1	-2.932984884457958	sz	dongsz	3	-2.455863629738295	0.3333333333333333	-1.0986122886681098	Prs.NDef.2Sg (mondasz)	134
drágáll	[/V][Pst.NDef.3Pl]	0.3857043854897881	2083	ll	l	l	2	drágállottak	ottak	3	-2.455863629738295	tak	drágálltak	1	-2.932984884457958	3	1.0986122886681098	Pst.NDef.3Pl (mondottak)	75
fold	[/V][Prs.1Sg›2]	1.3591603833561636	19595	ld	l	d	1	foldalak	alak	3	-2.455863629738295	lak	foldlak	1	-2.932984884457958	3	1.0986122886681098	Prs.1Sg›2 (mondalak)	77
fuvall	[/V][Prs.NDef.3Pl]	-0.5885926107728471	221	ll	l	l	2	fuvallanak	anak	2	-2.6319548887939765	nak	fuvallnak	3	-2.455863629738295	0.6666666666666666	-0.40546510810816444	Prs.NDef.3Pl (mondanak)	106
javall	[/V][Prs.NDef.2Sg]	1.2947990163957603	16896	ll	l	l	2	javallasz	asz	3	-2.455863629738295	sz	javallsz	2	-2.6319548887939765	1.5	0.4054651081081644	Prs.NDef.2Sg (mondasz)	134
küzd	[/V][Prs.1Sg›2]	2.8842471998392543	656496	zd	z	d	1	küzdelek	elek	3	-2.455863629738295	lek	küzdlek	1	-2.932984884457958	3	1.0986122886681098	Prs.1Sg›2 (mondalak)	77
megdöbbent	[/V][Prs.1Sg›2]	1.3803971731201916	20577	nt	n	t	3	megdöbbentelek	elek	3	-2.455863629738295	lek	megdöbbentlek	1	-2.932984884457958	3	1.0986122886681098	Prs.1Sg›2 (mondalak)	77
reng	[/V][Prs.NDef.2Sg]	1.2320515955366076	14623	ng	n	g	1	rengesz	esz	3	-2.455863629738295	sz	rengsz	3	-2.455863629738295	1	0	Prs.NDef.2Sg (mondasz)	134
rövidell	[/V][Pst.NDef.1Sg]	-1.5180115364871398	26	ll	l	l	3	rövidellettem	ettem	3	-2.455863629738295	tem	rövidelltem	1	-2.932984884457958	3	1.0986122886681098	Pst.NDef.1Sg (mondottam)	46
szalajt	[/V][Prs.NDef.2Sg]	0.31938263000194106	1788	jt	j	t	2	szalajtasz	asz	3	-2.455863629738295	sz	szalajtsz	2	-2.6319548887939765	1.5	0.4054651081081644	Prs.NDef.2Sg (mondasz)	134
tapint	[/V][Prs.1Sg›2]	1.2683849248851644	15899	nt	n	t	2	tapintalak	alak	3	-2.455863629738295	lak	tapintlak	2	-2.6319548887939765	1.5	0.4054651081081644	Prs.1Sg›2 (mondalak)	77
teng	[/V][Prs.NDef.2Sg]	1.0082283031273636	8734	ng	n	g	1	tengesz	esz	3	-2.455863629738295	sz	tengsz	3	-2.455863629738295	1	0	Prs.NDef.2Sg (mondasz)	134
terjeng	[/V][Pst.NDef.3Pl]	1.144782605924099	11961	ng	n	g	2	terjengettek	ettek	3	-2.455863629738295	tek	terjengtek	1	-2.932984884457958	3	1.0986122886681098	Pst.NDef.3Pl (mondottak)	75
feketéll	[/V][Prs.NDef.3Pl]	-0.3180876684248232	412	ll	l	l	3	feketéllenek	enek	1	-2.932984884457958	nek	feketéllnek	2	-2.6319548887939765	0.5	-0.6931471805599453	Prs.NDef.3Pl (mondanak)	106
javall	[/V][Prs.NDef.2Pl]	1.2947990163957603	16896	ll	l	l	2	javallotok	otok	2	-2.6319548887939765	tok	javalltok	1	-2.932984884457958	2	0.6931471805599453	Prs.NDef.2Pl (mondotok)	43
kering	[/V][Prs.1Sg›2]	1.9960046439135095	84916	ng	n	g	2	keringelek	elek	1	-2.932984884457958	lek	keringlek	2	-2.6319548887939765	0.5	-0.6931471805599453	Prs.1Sg›2 (mondalak)	77
kong	[/V][Prs.NDef.2Pl]	1.684612987091838	41457	ng	n	g	1	kongotok	otok	2	-2.6319548887939765	tok	kongtok	1	-2.932984884457958	2	0.6931471805599453	Prs.NDef.2Pl (mondotok)	43
meghökkent	[/V][Prs.NDef.2Sg]	0.7318450566851327	4622	nt	n	t	3	meghökkentesz	esz	2	-2.6319548887939765	sz	meghökkentsz	2	-2.6319548887939765	1	0	Prs.NDef.2Sg (mondasz)	134
nagyoll	[/V][Pst.Def.3Sg]	-1.2995164288783714	43	ll	l	l	2	nagyollotta	otta	1	-2.932984884457958	ta	nagyollta	2	-2.6319548887939765	0.5	-0.6931471805599453	Pst.Def.3Sg (mondotta)	36
rettent	[/V][Prs.1Sg›2]	0.951243885174646	7660	nt	n	t	2	rettentelek	elek	2	-2.6319548887939765	lek	rettentlek	2	-2.6319548887939765	1	0	Prs.1Sg›2 (mondalak)	77
ráng	[/V][Pst.Def.1Sg]	1.3527524056886966	19308	ng	n	g	1	rángottam	ottam	1	-2.932984884457958	tam	rángtam	2	-2.6319548887939765	0.5	-0.6931471805599453	Pst.Def.1Sg (mondottam)	35
setteng	[/V][Prs.NDef.3Pl]	-0.9645019359040228	93	ng	n	g	2	settengenek	enek	2	-2.6319548887939765	nek	settengnek	2	-2.6319548887939765	1	0	Prs.NDef.3Pl (mondanak)	106
sóhajt	[/V][Prs.1Sg›2]	1.812815728087108	55693	jt	j	t	2	sóhajtalak	alak	1	-2.932984884457958	lak	sóhajtlak	2	-2.6319548887939765	0.5	-0.6931471805599453	Prs.1Sg›2 (mondalak)	77
fejt	[/V][Prs.1Sg›2]	2.4782289537346416	257759	jt	j	t	1	fejtelek	elek	1	-2.932984884457958	lek	fejtlek	1	-2.932984884457958	1	0	Prs.1Sg›2 (mondalak)	77
függeszt	[/V][Prs.1Sg›2]	1.769359473897811	50390	szt	sz	t	2	függesztelek	elek	1	-2.932984884457958	lek	függesztlek	1	-2.932984884457958	1	0	Prs.1Sg›2 (mondalak)	77
hosszall	[/V][Pst.NDef.1Sg]	-1.5180115364871398	26	ll	l	l	2	hosszallottam	ottam	1	-2.932984884457958	tam	hosszalltam	1	-2.932984884457958	1	0	Pst.NDef.1Sg (mondottam)	46
maraszt	[/V][Prs.1Sg›2]	0.00951922171012292	876	szt	sz	t	2	marasztalak	alak	1	-2.932984884457958	lak	marasztlak	1	-2.932984884457958	1	0	Prs.1Sg›2 (mondalak)	77
pang	[/V][Prs.NDef.2Sg]	0.8573002795752839	6170	ng	n	g	1	pangasz	asz	1	-2.932984884457958	sz	pangsz	1	-2.932984884457958	1	0	Prs.NDef.2Sg (mondasz)	134
pillant	[/V][Prs.1Sg›2]	2.0275762625908595	91319	nt	n	t	2	pillantalak	alak	1	-2.932984884457958	lak	pillantlak	1	-2.932984884457958	1	0	Prs.1Sg›2 (mondalak)	77
rajong	[/V][Prs.1Sg›2]	2.0252970219361894	90841	ng	n	g	2	rajongalak	alak	1	-2.932984884457958	lak	rajonglak	1	-2.932984884457958	1	0	Prs.1Sg›2 (mondalak)	77
rikkant	[/V][Prs.NDef.2Sg]	0.4522637979452621	2428	nt	n	t	2	rikkantasz	asz	1	-2.932984884457958	sz	rikkantsz	1	-2.932984884457958	1	0	Prs.NDef.2Sg (mondasz)	134
