lemma	lemma_orth	xpostag	llfpm10	lemma_freq	coda	c1	c2	lemma_syl_count	class	form_v	form_v_orth	suffix_v	freq_v	lfpm10v	suffix_nv	form_nv	form_nv_orth	freq_nv	lfpm10nv	odds_v	lo_v	varies	tag	tag_freq_in_dataset	category	form
áll	áll	[/V][Prs.NDef.3Pl]	3.9639210093508	7886892	ll	l	l	1	cc	állanak	állanak	anak	12357	1.1589281622181222	nak	állnak	állnak	787800	2.963431092015165	0.015685453160700684	-4.155021546414752	TRUE	Prs.NDef.3Pl (mondanak)	4938	test	állnak
tart	tart	[/V][Prs.NDef.3Pl]	3.987109835917599	8319452	rt	r	t	1	cc	tartanak	tartanak	anak	422679	2.693025786813986	nak	tartnak	tartnak	99	-0.937349689860408	4269.484848484848	8.359248454561612	TRUE	Prs.NDef.3Pl (mondanak)	4938	test	tartnak
šegít	segít	[/V][Prs.NDef.3Pl]	3.737458026782751	4682124	t	t		2	vc	šegítenek	segítenek	enek	281347	2.5162574041794072	nek	šegítnek	segítnek	279	-0.48738068118436023	1008.4121863799284	6.916132280107789	TRUE	Prs.NDef.3Pl (mondanak)	4938	NA	NA
serepel	szerepel	[/V][Prs.NDef.3Pl]	3.3582689382149256	1955482	l	l		3	vc	serepelenek	szerepelenek	enek	9	-1.978742375018633	nek	serepelnek	szerepelnek	265535	2.49113688881283	3.3893836970644174e-5	-10.292277360381526	TRUE	Prs.NDef.3Pl (mondanak)	4938	NA	NA
ṉújt	nyújt	[/V][Prs.NDef.3Pl]	3.490448433130639	2651144	jt	j	t	1	cc	ṉújtanak	nyújtanak	anak	224173	2.417598419353469	nak	ṉújtnak	nyújtnak	46	-1.2702270527763837	4873.326086956522	8.491531957689928	TRUE	Prs.NDef.3Pl (mondanak)	4938	test	ṉújtnak
sámít	számít	[/V][Prs.NDef.3Pl]	3.4385556394811343	2352559	t	t		2	vc	sámítanak	számítanak	anak	189909	2.3455606624682015	nak	sámítnak	számítnak	153	-0.748293453640359	1241.235294117647	7.12386236764984	TRUE	Prs.NDef.3Pl (mondanak)	4938	NA	NA
biztošít	biztosít	[/V][Prs.NDef.3Pl]	3.6171036154920224	3548857	t	t		3	vc	biztošítanak	biztosítanak	anak	181745	2.3264775873301793	nak	biztošítnak	biztosítnak	184	-0.6681670614484213	987.7445652173913	6.895424127091996	TRUE	Prs.NDef.3Pl (mondanak)	4938	NA	NA
kezd	kezd	[/V][Prs.NDef.3Pl]	3.772113864625659	5071060	zd	z	d	1	cc	kezdenek	kezdenek	enek	148387	2.2384109701537196	nek	kezdnek	kezdnek	592	-0.16066317773503802	250.65371621621622	5.524072369916046	TRUE	Prs.NDef.3Pl (mondanak)	4938	test	kezdnek
kell	kell	[/V][Prs.NDef.3Pl]	4.529006843156771	28972884	ll	l	l	1	cc	kellenek	kellenek	enek	119829	2.1455770505889933	nek	kellnek	kellnek	156	-0.7398602861034962	768.1346153846154	6.643964998236567	TRUE	Prs.NDef.3Pl (mondanak)	4938	test	kellnek
késít	készít	[/V][Prs.NDef.3Pl]	3.587482795917409	3314879	t	t		2	vc	késítenek	készítenek	enek	118759	2.1416816475419136	nek	késítnek	készítnek	63	-1.133644335004376	1885.063492063492	7.541716782107162	TRUE	Prs.NDef.3Pl (mondanak)	4938	NA	NA
mond	mond	[/V][Prs.NDef.3Pl]	4.129447533832242	11546023	nd	n	d	1	cc	mondanak	mondanak	anak	113365	2.1214941079024947	nak	mondnak	mondnak	412	-0.3180876684248232	275.15776699029124	5.617344631311217	TRUE	Prs.NDef.3Pl (mondanak)	4938	test	mondnak
dönt	dönt	[/V][Prs.NDef.3Pl]	3.394476429170933	2125501	nt	n	t	1	cc	döntenek	döntenek	enek	103279	2.0810271397598905	nek	döntnek	döntnek	8	-2.0298948974660145	12909.875	9.465747801377082	TRUE	Prs.NDef.3Pl (mondanak)	4938	test	döntnek
tölt	tölt	[/V][Prs.NDef.3Pl]	3.4380290110614276	2349708	lt	l	t	1	cc	töltenek	töltenek	enek	94093	2.040572431058009	nek	töltnek	töltnek	6	-2.1548336340743144	15682.166666666666	9.660279464630493	TRUE	Prs.NDef.3Pl (mondanak)	4938	test	töltnek
küzd	küzd	[/V][Prs.NDef.3Pl]	2.8842471998392543	656496	zd	z	d	1	cc	küzdenek	küzdenek	enek	82211	1.9819450464602493	nek	küzdnek	küzdnek	36	-1.3766823836906703	2283.6388888888887	7.733525453586409	TRUE	Prs.NDef.3Pl (mondanak)	4938	test	küzdnek
állít	állít	[/V][Prs.NDef.3Pl]	3.44386770736415	2381511	t	t		2	vc	állítanak	állítanak	anak	78472	1.9617298370679912	nak	állítnak	állítnak	63	-1.133644335004376	1245.5873015873017	7.127362425852619	TRUE	Prs.NDef.3Pl (mondanak)	4938	NA	NA
áll	áll	[/V][Prs.NDef.2Sg]	3.9639210093508	7886892	ll	l	l	1	cc	állas	állasz	as	501	-0.23314715859071208	s	álls	állsz	76550	1.950960310576322	0.006544741998693664	-5.029093300000965	TRUE	Prs.NDef.2Sg (mondas)	4096	test	álls
épít	épít	[/V][Prs.NDef.3Pl]	3.2018428583606102	1364042	t	t		2	vc	építenek	építenek	enek	76010	1.9478858480744656	nek	építnek	építnek	38	-1.3532012878411477	2000.2631578947369	7.6010340298337	TRUE	Prs.NDef.3Pl (mondanak)	4938	NA	NA
tekint	tekint	[/V][Prs.NDef.3Pl]	3.253129436802632	1535021	nt	n	t	2	cc	tekintenek	tekintenek	enek	63023	1.8665141880143536	nek	tekintnek	tekintnek	12	-1.853803638410333	5251.916666666667	8.566348368325492	TRUE	Prs.NDef.3Pl (mondanak)	4938	test	tekintnek
válast	választ	[/V][Prs.NDef.3Pl]	3.596984538197973	3388203	st	s	t	2	cc	válastanak	választanak	anak	62873	1.8654792988501032	nak	válastnak	választnak	13	-1.819041532151121	4836.384615384615	8.483922740289453	TRUE	Prs.NDef.3Pl (mondanak)	4938	test	válastnak
fordít	fordít	[/V][Prs.NDef.3Pl]	3.014535099548731	886176	t	t		2	vc	fordítanak	fordítanak	anak	55103	1.8081903595476985	nak	fordítnak	fordítnak	52	-1.2169815408231586	1059.673076923077	6.965715721538404	TRUE	Prs.NDef.3Pl (mondanak)	4938	NA	NA
ḏűjt	gyűjt	[/V][Prs.NDef.3Pl]	2.9400629622305536	746531	jt	j	t	1	cc	ḏűjtenek	gyűjtenek	enek	52991	1.791217230760921	nek	ḏűjtnek	gyűjtnek	22	-1.5905622036357516	2408.681818181818	7.786834913435613	TRUE	Prs.NDef.3Pl (mondanak)	4938	test	ḏűjtnek
foḏast	fogyaszt	[/V][Prs.NDef.3Pl]	2.9152615186654556	705093	st	s	t	2	cc	foḏastanak	fogyasztanak	anak	52621	1.7881742126242093	nak	foḏastnak	fogyasztnak	9	-1.978742375018633	5846.777777777777	8.673645981258407	TRUE	Prs.NDef.3Pl (mondanak)	4938	test	foḏastnak
küld	küld	[/V][Prs.NDef.3Pl]	3.329046184230405	1828231	ld	l	d	1	cc	küldenek	küldenek	enek	49552	1.7620763035547538	nek	küldnek	küldnek	79	-1.0353577931675164	627.2405063291139	6.441330049745963	TRUE	Prs.NDef.3Pl (mondanak)	4938	test	küldnek
alakít	alakít	[/V][Prs.NDef.3Pl]	3.073036794898776	1013962	t	t		3	vc	alakítanak	alakítanak	anak	49219	1.7591479012823787	nak	alakítnak	alakítnak	11	-1.8915921992997329	4474.454545454545	8.406139733995953	TRUE	Prs.NDef.3Pl (mondanak)	4938	NA	NA
hašonlít	hasonlít	[/V][Prs.NDef.3Pl]	2.7944123971664334	533823	t	t		3	vc	hašonlítanak	hasonlítanak	anak	48437	1.752192352329476	nak	hašonlítnak	hasonlítnak	69	-1.0941357937207026	701.9855072463768	6.55391275886452	TRUE	Prs.NDef.3Pl (mondanak)	4938	NA	NA
teremt	teremt	[/V][Prs.NDef.3Pl]	2.9969798872652507	851069	mt	m	t	2	cc	teremtenek	teremtenek	enek	44547	1.7158335775105404	nek	teremtnek	teremtnek	2	-2.6319548887939765	22273.5	10.011152910004226	TRUE	Prs.NDef.3Pl (mondanak)	4938	test	teremtnek
sáll	száll	[/V][Prs.NDef.3Pl]	2.818571340335746	564360	ll	l	l	1	cc	sállanak	szállanak	anak	1182	0.13963259208727874	nak	sállnak	szállnak	41273	1.6826811530187649	0.028638577278123713	-3.5530006141667543	TRUE	Prs.NDef.3Pl (mondanak)	4938	test	sállnak
tart	tart	[/V][Prs.NDef.2Sg]	3.987109835917599	8319452	rt	r	t	1	cc	tartas	tartasz	as	41142	1.6813005153910607	s	tarts	tartsz	185	-0.6658131560549441	222.38918918918918	5.404428951434094	TRUE	Prs.NDef.2Sg (mondas)	4096	test	tarts
mond	mond	[/V][Prs.NDef.2Sg]	4.129447533832242	11546023	nd	n	d	1	cc	mondas	mondasz	as	39605	1.6647651331678863	s	monds	mondsz	407	-0.3233904752327378	97.30958230958231	4.577897466455785	TRUE	Prs.NDef.2Sg (mondas)	4096	test	monds
indít	indít	[/V][Prs.NDef.3Pl]	3.083867182587013	1039566	t	t		2	vc	indítanak	indítanak	anak	38865	1.6565737875835482	nak	indítnak	indítnak	40	-1.3309248931299955	971.625	6.878969927550384	TRUE	Prs.NDef.3Pl (mondanak)	4938	NA	NA
ḏárt	gyárt	[/V][Prs.NDef.3Pl]	2.644984606286616	378416	rt	r	t	1	cc	ḏártanak	gyártanak	anak	38159	1.648612100542327	nak	ḏártnak	gyártnak	12	-1.853803638410333	3179.9166666666665	8.06461026998012	TRUE	Prs.NDef.3Pl (mondanak)	4938	test	ḏártnak
költ	költ	[/V][Prs.NDef.3Pl]	2.6688025015437415	399749	lt	l	t	1	cc	költenek	költenek	enek	37867	1.6452760151953587	nek	költnek	költnek	12	-1.853803638410333	3155.5833333333335	8.056928649591235	TRUE	Prs.NDef.3Pl (mondanak)	4938	test	költnek
telješít	teljesít	[/V][Prs.NDef.3Pl]	3.08491742664225	1042083	t	t		3	vc	telješítenek	teljesítenek	enek	37467	1.6406640358681444	nek	telješítnek	teljesítnek	33	-1.4144709445800705	1135.3636363636363	7.034708263064714	TRUE	Prs.NDef.3Pl (mondanak)	4938	NA	NA
eḏetért	egyetért	[/V][Prs.NDef.3Pl]	2.6806793792943684	410832	rt	r	t	3	cc	eḏetértenek	egyetértenek	enek	35284	1.6145929289478442	nek	eḏetértnek	egyetértnek	6	-2.1548336340743144	5880.666666666667	8.679425413150602	TRUE	Prs.NDef.3Pl (mondanak)	4938	test	eḏetértnek
ért	ért	[/V][Prs.NDef.2Sg]	3.4293511043012694	2303223	rt	r	t	1	cc	értes	értesz	es	34591	1.605978232867311	s	érts	értsz	76	-1.0521712921771664	455.14473684210526	6.120615471316616	TRUE	Prs.NDef.2Sg (mondas)	4096	test	érts
hajt	hajt	[/V][Prs.NDef.3Pl]	2.919594521957997	712163	jt	j	t	1	cc	hajtanak	hajtanak	anak	33773	1.5955847555549336	nak	hajtnak	hajtnak	18	-1.6777123793546518	1876.2777777777778	7.537045187782931	TRUE	Prs.NDef.3Pl (mondanak)	4938	test	hajtnak
tanít	tanít	[/V][Prs.NDef.3Pl]	2.9108935588957916	698037	t	t		2	vc	tanítanak	tanítanak	anak	33088	1.5866856326198715	nak	tanítnak	tanítnak	41	-1.3202010277382223	807.0243902439024	6.6933538911637935	TRUE	Prs.NDef.3Pl (mondanak)	4938	NA	NA
ajánl	ajánl	[/V][Prs.NDef.3Pl]	3.322595137004172	1801275	nl	n	l	2	cc	ajánlanak	ajánlanak	anak	30906	1.5570579158062647	nak	ajánlnak	ajánlnak	26	-1.5180115364871398	1188.6923076923076	7.080609080772158	TRUE	Prs.NDef.3Pl (mondanak)	4938	test	ajánlnak
ost	oszt	[/V][Prs.NDef.3Pl]	3.0325272520246824	923660	st	s	t	1	cc	ostanak	osztanak	anak	26269	1.486458656057534	nak	ostnak	osztnak	4	-2.3309248931299953	6567.25	8.789850454599907	TRUE	Prs.NDef.3Pl (mondanak)	4938	test	ostnak
kezd	kezd	[/V][Prs.NDef.2Sg]	3.772113864625659	5071060	zd	z	d	1	cc	kezdes	kezdesz	es	26079	1.483306049886882	s	kezds	kezdsz	8	-2.0298948974660145	3259.875	8.089444130067339	TRUE	Prs.NDef.2Sg (mondas)	4096	test	kezds
függ	függ	[/V][Prs.NDef.3Pl]	2.921588333286279	715440	gg	g	g	1	cc	függenek	függenek	enek	20551	1.3798480747913793	nek	függnek	függnek	24876	1.4627956636835278	0.8261376427078309	-0.1909938816828596	TRUE	Prs.NDef.3Pl (mondanak)	4938	test	függnek
sállít	szállít	[/V][Prs.NDef.3Pl]	2.8378516689698947	589979	t	t		2	vc	sállítanak	szállítanak	anak	24427	1.4548852479494043	nak	sállítnak	szállítnak	34	-1.4015059674157029	718.4411764705883	6.5770838322588405	TRUE	Prs.NDef.3Pl (mondanak)	4938	NA	NA
válast	választ	[/V][Prs.NDef.2Sg]	3.596984538197973	3388203	st	s	t	2	cc	válastas	választasz	as	23424	1.43667617492034	s	válasts	választsz	3	-2.455863629738295	7808	8.962904128092928	TRUE	Prs.NDef.2Sg (mondas)	4096	test	válasts
dönt	dönt	[/V][Prs.NDef.2Sg]	3.394476429170933	2125501	nt	n	t	1	cc	döntes	döntesz	es	22910	1.4270402047314397	s	dönts	döntsz	22	-1.5905622036357516	1041.3636363636363	6.948286322089225	TRUE	Prs.NDef.2Sg (mondas)	4096	test	dönts
rejt	rejt	[/V][Prs.NDef.3Pl]	2.5010631926907587	271674	jt	j	t	1	cc	rejtenek	rejtenek	enek	22724	1.4234998961472631	nek	rejtnek	rejtnek	22	-1.5905622036357516	1032.909090909091	6.940134460318702	TRUE	Prs.NDef.3Pl (mondanak)	4938	test	rejtnek
tulajdonít	tulajdonít	[/V][Prs.NDef.3Pl]	2.195323896816683	134372	t	t		4	vc	tulajdonítanak	tulajdonítanak	anak	22117	1.4117413334819024	nak	tulajdonítnak	tulajdonítnak	28	-1.4858268531157386	789.8928571428571	6.671897312393518	TRUE	Prs.NDef.3Pl (mondanak)	4938	NA	NA
bočát	bocsát	[/V][Prs.NDef.3Pl]	2.659027454137191	390852	t	t		2	vc	bočátanak	bocsátanak	anak	21461	1.3986650700947854	nak	bočátnak	bocsátnak	50	-1.234014880121939	429.22	6.061969607993336	TRUE	Prs.NDef.3Pl (mondanak)	4938	NA	NA
érint	érint	[/V][Prs.NDef.3Pl]	3.006391077264476	869713	nt	n	t	2	cc	érintenek	érintenek	enek	20493	1.3786206555965097	nek	érintnek	érintnek	3	-2.455863629738295	6831	8.82922635473185	TRUE	Prs.NDef.3Pl (mondanak)	4938	test	érintnek
örvend	örvend	[/V][Prs.NDef.3Pl]	2.1193126646506104	112797	nd	n	d	2	cc	örvendenek	örvendenek	enek	18970	1.3450824464307047	nek	örvendnek	örvendnek	691	-0.09350683708375944	27.452966714905934	3.31247423916139	TRUE	Prs.NDef.3Pl (mondanak)	4938	test	örvendnek
vall	vall	[/V][Prs.NDef.3Pl]	2.7990089795374744	539503	ll	l	l	1	cc	vallanak	vallanak	anak	18099	1.324669695578109	nak	vallnak	vallnak	91	-0.9739434921368644	198.8901098901099	5.2927524605920215	TRUE	Prs.NDef.3Pl (mondanak)	4938	test	vallnak
valóšít	valósít	[/V][Prs.NDef.3Pl]	2.473710251849645	255091	t	t		3	vc	valóšítanak	valósítanak	anak	17389	1.3072897230209315	nak	valóšítnak	valósítnak	4	-2.3309248931299953	4347.25	8.377298740262178	TRUE	Prs.NDef.3Pl (mondanak)	4938	NA	NA
kattint	kattint	[/V][Prs.NDef.2Sg]	3.101250403862836	1082020	nt	n	t	2	cc	kattintas	kattintasz	as	17196	1.3024425519870115	s	kattints	kattintsz	36	-1.3766823836906703	477.6666666666667	6.168913139160062	TRUE	Prs.NDef.2Sg (mondas)	4096	test	kattints
šegít	segít	[/V][Prs.NDef.2Sg]	3.737458026782751	4682124	t	t		2	vc	šegítes	segítesz	es	16462	1.2834977128945022	s	šegíts	segítsz	196	-0.6407288131014818	83.98979591836735	4.430695314302072	TRUE	Prs.NDef.2Sg (mondas)	4096	NA	NA
hall	hall	[/V][Prs.NDef.2Sg]	3.340736603116228	1878112	ll	l	l	1	cc	hallas	hallasz	as	15986	1.2707549241759004	s	halls	hallsz	44	-1.2895322079717704	363.3181818181818	5.895278984267703	TRUE	Prs.NDef.2Sg (mondas)	4096	test	halls
világít	világít	[/V][Prs.NDef.3Pl]	2.356218203980138	194627	t	t		3	vc	világítanak	világítanak	anak	15917	1.2688763318193046	nak	világítnak	világítnak	25	-1.5350448757859203	636.68	6.4562671745616536	TRUE	Prs.NDef.3Pl (mondanak)	4938	NA	NA
kering	kering	[/V][Prs.NDef.3Pl]	1.9960046439135095	84916	ng	n	g	2	cc	keringenek	keringenek	enek	15387	1.254169069327458	nek	keringnek	keringnek	532	-0.20707325216290967	28.922932330827066	3.3646347867157336	TRUE	Prs.NDef.3Pl (mondanak)	4938	test	keringnek
ért	ért	[/V][Prs.NDef.2Pl]	3.4293511043012694	2303223	rt	r	t	1	cc	értetek	értetek	etek	14932	1.2411330967963092	tek	érttek	érttek	10	-1.9329848844579576	1493.2	7.308676747040429	TRUE	Prs.NDef.2Pl (mondotok)	3308	test	érttek
hord	hord	[/V][Prs.NDef.3Pl]	2.5559590570874056	308279	rd	r	d	1	cc	hordanak	hordanak	anak	14922	1.2408421511956218	nak	hordnak	hordnak	38	-1.3532012878411477	392.6842105263158	5.973005753305074	TRUE	Prs.NDef.3Pl (mondanak)	4938	test	hordnak
tapastal	tapasztal	[/V][Prs.NDef.3Pl]	2.9363571555337376	740188	l	l		3	vc	tapastalanak	tapasztalanak	anak	25	-1.5350448757859203	nak	tapastalnak	tapasztalnak	14223	1.2200063255806612	0.0017577163748857484	-6.343739826702027	TRUE	Prs.NDef.3Pl (mondanak)	4938	NA	NA
vesít	veszít	[/V][Prs.NDef.3Pl]	2.5808730275382565	326481	t	t		2	vc	vesítenek	veszítenek	enek	13968	1.2121493419035367	nek	vesítnek	veszítnek	9	-1.978742375018633	1552	7.347299700743164	TRUE	Prs.NDef.3Pl (mondanak)	4938	NA	NA
rajong	rajong	[/V][Prs.NDef.3Pl]	2.0252970219361894	90841	ng	n	g	2	cc	rajonganak	rajonganak	anak	13803	1.2069886035265007	nak	rajongnak	rajongnak	309	-0.4430264050331232	44.66990291262136	3.7992999619258327	TRUE	Prs.NDef.3Pl (mondanak)	4938	test	rajongnak
küzd	küzd	[/V][Prs.NDef.2Sg]	2.8842471998392543	656496	zd	z	d	1	cc	küzdes	küzdesz	es	13677	1.2030059624636669	s	küzds	küzdsz	9	-1.978742375018633	1519.6666666666667	7.326246291545332	TRUE	Prs.NDef.2Sg (mondas)	4096	test	küzds
késít	készít	[/V][Prs.NDef.2Sg]	3.587482795917409	3314879	t	t		2	vc	késítes	készítesz	es	13596	1.2004262714530642	s	késíts	készítsz	61	-1.1476550494471909	222.88524590163934	5.406657046642695	TRUE	Prs.NDef.2Sg (mondas)	4096	NA	NA
fešt	fest	[/V][Prs.NDef.3Pl]	2.6777795819372385	408098	št	š	t	1	cc	feštenek	festenek	enek	13412	1.1945086602988246	nek	feštnek	festnek	1	-2.932984884457958	13412	9.50390510758612	TRUE	Prs.NDef.3Pl (mondanak)	4938	test	feštnek
közvetít	közvetít	[/V][Prs.NDef.3Pl]	2.400045025018131	215293	t	t		3	vc	közvetítenek	közvetítenek	enek	12850	1.1759182432093556	nek	közvetítnek	közvetítnek	6	-2.1548336340743144	2141.6666666666665	7.669339621095311	TRUE	Prs.NDef.3Pl (mondanak)	4938	NA	NA
telepít	telepít	[/V][Prs.NDef.3Pl]	2.546496848711112	301635	t	t		3	vc	telepítenek	telepítenek	enek	12165	1.1521272288088795	nek	telepítnek	telepítnek	24	-1.552773642746352	506.875	6.2282644248696775	TRUE	Prs.NDef.3Pl (mondanak)	4938	NA	NA
tölt	tölt	[/V][Prs.NDef.2Sg]	3.4380290110614276	2349708	lt	l	t	1	cc	töltes	töltesz	es	12150	1.151591393476373	s	tölts	töltsz	8	-2.0298948974660145	1518.75	7.3256429070888585	TRUE	Prs.NDef.2Sg (mondas)	4096	test	tölts
árt	árt	[/V][Prs.NDef.3Pl]	2.658968559291343	390799	rt	r	t	1	cc	ártanak	ártanak	anak	11801	1.1389339259058484	nak	ártnak	ártnak	6	-2.1548336340743144	1966.8333333333333	7.584180083397694	TRUE	Prs.NDef.3Pl (mondanak)	4938	test	ártnak
iráṉít	irányít	[/V][Prs.NDef.3Pl]	2.818759066171529	564604	t	t		3	vc	iráṉítanak	irányítanak	anak	11589	1.131061078406525	nak	iráṉítnak	irányítnak	8	-2.0298948974660145	1448.625	7.2783701096545554	TRUE	Prs.NDef.3Pl (mondanak)	4938	NA	NA
kattint	kattint	[/V][Prs.NDef.3Pl]	3.101250403862836	1082020	nt	n	t	2	cc	kattintanak	kattintanak	anak	11418	1.1246051542127062	nak	kattintnak	kattintnak	44	-1.2895322079717704	259.5	5.558756702605943	TRUE	Prs.NDef.3Pl (mondanak)	4938	test	kattintnak
kösönt	köszönt	[/V][Prs.1Sg›2]	2.6232584999815622	359951	nt	n	t	2	cc	kösöntelek	köszöntelek	elek	11057	1.1106524251346128	lek	kösöntlek	köszöntlek	549	-0.1934125400078659	20.140255009107467	3.0027205490328712	TRUE	Prs.1Sg›2 (mondalak)	1749	test	kösöntlek
termest	termeszt	[/V][Prs.NDef.3Pl]	1.952517684470458	76825	st	s	t	2	cc	termestenek	termesztenek	enek	10902	1.10452129323372	nek	termestnek	termesztnek	2	-2.6319548887939765	5451	8.603554357064281	TRUE	Prs.NDef.3Pl (mondanak)	4938	test	termestnek
hódít	hódít	[/V][Prs.NDef.3Pl]	2.041001468710661	94186	t	t		2	vc	hódítanak	hódítanak	anak	10786	1.0998755314941857	nak	hódítnak	hódítnak	5	-2.234014880121939	2157.2	7.676566363463072	TRUE	Prs.NDef.3Pl (mondanak)	4938	NA	NA
rögzít	rögzít	[/V][Prs.NDef.3Pl]	2.8694357903583865	634484	t	t		2	vc	rögzítenek	rögzítenek	enek	10770	1.0992308188400235	nek	rögzítnek	rögzítnek	3	-2.455863629738295	3590	8.1859074814823245	TRUE	Prs.NDef.3Pl (mondanak)	4938	NA	NA
támast	támaszt	[/V][Prs.NDef.3Pl]	2.412676973025972	221647	st	s	t	2	cc	támastanak	támasztanak	anak	10677	1.0954643582655506	nak	támastnak	támasztnak	3	-2.455863629738295	3559	8.177234885510194	TRUE	Prs.NDef.3Pl (mondanak)	4938	test	támastnak
vetít	vetít	[/V][Prs.NDef.3Pl]	2.274749092683765	161337	t	t		2	vc	vetítenek	vetítenek	enek	10616	1.092976025398421	nek	vetítnek	vetítnek	6	-2.1548336340743144	1769.3333333333333	7.478358106783989	TRUE	Prs.NDef.3Pl (mondanak)	4938	NA	NA
említ	említ	[/V][Prs.NDef.3Pl]	2.960327930133322	782191	t	t		2	vc	említenek	említenek	enek	10476	1.0872106052952368	nek	említnek	említnek	14	-1.7868568487797198	748.2857142857143	6.617784876012344	TRUE	Prs.NDef.3Pl (mondanak)	4938	NA	NA
terjest	terjeszt	[/V][Prs.NDef.3Pl]	2.4984882437993483	270068	st	s	t	2	cc	terjestenek	terjesztenek	enek	10345	1.0817456105437957	nek	terjestnek	terjesztnek	1	-2.932984884457958	10345	9.244258590179644	TRUE	Prs.NDef.3Pl (mondanak)	4938	test	terjestnek
közelít	közelít	[/V][Prs.NDef.3Pl]	2.472433197550715	254342	t	t		3	vc	közelítenek	közelítenek	enek	10072	1.0701308326418484	nek	közelítnek	közelítnek	9	-1.978742375018633	1119.111111111111	7.020289998387963	TRUE	Prs.NDef.3Pl (mondanak)	4938	NA	NA
küld	küld	[/V][Prs.NDef.2Sg]	3.329046184230405	1828231	ld	l	d	1	cc	küldes	küldesz	es	9413	1.0407431742300697	s	külds	küldsz	38	-1.3532012878411477	247.71052631578948	5.512260831820835	TRUE	Prs.NDef.2Sg (mondas)	4096	test	külds
veršeng	verseng	[/V][Prs.NDef.3Pl]	1.673041590197379	40367	ng	n	g	2	cc	veršengenek	versengenek	enek	9319	1.0363844272755696	nek	veršengnek	versengnek	327	-0.4184371317976717	28.498470948012233	3.349850434888402	TRUE	Prs.NDef.3Pl (mondanak)	4938	test	veršengnek
létešít	létesít	[/V][Prs.NDef.3Pl]	2.174723559080672	128147	t	t		3	vc	létešítenek	létesítenek	enek	9184	1.0300469905959404	nek	létešítnek	létesítnek	7	-2.087886844443701	1312	7.179307969504034	TRUE	Prs.NDef.3Pl (mondanak)	4938	NA	NA
ejt	ejt	[/V][Prs.NDef.3Pl]	2.54627650321544	301482	jt	j	t	1	cc	ejtenek	ejtenek	enek	9137	1.027818740453812	nek	ejtnek	ejtnek	4	-2.3309248931299953	2284.25	7.73379302187873	TRUE	Prs.NDef.3Pl (mondanak)	4938	test	ejtnek
edz	edz	[/V][Prs.NDef.3Pl]	2.3313488081092952	183795	dz	d	z	1	cc	edzenek	edzenek	enek	9134	1.027676122813024	nek	edznek	edznek	9	-1.978742375018633	1014.8888888888889	6.922534416408725	TRUE	Prs.NDef.3Pl (mondanak)	4938	test	edznek
kelt	kelt	[/V][Prs.NDef.2Sg]	2.7981185534768014	538398	lt	l	t	1	cc	keltes	keltesz	es	8990	1.020774807275271	s	kelts	keltsz	2	-2.6319548887939765	4495	8.410720946905721	TRUE	Prs.NDef.2Sg (mondas)	4096	test	kelts
foḏast	fogyaszt	[/V][Prs.NDef.2Sg]	2.9152615186654556	705093	st	s	t	2	cc	foḏastas	fogyasztasz	as	8874	1.0151345399225782	s	foḏasts	fogyasztsz	3	-2.455863629738295	2958	7.992268643270745	TRUE	Prs.NDef.2Sg (mondas)	4096	test	foḏasts
takarít	takarít	[/V][Prs.NDef.3Pl]	2.3213553002440577	179614	t	t		3	vc	takarítanak	takarítanak	anak	8836	1.0132708227414395	nak	takarítnak	takarítnak	13	-1.819041532151121	679.6923076923077	6.521640207078471	TRUE	Prs.NDef.3Pl (mondanak)	4938	NA	NA
ellentmond	ellentmond	[/V][Prs.NDef.3Pl]	1.8501894968434336	60698	nd	n	d	3	cc	ellentmondanak	ellentmondanak	anak	8598	1.0014125563230305	nak	ellentmondnak	ellentmondnak	29	-1.4705868865590015	296.48275862068965	5.691989067069753	TRUE	Prs.NDef.3Pl (mondanak)	4938	test	ellentmondnak
ḏóḏít	gyógyít	[/V][Prs.NDef.3Pl]	2.2302182475963392	145614	t	t		2	vc	ḏóḏítanak	gyógyítanak	anak	8581	1.000553017513747	nak	ḏóḏítnak	gyógyítnak	18	-1.6777123793546518	476.72222222222223	6.166933977910956	TRUE	Prs.NDef.3Pl (mondanak)	4938	NA	NA
kell	kell	[/V][Prs.NDef.2Sg]	4.529006843156771	28972884	ll	l	l	1	cc	kelles	kellesz	es	8577	1.0003505256196934	s	kells	kellsz	16	-1.728864901802033	536.0625	6.28425075875064	TRUE	Prs.NDef.2Sg (mondas)	4096	test	kells
kéṉserít	kényszerít	[/V][Prs.NDef.3Pl]	2.415771565786459	223232	t	t		3	vc	kéṉserítenek	kényszerítenek	enek	8540	0.9984729862310472	nek	kéṉserítnek	kényszerítnek	69	-1.0941357937207026	123.76811594202898	4.818409782185356	TRUE	Prs.NDef.3Pl (mondanak)	4938	NA	NA
értékešít	értékesít	[/V][Prs.NDef.3Pl]	2.4192960625811124	225051	t	t		4	vc	értékešítenek	értékesítenek	enek	8540	0.9984729862310472	nek	értékešítnek	értékesítnek	8	-2.0298948974660145	1067.5	6.97307474510278	TRUE	Prs.NDef.3Pl (mondanak)	4938	NA	NA
ḏanúšít	gyanúsít	[/V][Prs.NDef.3Pl]	1.686921985867005	41678	t	t		3	vc	ḏanúšítanak	gyanúsítanak	anak	8123	0.9767315687763868	nak	ḏanúšítnak	gyanúsítnak	10	-1.9329848844579576	812.3	6.699869730056908	TRUE	Prs.NDef.3Pl (mondanak)	4938	NA	NA
sámít	számít	[/V][Prs.NDef.2Sg]	3.4385556394811343	2352559	t	t		2	vc	sámítas	számítasz	as	7915	0.9654660347404168	s	sámíts	számítsz	67	-1.1069100817571311	118.13432835820896	4.771822352924146	TRUE	Prs.NDef.2Sg (mondas)	4096	NA	NA
alapít	alapít	[/V][Prs.NDef.3Pl]	2.6209976060676277	358082	t	t		3	vc	alapítanak	alapítanak	anak	7833	0.960943242084649	nak	alapítnak	alapítnak	12	-1.853803638410333	652.75	6.481194207579239	TRUE	Prs.NDef.3Pl (mondanak)	4938	NA	NA
old	old	[/V][Prs.NDef.3Pl]	2.8249058973828483	572652	ld	l	d	1	cc	oldanak	oldanak	anak	7809	0.9596105383709403	nak	oldnak	oldnak	15	-1.756893625402277	520.6	6.254981992560465	TRUE	Prs.NDef.3Pl (mondanak)	4938	test	oldnak
eḏetért	egyetért	[/V][Prs.NDef.2Sg]	2.6806793792943684	410832	rt	r	t	3	cc	eḏetértes	egyetértesz	es	7768	0.9573243324419906	s	eḏetérts	egyetértsz	7	-2.087886844443701	1109.7142857142858	7.011857860915848	TRUE	Prs.NDef.2Sg (mondas)	4096	test	eḏetérts
sólít	szólít	[/V][Prs.NDef.3Pl]	2.4536906166811505	243599	t	t		2	vc	sólítanak	szólítanak	anak	7749	0.9562607764350216	nak	sólítnak	szólítnak	9	-1.978742375018633	861	6.7580945044277305	TRUE	Prs.NDef.3Pl (mondanak)	4938	NA	NA
kiált	kiált	[/V][Prs.NDef.3Pl]	2.355172642073583	194159	lt	l	t	2	cc	kiáltanak	kiáltanak	anak	7741	0.955812182998723	nak	kiáltnak	kiáltnak	29	-1.4705868865590015	266.9310344827586	5.586990327218239	TRUE	Prs.NDef.3Pl (mondanak)	4938	test	kiáltnak
javít	javít	[/V][Prs.NDef.3Pl]	2.953715041297892	770371	t	t		2	vc	javítanak	javítanak	anak	7558	0.945422003123038	nak	javítnak	javítnak	4	-2.3309248931299953	1889.5	7.544067522789543	TRUE	Prs.NDef.3Pl (mondanak)	4938	NA	NA
árast	áraszt	[/V][Prs.NDef.3Pl]	2.0384301389270374	93630	st	s	t	2	cc	árastanak	árasztanak	anak	7527	0.9436370315763152	nak	árastnak	árasztnak	1	-2.932984884457958	7527	8.926251835034533	TRUE	Prs.NDef.3Pl (mondanak)	4938	test	árastnak
tart	tart	[/V][Prs.NDef.2Pl]	3.987109835917599	8319452	rt	r	t	1	cc	tartotok	tartotok	otok	7279	0.9290868349220364	tok	tarttok	tarttok	14	-1.7868568487797198	519.9285714285714	6.253691439502999	TRUE	Prs.NDef.2Pl (mondotok)	3308	test	tarttok
ért	ért	[/V][Prs.1Sg›2]	3.4293511043012694	2303223	rt	r	t	1	cc	értelek	értelek	elek	7233	0.9263335806391584	lek	értlek	értlek	128	-0.8257749148100895	56.5078125	4.034378902929664	TRUE	Prs.1Sg›2 (mondalak)	1749	test	értlek
össpontošít	összpontosít	[/V][Prs.NDef.3Pl]	2.1182486987272786	112521	t	t		4	vc	össpontošítanak	összpontosítanak	anak	7119	0.9194341084790436	nak	össpontošítnak	összpontosítnak	10	-1.9329848844579576	711.9	6.5679374521098275	TRUE	Prs.NDef.3Pl (mondanak)	4938	NA	NA
int	int	[/V][Prs.NDef.3Pl]	2.329181328593249	182880	nt	n	t	1	cc	intenek	intenek	enek	6982	0.9109949600202022	nek	intnek	intnek	7	-2.087886844443701	997.4285714285714	6.905180538609668	TRUE	Prs.NDef.3Pl (mondanak)	4938	test	intnek
tekint	tekint	[/V][Prs.NDef.2Sg]	3.253129436802632	1535021	nt	n	t	2	cc	tekintes	tekintesz	es	6947	0.9088124144163976	s	tekints	tekintsz	63	-1.133644335004376	110.26984126984127	4.702930464301348	TRUE	Prs.NDef.2Sg (mondas)	4096	test	tekints
reng	reng	[/V][Prs.NDef.2Pl]	1.2320515955366076	14623	ng	n	g	1	cc	rengetek	rengetek	etek	6867	0.9037821629362476	tek	rengtek	rengtek	44	-1.2895322079717704	156.0681818181818	5.0502929747024154	TRUE	Prs.NDef.2Pl (mondotok)	3308	test	rengtek
tisteleg	tiszteleg	[/V][Prs.NDef.2Pl]	1.8827389322445935	65422	g	g		3	vc	tistelegetek	tisztelegetek	etek	4	-2.3309248931299953	tek	tistelegtek	tisztelegtek	6623	0.8880698705889303	6.039559112184811e-4	-7.412009357365089	TRUE	Prs.NDef.2Pl (mondotok)	3308	NA	NA
állapít	állapít	[/V][Prs.NDef.3Pl]	2.74181657111889	472935	t	t		3	vc	állapítanak	állapítanak	anak	6540	0.8825928638663094	nak	állapítnak	állapítnak	1	-2.932984884457958	6540	8.785692444451245	TRUE	Prs.NDef.3Pl (mondanak)	4938	NA	NA
sakít	szakít	[/V][Prs.NDef.3Pl]	2.3864459931084663	208656	t	t		2	vc	sakítanak	szakítanak	anak	6419	0.87448249122632	nak	sakítnak	szakítnak	3	-2.455863629738295	2139.6666666666665	7.668405332643668	TRUE	Prs.NDef.3Pl (mondanak)	4938	NA	NA
ḏújt	gyújt	[/V][Prs.NDef.3Pl]	2.117290442944573	112273	jt	j	t	1	cc	ḏújtanak	gyújtanak	anak	6310	0.8670444747861765	nak	ḏújtnak	gyújtnak	3	-2.455863629738295	2103.3333333333335	7.6512786668671495	TRUE	Prs.NDef.3Pl (mondanak)	4938	test	ḏújtnak
dísít	díszít	[/V][Prs.NDef.3Pl]	2.369131658550108	200501	t	t		2	vc	dísítenek	díszítenek	enek	6299	0.8662867238919149	nek	dísítnek	díszítnek	1	-2.932984884457958	6299	8.74814616962193	TRUE	Prs.NDef.3Pl (mondanak)	4938	NA	NA
ront	ront	[/V][Prs.NDef.3Pl]	2.498256616638663	269924	nt	n	t	1	cc	rontanak	rontanak	anak	6283	0.8651821752579814	nak	rontnak	rontnak	11	-1.8915921992997329	571.1818181818181	6.3477075796045765	TRUE	Prs.NDef.3Pl (mondanak)	4938	test	rontnak
állít	állít	[/V][Prs.NDef.2Sg]	3.44386770736415	2381511	t	t		2	vc	állítas	állítasz	as	6189	0.8586355982348562	s	állíts	állítsz	58	-1.169556890895021	106.70689655172414	4.6700857911929425	TRUE	Prs.NDef.2Sg (mondas)	4096	NA	NA
merít	merít	[/V][Prs.NDef.3Pl]	2.229707939547056	145443	t	t		2	vc	merítenek	merítenek	enek	6167	0.8570890639683469	nek	merítnek	merítnek	6	-2.1548336340743144	1027.8333333333333	6.935208305763438	TRUE	Prs.NDef.3Pl (mondanak)	4938	NA	NA
értešít	értesít	[/V][Prs.NDef.3Pl]	2.730372991832843	460636	t	t		3	vc	értešítenek	értesítenek	enek	6127	0.8542629958739961	nek	értešítnek	értesítnek	1	-2.932984884457958	6127	8.720460512725655	TRUE	Prs.NDef.3Pl (mondanak)	4938	NA	NA
tanúšít	tanúsít	[/V][Prs.NDef.3Pl]	2.1307836769343704	115816	t	t		3	vc	tanúšítanak	tanúsítanak	anak	6050	0.848770490194511	nak	tanúšítnak	tanúsítnak	9	-1.978742375018633	672.2222222222222	6.510588973688668	TRUE	Prs.NDef.3Pl (mondanak)	4938	NA	NA
árušít	árusít	[/V][Prs.NDef.3Pl]	1.805311974775284	54739	t	t		3	vc	árušítanak	árusítanak	anak	6049	0.848698700049393	nak	árušítnak	árusítnak	6	-2.1548336340743144	1008.1666666666666	6.915888778878859	TRUE	Prs.NDef.3Pl (mondanak)	4938	NA	NA
erőšít	erősít	[/V][Prs.NDef.3Pl]	2.905973710211774	690174	t	t		3	vc	erőšítenek	erősítenek	enek	5979	0.8436436689621922	nek	erőšítnek	erősítnek	2	-2.6319548887939765	2989.5	8.002861428320958	TRUE	Prs.NDef.3Pl (mondanak)	4938	NA	NA
čábít	csábít	[/V][Prs.NDef.3Pl]	2.004221969439173	86538	t	t		2	vc	čábítanak	csábítanak	anak	5884	0.8366877795975347	nak	čábítnak	csábítnak	10	-1.9329848844579576	588.4	6.377406988727283	TRUE	Prs.NDef.3Pl (mondanak)	4938	NA	NA
vált	vált	[/V][Prs.NDef.2Sg]	3.138701646345799	1179469	lt	l	t	1	cc	váltas	váltasz	as	5874	0.8359490577288237	s	válts	váltsz	14	-1.7868568487797198	419.57142857142856	6.039233782143307	TRUE	Prs.NDef.2Sg (mondas)	4096	test	válts
tart	tart	[/V][Prs.1Sg›2]	3.987109835917599	8319452	rt	r	t	1	cc	tartalak	tartalak	alak	5730	0.8251697375094321	lak	tartlak	tartlak	91	-0.9739434921368644	62.967032967032964	4.142611303191935	TRUE	Prs.1Sg›2 (mondalak)	1749	test	tartlak
teremt	teremt	[/V][Prs.NDef.2Sg]	2.9969798872652507	851069	mt	m	t	2	cc	teremtes	teremtesz	es	5528	0.8095831499081841	s	teremts	teremtsz	17	-1.702535963079684	325.1764705882353	5.784368021391289	TRUE	Prs.NDef.2Sg (mondas)	4096	test	teremts
épít	épít	[/V][Prs.NDef.2Sg]	3.2018428583606102	1364042	t	t		2	vc	építes	építesz	es	5421	0.8010945228226365	s	építs	építsz	139	-0.7899700842038627	39	3.6635616461296463	TRUE	Prs.NDef.2Sg (mondas)	4096	NA	NA
bizoṉít	bizonyít	[/V][Prs.NDef.3Pl]	2.9793535707849195	817219	t	t		3	vc	bizoṉítanak	bizonyítanak	anak	5347	0.7951252996423828	nak	bizoṉítnak	bizonyítnak	20	-1.6319548887939763	267.35	5.588558661394741	TRUE	Prs.NDef.3Pl (mondanak)	4938	NA	NA
tudóšít	tudósít	[/V][Prs.NDef.3Pl]	1.8553673509578448	61426	t	t		3	vc	tudóšítanak	tudósítanak	anak	5317	0.7926817758562207	nak	tudóšítnak	tudósítnak	16	-1.728864901802033	332.3125	5.806075791264557	TRUE	Prs.NDef.3Pl (mondanak)	4938	NA	NA
kering	kering	[/V][Prs.NDef.2Pl]	1.9960046439135095	84916	ng	n	g	2	cc	keringetek	keringetek	etek	13	-1.819041532151121	tek	keringtek	keringtek	5312	0.7922731819020032	0.002447289156626506	-6.012774333694733	TRUE	Prs.NDef.2Pl (mondotok)	3308	test	keringtek
šért	sért	[/V][Prs.NDef.3Pl]	2.445578344004525	239091	rt	r	t	1	cc	šértenek	sértenek	enek	5039	0.7693594738978109	nek	šértnek	sértnek	3	-2.455863629738295	1679.6666666666667	7.426350640012489	TRUE	Prs.NDef.3Pl (mondanak)	4938	test	šértnek
önt	önt	[/V][Prs.NDef.3Pl]	2.628092636201345	363980	nt	n	t	1	cc	öntenek	öntenek	enek	4980	0.7642444583017597	nek	öntnek	öntnek	3	-2.455863629738295	1660	7.414572881350589	TRUE	Prs.NDef.3Pl (mondanak)	4938	test	öntnek
költ	költ	[/V][Prs.NDef.2Sg]	2.6688025015437415	399749	lt	l	t	1	cc	költes	költesz	es	4852	0.7529359077365775	s	költs	költsz	8	-2.0298948974660145	606.5	6.407704728384105	TRUE	Prs.NDef.2Sg (mondas)	4096	test	költs
újít	újít	[/V][Prs.NDef.3Pl]	2.127637419851998	114980	t	t		2	vc	újítanak	újítanak	anak	4822	0.750242321583477	nak	újítnak	újítnak	13	-1.819041532151121	370.9230769230769	5.91599470127958	TRUE	Prs.NDef.3Pl (mondanak)	4938	NA	NA
čeng	cseng	[/V][Prs.NDef.3Pl]	1.8314154384984305	58130	ng	n	g	1	cc	čengenek	csengenek	enek	4808	0.7489795745367253	nek	čengnek	csengnek	560	-0.18479685745175745	8.585714285714285	2.1500996924858486	TRUE	Prs.NDef.3Pl (mondanak)	4938	test	čengnek
boṉolít	bonyolít	[/V][Prs.NDef.3Pl]	2.1356461792563586	117120	t	t		3	vc	boṉolítanak	bonyolítanak	anak	4797	0.7479848340079394	nak	boṉolítnak	bonyolítnak	4	-2.3309248931299953	1199.25	7.0894516403821735	TRUE	Prs.NDef.3Pl (mondanak)	4938	NA	NA
vesít	veszít	[/V][Prs.NDef.2Sg]	2.5808730275382565	326481	t	t		2	vc	vesítes	veszítesz	es	4587	0.7285438556740248	s	vesíts	veszítsz	18	-1.6777123793546518	254.83333333333334	5.540609736701008	TRUE	Prs.NDef.2Sg (mondas)	4096	NA	NA
buzdít	buzdít	[/V][Prs.NDef.3Pl]	2.031524593591308	92153	t	t		2	vc	buzdítanak	buzdítanak	anak	4509	0.7210953508486128	nak	buzdítnak	buzdítnak	6	-2.1548336340743144	751.5	6.622071209193029	TRUE	Prs.NDef.3Pl (mondanak)	4938	NA	NA
továbbít	továbbít	[/V][Prs.NDef.3Pl]	2.467470209806045	251452	t	t		3	vc	továbbítanak	továbbítanak	anak	4469	0.7172254702024012	nak	továbbítnak	továbbítnak	3	-2.455863629738295	1489.6666666666667	7.306307660265342	TRUE	Prs.NDef.3Pl (mondanak)	4938	NA	NA
hord	hord	[/V][Prs.NDef.2Sg]	2.5559590570874056	308279	rd	r	d	1	cc	hordas	hordasz	as	4467	0.7170310680138807	s	hords	hordsz	62	-1.140593194959704	72.04838709677419	4.277337936307027	TRUE	Prs.NDef.2Sg (mondas)	4096	test	hords
bont	bont	[/V][Prs.NDef.3Pl]	2.508831177112865	276577	nt	n	t	1	cc	bontanak	bontanak	anak	4306	0.7010891410295106	nak	bontnak	bontnak	3	-2.455863629738295	1435.3333333333333	7.269152389256199	TRUE	Prs.NDef.3Pl (mondanak)	4938	test	bontnak
ébrest	ébreszt	[/V][Prs.NDef.3Pl]	2.0144439356578423	88599	st	s	t	2	cc	ébrestenek	ébresztenek	enek	4285	0.6989659418012591	nek	ébrestnek	ébresztnek	1	-2.932984884457958	4285	8.36287583103188	TRUE	Prs.NDef.3Pl (mondanak)	4938	test	ébrestnek
sáll	száll	[/V][Prs.NDef.2Sg]	2.818571340335746	564360	ll	l	l	1	cc	sállas	szállasz	as	41	-1.3202010277382223	s	sálls	szállsz	4283	0.6987631899386115	0.00957272939528368	-4.648836910911063	TRUE	Prs.NDef.2Sg (mondas)	4096	test	sálls
tolong	tolong	[/V][Prs.NDef.3Pl]	1.2105607427804643	13917	ng	n	g	2	cc	tolonganak	tolonganak	anak	4170	0.6871511705157997	nak	tolongnak	tolongnak	316	-0.433297801839554	13.19620253164557	2.579929101205935	TRUE	Prs.NDef.3Pl (mondanak)	4938	test	tolongnak
šugall	sugall	[/V][Prs.NDef.3Pl]	2.166726825892367	125809	ll	l	l	2	cc	šugallanak	sugallanak	anak	209	-0.6128385983469038	nak	šugallnak	sugallnak	4151	0.6851678489205616	0.05034931341845338	-2.988770296088228	TRUE	Prs.NDef.3Pl (mondanak)	4938	test	šugallnak
pustít	pusztít	[/V][Prs.NDef.3Pl]	2.052216973906614	96650	t	t		2	vc	pustítanak	pusztítanak	anak	4091	0.6788445950404158	nak	pustítnak	pusztítnak	48	-1.2517436470823706	85.22916666666667	4.445343707021507	TRUE	Prs.NDef.3Pl (mondanak)	4938	NA	NA
fordít	fordít	[/V][Prs.NDef.2Sg]	3.014535099548731	886176	t	t		2	vc	fordítas	fordítasz	as	3930	0.6614076659174688	s	fordíts	fordítsz	44	-1.2895322079717704	89.31818181818181	4.492205070945046	TRUE	Prs.NDef.2Sg (mondas)	4096	NA	NA
vest	veszt	[/V][Prs.NDef.3Pl]	2.6514582920249814	384099	st	s	t	1	cc	vestenek	vesztenek	enek	3860	0.6536024202137971	nek	vestnek	vesztnek	19	-1.654231283505129	203.1578947368421	5.313983483292436	TRUE	Prs.NDef.3Pl (mondanak)	4938	test	vestnek
megért	megért	[/V][Prs.1Sg›2]	2.9406855700837777	747602	rt	r	t	2	cc	megértelek	megértelek	elek	3786	0.6451957251698202	lek	megértlek	megértlek	36	-1.3766823836906703	105.16666666666667	4.655546393313158	TRUE	Prs.1Sg›2 (mondalak)	1749	test	megértlek
áld	áld	[/V][Prs.1Sg›2]	1.9847463785340496	82743	ld	l	d	1	cc	áldalak	áldalak	alak	3776	0.6440471011680735	lak	áldlak	áldlak	203	-0.6254888465447449	18.600985221674875	2.923214548223604	TRUE	Prs.1Sg›2 (mondalak)	1749	test	áldlak
fojóšít	folyósít	[/V][Prs.NDef.3Pl]	1.674427243356221	40496	t	t		3	vc	fojóšítanak	folyósítanak	anak	3685	0.6334526077371124	nak	fojóšítnak	folyósítnak	4	-2.3309248931299953	921.25	6.825731443503546	TRUE	Prs.NDef.3Pl (mondanak)	4938	NA	NA
pereg	pereg	[/V][Prs.NDef.2Pl]	1.4743890218530462	25549	g	g		2	vc	peregetek	peregetek	etek	2	-2.6319548887939765	tek	peregtek	peregtek	3606	0.6240408379284252	5.546311702717693e-4	-7.497207223203318	TRUE	Prs.NDef.2Pl (mondotok)	3308	NA	NA
azonošít	azonosít	[/V][Prs.NDef.3Pl]	2.485654428238125	262204	t	t		4	vc	azonošítanak	azonosítanak	anak	3581	0.6210194365539451	nak	azonošítnak	azonosítnak	3	-2.455863629738295	1193.6666666666667	7.084785081330323	TRUE	Prs.NDef.3Pl (mondanak)	4938	NA	NA
sorít	szorít	[/V][Prs.NDef.3Pl]	2.371761922066822	201719	t	t		2	vc	sorítanak	szorítanak	anak	3554	0.6177325390113249	nak	sorítnak	szorítnak	16	-1.728864901802033	222.125	5.403240286474816	TRUE	Prs.NDef.3Pl (mondanak)	4938	NA	NA
ságuld	száguld	[/V][Prs.NDef.3Pl]	1.6960677532704322	42565	ld	l	d	2	cc	ságuldanak	száguldanak	anak	3516	0.6130639819437764	nak	ságuldnak	száguldnak	32	-1.427834906138052	109.875	4.6993433560053415	TRUE	Prs.NDef.3Pl (mondanak)	4938	test	ságuldnak
tanít	tanít	[/V][Prs.NDef.2Sg]	2.9108935588957916	698037	t	t		2	vc	tanítas	tanítasz	as	3411	0.5998968349494394	s	taníts	tanítsz	51	-1.2254147083600215	66.88235294117646	4.20293514969432	TRUE	Prs.NDef.2Sg (mondas)	4096	NA	NA
ḏűjt	gyűjt	[/V][Prs.NDef.2Sg]	2.9400629622305536	746531	jt	j	t	1	cc	ḏűjtes	gyűjtesz	es	3317	0.5877605870615245	s	ḏűjts	gyűjtsz	7	-2.087886844443701	473.85714285714283	6.1609058898917395	TRUE	Prs.NDef.2Sg (mondas)	4096	test	ḏűjts
rajong	rajong	[/V][Prs.NDef.2Sg]	2.0252970219361894	90841	ng	n	g	2	cc	rajongas	rajongasz	as	202	-0.627633515011334	s	rajongs	rajongsz	3314	0.5873676196253601	0.06095353047676524	-2.7976435005853033	TRUE	Prs.NDef.2Sg (mondas)	4096	test	rajongs
kerít	kerít	[/V][Prs.NDef.3Pl]	1.9659047714686289	79230	t	t		2	vc	kerítenek	kerítenek	enek	3295	0.5848705344720708	nek	kerítnek	kerítnek	3	-2.455863629738295	1098.3333333333333	7.001549158268498	TRUE	Prs.NDef.3Pl (mondanak)	4938	NA	NA
erest	ereszt	[/V][Prs.NDef.3Pl]	2.0182700425231386	89383	st	s	t	2	cc	erestenek	eresztenek	enek	3168	0.567800288459498	nek	erestnek	eresztnek	3	-2.455863629738295	1056	6.962243464266207	TRUE	Prs.NDef.3Pl (mondanak)	4938	test	erestnek
sorong	szorong	[/V][Prs.NDef.3Pl]	1.6523630266366331	38490	ng	n	g	2	cc	soronganak	szoronganak	anak	3148	0.5650498392290692	nak	sorongnak	szorongnak	255	-0.5264447040240027	12.345098039215687	2.5132590643788677	TRUE	Prs.NDef.3Pl (mondanak)	4938	test	sorongnak
veršeng	verseng	[/V][Prs.NDef.2Pl]	1.673041590197379	40367	ng	n	g	2	cc	veršengetek	versengetek	etek	34	-1.4015059674157029	tek	veršengtek	versengtek	3139	0.5638064312420846	0.01083147499203568	-4.525299032225792	TRUE	Prs.NDef.2Pl (mondotok)	3308	test	veršengtek
minőšít	minősít	[/V][Prs.NDef.3Pl]	2.340403027066437	187667	t	t		3	vc	minőšítenek	minősítenek	enek	3134	0.5631141076746135	nek	minőšítnek	minősítnek	1	-2.932984884457958	3134	8.050065422915965	TRUE	Prs.NDef.3Pl (mondanak)	4938	NA	NA
hejettešít	helyettesít	[/V][Prs.NDef.3Pl]	2.536019299462303	294445	t	t		4	vc	hejettešítenek	helyettesítenek	enek	3131	0.5626981831589574	nek	hejettešítnek	helyettesítnek	6	-2.1548336340743144	521.8333333333334	6.2573482520983505	TRUE	Prs.NDef.3Pl (mondanak)	4938	NA	NA
ṉújt	nyújt	[/V][Prs.NDef.2Sg]	3.490448433130639	2651144	jt	j	t	1	cc	ṉújtas	nyújtasz	as	3112	0.5600547038596935	s	ṉújts	nyújtsz	53	-1.2087090148571689	58.716981132075475	4.0727289717461606	TRUE	Prs.NDef.2Sg (mondas)	4096	test	ṉújts
tilt	tilt	[/V][Prs.NDef.3Pl]	2.4688841658205796	252272	lt	l	t	1	cc	tiltanak	tiltanak	anak	3102	0.5586569090196283	nak	tiltnak	tiltnak	2	-2.6319548887939765	1551	7.346655163176539	TRUE	Prs.NDef.3Pl (mondanak)	4938	test	tiltnak
óhajt	óhajt	[/V][Prs.NDef.3Pl]	1.6797460062903842	40995	jt	j	t	2	cc	óhajtanak	óhajtanak	anak	3102	0.5586569090196283	nak	óhajtnak	óhajtnak	9	-1.978742375018633	344.6666666666667	5.8425777664002645	TRUE	Prs.NDef.3Pl (mondanak)	4938	test	óhajtnak
árt	árt	[/V][Prs.NDef.2Sg]	2.658968559291343	390799	rt	r	t	1	cc	ártas	ártasz	as	2962	0.5386001697272318	s	árts	ártsz	46	-1.2702270527763837	64.3913043478261	4.164978598338649	TRUE	Prs.NDef.2Sg (mondas)	4096	test	árts
fesít	feszít	[/V][Prs.NDef.3Pl]	1.940817998897179	74783	t	t		2	vc	fesítenek	feszítenek	enek	2956	0.5377195452648303	nek	fesítnek	feszítnek	6	-2.1548336340743144	492.6666666666667	6.199832812840038	TRUE	Prs.NDef.3Pl (mondanak)	4938	NA	NA
ajánl	ajánl	[/V][Prs.NDef.2Sg]	3.322595137004172	1801275	nl	n	l	2	cc	ajánlas	ajánlasz	as	2948	0.536542594729056	s	ajánls	ajánlsz	111	-0.8876619056713004	26.55855855855856	3.2793520519968933	TRUE	Prs.NDef.2Sg (mondas)	4096	test	ajánls
alakít	alakít	[/V][Prs.NDef.2Sg]	3.073036794898776	1013962	t	t		3	vc	alakítas	alakítasz	as	2915	0.531653674637075	s	alakíts	alakítsz	15	-1.756893625402277	194.33333333333334	5.269574897682383	TRUE	Prs.NDef.2Sg (mondas)	4096	NA	NA
bojong	bolyong	[/V][Prs.NDef.3Pl]	1.5543797744589725	30716	ng	n	g	2	cc	bojonganak	bolyonganak	anak	2855	0.522621228123909	nak	bojongnak	bolyongnak	273	-0.49682223741720183	10.457875457875458	2.347355326905151	TRUE	Prs.NDef.3Pl (mondanak)	4938	test	bojongnak
borít	borít	[/V][Prs.NDef.3Pl]	2.326496703561112	181753	t	t		2	vc	borítanak	borítanak	anak	2825	0.5180335676974994	nak	borítnak	borítnak	11	-1.8915921992997329	256.8181818181818	5.548368370782171	TRUE	Prs.NDef.3Pl (mondanak)	4938	NA	NA
šegít	segít	[/V][Prs.NDef.2Pl]	3.737458026782751	4682124	t	t		2	vc	šegítetek	segítetek	etek	2797	0.5137075819135694	tek	šegíttek	segíttek	99	-0.937349689860408	28.252525252525253	3.34118284306737	TRUE	Prs.NDef.2Pl (mondotok)	3308	NA	NA
zeng	zeng	[/V][Prs.NDef.3Pl]	1.7743979085034178	50978	ng	n	g	1	cc	zengenek	zengenek	enek	2728	0.5028594815264835	nek	zengnek	zengnek	995	0.06483819628776764	2.741708542713568	1.00858128180476	TRUE	Prs.NDef.3Pl (mondanak)	4938	test	zengnek
hasnošít	hasznosít	[/V][Prs.NDef.3Pl]	2.277622533737117	162408	t	t		3	vc	hasnošítanak	hasznosítanak	anak	2693	0.4972514689535526	nak	hasnošítnak	hasznosítnak	2	-2.6319548887939765	1346.5	7.205263912251653	TRUE	Prs.NDef.3Pl (mondanak)	4938	NA	NA
ragast	ragaszt	[/V][Prs.NDef.3Pl]	2.1034803212938553	108759	st	s	t	2	cc	ragastanak	ragasztanak	anak	2659	0.49173345287360926	nak	ragastnak	ragasztnak	1	-2.932984884457958	2659	7.88570539124302	TRUE	Prs.NDef.3Pl (mondanak)	4938	test	ragastnak
tistít	tisztít	[/V][Prs.NDef.3Pl]	2.3755005592909164	203463	t	t		2	vc	tistítanak	tisztítanak	anak	2642	0.4889479288205506	nak	tistítnak	tisztítnak	6	-2.1548336340743144	440.3333333333333	6.087532015854215	TRUE	Prs.NDef.3Pl (mondanak)	4938	NA	NA
örvend	örvend	[/V][Prs.NDef.2Pl]	2.1193126646506104	112797	nd	n	d	2	cc	örvendetek	örvendetek	etek	21	-1.6107655897240385	tek	örvendtek	örvendtek	2639	0.4884545057620919	0.007957559681697613	-4.833632898779901	TRUE	Prs.NDef.2Pl (mondotok)	3308	test	örvendtek
hajt	hajt	[/V][Prs.NDef.2Sg]	2.919594521957997	712163	jt	j	t	1	cc	hajtas	hajtasz	as	2632	0.4873010004839601	s	hajts	hajtsz	9	-1.978742375018633	292.44444444444446	5.678274715108988	TRUE	Prs.NDef.2Sg (mondas)	4096	test	hajts
indít	indít	[/V][Prs.NDef.2Sg]	3.083867182587013	1039566	t	t		2	vc	indítas	indítasz	as	2596	0.4813198036703738	s	indíts	indítsz	15	-1.756893625402277	173.06666666666666	5.153676876721771	TRUE	Prs.NDef.2Sg (mondas)	4096	NA	NA
sabadít	szabadít	[/V][Prs.NDef.3Pl]	2.004598196988304	86613	t	t		3	vc	sabadítanak	szabadítanak	anak	2561	0.4754246940104718	nak	sabadítnak	szabadítnak	12	-1.853803638410333	213.41666666666666	5.363246436411525	TRUE	Prs.NDef.3Pl (mondanak)	4938	NA	NA
hašít	hasít	[/V][Prs.NDef.3Pl]	1.744366525753307	47572	t	t		2	vc	hašítanak	hasítanak	anak	2559	0.4750854014292276	nak	hašítnak	hasítnak	11	-1.8915921992997329	232.63636363636363	5.449476563361419	TRUE	Prs.NDef.3Pl (mondanak)	4938	NA	NA
elégít	elégít	[/V][Prs.NDef.3Pl]	1.950148263674172	76407	t	t		3	vc	elégítenek	elégítenek	enek	2535	0.47099307921139694	nek	elégítnek	elégítnek	1	-2.932984884457958	2535	7.837948916025283	TRUE	Prs.NDef.3Pl (mondanak)	4938	NA	NA
varr	varr	[/V][Prs.NDef.3Pl]	2.1150449597688534	111694	rr	r	r	1	cc	varranak	varranak	anak	1	-2.932984884457958	nak	varrnak	varrnak	2478	0.4611164175820868	4.035512510088781e-4	-7.815207062189088	TRUE	Prs.NDef.3Pl (mondanak)	4938	test	varrnak
gerjest	gerjeszt	[/V][Prs.NDef.3Pl]	1.5671280377017365	31631	st	s	t	2	cc	gerjestenek	gerjesztenek	enek	2454	0.4568896739330277	nek	gerjestnek	gerjesztnek	1	-2.932984884457958	2454	7.805474625270857	TRUE	Prs.NDef.3Pl (mondanak)	4938	test	gerjestnek
ment	ment	[/V][Prs.NDef.2Pl]	2.6656885548669886	396893	nt	n	t	1	cc	mentetek	mentetek	etek	2438	0.4540488168244052	tek	menttek	menttek	20	-1.6319548887939763	121.9	4.803201036487226	TRUE	Prs.NDef.2Pl (mondotok)	3308	test	menttek
vét	vét	[/V][Prs.NDef.3Pl]	1.835749387201584	58713	t	t		1	vc	vétenek	vétenek	enek	2424	0.4515477310362908	nek	vétnek	vétnek	20	-1.6319548887939763	121.2	4.797442073635214	TRUE	Prs.NDef.3Pl (mondanak)	4938	NA	NA
terít	terít	[/V][Prs.NDef.3Pl]	1.819539873007109	56562	t	t		2	vc	terítenek	terítenek	enek	2421	0.4510099049837751	nek	terítnek	terítnek	29	-1.4705868865590015	83.48275862068965	4.4246401269515845	TRUE	Prs.NDef.3Pl (mondanak)	4938	NA	NA
mond	mond	[/V][Prs.NDef.2Pl]	4.129447533832242	11546023	nd	n	d	1	cc	mondotok	mondotok	otok	1909	0.34782104393570895	tok	mondtok	mondtok	2410	0.44903215811691055	0.7921161825726141	-0.2330472027589531	TRUE	Prs.NDef.2Pl (mondotok)	3308	test	mondtok
hejtáll	helytáll	[/V][Prs.NDef.3Pl]	1.785201141146585	52262	ll	l	l	2	cc	hejtállanak	helytállanak	anak	26	-1.5180115364871398	nak	hejtállnak	helytállnak	2409	0.4488519155403856	0.010792860107928601	-4.528870464593389	TRUE	Prs.NDef.3Pl (mondanak)	4938	test	hejtállnak
akast	akaszt	[/V][Prs.NDef.3Pl]	2.0187556513332554	89483	st	s	t	2	cc	akastanak	akasztanak	anak	2402	0.4475881186089294	nak	akastnak	akasztnak	6	-2.1548336340743144	400.3333333333333	5.9922975334118735	TRUE	Prs.NDef.3Pl (mondanak)	4938	test	akastnak
ajánl	ajánl	[/V][Prs.NDef.2Pl]	3.322595137004172	1801275	nl	n	l	2	cc	ajánlotok	ajánlotok	otok	2389	0.44523126529192	tok	ajánltok	ajánltok	15	-1.756893625402277	159.26666666666668	5.070579946223599	TRUE	Prs.NDef.2Pl (mondotok)	3308	test	ajánltok
telješít	teljesít	[/V][Prs.NDef.2Sg]	3.08491742664225	1042083	t	t		3	vc	telješítes	teljesítesz	es	2364	0.44066258775125994	s	telješíts	teljesítsz	10	-1.9329848844579576	236.4	5.465525285531943	TRUE	Prs.NDef.2Sg (mondas)	4096	NA	NA
repít	repít	[/V][Prs.NDef.3Pl]	1.6942887772001285	42391	t	t		2	vc	repítenek	repítenek	enek	2320	0.4325031004329418	nek	repítnek	repítnek	3	-2.455863629738295	773.3333333333334	6.650710175992246	TRUE	Prs.NDef.3Pl (mondanak)	4938	NA	NA
jogošít	jogosít	[/V][Prs.NDef.3Pl]	1.69539382677844	42499	t	t		3	vc	jogošítanak	jogosítanak	anak	2283	0.4255210270322774	nak	jogošítnak	jogosítnak	1	-2.932984884457958	2283	7.733245646529795	TRUE	Prs.NDef.3Pl (mondanak)	4938	NA	NA
takarít	takarít	[/V][Prs.NDef.2Sg]	2.3213553002440577	179614	t	t		3	vc	takarítas	takarítasz	as	2239	0.4170692091210725	s	takaríts	takarítsz	19	-1.654231283505129	117.84210526315789	4.769345637432314	TRUE	Prs.NDef.2Sg (mondas)	4096	NA	NA
melegít	melegít	[/V][Prs.NDef.3Pl]	2.1550164634220197	122462	t	t		3	vc	melegítenek	melegítenek	enek	2190	0.4074592303821605	nek	melegítnek	melegítnek	2	-2.6319548887939765	1095	6.9985096422506015	TRUE	Prs.NDef.3Pl (mondanak)	4938	NA	NA
derít	derít	[/V][Prs.NDef.3Pl]	1.930016597850253	72946	t	t		2	vc	derítenek	derítenek	enek	2178	0.40507299096179833	nek	derítnek	derítnek	4	-2.3309248931299953	544.5	6.299867942373015	TRUE	Prs.NDef.3Pl (mondanak)	4938	NA	NA
táršít	társít	[/V][Prs.NDef.3Pl]	1.7251696626092523	45515	t	t		2	vc	táršítanak	társítanak	anak	2178	0.40507299096179833	nak	táršítnak	társítnak	2	-2.6319548887939765	1089	6.9930151229329605	TRUE	Prs.NDef.3Pl (mondanak)	4938	NA	NA
ordít	ordít	[/V][Prs.NDef.3Pl]	1.872692646000056	63926	t	t		2	vc	ordítanak	ordítanak	anak	2169	0.4032746675562354	nak	ordítnak	ordítnak	7	-2.087886844443701	309.85714285714283	5.736111361771561	TRUE	Prs.NDef.3Pl (mondanak)	4938	NA	NA
utašít	utasít	[/V][Prs.NDef.3Pl]	2.3340952803215553	184961	t	t		3	vc	utašítanak	utasítanak	anak	2157	0.4008652606445872	nak	utašítnak	utasítnak	4	-2.3309248931299953	539.25	6.290179285269266	TRUE	Prs.NDef.3Pl (mondanak)	4938	NA	NA
hašonlít	hasonlít	[/V][Prs.NDef.2Sg]	2.7944123971664334	533823	t	t		3	vc	hašonlítas	hasonlítasz	as	2145	0.3984424120627853	s	hašonlíts	hasonlítsz	40	-1.3309248931299955	53.625	3.982015377248181	TRUE	Prs.NDef.2Sg (mondas)	4096	NA	NA
válast	választ	[/V][Prs.NDef.2Pl]	3.596984538197973	3388203	st	s	t	2	cc	válastotok	választotok	otok	2083	0.3857043854897881	tok	válasttok	választtok	2	-2.6319548887939765	1041.5	6.948417260701027	TRUE	Prs.NDef.2Pl (mondotok)	3308	test	válasttok
forr	forr	[/V][Prs.NDef.3Pl]	1.836569668505726	58824	rr	r	r	1	cc	forranak	forranak	anak	33	-1.4144709445800705	nak	forrnak	forrnak	1982	0.3641187656912987	0.016649848637739658	-4.095354153423453	TRUE	Prs.NDef.3Pl (mondanak)	4938	test	forrnak
üvölt	üvölt	[/V][Prs.NDef.3Pl]	1.8333164000862288	58385	lt	l	t	2	cc	üvöltenek	üvöltenek	enek	1976	0.3628020557936515	nek	üvöltnek	üvöltnek	5	-2.234014880121939	395.2	5.979391965873713	TRUE	Prs.NDef.3Pl (mondanak)	4938	test	üvöltnek
séḏell	szégyell	[/V][Prs.NDef.3Pl]	2.0545830722375222	97178	ll	l	l	2	cc	séḏellenek	szégyellenek	enek	50	-1.234014880121939	nek	séḏellnek	szégyellnek	1943	0.3554879161418247	0.02573340195573855	-3.659965443949294	TRUE	Prs.NDef.3Pl (mondanak)	4938	test	séḏellnek
érvéṉešít	érvényesít	[/V][Prs.NDef.3Pl]	2.493820686529134	267181	t	t		4	vc	érvéṉešítenek	érvényesítenek	enek	1926	0.3516713983305579	nek	érvéṉešítnek	érvényesítnek	3	-2.455863629738295	642	6.464588303689961	TRUE	Prs.NDef.3Pl (mondanak)	4938	NA	NA
šarkall	sarkall	[/V][Prs.NDef.3Pl]	1.673009313043713	40364	ll	l	l	2	cc	šarkallanak	sarkallanak	anak	44	-1.2895322079717704	nak	šarkallnak	sarkallnak	1925	0.3514458493865616	0.022857142857142857	-3.7784916128036232	TRUE	Prs.NDef.3Pl (mondanak)	4938	test	šarkallnak
bátorít	bátorít	[/V][Prs.NDef.3Pl]	1.9473369910694915	75914	t	t		3	vc	bátorítanak	bátorítanak	anak	1924	0.35122018324383636	nak	bátorítnak	bátorítnak	3	-2.455863629738295	641.3333333333334	6.463549342557542	TRUE	Prs.NDef.3Pl (mondanak)	4938	NA	NA
šújt	sújt	[/V][Prs.NDef.3Pl]	2.2020777650972594	136478	jt	j	t	1	cc	šújtanak	sújtanak	anak	1910	0.3480484827897697	nak	šújtnak	sújtnak	1	-2.932984884457958	1910	7.554858521040676	TRUE	Prs.NDef.3Pl (mondanak)	4938	test	šújtnak
megért	megért	[/V][Prs.NDef.2Sg]	2.9406855700837777	747602	rt	r	t	2	cc	megértes	megértesz	es	1897	0.34508244643070474	s	megérts	megértsz	5	-2.234014880121939	379.4	5.938591057500914	TRUE	Prs.NDef.2Sg (mondas)	4096	test	megérts
küld	küld	[/V][Prs.1Sg›2]	3.329046184230405	1828231	ld	l	d	1	cc	küldelek	küldelek	elek	1871	0.33908890304205214	lek	küldlek	küldlek	68	-1.1004759717517214	27.514705882352942	3.314720621097983	TRUE	Prs.1Sg›2 (mondalak)	1749	test	küldlek
olt	olt	[/V][Prs.NDef.3Pl]	2.01363438478017	88434	lt	l	t	1	cc	oltanak	oltanak	anak	1854	0.33512484535052045	nak	oltnak	oltnak	1	-2.932984884457958	1854	7.5251007461258	TRUE	Prs.NDef.3Pl (mondanak)	4938	test	oltnak
térít	térít	[/V][Prs.NDef.3Pl]	1.9881499208485032	83394	t	t		2	vc	térítenek	térítenek	enek	1785	0.3186533359902542	nek	térítnek	térítnek	1	-2.932984884457958	1785	7.487173694213739	TRUE	Prs.NDef.3Pl (mondanak)	4938	NA	NA
késít	készít	[/V][Prs.NDef.2Pl]	3.587482795917409	3314879	t	t		2	vc	késítetek	készítetek	etek	1738	0.30706488765468987	tek	késíttek	készíttek	128	-0.8257749148100895	13.578125	2.6084600419057202	TRUE	Prs.NDef.2Pl (mondotok)	3308	NA	NA
sít	szít	[/V][Prs.NDef.3Pl]	1.4876968332458935	26344	t	t		1	vc	sítanak	szítanak	anak	1727	0.3043074531095009	nak	sítnak	szítnak	8	-2.0298948974660145	215.875	5.374699536466843	TRUE	Prs.NDef.3Pl (mondanak)	4938	NA	NA
távolít	távolít	[/V][Prs.NDef.3Pl]	2.311173438700553	175452	t	t		3	vc	távolítanak	távolítanak	anak	1693	0.2956720736509774	nak	távolítnak	távolítnak	1	-2.932984884457958	1693	7.4342573821331355	TRUE	Prs.NDef.3Pl (mondanak)	4938	NA	NA
említ	említ	[/V][Prs.NDef.2Sg]	2.960327930133322	782191	t	t		2	vc	említes	említesz	es	1683	0.293099231517866	s	említs	említsz	10	-1.9329848844579576	168.3	5.12574810119676	TRUE	Prs.NDef.2Sg (mondas)	4096	NA	NA
eḏetért	egyetért	[/V][Prs.NDef.2Pl]	2.6806793792943684	410832	rt	r	t	3	cc	eḏetértetek	egyetértetek	etek	1615	0.27518764220916386	tek	eḏetérttek	egyetérttek	42	-1.3097355940600577	38.45238095238095	3.6494206173733885	TRUE	Prs.NDef.2Pl (mondotok)	3308	test	eḏetérttek
pillant	pillant	[/V][Prs.NDef.2Sg]	2.0275762625908595	91319	nt	n	t	2	cc	pillantas	pillantasz	as	1613	0.27464948293100366	s	pillants	pillantsz	22	-1.5905622036357516	73.31818181818181	4.294808624766893	TRUE	Prs.NDef.2Sg (mondas)	4096	test	pillants
felejt	felejt	[/V][Prs.NDef.2Sg]	2.6921814049054085	421858	jt	j	t	2	cc	felejtes	felejtesz	es	1564	0.2612518642658714	s	felejts	felejtsz	36	-1.3766823836906703	43.44444444444444	3.7714829826491463	TRUE	Prs.NDef.2Sg (mondas)	4096	test	felejts
ízešít	ízesít	[/V][Prs.NDef.3Pl]	1.9262615224870263	72318	t	t		3	vc	ízešítenek	ízesítenek	enek	1526	0.25056964916090385	nek	ízešítnek	ízesítnek	8	-2.0298948974660145	190.75	5.250963670164566	TRUE	Prs.NDef.3Pl (mondanak)	4938	NA	NA
jelent	jelent	[/V][Prs.NDef.2Sg]	3.848512349249592	6046405	nt	n	t	2	cc	jelentes	jelentesz	es	1524	0.25000008254562384	s	jelents	jelentsz	15	-1.756893625402277	101.6	4.6210435351443815	TRUE	Prs.NDef.2Sg (mondas)	4096	test	jelents
össpontošít	összpontosít	[/V][Prs.NDef.2Sg]	2.1182486987272786	112521	t	t		4	vc	össpontošítas	összpontosítasz	as	1516	0.2477143168380769	s	össpontošíts	összpontosítsz	3	-2.455863629738295	505.3333333333333	6.225218277534207	TRUE	Prs.NDef.2Sg (mondas)	4096	NA	NA
értešít	értesít	[/V][Prs.1Sg›2]	2.730372991832843	460636	t	t		3	vc	értešítelek	értesítelek	elek	1502	0.24368504821019177	lek	értešítlek	értesítlek	39	-1.3419202774314587	38.51282051282051	3.6509911861944335	TRUE	Prs.1Sg›2 (mondalak)	1749	NA	NA
sembešít	szembesít	[/V][Prs.NDef.3Pl]	1.6095044253327846	34873	t	t		3	vc	sembešítenek	szembesítenek	enek	1486	0.23903392496659864	nek	sembešítnek	szembesítnek	1	-2.932984884457958	1486	7.303843225277705	TRUE	Prs.NDef.3Pl (mondanak)	4938	NA	NA
laššít	lassít	[/V][Prs.NDef.3Pl]	2.1012865260028124	108211	t	t		2	vc	laššítanak	lassítanak	anak	1469	0.23403691133229865	nak	laššítnak	lassítnak	1	-2.932984884457958	1469	7.292337176173877	TRUE	Prs.NDef.3Pl (mondanak)	4938	NA	NA
közelít	közelít	[/V][Prs.NDef.2Sg]	2.472433197550715	254342	t	t		3	vc	közelítes	közelítesz	es	1467	0.2334452293853249	s	közelíts	közelítsz	21	-1.6107655897240385	69.85714285714286	4.246452340419559	TRUE	Prs.NDef.2Sg (mondas)	4096	NA	NA
ürít	ürít	[/V][Prs.NDef.3Pl]	1.6233899926917823	36006	t	t		2	vc	ürítenek	ürítenek	enek	1462	0.23196248816388385	nek	ürítnek	ürítnek	3	-2.455863629738295	487.3333333333333	6.188948351641614	TRUE	Prs.NDef.3Pl (mondanak)	4938	NA	NA
igazít	igazít	[/V][Prs.NDef.3Pl]	2.2858970778836074	165532	t	t		3	vc	igazítanak	igazítanak	anak	1454	0.2295795220650612	nak	igazítnak	igazítnak	3	-2.455863629738295	484.6666666666667	6.183461369425355	TRUE	Prs.NDef.3Pl (mondanak)	4938	NA	NA
lézeng	lézeng	[/V][Prs.NDef.3Pl]	1.031557581621179	9216	ng	n	g	2	cc	lézengenek	lézengenek	enek	1404	0.21438222333582865	nek	lézengnek	lézengnek	73	-1.069662024337502	19.232876712328768	2.9566211434373653	TRUE	Prs.NDef.3Pl (mondanak)	4938	test	lézengnek
tasít	taszít	[/V][Prs.NDef.3Pl]	1.7527658085773925	48501	t	t		2	vc	tasítanak	taszítanak	anak	1404	0.21438222333582865	nak	tasítnak	taszítnak	3	-2.455863629738295	468	6.148468295917647	TRUE	Prs.NDef.3Pl (mondanak)	4938	NA	NA
iráṉít	irányít	[/V][Prs.NDef.2Sg]	2.818759066171529	564604	t	t		3	vc	iráṉítas	irányítasz	as	1380	0.20689420194327868	s	iráṉíts	irányítsz	9	-1.978742375018633	153.33333333333334	5.032614200815031	TRUE	Prs.NDef.2Sg (mondas)	4096	NA	NA
kelt	kelt	[/V][Prs.NDef.2Pl]	2.7981185534768014	538398	lt	l	t	1	cc	keltetek	keltetek	etek	1379	0.20657938171789195	tek	kelttek	kelttek	1	-2.932984884457958	1379	7.229113877793302	TRUE	Prs.NDef.2Pl (mondotok)	3308	test	kelttek
lappang	lappang	[/V][Prs.NDef.3Pl]	1.2723819034085184	16046	ng	n	g	2	cc	lappanganak	lappanganak	anak	1369	0.20341856367603217	nak	lappangnak	lappangnak	187	-0.6611432779214589	7.320855614973262	1.9907272084338623	TRUE	Prs.NDef.3Pl (mondanak)	4938	test	lappangnak
sakít	szakít	[/V][Prs.NDef.2Sg]	2.3864459931084663	208656	t	t		2	vc	sakítas	szakítasz	as	1361	0.20087324074537688	s	sakíts	szakítsz	16	-1.728864901802033	85.0625	4.443386280411685	TRUE	Prs.NDef.2Sg (mondas)	4096	NA	NA
lazít	lazít	[/V][Prs.NDef.3Pl]	1.958279311016414	77851	t	t		2	vc	lazítanak	lazítanak	anak	1360	0.20055402391225963	nak	lazítnak	lazítnak	3	-2.455863629738295	453.3333333333333	6.116627690061988	TRUE	Prs.NDef.3Pl (mondanak)	4938	NA	NA
bővít	bővít	[/V][Prs.NDef.3Pl]	2.5128449687857826	279145	t	t		2	vc	bővítenek	bővítenek	enek	1357	0.19959496320177925	nek	bővítnek	bővítnek	9	-1.978742375018633	150.77777777777777	5.015807082498649	TRUE	Prs.NDef.3Pl (mondanak)	4938	NA	NA
zeng	zeng	[/V][Prs.NDef.2Pl]	1.7743979085034178	50978	ng	n	g	1	cc	zengetek	zengetek	etek	12	-1.853803638410333	tek	zengtek	zengtek	1349	0.1970270652139464	0.008895478131949592	-4.722212206419756	TRUE	Prs.NDef.2Pl (mondotok)	3308	test	zengtek
pillant	pillant	[/V][Prs.NDef.3Pl]	2.0275762625908595	91319	nt	n	t	2	cc	pillantanak	pillantanak	anak	1347	0.19638271126502777	nak	pillantnak	pillantnak	1	-2.932984884457958	1347	7.205635176410364	TRUE	Prs.NDef.3Pl (mondanak)	4938	test	pillantnak
lejt	lejt	[/V][Prs.NDef.3Pl]	1.1958342577365526	13453	jt	j	t	1	cc	lejtenek	lejtenek	enek	1333	0.1918452649559014	nek	lejtnek	lejtnek	11	-1.8915921992997329	121.18181818181819	4.797292047380338	TRUE	Prs.NDef.3Pl (mondanak)	4938	test	lejtnek
önt	önt	[/V][Prs.NDef.2Sg]	2.628092636201345	363980	nt	n	t	1	cc	öntes	öntesz	es	1320	0.187589046747892	s	önts	öntsz	8	-2.0298948974660145	165	5.10594547390058	TRUE	Prs.NDef.2Sg (mondas)	4096	test	önts
félreért	félreért	[/V][Prs.NDef.2Sg]	1.6781859130022172	40848	rt	r	t	3	cc	félreértes	félreértesz	es	1313	0.18527984163152153	s	félreérts	félreértsz	7	-2.087886844443701	187.57142857142858	5.2341597252474825	TRUE	Prs.NDef.2Sg (mondas)	4096	test	félreérts
kong	kong	[/V][Prs.NDef.3Pl]	1.684612987091838	41457	ng	n	g	1	cc	konganak	konganak	anak	1304	0.18229270693794355	nak	kongnak	kongnak	305	-0.448685045111172	4.275409836065574	1.4528799658791867	TRUE	Prs.NDef.3Pl (mondanak)	4938	test	kongnak
gördít	gördít	[/V][Prs.NDef.3Pl]	1.1531969201917915	12195	t	t		2	vc	gördítenek	gördítenek	enek	1299	0.18062426661507003	nek	gördítnek	gördítnek	6	-2.1548336340743144	216.5	5.377590547442544	TRUE	Prs.NDef.3Pl (mondanak)	4938	NA	NA
lézeng	lézeng	[/V][Prs.NDef.2Pl]	1.031557581621179	9216	ng	n	g	2	cc	lézengetek	lézengetek	etek	2	-2.6319548887939765	tek	lézengtek	lézengtek	1292	0.17827762920110743	0.0015479876160990713	-6.470799503782602	TRUE	Prs.NDef.2Pl (mondotok)	3308	test	lézengtek
bátorít	bátorít	[/V][Prs.1Sg›2]	1.9473369910694915	75914	t	t		3	vc	bátorítalak	bátorítalak	alak	1291	0.17794135780846249	lak	bátorítlak	bátorítlak	48	-1.2517436470823706	26.895833333333332	3.2919713799387513	TRUE	Prs.1Sg›2 (mondalak)	1749	NA	NA
függ	függ	[/V][Prs.NDef.2Sg]	2.921588333286279	715440	gg	g	g	1	cc	függes	függesz	es	217	-0.5965251506094283	s	függs	függsz	1289	0.17726803289544518	0.16834755624515127	-1.781724649398728	TRUE	Prs.NDef.2Sg (mondas)	4096	test	függs
megšért	megsért	[/V][Prs.NDef.3Pl]	2.1871545349738746	131868	rt	r	t	2	cc	megšértenek	megsértenek	enek	1280	0.17422508518991056	nek	megšértnek	megsértnek	1	-2.932984884457958	1280	7.154615356913663	TRUE	Prs.NDef.3Pl (mondanak)	4938	test	megšértnek
örökít	örökít	[/V][Prs.NDef.3Pl]	1.9189030405469067	71103	t	t		3	vc	örökítenek	örökítenek	enek	1275	0.17252530031201616	nek	örökítnek	örökítnek	3	-2.455863629738295	425	6.052089168924417	TRUE	Prs.NDef.3Pl (mondanak)	4938	NA	NA
gazdagít	gazdagít	[/V][Prs.NDef.3Pl]	2.129495564516606	115473	t	t		3	vc	gazdagítanak	gazdagítanak	anak	1268	0.17013436908775606	nak	gazdagítnak	gazdagítnak	1	-2.932984884457958	1268	7.145196134997171	TRUE	Prs.NDef.3Pl (mondanak)	4938	NA	NA
merít	merít	[/V][Prs.NDef.2Sg]	2.229707939547056	145443	t	t		2	vc	merítes	merítesz	es	1266	0.16944882122337843	s	meríts	merítsz	20	-1.6319548887939763	63.3	4.147885329150131	TRUE	Prs.NDef.2Sg (mondas)	4096	NA	NA
tanít	tanít	[/V][Prs.1Sg›2]	2.9108935588957916	698037	t	t		2	vc	tanítalak	tanítalak	alak	1243	0.16148624418368693	lak	tanítlak	tanítlak	176	-0.687472216643808	7.0625	1.9547990964725592	TRUE	Prs.1Sg›2 (mondalak)	1749	NA	NA
töpreng	töpreng	[/V][Prs.NDef.3Pl]	1.6971377584013545	42670	ng	n	g	2	cc	töprengenek	töprengenek	enek	1241	0.16078689704077198	nek	töprengnek	töprengnek	32	-1.427834906138052	38.78125	3.6579368824048806	TRUE	Prs.NDef.3Pl (mondanak)	4938	test	töprengnek
vall	vall	[/V][Prs.NDef.2Sg]	2.7990089795374744	539503	ll	l	l	1	cc	vallas	vallasz	as	1203	0.14728074288188692	s	valls	vallsz	23	-1.571257048440365	52.30434782608695	3.957079500045529	TRUE	Prs.NDef.2Sg (mondas)	4096	test	valls
leng	leng	[/V][Prs.NDef.3Pl]	1.7526762559372897	48491	ng	n	g	1	cc	lengenek	lengenek	enek	1199	0.1458342986408908	nek	lengnek	lengnek	279	-0.48738068118436023	4.297491039426523	1.4580313732061487	TRUE	Prs.NDef.3Pl (mondanak)	4938	test	lengnek
torzít	torzít	[/V][Prs.NDef.3Pl]	1.9351244368776064	73809	t	t		2	vc	torzítanak	torzítanak	anak	1197	0.14510926594845286	nak	torzítnak	torzítnak	3	-2.455863629738295	399	5.988961416889864	TRUE	Prs.NDef.3Pl (mondanak)	4938	NA	NA
eṉhít	enyhít	[/V][Prs.NDef.3Pl]	2.2735684604749347	160899	t	t		2	vc	eṉhítenek	enyhítenek	enek	1190	0.14256207693457293	nek	eṉhítnek	enyhítnek	4	-2.3309248931299953	297.5	5.695414224985685	TRUE	Prs.NDef.3Pl (mondanak)	4938	NA	NA
sorong	szorong	[/V][Prs.NDef.2Sg]	1.6523630266366331	38490	ng	n	g	2	cc	sorongas	szorongasz	as	45	-1.279772370682614	s	sorongs	szorongsz	1184	0.14036681792894318	0.03800675675675676	-3.2699913256736313	TRUE	Prs.NDef.2Sg (mondas)	4096	test	sorongs
ront	ront	[/V][Prs.NDef.2Sg]	2.498256616638663	269924	nt	n	t	1	cc	rontas	rontasz	as	1174	0.13668321245363788	s	ronts	rontsz	9	-1.978742375018633	130.44444444444446	4.870947423051822	TRUE	Prs.NDef.2Sg (mondas)	4096	test	ronts
küld	küld	[/V][Prs.NDef.2Pl]	3.329046184230405	1828231	ld	l	d	1	cc	küldötök	küldötök	ötök	145	-0.771616882222983	tök	küldtök	küldtök	1155	0.12959709977020528	0.12554112554112554	-2.0751218805353195	TRUE	Prs.NDef.2Pl (mondotok)	3308	test	küldtök
válast	választ	[/V][Prs.1Sg›2]	3.596984538197973	3388203	st	s	t	2	cc	válastalak	választalak	alak	1129	0.11970905746701004	lak	válastlak	választlak	5	-2.234014880121939	225.8	5.419649651715562	TRUE	Prs.1Sg›2 (mondalak)	1749	test	válastlak
čüng	csüng	[/V][Prs.NDef.3Pl]	1.166350393228	12570	ng	n	g	1	cc	čüngenek	csüngenek	enek	1121	0.11662072813701536	nek	čüngnek	csüngnek	773	-0.04480539053963291	1.4501940491591203	0.37169737448473794	TRUE	Prs.NDef.3Pl (mondanak)	4938	test	čüngnek
kattint	kattint	[/V][Prs.NDef.2Pl]	3.101250403862836	1082020	nt	n	t	2	cc	kattintotok	kattintotok	otok	1080	0.10043887102899184	tok	kattinttok	kattinttok	3	-2.455863629738295	360	5.886104031450156	TRUE	Prs.NDef.2Pl (mondotok)	3308	test	kattinttok
buzdít	buzdít	[/V][Prs.1Sg›2]	2.031524593591308	92153	t	t		2	vc	buzdítalak	buzdítalak	alak	1068	0.0955863682345798	lak	buzdítlak	buzdítlak	72	-1.0756523880266893	14.833333333333334	2.6968769005040847	TRUE	Prs.1Sg›2 (mondalak)	1749	NA	NA
bánt	bánt	[/V][Prs.NDef.2Sg]	2.302654646830123	172044	nt	n	t	1	cc	bántas	bántasz	as	1065	0.09436472331679864	s	bánts	bántsz	21	-1.6107655897240385	50.714285714285715	3.9262076404201025	TRUE	Prs.NDef.2Sg (mondas)	4096	test	bánts
fost	foszt	[/V][Prs.NDef.3Pl]	1.6726648740591443	40332	st	s	t	1	cc	fostanak	fosztanak	anak	1065	0.09436472331679864	nak	fostnak	fosztnak	2	-2.6319548887939765	532.5	6.277582897583581	TRUE	Prs.NDef.3Pl (mondanak)	4938	test	fostnak
zöldell	zöldell	[/V][Prs.NDef.3Pl]	0.8296186651088456	5789	ll	l	l	2	cc	zöldellenek	zöldellenek	enek	132	-0.812410953252108	nek	zöldellnek	zöldellnek	1044	0.08571561420828551	0.12643678160919541	-2.068012845856213	TRUE	Prs.NDef.3Pl (mondanak)	4938	test	zöldellnek
kiált	kiált	[/V][Prs.NDef.2Sg]	2.355172642073583	194159	lt	l	t	2	cc	kiáltas	kiáltasz	as	1024	0.0773150721818541	s	kiálts	kiáltsz	12	-1.853803638410333	85.33333333333333	4.446565155811452	TRUE	Prs.NDef.2Sg (mondas)	4096	test	kiálts
sámít	számít	[/V][Prs.NDef.2Pl]	3.4385556394811343	2352559	t	t		2	vc	sámítotok	számítotok	otok	1011	0.07176627113304322	tok	sámíttok	számíttok	14	-1.7868568487797198	72.21428571428571	4.279637889405213	TRUE	Prs.NDef.2Pl (mondotok)	3308	NA	NA
biztošít	biztosít	[/V][Prs.NDef.2Sg]	3.6171036154920224	3548857	t	t		3	vc	biztošítas	biztosítasz	as	1009	0.07090628177895267	s	biztošíts	biztosítsz	6	-2.1548336340743144	168.16666666666666	5.124955551125554	TRUE	Prs.NDef.2Sg (mondas)	4096	NA	NA
tulajdonít	tulajdonít	[/V][Prs.NDef.2Sg]	2.195323896816683	134372	t	t		4	vc	tulajdonítas	tulajdonítasz	as	997	0.06571027385369792	s	tulajdoníts	tulajdonítsz	7	-2.087886844443701	142.42857142857142	4.958840620906525	TRUE	Prs.NDef.2Sg (mondas)	4096	NA	NA
terjeng	terjeng	[/V][Prs.NDef.2Pl]	1.144782605924099	11961	ng	n	g	2	cc	terjengetek	terjengetek	etek	5	-2.234014880121939	tek	terjengtek	terjengtek	996	0.06527445396574089	0.0050200803212851405	-5.294309345150498	TRUE	Prs.NDef.2Pl (mondotok)	3308	test	terjengtek
sólít	szólít	[/V][Prs.1Sg›2]	2.4536906166811505	243599	t	t		2	vc	sólítalak	szólítalak	alak	986	0.06089203048325336	lak	sólítlak	szólítlak	198	-0.6363196941964268	4.97979797979798	1.6053893239081003	TRUE	Prs.1Sg›2 (mondalak)	1749	NA	NA
telepít	telepít	[/V][Prs.NDef.2Sg]	2.546496848711112	301635	t	t		3	vc	telepítes	telepítesz	es	984	0.06001021397338365	s	telepíts	telepítsz	3	-2.455863629738295	328	5.793013608384144	TRUE	Prs.NDef.2Sg (mondas)	4096	NA	NA
višít	visít	[/V][Prs.NDef.3Pl]	1.2124290807099256	13977	t	t		2	vc	višítanak	visítanak	anak	978	0.0573539703296436	nak	višítnak	visítnak	12	-1.853803638410333	81.5	4.400603020246817	TRUE	Prs.NDef.3Pl (mondanak)	4938	NA	NA
ujjong	ujjong	[/V][Prs.NDef.3Pl]	1.3958430545563227	21322	ng	n	g	2	cc	ujjonganak	ujjonganak	anak	950	0.04473872083088993	nak	ujjongnak	ujjongnak	118	-0.8611028771518324	8.05084745762712	2.085777360128922	TRUE	Prs.NDef.3Pl (mondanak)	4938	test	ujjongnak
fetreng	fetreng	[/V][Prs.NDef.3Pl]	1.1845515482523803	13108	ng	n	g	2	cc	fetrengenek	fetrengenek	enek	947	0.0433650945453156	nek	fetrengnek	fetrengnek	38	-1.3532012878411477	24.92105263157895	3.2157129334596926	TRUE	Prs.NDef.3Pl (mondanak)	4938	test	fetrengnek
terjeng	terjeng	[/V][Prs.NDef.3Pl]	1.144782605924099	11961	ng	n	g	2	cc	terjengenek	terjengenek	enek	945	0.04244692405130512	nek	terjengnek	terjengnek	330	-0.4144709445800704	2.8636363636363638	1.052092273033217	TRUE	Prs.NDef.3Pl (mondanak)	4938	test	terjengnek
díseleg	díszeleg	[/V][Prs.NDef.2Pl]	1.312058689472652	17581	g	g		3	vc	díselegetek	díszelegetek	etek	1	-2.932984884457958	tek	díselegtek	díszelegtek	928	0.0345630917609042	0.0010775862068965517	-6.833031732786201	TRUE	Prs.NDef.2Pl (mondotok)	3308	NA	NA
int	int	[/V][Prs.1Sg›2]	2.329181328593249	182880	nt	n	t	1	cc	intelek	intelek	elek	896	0.0193231252041674	lek	intlek	intlek	114	-0.8760800331214852	7.859649122807017	2.061741964580435	TRUE	Prs.1Sg›2 (mondalak)	1749	test	intlek
kell	kell	[/V][Prs.NDef.2Pl]	4.529006843156771	28972884	ll	l	l	1	cc	kelletek	kelletek	etek	884	0.01346738055511526	tek	kelltek	kelltek	6	-2.1548336340743144	147.33333333333334	4.992697593409589	TRUE	Prs.NDef.2Pl (mondotok)	3308	test	kelltek
sólít	szólít	[/V][Prs.NDef.2Sg]	2.4536906166811505	243599	t	t		2	vc	sólítas	szólítasz	as	875	0.00902316856435538	s	sólíts	szólítsz	25	-1.5350448757859203	35	3.5553480614894135	TRUE	Prs.NDef.2Sg (mondas)	4096	NA	NA
leḏint	legyint	[/V][Prs.NDef.2Sg]	1.705684043387432	43518	nt	n	t	2	cc	leḏintes	legyintesz	es	870	0.00653436816066066	s	leḏints	legyintsz	2	-2.6319548887939765	435	6.075346031088684	TRUE	Prs.NDef.2Sg (mondas)	4096	test	leḏints
šegít	segít	[/V][Prs.1Sg›2]	3.737458026782751	4682124	t	t		2	vc	šegítelek	segítelek	elek	870	0.00653436816066066	lek	šegítlek	segítlek	213	-0.6046052810192202	4.084507042253521	1.4072010459392044	TRUE	Prs.1Sg›2 (mondalak)	1749	NA	NA
šejt	sejt	[/V][Prs.NDef.2Sg]	2.9107709750098145	697840	jt	j	t	1	cc	šejtes	sejtesz	es	862	0.00252238136675494	s	šejts	sejtsz	41	-1.3202010277382223	21.024390243902438	3.0456832039593853	TRUE	Prs.NDef.2Sg (mondas)	4096	test	šejts
küzd	küzd	[/V][Prs.NDef.2Pl]	2.8842471998392543	656496	zd	z	d	1	cc	küzdötök	küzdötök	ötök	860	0.00151356678560985	tök	küzdtök	küzdtök	23	-1.571257048440365	37.391304347826086	3.6214381733184036	TRUE	Prs.NDef.2Pl (mondotok)	3308	test	küzdtök
bánt	bánt	[/V][Prs.1Sg›2]	2.302654646830123	172044	nt	n	t	1	cc	bántalak	bántalak	alak	855	-0.00101876972978518	lak	bántlak	bántlak	178	-0.6825648821490639	4.803370786516854	1.569317918644675	TRUE	Prs.1Sg›2 (mondalak)	1749	test	bántlak
bólint	bólint	[/V][Prs.NDef.3Pl]	1.825949705664744	57403	nt	n	t	2	cc	bólintanak	bólintanak	anak	839	-0.00922292362925756	nak	bólintnak	bólintnak	2	-2.6319548887939765	419.5	6.0390635259072605	TRUE	Prs.NDef.3Pl (mondanak)	4938	test	bólintnak
köṉṉít	könnyít	[/V][Prs.NDef.3Pl]	2.012488624619666	88201	t	t		2	vc	köṉṉítenek	könnyítenek	enek	835	-0.01129840897435574	nek	köṉṉítnek	könnyítnek	4	-2.3309248931299953	208.75	5.341137363730965	TRUE	Prs.NDef.3Pl (mondanak)	4938	NA	NA
tátong	tátong	[/V][Prs.NDef.3Pl]	1.285314241427215	16531	ng	n	g	2	cc	tátonganak	tátonganak	anak	828	-0.0149545476730777	nak	tátongnak	tátongnak	324	-0.4224398742513457	2.5555555555555554	0.9382696385929302	TRUE	Prs.NDef.3Pl (mondanak)	4938	test	tátongnak
töpreng	töpreng	[/V][Prs.NDef.2Sg]	1.6971377584013545	42670	ng	n	g	2	cc	töprenges	töprengesz	es	88	-0.9885022123077892	s	töprengs	töprengsz	827	-0.01547937490541114	0.10640870616686819	-2.2404678805454847	TRUE	Prs.NDef.2Sg (mondas)	4096	test	töprengs
old	old	[/V][Prs.NDef.2Sg]	2.8249058973828483	572652	ld	l	d	1	cc	oldas	oldasz	as	825	-0.01653093590803274	s	olds	oldsz	8	-2.0298948974660145	103.125	4.6359418446548455	TRUE	Prs.NDef.2Sg (mondas)	4096	test	olds
ḏújt	gyújt	[/V][Prs.NDef.2Sg]	2.117290442944573	112273	jt	j	t	1	cc	ḏújtas	gyújtasz	as	819	-0.01970098269753937	s	ḏújts	gyújtsz	7	-2.087886844443701	117	4.762173934797756	TRUE	Prs.NDef.2Sg (mondas)	4096	test	ḏújts
ejt	ejt	[/V][Prs.NDef.2Sg]	2.54627650321544	301482	jt	j	t	1	cc	ejtes	ejtesz	es	807	-0.0261113497358874	s	ejts	ejtsz	10	-1.9329848844579576	80.7	4.390738575275903	TRUE	Prs.NDef.2Sg (mondas)	4096	test	ejts
biztošít	biztosít	[/V][Prs.1Sg›2]	3.6171036154920224	3548857	t	t		3	vc	biztošítalak	biztosítalak	alak	806	-0.02664984265286718	lak	biztošítlak	biztosítlak	242	-0.5491695184775266	3.330578512396694	1.203146016349942	TRUE	Prs.1Sg›2 (mondalak)	1749	NA	NA
tágít	tágít	[/V][Prs.NDef.3Pl]	1.6317403439495126	36705	t	t		2	vc	tágítanak	tágítanak	anak	780	-0.04089028176747745	nak	tágítnak	tágítnak	3	-2.455863629738295	260	5.560681631015528	TRUE	Prs.NDef.3Pl (mondanak)	4938	NA	NA
eḏešít	egyesít	[/V][Prs.NDef.3Pl]	2.1200666549941487	112993	t	t		3	vc	eḏešítenek	egyesítenek	enek	778	-0.04200528746826889	nek	eḏešítnek	egyesítnek	1	-2.932984884457958	778	6.656726524178391	TRUE	Prs.NDef.3Pl (mondanak)	4938	NA	NA
hint	hint	[/V][Prs.NDef.3Pl]	1.5869611793795713	33109	nt	n	t	1	cc	hintenek	hintenek	enek	777	-0.04256386565704357	nek	hintnek	hintnek	2	-2.6319548887939765	388.5	5.962293169807702	TRUE	Prs.NDef.3Pl (mondanak)	4938	test	hintnek
törlest	törleszt	[/V][Prs.NDef.3Pl]	1.6345355195171676	36942	st	s	t	2	cc	törlestenek	törlesztenek	enek	770	-0.04649415928547599	nek	törlestnek	törlesztnek	5	-2.234014880121939	154	5.0369526024136295	TRUE	Prs.NDef.3Pl (mondanak)	4938	test	törlestnek
ment	ment	[/V][Prs.NDef.2Sg]	2.6656885548669886	396893	nt	n	t	1	cc	mentes	mentesz	es	763	-0.05046034650307736	s	ments	mentsz	3	-2.455863629738295	254.33333333333334	5.538645742616348	TRUE	Prs.NDef.2Sg (mondas)	4096	test	ments
čeng	cseng	[/V][Prs.NDef.2Pl]	1.8314154384984305	58130	ng	n	g	1	cc	čengetek	csengetek	etek	220	-0.5905622036357516	tek	čengtek	csengtek	762	-0.05102991311835734	0.2887139107611549	-1.2423190093342846	TRUE	Prs.NDef.2Pl (mondotok)	3308	test	čengtek
őrjöng	őrjöng	[/V][Prs.NDef.3Pl]	1.1505535667721816	12121	ng	n	g	2	cc	őrjöngenek	őrjöngenek	enek	750	-0.05792362106625776	nek	őrjöngnek	őrjöngnek	110	-0.8915921992997328	6.818181818181818	1.91959284073794	TRUE	Prs.NDef.3Pl (mondanak)	4938	test	őrjöngnek
mond	mond	[/V][Prs.1Sg›2]	4.129447533832242	11546023	nd	n	d	1	cc	mondalak	mondalak	alak	740	-0.06375316472698163	lak	mondlak	mondlak	26	-1.5180115364871398	28.46153846153846	3.3485536481767335	TRUE	Prs.1Sg›2 (mondalak)	1749	test	mondlak
hossabbít	hosszabbít	[/V][Prs.NDef.3Pl]	1.7672773929022294	50149	t	t		3	vc	hossabbítanak	hosszabbítanak	anak	735	-0.06669754537376292	nak	hossabbítnak	hosszabbítnak	5	-2.234014880121939	147	4.990432586778736	TRUE	Prs.NDef.3Pl (mondanak)	4938	NA	NA
šóhajt	sóhajt	[/V][Prs.NDef.3Pl]	1.812815728087108	55693	jt	j	t	2	cc	šóhajtanak	sóhajtanak	anak	718	-0.07686044021565751	nak	šóhajtnak	sóhajtnak	7	-2.087886844443701	102.57142857142857	4.6305594199929105	TRUE	Prs.NDef.3Pl (mondanak)	4938	test	šóhajtnak
šüvít	süvít	[/V][Prs.NDef.3Pl]	0.968418942367294	7969	t	t		2	vc	šüvítenek	süvítenek	enek	715	-0.07867884265687722	nek	šüvítnek	süvítnek	6	-2.1548336340743144	119.16666666666667	4.780523073465953	TRUE	Prs.NDef.3Pl (mondanak)	4938	NA	NA
zajong	zajong	[/V][Prs.NDef.3Pl]	0.8742117762529894	6415	ng	n	g	2	cc	zajonganak	zajonganak	anak	689	-0.09476566255033204	nak	zajongnak	zajongnak	122	-0.8466250537832096	5.647540983606557	1.731220226280402	TRUE	Prs.NDef.3Pl (mondanak)	4938	test	zajongnak
teremt	teremt	[/V][Prs.NDef.2Pl]	2.9969798872652507	851069	mt	m	t	2	cc	teremtetek	teremtetek	etek	684	-0.09792878273784164	tek	teremttek	teremttek	2	-2.6319548887939765	342	5.834810737062605	TRUE	Prs.NDef.2Pl (mondotok)	3308	test	teremttek
finomít	finomít	[/V][Prs.NDef.3Pl]	1.671327586790543	40208	t	t		3	vc	finomítanak	finomítanak	anak	682	-0.0992005098014789	nak	finomítnak	finomítnak	1	-2.932984884457958	682	6.525029657843462	TRUE	Prs.NDef.3Pl (mondanak)	4938	NA	NA
javít	javít	[/V][Prs.NDef.2Sg]	2.953715041297892	770371	t	t		2	vc	javítas	javítasz	as	677	-0.1023962157728135	s	javíts	javítsz	8	-2.0298948974660145	84.625	4.438229731232439	TRUE	Prs.NDef.2Sg (mondas)	4096	NA	NA
általánošít	általánosít	[/V][Prs.NDef.3Pl]	1.413680982284243	22216	t	t		5	vc	általánošítanak	általánosítanak	anak	671	-0.10626236428896577	nak	általánošítnak	általánosítnak	1	-2.932984884457958	671	6.508769136971682	TRUE	Prs.NDef.3Pl (mondanak)	4938	NA	NA
ḏanít	gyanít	[/V][Prs.NDef.3Pl]	1.8340299058045817	58481	t	t		2	vc	ḏanítanak	gyanítanak	anak	658	-0.11475899084400232	nak	ḏanítnak	gyanítnak	3	-2.455863629738295	219.33333333333334	5.390592642657207	TRUE	Prs.NDef.3Pl (mondanak)	4938	NA	NA
bočát	bocsát	[/V][Prs.NDef.2Sg]	2.659027454137191	390852	t	t		2	vc	bočátas	bocsátasz	as	654	-0.11740713613369054	s	bočáts	bocsátsz	6	-2.1548336340743144	109	4.6913478822291435	TRUE	Prs.NDef.2Sg (mondas)	4096	NA	NA
dühöng	dühöng	[/V][Prs.NDef.3Pl]	1.3723234834061857	20198	ng	n	g	2	cc	dühöngenek	dühöngenek	enek	649	-0.12074018765758858	nek	dühöngnek	dühöngnek	155	-0.7426531862876663	4.187096774193549	1.4320075997848434	TRUE	Prs.NDef.3Pl (mondanak)	4938	test	dühöngnek
értékešít	értékesít	[/V][Prs.NDef.2Sg]	2.4192960625811124	225051	t	t		4	vc	értékešítes	értékesítesz	es	649	-0.12074018765758858	s	értékešíts	értékesítsz	2	-2.6319548887939765	324.5	5.782285536144145	TRUE	Prs.NDef.2Sg (mondas)	4096	NA	NA
kačint	kacsint	[/V][Prs.NDef.3Pl]	1.3762192952124497	20380	nt	n	t	2	cc	kačintanak	kacsintanak	anak	637	-0.12884545212260742	nak	kačintnak	kacsintnak	1	-2.932984884457958	637	6.456769655572163	TRUE	Prs.NDef.3Pl (mondanak)	4938	test	kačintnak
átall	átall	[/V][Prs.NDef.3Pl]	1.0077805511732596	8725	ll	l	l	2	cc	átallanak	átallanak	anak	622	-0.13919449976713916	nak	átallnak	átallnak	371	-0.363610974842912	1.6765498652291104	0.5167380301317442	TRUE	Prs.NDef.3Pl (mondanak)	4938	test	átallnak
dereng	dereng	[/V][Prs.NDef.3Pl]	1.2369245574431114	14788	ng	n	g	2	cc	derengenek	derengenek	enek	617	-0.14269972042471618	nek	derengnek	derengnek	76	-1.0521712921771664	8.118421052631579	2.0941356836190566	TRUE	Prs.NDef.3Pl (mondanak)	4938	test	derengnek
épít	épít	[/V][Prs.NDef.2Pl]	3.2018428583606102	1364042	t	t		2	vc	építetek	építetek	etek	616	-0.14340417229353233	tek	építtek	építtek	72	-1.0756523880266893	8.555555555555555	2.1465808445174646	TRUE	Prs.NDef.2Pl (mondotok)	3308	NA	NA
mets	metsz	[/V][Prs.NDef.3Pl]	1.660411957842249	39210	ts	t	s	1	cc	metsenek	metszenek	enek	614	-0.14481651331679016	nek	metsnek	metsznek	3	-2.455863629738295	204.66666666666666	5.321382639479033	TRUE	Prs.NDef.3Pl (mondanak)	4938	test	metsnek
fordít	fordít	[/V][Prs.NDef.2Pl]	3.014535099548731	886176	t	t		2	vc	fordítotok	fordítotok	otok	608	-0.14908130518522292	tok	fordíttok	fordíttok	38	-1.3532012878411477	16	2.772588722239781	TRUE	Prs.NDef.2Pl (mondotok)	3308	NA	NA
vét	vét	[/V][Prs.NDef.2Sg]	1.835749387201584	58713	t	t		1	vc	vétes	vétesz	es	603	-0.15266757231780653	s	véts	vétsz	11	-1.8915921992997329	54.81818181818182	4.004021923928815	TRUE	Prs.NDef.2Sg (mondas)	4096	NA	NA
sépít	szépít	[/V][Prs.NDef.3Pl]	1.7603374722949938	49354	t	t		2	vc	sépítenek	szépítenek	enek	595	-0.15846791872940827	nek	sépítnek	szépítnek	48	-1.2517436470823706	12.395833333333334	2.517360394637739	TRUE	Prs.NDef.3Pl (mondanak)	4938	NA	NA
lelkešít	lelkesít	[/V][Prs.NDef.3Pl]	1.2970039520868533	16982	t	t		3	vc	lelkešítenek	lelkesítenek	enek	594	-0.1591984394767643	nek	lelkešítnek	lelkesítnek	1	-2.932984884457958	594	6.386879319362645	TRUE	Prs.NDef.3Pl (mondanak)	4938	NA	NA
čapong	csapong	[/V][Prs.NDef.3Pl]	0.9335977926055912	7355	ng	n	g	2	cc	čaponganak	csaponganak	anak	592	-0.16066317773503802	nak	čapongnak	csapongnak	165	-0.7155009402440515	3.587878787878788	1.277561160983425	TRUE	Prs.NDef.3Pl (mondanak)	4938	test	čapongnak
hašonlít	hasonlít	[/V][Prs.NDef.2Pl]	2.7944123971664334	533823	t	t		3	vc	hašonlítotok	hasonlítotok	otok	592	-0.16066317773503802	tok	hašonlíttok	hasonlíttok	77	-1.046494159285476	7.688311688311688	2.039701213030322	TRUE	Prs.NDef.2Pl (mondotok)	3308	NA	NA
gurít	gurít	[/V][Prs.NDef.3Pl]	1.338601179569313	18689	t	t		2	vc	gurítanak	gurítanak	anak	590	-0.16213287281581365	nak	gurítnak	gurítnak	10	-1.9329848844579576	59	4.07753744390572	TRUE	Prs.NDef.3Pl (mondanak)	4938	NA	NA
int	int	[/V][Prs.NDef.2Sg]	2.329181328593249	182880	nt	n	t	1	cc	intes	intesz	es	576	-0.1725624010347458	s	ints	intsz	15	-1.756893625402277	38.4	3.648057459593681	TRUE	Prs.NDef.2Sg (mondas)	4096	test	ints
félt	félt	[/V][Prs.1Sg›2]	2.065662355068752	99689	lt	l	t	1	cc	féltelek	féltelek	elek	560	-0.18479685745175745	lek	féltlek	féltlek	46	-1.2702270527763837	12.173913043478262	2.4992953872401	TRUE	Prs.1Sg›2 (mondalak)	1749	test	féltlek
ring	ring	[/V][Prs.NDef.3Pl]	1.9599496550527609	78151	ng	n	g	1	cc	ringanak	ringanak	anak	557	-0.1871296892842289	nak	ringnak	ringnak	164	-0.71814103641026	3.3963414634146343	1.2226988121030857	TRUE	Prs.NDef.3Pl (mondanak)	4938	test	ringnak
leng	leng	[/V][Prs.NDef.2Pl]	1.7526762559372897	48491	ng	n	g	1	cc	lengetek	lengetek	etek	183	-0.6705337947275284	tek	lengtek	lengtek	554	-0.18947511972952813	0.3303249097472924	-1.107678533905863	TRUE	Prs.NDef.2Pl (mondotok)	3308	test	lengtek
telít	telít	[/V][Prs.NDef.3Pl]	1.4190624987925218	22493	t	t		2	vc	telítenek	telítenek	enek	553	-0.19025975315325955	nek	telítnek	telítnek	1	-2.932984884457958	553	6.315358001522335	TRUE	Prs.NDef.3Pl (mondanak)	4938	NA	NA
általánošít	általánosít	[/V][Prs.NDef.2Sg]	1.413680982284243	22216	t	t		5	vc	általánošítas	általánosítasz	as	553	-0.19025975315325955	s	általánošíts	általánosítsz	8	-2.0298948974660145	69.125	4.235916459842499	TRUE	Prs.NDef.2Sg (mondas)	4096	NA	NA
lendít	lendít	[/V][Prs.NDef.3Pl]	1.5361741426140545	29455	t	t		2	vc	lendítenek	lendítenek	enek	549	-0.1934125400078659	nek	lendítnek	lendítnek	5	-2.234014880121939	109.8	4.69866052907543	TRUE	Prs.NDef.3Pl (mondanak)	4938	NA	NA
minőšít	minősít	[/V][Prs.NDef.2Sg]	2.340403027066437	187667	t	t		3	vc	minőšítes	minősítesz	es	547	-0.19499755812452704	s	minőšíts	minősítsz	2	-2.6319548887939765	273.5	5.611301621862036	TRUE	Prs.NDef.2Sg (mondas)	4096	NA	NA
šántít	sántít	[/V][Prs.NDef.3Pl]	1.2909521358620242	16747	t	t		2	vc	šántítanak	sántítanak	anak	540	-0.20059112463498935	nak	šántítnak	sántítnak	1	-2.932984884457958	540	6.29156913955832	TRUE	Prs.NDef.3Pl (mondanak)	4938	NA	NA
töpreng	töpreng	[/V][Prs.NDef.2Pl]	1.6971377584013545	42670	ng	n	g	2	cc	töprengetek	töprengetek	etek	6	-2.1548336340743144	tek	töprengtek	töprengtek	524	-0.21365359747423115	0.011450381679389313	-4.4697322150929875	TRUE	Prs.NDef.2Pl (mondotok)	3308	test	töprengtek
áld	áld	[/V][Prs.NDef.3Pl]	1.9847463785340496	82743	ld	l	d	1	cc	áldanak	áldanak	anak	519	-0.21781752660949996	nak	áldnak	áldnak	14	-1.7868568487797198	37.07142857142857	3.61284655355063	TRUE	Prs.NDef.3Pl (mondanak)	4938	test	áldnak
séḏell	szégyell	[/V][Prs.NDef.2Sg]	2.0545830722375222	97178	ll	l	l	2	cc	séḏelles	szégyellesz	es	4	-2.3309248931299953	s	séḏells	szégyellsz	517	-0.21949434136401536	0.007736943907156673	-4.861748513388538	TRUE	Prs.NDef.2Sg (mondas)	4096	test	séḏells
hajít	hajít	[/V][Prs.NDef.3Pl]	1.3853080647612368	20811	t	t		2	vc	hajítanak	hajítanak	anak	516	-0.22033518283074652	nak	hajítnak	hajítnak	1	-2.932984884457958	516	6.246106765481563	TRUE	Prs.NDef.3Pl (mondanak)	4938	NA	NA
dičőít	dicsőít	[/V][Prs.NDef.3Pl]	1.627304421058387	36332	t	t		3	vc	dičőítenek	dicsőítenek	enek	509	-0.22626710212119908	nek	dičőítnek	dicsőítnek	4	-2.3309248931299953	127.25	4.846153655430632	TRUE	Prs.NDef.3Pl (mondanak)	4938	NA	NA
koṉít	konyít	[/V][Prs.NDef.3Pl]	0.7244534382450046	4544	t	t		2	vc	koṉítanak	konyítanak	anak	505	-0.22969350633929644	nak	koṉítnak	konyítnak	1	-2.932984884457958	505	6.22455842927536	TRUE	Prs.NDef.3Pl (mondanak)	4938	NA	NA
fűt	fűt	[/V][Prs.NDef.2Sg]	2.0068986233758572	87073	t	t		1	vc	fűtes	fűtesz	es	504	-0.23055434801243255	s	fűts	fűtsz	4	-2.3309248931299953	126	4.836281906951478	TRUE	Prs.NDef.2Sg (mondas)	4096	NA	NA
tanúšít	tanúsít	[/V][Prs.NDef.2Sg]	2.1307836769343704	115816	t	t		3	vc	tanúšítas	tanúsítasz	as	504	-0.23055434801243255	s	tanúšíts	tanúsítsz	3	-2.455863629738295	168	5.123963979403259	TRUE	Prs.NDef.2Sg (mondas)	4096	NA	NA
vakít	vakít	[/V][Prs.NDef.3Pl]	1.05970115470417	9833	t	t		2	vc	vakítanak	vakítanak	anak	495	-0.2383796855243891	nak	vakítnak	vakítnak	1	-2.932984884457958	495	6.20455776256869	TRUE	Prs.NDef.3Pl (mondanak)	4938	NA	NA
üvölt	üvölt	[/V][Prs.NDef.2Sg]	1.8333164000862288	58385	lt	l	t	2	cc	üvöltes	üvöltesz	es	494	-0.2392579355343109	s	üvölts	üvöltsz	8	-2.0298948974660145	61.75	4.123093975508087	TRUE	Prs.NDef.2Sg (mondas)	4096	test	üvölts
közvetít	közvetít	[/V][Prs.NDef.2Sg]	2.400045025018131	215293	t	t		3	vc	közvetítes	közvetítesz	es	488	-0.24456506245524723	s	közvetíts	közvetítsz	6	-2.1548336340743144	81.33333333333333	4.398555936625092	TRUE	Prs.NDef.2Sg (mondas)	4096	NA	NA
alapít	alapít	[/V][Prs.NDef.2Sg]	2.6209976060676277	358082	t	t		3	vc	alapítas	alapítasz	as	482	-0.2499378462191083	s	alapíts	alapítsz	3	-2.455863629738295	160.66666666666666	5.07933182538249	TRUE	Prs.NDef.2Sg (mondas)	4096	NA	NA
fetreng	fetreng	[/V][Prs.NDef.2Pl]	1.1845515482523803	13108	ng	n	g	2	cc	fetrengetek	fetrengetek	etek	10	-1.9329848844579576	tek	fetrengtek	fetrengtek	482	-0.2499378462191083	0.02074688796680498	-3.8753590210565547	TRUE	Prs.NDef.2Pl (mondotok)	3308	test	fetrengtek
hajlong	hajlong	[/V][Prs.NDef.3Pl]	0.787339832959484	5252	ng	n	g	2	cc	hajlonganak	hajlonganak	anak	480	-0.2517436470823706	nak	hajlongnak	hajlongnak	146	-0.7686320286735208	3.287671232876712	1.1901794821936	TRUE	Prs.NDef.3Pl (mondanak)	4938	test	hajlongnak
felejt	felejt	[/V][Prs.1Sg›2]	2.6921814049054085	421858	jt	j	t	2	cc	felejtelek	felejtelek	elek	476	-0.25537793173746465	lek	felejtlek	felejtlek	89	-0.983594877813045	5.348314606741573	1.67678148449928	TRUE	Prs.1Sg›2 (mondalak)	1749	test	felejtlek
šért	sért	[/V][Prs.NDef.2Sg]	2.445578344004525	239091	rt	r	t	1	cc	šértes	sértesz	es	475	-0.2562912748330913	s	šérts	sértsz	6	-2.1548336340743144	79.16666666666667	4.371555334806586	TRUE	Prs.NDef.2Sg (mondas)	4096	test	šérts
fárast	fáraszt	[/V][Prs.1Sg›2]	1.459131449358052	24667	st	s	t	2	cc	fárastalak	fárasztalak	alak	473	-0.2581237437201463	lak	fárastlak	fárasztlak	13	-1.819041532151121	36.38461538461539	3.5941460310303963	TRUE	Prs.1Sg›2 (mondalak)	1749	test	fárastlak
žong	zsong	[/V][Prs.NDef.3Pl]	0.9725411639770906	8045	ng	n	g	1	cc	žonganak	zsonganak	anak	470	-0.2608870265222404	nak	žongnak	zsongnak	273	-0.49682223741720183	1.7216117216117217	0.5432608995191446	TRUE	Prs.NDef.3Pl (mondanak)	4938	test	žongnak
röpít	röpít	[/V][Prs.NDef.3Pl]	1.137570131377074	11764	t	t		2	vc	röpítenek	röpítenek	enek	468	-0.2627390313838338	nek	röpítnek	röpítnek	4	-2.3309248931299953	117	4.762173934797756	TRUE	Prs.NDef.3Pl (mondanak)	4938	NA	NA
véd	véd	[/V][Prs.NDef.2Sg]	2.9426157271642497	750932	d	d		1	vc	védes	védesz	es	466	-0.26459896776795766	s	véds	védsz	121	-0.8501995141415077	3.8512396694214877	1.3483950885289049	TRUE	Prs.NDef.2Sg (mondas)	4096	NA	NA
erőšít	erősít	[/V][Prs.NDef.2Sg]	2.905973710211774	690174	t	t		3	vc	erőšítes	erősítesz	es	463	-0.26740389344000476	s	erőšíts	erősítsz	2	-2.6319548887939765	231.5	5.444579873526289	TRUE	Prs.NDef.2Sg (mondas)	4096	NA	NA
ont	ont	[/V][Prs.NDef.3Pl]	1.7436264299947593	47491	nt	n	t	1	cc	ontanak	ontanak	anak	455	-0.27497348780084546	nak	ontnak	ontnak	5	-2.234014880121939	91	4.51085950651685	TRUE	Prs.NDef.3Pl (mondanak)	4938	test	ontnak
bont	bont	[/V][Prs.NDef.2Sg]	2.508831177112865	276577	nt	n	t	1	cc	bontas	bontasz	as	453	-0.27688668244512593	s	bonts	bontsz	3	-2.455863629738295	151	5.017279836814924	TRUE	Prs.NDef.2Sg (mondas)	4096	test	bonts
rövidít	rövidít	[/V][Prs.NDef.3Pl]	1.7726907068007145	50778	t	t		3	vc	rövidítenek	rövidítenek	enek	453	-0.27688668244512593	nek	rövidítnek	rövidítnek	1	-2.932984884457958	453	6.115892125483034	TRUE	Prs.NDef.3Pl (mondanak)	4938	NA	NA
feseng	feszeng	[/V][Prs.NDef.3Pl]	1.1022046244504902	10844	ng	n	g	2	cc	fesengenek	feszengenek	enek	452	-0.2778464496465757	nek	fesengnek	feszengnek	145	-0.771616882222983	3.117241379310345	1.1369484374116567	TRUE	Prs.NDef.3Pl (mondanak)	4938	test	fesengnek
mozdít	mozdít	[/V][Prs.NDef.3Pl]	1.6881602267380789	41797	t	t		2	vc	mozdítanak	mozdítanak	anak	450	-0.2797723706826142	nak	mozdítnak	mozdítnak	2	-2.6319548887939765	225	5.41610040220442	TRUE	Prs.NDef.3Pl (mondanak)	4938	NA	NA
világít	világít	[/V][Prs.NDef.2Sg]	2.356218203980138	194627	t	t		3	vc	világítas	világítasz	as	450	-0.2797723706826142	s	világíts	világítsz	25	-1.5350448757859203	18	2.8903717578961645	TRUE	Prs.NDef.2Sg (mondas)	4096	NA	NA
friššít	frissít	[/V][Prs.NDef.2Sg]	2.348827694373369	191343	t	t		2	vc	friššítes	frissítesz	es	446	-0.283650025745816	s	friššíts	frissítsz	2	-2.6319548887939765	223	5.407171771460119	TRUE	Prs.NDef.2Sg (mondas)	4096	NA	NA
hederít	hederít	[/V][Prs.NDef.3Pl]	0.7071983074633823	4367	t	t		3	vc	hederítenek	hederítenek	enek	440	-0.28953220797177043	nek	hederítnek	hederítnek	13	-1.819041532151121	33.84615384615385	3.52182536945077	TRUE	Prs.NDef.3Pl (mondanak)	4938	NA	NA
ellentmond	ellentmond	[/V][Prs.NDef.2Sg]	1.8501894968434336	60698	nd	n	d	3	cc	ellentmondas	ellentmondasz	as	438	-0.29151077395385827	s	ellentmonds	ellentmondsz	12	-1.853803638410333	36.5	3.597312260588446	TRUE	Prs.NDef.2Sg (mondas)	4096	test	ellentmonds
dičőít	dicsőít	[/V][Prs.1Sg›2]	1.627304421058387	36332	t	t		3	vc	dičőítelek	dicsőítelek	elek	431	-0.2985076142972262	lek	dičőítlek	dicsőítlek	133	-0.809133243490872	3.2406015037593985	1.175758961881994	TRUE	Prs.1Sg›2 (mondalak)	1749	NA	NA
lövell	lövell	[/V][Prs.NDef.3Pl]	0.8506328807327909	6076	ll	l	l	2	cc	lövellenek	lövellenek	enek	9	-1.978742375018633	nek	lövellnek	lövellnek	431	-0.2985076142972262	0.02088167053364269	-3.8688835127675283	TRUE	Prs.NDef.3Pl (mondanak)	4938	test	lövellnek
óhajt	óhajt	[/V][Prs.NDef.2Sg]	1.6797460062903842	40995	jt	j	t	2	cc	óhajtas	óhajtasz	as	423	-0.30664451708291546	s	óhajts	óhajtsz	30	-1.4558636297382954	14.1	2.6461747973841225	TRUE	Prs.NDef.2Sg (mondas)	4096	test	óhajts
mentešít	mentesít	[/V][Prs.NDef.3Pl]	1.75424076732659	48666	t	t		3	vc	mentešítenek	mentesítenek	enek	421	-0.30870278862228956	nek	mentešítnek	mentesítnek	1	-2.932984884457958	421	6.042632833682381	TRUE	Prs.NDef.3Pl (mondanak)	4938	NA	NA
mereng	mereng	[/V][Prs.NDef.3Pl]	1.2914445773647398	16766	ng	n	g	2	cc	merengenek	merengenek	enek	421	-0.30870278862228956	nek	merengnek	merengnek	80	-1.0298948974660145	5.2625	1.6606061990085	TRUE	Prs.NDef.3Pl (mondanak)	4938	test	merengnek
laššít	lassít	[/V][Prs.NDef.2Sg]	2.1012865260028124	108211	t	t		2	vc	laššítas	lassítasz	as	418	-0.3118086026829226	s	laššíts	lassítsz	3	-2.455863629738295	139.33333333333334	4.936869143856646	TRUE	Prs.NDef.2Sg (mondas)	4096	NA	NA
érint	érint	[/V][Prs.NDef.2Sg]	3.006391077264476	869713	nt	n	t	2	cc	érintes	érintesz	es	407	-0.3233904752327378	s	érints	érintsz	2	-2.6319548887939765	203.5	5.31566600488265	TRUE	Prs.NDef.2Sg (mondas)	4096	test	érints
lázong	lázong	[/V][Prs.NDef.3Pl]	0.478803120085911	2581	ng	n	g	2	cc	lázonganak	lázonganak	anak	404	-0.3266035193473528	nak	lázongnak	lázongnak	27	-1.5016211202989704	14.962962962962964	2.705578011956821	TRUE	Prs.NDef.3Pl (mondanak)	4938	test	lázongnak
hőzöng	hőzöng	[/V][Prs.NDef.3Pl]	0.5271609330337924	2885	ng	n	g	2	cc	hőzöngenek	hőzöngenek	enek	402	-0.32875883137348777	nek	hőzöngnek	hőzöngnek	20	-1.6319548887939763	20.1	3.0007198150650303	TRUE	Prs.NDef.3Pl (mondanak)	4938	test	hőzöngnek
sorít	szorít	[/V][Prs.NDef.2Sg]	2.371761922066822	201719	t	t		2	vc	sorítas	szorítasz	as	402	-0.32875883137348777	s	soríts	szorítsz	91	-0.9739434921368644	4.417582417582418	1.4855925821021712	TRUE	Prs.NDef.2Sg (mondas)	4096	NA	NA
állít	állít	[/V][Prs.NDef.2Pl]	3.44386770736415	2381511	t	t		2	vc	állítotok	állítotok	otok	400	-0.33092489312999546	tok	állíttok	állíttok	14	-1.7868568487797198	28.571428571428573	3.3524072174927233	TRUE	Prs.NDef.2Pl (mondotok)	3308	NA	NA
ášít	ásít	[/V][Prs.NDef.3Pl]	0.957938887031056	7779	t	t		2	vc	ášítanak	ásítanak	anak	397	-0.3341943776948428	nak	ášítnak	ásítnak	5	-2.234014880121939	79.4	4.37449836825309	TRUE	Prs.NDef.3Pl (mondanak)	4938	NA	NA
ijest	ijeszt	[/V][Prs.NDef.3Pl]	1.3020382750372657	17180	st	s	t	2	cc	ijestenek	ijesztenek	enek	383	-0.3497861104893351	nek	ijestnek	ijesztnek	1	-2.932984884457958	383	5.948034989180646	TRUE	Prs.NDef.3Pl (mondanak)	4938	test	ijestnek
rögzít	rögzít	[/V][Prs.NDef.2Sg]	2.8694357903583865	634484	t	t		2	vc	rögzítes	rögzítesz	es	380	-0.3532012878411476	s	rögzíts	rögzítsz	3	-2.455863629738295	126.66666666666667	4.8415589640523216	TRUE	Prs.NDef.2Sg (mondas)	4096	NA	NA
tömörít	tömörít	[/V][Prs.NDef.3Pl]	1.5603476700653702	31141	t	t		3	vc	tömörítenek	tömörítenek	enek	377	-0.35664353425216494	nek	tömörítnek	tömörítnek	10	-1.9329848844579576	37.7	3.629660094453965	TRUE	Prs.NDef.3Pl (mondanak)	4938	NA	NA
bojong	bolyong	[/V][Prs.NDef.2Sg]	1.5543797744589725	30716	ng	n	g	2	cc	bojongas	bolyongasz	as	58	-1.169556890895021	s	bojongs	bolyongsz	376	-0.3577970395302968	0.15425531914893617	-1.869146132843475	TRUE	Prs.NDef.2Sg (mondas)	4096	test	bojongs
ḏóḏít	gyógyít	[/V][Prs.NDef.2Sg]	2.2302182475963392	145614	t	t		2	vc	ḏóḏítas	gyógyítasz	as	376	-0.3577970395302968	s	ḏóḏíts	gyógyítsz	7	-2.087886844443701	53.714285714285715	3.983678994334581	TRUE	Prs.NDef.2Sg (mondas)	4096	NA	NA
ordít	ordít	[/V][Prs.NDef.2Sg]	1.872692646000056	63926	t	t		2	vc	ordítas	ordítasz	as	372	-0.3624419445760603	s	ordíts	ordítsz	25	-1.5350448757859203	14.88	2.700018029404946	TRUE	Prs.NDef.2Sg (mondas)	4096	NA	NA
ságuld	száguld	[/V][Prs.NDef.2Sg]	1.6960677532704322	42565	ld	l	d	2	cc	ságuldas	száguldasz	as	369	-0.3659585182988975	s	ságulds	száguldsz	3	-2.455863629738295	123	4.812184355372417	TRUE	Prs.NDef.2Sg (mondas)	4096	test	ságulds
kezd	kezd	[/V][Prs.1Sg›2]	3.772113864625659	5071060	zd	z	d	1	cc	kezdelek	kezdelek	elek	368	-0.36713706578444016	lek	kezdlek	kezdlek	23	-1.571257048440365	16	2.772588722239781	TRUE	Prs.1Sg›2 (mondalak)	1749	test	kezdlek
módošít	módosít	[/V][Prs.NDef.2Sg]	2.8559361299347676	615065	t	t		3	vc	módošítas	módosítasz	as	366	-0.3695037990635472	s	módošíts	módosítsz	1	-2.932984884457958	366	5.902633333401366	TRUE	Prs.NDef.2Sg (mondas)	4096	NA	NA
bočát	bocsát	[/V][Prs.NDef.2Pl]	2.659027454137191	390852	t	t		2	vc	bočátotok	bocsátotok	otok	364	-0.3718835008089018	tok	bočáttok	bocsáttok	104	-0.9159515451591774	3.5	1.252762968495368	TRUE	Prs.NDef.2Pl (mondotok)	3308	NA	NA
résešít	részesít	[/V][Prs.NDef.2Sg]	2.415730708682073	223211	t	t		3	vc	résešítes	részesítesz	es	363	-0.3730782594218453	s	résešíts	részesítsz	7	-2.087886844443701	51.857142857142854	3.9484926852095374	TRUE	Prs.NDef.2Sg (mondas)	4096	NA	NA
terít	terít	[/V][Prs.NDef.2Sg]	1.819539873007109	56562	t	t		2	vc	terítes	terítesz	es	362	-0.3742763139247921	s	teríts	terítsz	7	-2.087886844443701	51.714285714285715	3.9457340627704576	TRUE	Prs.NDef.2Sg (mondas)	4096	NA	NA
jelent	jelent	[/V][Prs.NDef.2Pl]	3.848512349249592	6046405	nt	n	t	2	cc	jelentetek	jelentetek	etek	360	-0.3766823836906706	tek	jelenttek	jelenttek	13	-1.819041532151121	27.692307692307693	3.321154673988619	TRUE	Prs.NDef.2Pl (mondotok)	3308	test	jelenttek
sabadít	szabadít	[/V][Prs.NDef.2Sg]	2.004598196988304	86613	t	t		3	vc	sabadítas	szabadítasz	as	352	-0.3864422209798268	s	sabadíts	szabadítsz	7	-2.087886844443701	50.285714285714285	3.9177210265427838	TRUE	Prs.NDef.2Sg (mondas)	4096	NA	NA
šóhajt	sóhajt	[/V][Prs.NDef.2Sg]	1.812815728087108	55693	jt	j	t	2	cc	šóhajtas	sóhajtasz	as	352	-0.3864422209798268	s	šóhajts	sóhajtsz	13	-1.819041532151121	27.076923076923077	3.2986818181365605	TRUE	Prs.NDef.2Sg (mondas)	4096	test	šóhajts
kéṉserít	kényszerít	[/V][Prs.NDef.2Sg]	2.415771565786459	223232	t	t		3	vc	kéṉserítes	kényszerítesz	es	350	-0.3889168401076822	s	kéṉseríts	kényszerítsz	9	-1.978742375018633	38.888888888888886	3.66070857714724	TRUE	Prs.NDef.2Sg (mondas)	4096	NA	NA
honošít	honosít	[/V][Prs.NDef.3Pl]	1.2723277688516514	16044	t	t		3	vc	honošítanak	honosítanak	anak	345	-0.3951657893846837	nak	honošítnak	honosítnak	1	-2.932984884457958	345	5.84354441703136	TRUE	Prs.NDef.3Pl (mondanak)	4938	NA	NA
sállít	szállít	[/V][Prs.NDef.2Sg]	2.8378516689698947	589979	t	t		2	vc	sállítas	szállítasz	as	345	-0.3951657893846837	s	sállíts	szállítsz	5	-2.234014880121939	69	4.23410650459726	TRUE	Prs.NDef.2Sg (mondas)	4096	NA	NA
kerít	kerít	[/V][Prs.NDef.2Sg]	1.9659047714686289	79230	t	t		2	vc	kerítes	kerítesz	es	333	-0.410540650951638	s	keríts	kerítsz	4	-2.3309248931299953	83.25	4.421848128860553	TRUE	Prs.NDef.2Sg (mondas)	4096	NA	NA
létešít	létesít	[/V][Prs.NDef.2Sg]	2.174723559080672	128147	t	t		3	vc	létešítes	létesítesz	es	332	-0.4118468007539215	s	létešíts	létesítsz	4	-2.3309248931299953	83	4.418840607796598	TRUE	Prs.NDef.2Sg (mondas)	4096	NA	NA
séḏell	szégyell	[/V][Prs.NDef.2Pl]	2.0545830722375222	97178	ll	l	l	2	cc	séḏelletek	szégyelletek	etek	1	-2.932984884457958	tek	séḏelltek	szégyelltek	327	-0.4184371317976717	0.0030581039755351682	-5.7899601708972535	TRUE	Prs.NDef.2Pl (mondotok)	3308	test	séḏelltek
résešít	részesít	[/V][Prs.1Sg›2]	2.415730708682073	223211	t	t		3	vc	résešítelek	részesítelek	elek	326	-0.4197672843900188	lek	résešítlek	részesítlek	14	-1.7868568487797198	23.285714285714285	3.147840051751449	TRUE	Prs.1Sg›2 (mondalak)	1749	NA	NA
hasnošít	hasznosít	[/V][Prs.NDef.2Sg]	2.277622533737117	162408	t	t		3	vc	hasnošítas	hasznosítasz	as	325	-0.4211015234790835	s	hasnošíts	hasznosítsz	1	-2.932984884457958	325	5.783825182329737	TRUE	Prs.NDef.2Sg (mondas)	4096	NA	NA
időzít	időzít	[/V][Prs.NDef.3Pl]	1.7093312182346516	43885	t	t		3	vc	időzítenek	időzítenek	enek	320	-0.4278349061380518	nek	időzítnek	időzítnek	1	-2.932984884457958	320	5.768320995793772	TRUE	Prs.NDef.3Pl (mondanak)	4938	NA	NA
šért	sért	[/V][Prs.1Sg›2]	2.445578344004525	239091	rt	r	t	1	cc	šértelek	sértelek	elek	319	-0.4291942014007767	lek	šértlek	sértlek	19	-1.654231283505129	16.789473684210527	2.820752123618404	TRUE	Prs.1Sg›2 (mondalak)	1749	test	šértlek
merít	merít	[/V][Prs.NDef.2Pl]	2.229707939547056	145443	t	t		2	vc	merítetek	merítetek	etek	313	-0.43744054691150935	tek	meríttek	meríttek	18	-1.6777123793546518	17.38888888888889	2.8558314326439884	TRUE	Prs.NDef.2Pl (mondotok)	3308	NA	NA
boldogít	boldogít	[/V][Prs.NDef.3Pl]	1.1876877388246496	13203	t	t		3	vc	boldogítanak	boldogítanak	anak	309	-0.4430264050331232	nak	boldogítnak	boldogítnak	3	-2.455863629738295	103	4.634728988229636	TRUE	Prs.NDef.3Pl (mondanak)	4938	NA	NA
mereng	mereng	[/V][Prs.NDef.2Sg]	1.2914445773647398	16766	ng	n	g	2	cc	merenges	merengesz	es	12	-1.853803638410333	s	merengs	merengsz	307	-0.4458465089807714	0.03908794788273615	-3.241941097799197	TRUE	Prs.NDef.2Sg (mondas)	4096	test	merengs
dühöng	dühöng	[/V][Prs.NDef.2Sg]	1.3723234834061857	20198	ng	n	g	2	cc	dühönges	dühöngesz	es	27	-1.5016211202989704	s	dühöngs	dühöngsz	303	-0.4515422559556528	0.0891089108910891	-2.41789593950504	TRUE	Prs.NDef.2Sg (mondas)	4096	test	dühöngs
rajong	rajong	[/V][Prs.NDef.2Pl]	2.0252970219361894	90841	ng	n	g	2	cc	rajongotok	rajongotok	otok	32	-1.427834906138052	tok	rajongtok	rajongtok	298	-0.4587686203817026	0.10738255033557047	-2.231357583705678	TRUE	Prs.NDef.2Pl (mondotok)	3308	test	rajongtok
čügg	csügg	[/V][Prs.NDef.3Pl]	0.5277626573862391	2889	gg	g	g	1	cc	čüggenek	csüggenek	enek	296	-0.4616931733990192	nek	čüggnek	csüggnek	237	-0.558236538447854	1.248945147679325	0.22229931318892923	TRUE	Prs.NDef.3Pl (mondanak)	4938	test	čüggnek
vetít	vetít	[/V][Prs.NDef.2Sg]	2.274749092683765	161337	t	t		2	vc	vetítes	vetítesz	es	295	-0.4631628684797948	s	vetíts	vetítsz	8	-2.0298948974660145	36.875	3.607533814659984	TRUE	Prs.NDef.2Sg (mondas)	4096	NA	NA
ḏengít	gyengít	[/V][Prs.NDef.3Pl]	1.77781766798805	51381	t	t		2	vc	ḏengítenek	gyengítenek	enek	294	-0.4646375540458006	nek	ḏengítnek	gyengítnek	5	-2.234014880121939	58.8	4.074141854904581	TRUE	Prs.NDef.3Pl (mondanak)	4938	NA	NA
tanít	tanít	[/V][Prs.NDef.2Pl]	2.9108935588957916	698037	t	t		2	vc	tanítotok	tanítotok	otok	290	-0.47058688655900177	tok	taníttok	taníttok	11	-1.8915921992997329	26.363636363636363	3.2719856501821494	TRUE	Prs.NDef.2Pl (mondotok)	3308	NA	NA
feseng	feszeng	[/V][Prs.NDef.2Pl]	1.1022046244504902	10844	ng	n	g	2	cc	fesengetek	feszengetek	etek	2	-2.6319548887939765	tek	fesengtek	feszengtek	289	-0.47208704170141	0.006920415224913495	-4.973279507552487	TRUE	Prs.NDef.2Pl (mondotok)	3308	test	fesengtek
halast	halaszt	[/V][Prs.NDef.3Pl]	1.7242144340664431	45415	st	s	t	2	cc	halastanak	halasztanak	anak	289	-0.47208704170141	nak	halastnak	halasztnak	2	-2.6319548887939765	144.5	4.973279507552487	TRUE	Prs.NDef.3Pl (mondanak)	4938	test	halastnak
ḏűjt	gyűjt	[/V][Prs.NDef.2Pl]	2.9400629622305536	746531	jt	j	t	1	cc	ḏűjtötök	gyűjtötök	ötök	286	-0.4766188513289148	tök	ḏűjttök	gyűjttök	2	-2.6319548887939765	143	4.962844630259907	TRUE	Prs.NDef.2Pl (mondotok)	3308	test	ḏűjttök
čillapít	csillapít	[/V][Prs.NDef.3Pl]	1.8259724022032735	57406	t	t		3	vc	čillapítanak	csillapítanak	anak	285	-0.4781400244494477	nak	čillapítnak	csillapítnak	1	-2.932984884457958	285	5.652489180268651	TRUE	Prs.NDef.3Pl (mondanak)	4938	NA	NA
érint	érint	[/V][Prs.NDef.2Pl]	3.006391077264476	869713	nt	n	t	2	cc	érintetek	érintetek	etek	285	-0.4781400244494477	tek	érinttek	érinttek	7	-2.087886844443701	40.714285714285715	3.7065790312133373	TRUE	Prs.NDef.2Pl (mondotok)	3308	test	érinttek
hajít	hajít	[/V][Prs.NDef.2Sg]	1.3853080647612368	20811	t	t		2	vc	hajítas	hajítasz	as	279	-0.48738068118436023	s	hajíts	hajítsz	7	-2.087886844443701	39.857142857142854	3.6853016327660524	TRUE	Prs.NDef.2Sg (mondas)	4096	NA	NA
hord	hord	[/V][Prs.NDef.2Pl]	2.5559590570874056	308279	rd	r	d	1	cc	hordotok	hordotok	otok	94	-0.9598570308582592	tok	hordtok	hordtok	279	-0.48738068118436023	0.33691756272401435	-1.0879169995513618	TRUE	Prs.NDef.2Pl (mondotok)	3308	test	hordtok
ṉüsít	nyüszít	[/V][Prs.NDef.3Pl]	0.7717660198327133	5067	t	t		2	vc	ṉüsítenek	nyüszítenek	enek	279	-0.48738068118436023	nek	ṉüsítnek	nyüszítnek	1	-2.932984884457958	279	5.631211781821365	TRUE	Prs.NDef.3Pl (mondanak)	4938	NA	NA
fesít	feszít	[/V][Prs.NDef.2Sg]	1.940817998897179	74783	t	t		2	vc	fesítes	feszítesz	es	277	-0.4905051153935094	s	fesíts	feszítsz	2	-2.6319548887939765	138.5	4.930870325627393	TRUE	Prs.NDef.2Sg (mondas)	4096	NA	NA
sakít	szakít	[/V][Prs.NDef.2Pl]	2.3864459931084663	208656	t	t		2	vc	sakítotok	szakítotok	otok	267	-0.5064736230933826	tok	sakíttok	szakíttok	6	-2.1548336340743144	44.5	3.7954891891721947	TRUE	Prs.NDef.2Pl (mondotok)	3308	NA	NA
tántorít	tántorít	[/V][Prs.NDef.3Pl]	1.2132672176350372	14004	t	t		3	vc	tántorítanak	tántorítanak	anak	267	-0.5064736230933826	nak	tántorítnak	tántorítnak	1	-2.932984884457958	267	5.58724865840025	TRUE	Prs.NDef.3Pl (mondanak)	4938	NA	NA
edz	edz	[/V][Prs.NDef.2Pl]	2.3313488081092952	183795	dz	d	z	1	cc	edzetek	edzetek	etek	266	-0.5081032478268909	tek	edztek	edztek	5	-2.234014880121939	53.2	3.9740583963475986	TRUE	Prs.NDef.2Pl (mondotok)	3308	test	edztek
utašít	utasít	[/V][Prs.NDef.2Sg]	2.3340952803215553	184961	t	t		3	vc	utašítas	utasítasz	as	264	-0.5113809575881267	s	utašíts	utasítsz	5	-2.234014880121939	52.8	3.966511190712216	TRUE	Prs.NDef.2Sg (mondas)	4096	NA	NA
melegít	melegít	[/V][Prs.NDef.2Sg]	2.1550164634220197	122462	t	t		3	vc	melegítes	melegítesz	es	262	-0.5146835931382123	s	melegíts	melegítsz	6	-2.1548336340743144	43.666666666666664	3.7765850345330416	TRUE	Prs.NDef.2Sg (mondas)	4096	NA	NA
bólint	bólint	[/V][Prs.NDef.2Sg]	1.825949705664744	57403	nt	n	t	2	cc	bólintas	bólintasz	as	260	-0.5180115364871398	s	bólints	bólintsz	1	-2.932984884457958	260	5.560681631015528	TRUE	Prs.NDef.2Sg (mondas)	4096	test	bólints
feseng	feszeng	[/V][Prs.NDef.2Sg]	1.1022046244504902	10844	ng	n	g	2	cc	fesenges	feszengesz	es	30	-1.4558636297382954	s	fesengs	feszengsz	259	-0.519685120376706	0.11583011583011583	-2.1556306800373823	TRUE	Prs.NDef.2Sg (mondas)	4096	test	fesengs
dagast	dagaszt	[/V][Prs.NDef.3Pl]	1.4185795307461468	22468	st	s	t	2	cc	dagastanak	dagasztanak	anak	258	-0.5213651784947277	nak	dagastnak	dagasztnak	2	-2.6319548887939765	129	4.859812404361672	TRUE	Prs.NDef.3Pl (mondanak)	4938	test	dagastnak
kéṉserít	kényszerít	[/V][Prs.1Sg›2]	2.415771565786459	223232	t	t		3	vc	kéṉserítelek	kényszerítelek	elek	258	-0.5213651784947277	lek	kéṉserítlek	kényszerítlek	190	-0.6542312835051288	1.3578947368421053	0.3059355127611313	TRUE	Prs.1Sg›2 (mondalak)	1749	NA	NA
pang	pang	[/V][Prs.NDef.3Pl]	0.8573002795752839	6170	ng	n	g	1	cc	panganak	panganak	anak	258	-0.5213651784947277	nak	pangnak	pangnak	34	-1.4015059674157029	7.588235294117647	2.026599060305456	TRUE	Prs.NDef.3Pl (mondanak)	4938	test	pangnak
vesít	veszít	[/V][Prs.NDef.2Pl]	2.5808730275382565	326481	t	t		2	vc	vesítetek	veszítetek	etek	258	-0.5213651784947277	tek	vesíttek	veszíttek	20	-1.6319548887939763	12.9	2.5572273113676265	TRUE	Prs.NDef.2Pl (mondotok)	3308	NA	NA
fiatalít	fiatalít	[/V][Prs.NDef.3Pl]	1.0189837000349529	8953	t	t		4	vc	fiatalítanak	fiatalítanak	anak	251	-0.5333111629769197	nak	fiatalítnak	fiatalítnak	1	-2.932984884457958	251	5.5254529391317835	TRUE	Prs.NDef.3Pl (mondanak)	4938	NA	NA
táršít	társít	[/V][Prs.NDef.2Sg]	1.7251696626092523	45515	t	t		2	vc	táršítas	társítasz	as	250	-0.5350448757859202	s	táršíts	társítsz	2	-2.6319548887939765	125	4.8283137373023015	TRUE	Prs.NDef.2Sg (mondas)	4096	NA	NA
áld	áld	[/V][Prs.NDef.2Sg]	1.9847463785340496	82743	ld	l	d	1	cc	áldas	áldasz	as	250	-0.5350448757859202	s	álds	áldsz	1	-2.932984884457958	250	5.521460917862246	TRUE	Prs.NDef.2Sg (mondas)	4096	test	álds
hevít	hevít	[/V][Prs.NDef.3Pl]	1.4927123289046331	26650	t	t		2	vc	hevítenek	hevítenek	enek	248	-0.5385332036317415	nek	hevítnek	hevítnek	5	-2.234014880121939	49.6	3.903990833730882	TRUE	Prs.NDef.3Pl (mondanak)	4938	NA	NA
valóšít	valósít	[/V][Prs.NDef.2Sg]	2.473710251849645	255091	t	t		3	vc	valóšítas	valósítasz	as	246	-0.5420497773545787	s	valóšíts	valósítsz	2	-2.6319548887939765	123	4.812184355372417	TRUE	Prs.NDef.2Sg (mondas)	4096	NA	NA
vest	veszt	[/V][Prs.NDef.2Pl]	2.6514582920249814	384099	st	s	t	1	cc	vestetek	vesztetek	etek	246	-0.5420497773545787	tek	vesttek	veszttek	9	-1.978742375018633	27.333333333333332	3.3081069585961433	TRUE	Prs.NDef.2Pl (mondotok)	3308	test	vesttek
állít	állít	[/V][Prs.1Sg›2]	3.44386770736415	2381511	t	t		2	vc	állítalak	állítalak	alak	240	-0.5527736427463518	lak	állítlak	állítlak	22	-1.5905622036357516	10.909090909090908	2.3895964699836756	TRUE	Prs.1Sg›2 (mondalak)	1749	NA	NA
tekint	tekint	[/V][Prs.1Sg›2]	3.253129436802632	1535021	nt	n	t	2	cc	tekintelek	tekintelek	elek	239	-0.5545869835098202	lek	tekintlek	tekintlek	20	-1.6319548887939763	11.95	2.4807312783775197	TRUE	Prs.1Sg›2 (mondalak)	1749	test	tekintlek
bátorít	bátorít	[/V][Prs.NDef.2Sg]	1.9473369910694915	75914	t	t		3	vc	bátorítas	bátorítasz	as	237	-0.558236538447854	s	bátoríts	bátorítsz	3	-2.455863629738295	79	4.3694478524670215	TRUE	Prs.NDef.2Sg (mondas)	4096	NA	NA
bizoṉít	bizonyít	[/V][Prs.NDef.2Sg]	2.9793535707849195	817219	t	t		3	vc	bizoṉítas	bizonyítasz	as	233	-0.5656289634319388	s	bizoṉíts	bizonyítsz	8	-2.0298948974660145	29.125	3.371596911885865	TRUE	Prs.NDef.2Sg (mondas)	4096	NA	NA
telješít	teljesít	[/V][Prs.NDef.2Pl]	3.08491742664225	1042083	t	t		3	vc	telješítetek	teljesítetek	etek	231	-0.5693729045658135	tek	telješíttek	teljesíttek	42	-1.3097355940600577	5.5	1.7047480922384253	TRUE	Prs.NDef.2Pl (mondotok)	3308	NA	NA
ḏoršít	gyorsít	[/V][Prs.NDef.2Sg]	2.0135312426950587	88413	t	t		2	vc	ḏoršítas	gyorsítasz	as	226	-0.5788764453105569	s	ḏoršíts	gyorsítsz	3	-2.455863629738295	75.33333333333333	4.321922710604176	TRUE	Prs.NDef.2Sg (mondas)	4096	NA	NA
utašít	utasít	[/V][Prs.1Sg›2]	2.3340952803215553	184961	t	t		3	vc	utašítalak	utasítalak	alak	225	-0.5808023663465953	lak	utašítlak	utasítlak	22	-1.5905622036357516	10.227272727272727	2.325057948846104	TRUE	Prs.1Sg›2 (mondalak)	1749	NA	NA
čapong	csapong	[/V][Prs.NDef.2Sg]	0.9335977926055912	7355	ng	n	g	2	cc	čapongas	csapongasz	as	6	-2.1548336340743144	s	čapongs	csapongsz	224	-0.5827368661237949	0.026785714285714284	-3.619886582626985	TRUE	Prs.NDef.2Sg (mondas)	4096	test	čapongs
hárít	hárít	[/V][Prs.NDef.2Sg]	1.9655757604817543	79170	t	t		2	vc	hárítas	hárítasz	as	224	-0.5827368661237949	s	háríts	hárítsz	3	-2.455863629738295	74.66666666666667	4.31303376318693	TRUE	Prs.NDef.2Sg (mondas)	4096	NA	NA
bočát	bocsát	[/V][Prs.1Sg›2]	2.659027454137191	390852	t	t		2	vc	bočátalak	bocsátalak	alak	68	-1.1004759717517214	lak	bočátlak	bocsátlak	222	-0.5866319100073193	0.3063063063063063	-1.1831696766961728	TRUE	Prs.1Sg›2 (mondalak)	1749	NA	NA
fejlest	fejleszt	[/V][Prs.NDef.2Pl]	2.9435296996301	752514	st	s	t	2	cc	fejlestetek	fejlesztetek	etek	218	-0.594528390853353	tek	fejlesttek	fejleszttek	3	-2.455863629738295	72.66666666666667	4.28588277412098	TRUE	Prs.NDef.2Pl (mondotok)	3308	test	fejlesttek
ṉilvánít	nyilvánít	[/V][Prs.NDef.2Sg]	2.334988960664373	185342	t	t		3	vc	ṉilvánítas	nyilvánítasz	as	217	-0.5965251506094283	s	ṉilváníts	nyilvánítsz	3	-2.455863629738295	72.33333333333333	4.28128506487235	TRUE	Prs.NDef.2Sg (mondas)	4096	NA	NA
árt	árt	[/V][Prs.NDef.2Pl]	2.658968559291343	390799	rt	r	t	1	cc	ártotok	ártotok	otok	212	-0.6066490235292064	tok	árttok	árttok	3	-2.455863629738295	70.66666666666667	4.257973986003903	TRUE	Prs.NDef.2Pl (mondotok)	3308	test	árttok
borít	borít	[/V][Prs.NDef.2Sg]	2.326496703561112	181753	t	t		2	vc	borítas	borítasz	as	211	-0.6087024291602652	s	boríts	borítsz	3	-2.455863629738295	70.33333333333333	4.253245844807957	TRUE	Prs.NDef.2Sg (mondas)	4096	NA	NA
koṉít	konyít	[/V][Prs.NDef.2Sg]	0.7244534382450046	4544	t	t		2	vc	koṉítas	konyítasz	as	210	-0.6107655897240386	s	koṉíts	konyítsz	7	-2.087886844443701	30	3.4011973816621555	TRUE	Prs.NDef.2Sg (mondas)	4096	NA	NA
alakít	alakít	[/V][Prs.NDef.2Pl]	3.073036794898776	1013962	t	t		3	vc	alakítotok	alakítotok	otok	208	-0.6149215494951963	tok	alakíttok	alakíttok	4	-2.3309248931299953	52	3.9512437185814275	TRUE	Prs.NDef.2Pl (mondotok)	3308	NA	NA
teng	teng	[/V][Prs.NDef.3Pl]	1.0082283031273636	8734	ng	n	g	1	cc	tengenek	tengenek	enek	206	-0.6191176640888044	nek	tengnek	tengnek	68	-1.1004759717517214	3.0294117647058822	1.1083684636134743	TRUE	Prs.NDef.3Pl (mondanak)	4938	test	tengnek
forrong	forrong	[/V][Prs.NDef.3Pl]	0.7458975302127779	4774	ng	n	g	2	cc	forronganak	forronganak	anak	205	-0.6212310234022035	nak	forrongnak	forrongnak	155	-0.7426531862876663	1.3225806451612903	0.2795848622191615	TRUE	Prs.NDef.3Pl (mondanak)	4938	test	forrongnak
ránt	ránt	[/V][Prs.NDef.2Sg]	2.1327815031647908	116350	nt	n	t	1	cc	rántas	rántasz	as	205	-0.6212310234022035	s	ránts	rántsz	10	-1.9329848844579576	20.5	3.0204248861443626	TRUE	Prs.NDef.2Sg (mondas)	4096	test	ránts
šikolt	sikolt	[/V][Prs.NDef.3Pl]	1.0121388856641615	8813	lt	l	t	2	cc	šikoltanak	sikoltanak	anak	203	-0.6254888465447449	nak	šikoltnak	sikoltnak	5	-2.234014880121939	40.6	3.703768066607687	TRUE	Prs.NDef.3Pl (mondanak)	4938	test	šikoltnak
vall	vall	[/V][Prs.NDef.2Pl]	2.7990089795374744	539503	ll	l	l	1	cc	vallotok	vallotok	otok	200	-0.6319548887939767	tok	valltok	valltok	4	-2.3309248931299953	50	3.912023005428146	TRUE	Prs.NDef.2Pl (mondotok)	3308	test	valltok
hatáštalanít	hatástalanít	[/V][Prs.NDef.3Pl]	1.2237459420414605	14346	t	t		5	vc	hatáštalanítanak	hatástalanítanak	anak	198	-0.6363196941964268	nak	hatáštalanítnak	hatástalanítnak	1	-2.932984884457958	198	5.288267030694535	TRUE	Prs.NDef.3Pl (mondanak)	4938	NA	NA
ṉerít	nyerít	[/V][Prs.NDef.3Pl]	0.605714495084449	3457	t	t		2	vc	ṉerítenek	nyerítenek	enek	198	-0.6363196941964268	nek	ṉerítnek	nyerítnek	3	-2.455863629738295	66	4.189654742026425	TRUE	Prs.NDef.3Pl (mondanak)	4938	NA	NA
tüssent	tüsszent	[/V][Prs.NDef.2Sg]	0.8046847428986841	5466	nt	n	t	2	cc	tüssentes	tüsszentesz	es	197	-0.6385186582963649	s	tüssents	tüsszentsz	4	-2.3309248931299953	49.25	3.8969093676180977	TRUE	Prs.NDef.2Sg (mondas)	4096	test	tüssents
fetreng	fetreng	[/V][Prs.NDef.2Sg]	1.1845515482523803	13108	ng	n	g	2	cc	fetrenges	fetrengesz	es	43	-1.2995164288783714	s	fetrengs	fetrengsz	195	-0.6429502730954398	0.2205128205128205	-1.5117994428701844	TRUE	Prs.NDef.2Sg (mondas)	4096	test	fetrengs
döng	döng	[/V][Prs.NDef.3Pl]	0.5861865793637012	3305	ng	n	g	1	cc	döngenek	döngenek	enek	192	-0.6496836557544082	nek	döngnek	döngnek	57	-1.1771100287854663	3.3684210526315788	1.2144441041932312	TRUE	Prs.NDef.3Pl (mondanak)	4938	test	döngnek
költ	költ	[/V][Prs.NDef.2Pl]	2.6688025015437415	399749	lt	l	t	1	cc	költötök	költötök	ötök	190	-0.6542312835051288	tök	költtök	költtök	2	-2.6319548887939765	95	4.553876891600541	TRUE	Prs.NDef.2Pl (mondotok)	3308	test	költtök
vonít	vonít	[/V][Prs.NDef.3Pl]	0.38403321659015366	2075	t	t		2	vc	vonítanak	vonítanak	anak	190	-0.6542312835051288	nak	vonítnak	vonítnak	7	-2.087886844443701	27.142857142857142	3.3011139231051727	TRUE	Prs.NDef.3Pl (mondanak)	4938	NA	NA
ḏarapít	gyarapít	[/V][Prs.NDef.3Pl]	1.85596084256579	61510	t	t		3	vc	ḏarapítanak	gyarapítanak	anak	187	-0.6611432779214589	nak	ḏarapítnak	gyarapítnak	9	-1.978742375018633	20.77777777777778	3.0338840395183673	TRUE	Prs.NDef.3Pl (mondanak)	4938	NA	NA
ámít	ámít	[/V][Prs.NDef.3Pl]	0.8754961721079931	6434	t	t		2	vc	ámítanak	ámítanak	anak	186	-0.6634719402400415	nak	ámítnak	ámítnak	1	-2.932984884457958	186	5.225746673713202	TRUE	Prs.NDef.3Pl (mondanak)	4938	NA	NA
borzong	borzong	[/V][Prs.NDef.3Pl]	1.0175746771538423	8924	ng	n	g	2	cc	borzonganak	borzonganak	anak	185	-0.6658131560549441	nak	borzongnak	borzongnak	24	-1.552773642746352	7.708333333333333	2.042301994730379	TRUE	Prs.NDef.3Pl (mondanak)	4938	test	borzongnak
értešít	értesít	[/V][Prs.NDef.2Sg]	2.730372991832843	460636	t	t		3	vc	értešítes	értesítesz	es	185	-0.6658131560549441	s	értešíts	értesítsz	1	-2.932984884457958	185	5.220355825078324	TRUE	Prs.NDef.2Sg (mondas)	4096	NA	NA
örvend	örvend	[/V][Prs.NDef.2Sg]	2.1193126646506104	112797	nd	n	d	2	cc	örvendes	örvendesz	es	184	-0.6681670614484213	s	örvends	örvendsz	72	-1.0756523880266893	2.5555555555555554	0.9382696385929302	TRUE	Prs.NDef.2Sg (mondas)	4096	test	örvends
šugall	sugall	[/V][Prs.NDef.2Sg]	2.166726825892367	125809	ll	l	l	2	cc	šugallas	sugallasz	as	7	-2.087886844443701	s	šugalls	sugallsz	178	-0.6825648821490639	0.03932584269662921	-3.235873401236772	TRUE	Prs.NDef.2Sg (mondas)	4096	test	šugalls
kereng	kereng	[/V][Prs.NDef.3Pl]	0.4808176323113937	2593	ng	n	g	2	cc	kerengenek	kerengenek	enek	175	-0.6899468357716634	nek	kerengnek	kerengnek	155	-0.7426531862876663	1.1290322580645162	0.12136085700426753	TRUE	Prs.NDef.3Pl (mondanak)	4938	test	kerengnek
reštell	restell	[/V][Prs.NDef.3Pl]	0.8460340874569128	6012	ll	l	l	2	cc	reštellenek	restellenek	enek	9	-1.978742375018633	nek	reštellnek	restellnek	174	-0.6924356361753581	0.05172413793103448	-2.9618307218783095	TRUE	Prs.NDef.3Pl (mondanak)	4938	test	reštellnek
čeppent	cseppent	[/V][Prs.NDef.2Sg]	1.115418071694782	11179	nt	n	t	2	cc	čeppentes	cseppentesz	es	173	-0.6949387813291624	s	čeppents	cseppentsz	1	-2.932984884457958	173	5.153291594497779	TRUE	Prs.NDef.2Sg (mondas)	4096	test	čeppents
višong	visong	[/V][Prs.NDef.3Pl]	0.3176790350052857	1781	ng	n	g	2	cc	višonganak	visonganak	anak	173	-0.6949387813291624	nak	višongnak	visongnak	17	-1.702535963079684	10.176470588235293	2.3200782504415627	TRUE	Prs.NDef.3Pl (mondanak)	4938	test	višongnak
véd	véd	[/V][Prs.1Sg›2]	2.9426157271642497	750932	d	d		1	vc	védelek	védelek	elek	173	-0.6949387813291624	lek	védlek	védlek	65	-1.1200715278151023	2.6615384615384614	0.9789043246021418	TRUE	Prs.1Sg›2 (mondalak)	1749	NA	NA
sökell	szökell	[/V][Prs.NDef.3Pl]	0.4649551242140798	2500	ll	l	l	2	cc	sökellenek	szökellenek	enek	14	-1.7868568487797198	nek	sökellnek	szökellnek	169	-0.7050981798442842	0.08284023668639054	-2.4908413853078146	TRUE	Prs.NDef.3Pl (mondanak)	4938	test	sökellnek
iráṉít	irányít	[/V][Prs.1Sg›2]	2.818759066171529	564604	t	t		3	vc	iráṉítalak	irányítalak	alak	167	-0.7102684133103745	lak	iráṉítlak	irányítlak	15	-1.756893625402277	11.133333333333333	2.409943611314545	TRUE	Prs.1Sg›2 (mondalak)	1749	NA	NA
dong	dong	[/V][Prs.NDef.3Pl]	0.9073721747453984	6924	ng	n	g	1	cc	donganak	donganak	anak	135	-0.8026511159629518	nak	dongnak	dongnak	164	-0.71814103641026	0.823170731707317	-0.19459164938576903	TRUE	Prs.NDef.3Pl (mondanak)	4938	test	dongnak
told	told	[/V][Prs.NDef.3Pl]	1.2461933447518363	15107	ld	l	d	1	cc	toldanak	toldanak	anak	158	-0.7343277975035353	nak	toldnak	toldnak	3	-2.455863629738295	52.666666666666664	3.963982744358857	TRUE	Prs.NDef.3Pl (mondanak)	4938	test	toldnak
ášít	ásít	[/V][Prs.NDef.2Sg]	0.957938887031056	7779	t	t		2	vc	ášítas	ásítasz	as	158	-0.7343277975035353	s	ášíts	ásítsz	24	-1.552773642746352	6.583333333333333	1.8845412026790211	TRUE	Prs.NDef.2Sg (mondas)	4096	NA	NA
méregtelenít	méregtelenít	[/V][Prs.NDef.2Sg]	1.3710745817596417	20140	t	t		5	vc	méregtelenítes	méregtelenítesz	es	157	-0.7370852320487241	s	méregteleníts	méregtelenítsz	5	-2.234014880121939	31.4	3.4468078929142076	TRUE	Prs.NDef.2Sg (mondas)	4096	NA	NA
buzdít	buzdít	[/V][Prs.NDef.2Sg]	2.031524593591308	92153	t	t		2	vc	buzdítas	buzdítasz	as	156	-0.7398602861034962	s	buzdíts	buzdítsz	6	-2.1548336340743144	26	3.258096538021482	TRUE	Prs.NDef.2Sg (mondas)	4096	NA	NA
ing	ing	[/V][Prs.NDef.3Pl]	2.180008663585595	129716	ng	n	g	1	cc	inganak	inganak	anak	153	-0.748293453640359	nak	ingnak	ingnak	63	-1.133644335004376	2.4285714285714284	0.8873031950009027	TRUE	Prs.NDef.3Pl (mondanak)	4938	test	ingnak
salast	szalaszt	[/V][Prs.NDef.3Pl]	1.165866422570047	12556	st	s	t	2	cc	salastanak	szalasztanak	anak	152	-0.7511412965131853	nak	salastnak	szalasztnak	1	-2.932984884457958	152	5.0238805208462765	TRUE	Prs.NDef.3Pl (mondanak)	4938	test	salastnak
erest	ereszt	[/V][Prs.1Sg›2]	2.0182700425231386	89383	st	s	t	2	cc	erestelek	eresztelek	elek	150	-0.7568936254022766	lek	erestlek	eresztlek	127	-0.829181163502001	1.1811023622047243	0.16644820763766438	TRUE	Prs.1Sg›2 (mondalak)	1749	test	erestlek
indít	indít	[/V][Prs.NDef.2Pl]	3.083867182587013	1039566	t	t		2	vc	indítotok	indítotok	otok	150	-0.7568936254022766	tok	indíttok	indíttok	5	-2.234014880121939	30	3.4011973816621555	TRUE	Prs.NDef.2Pl (mondotok)	3308	NA	NA
hígít	hígít	[/V][Prs.NDef.3Pl]	1.5026524736847455	27267	t	t		2	vc	hígítanak	hígítanak	anak	149	-0.7597986160456838	nak	hígítnak	hígítnak	1	-2.932984884457958	149	5.003946305945459	TRUE	Prs.NDef.3Pl (mondanak)	4938	NA	NA
biztošít	biztosít	[/V][Prs.NDef.2Pl]	3.6171036154920224	3548857	t	t		3	vc	biztošítotok	biztosítotok	otok	148	-0.7627231690630004	tok	biztošíttok	biztosíttok	3	-2.455863629738295	49.333333333333336	3.8985999850960056	TRUE	Prs.NDef.2Pl (mondotok)	3308	NA	NA
žibong	zsibong	[/V][Prs.NDef.3Pl]	0.3890275541244426	2099	ng	n	g	2	cc	žibonganak	zsibonganak	anak	146	-0.7686320286735208	nak	žibongnak	zsibongnak	81	-1.024499865579308	1.8024691358024691	0.5891574670358977	TRUE	Prs.NDef.3Pl (mondanak)	4938	test	žibongnak
čelleng	cselleng	[/V][Prs.NDef.3Pl]	0.30781388665937337	1741	ng	n	g	2	cc	čellengenek	csellengenek	enek	145	-0.771616882222983	nek	čellengnek	csellengnek	61	-1.1476550494471909	2.377049180327869	0.8658598782472632	TRUE	Prs.NDef.3Pl (mondanak)	4938	test	čellengnek
sorít	szorít	[/V][Prs.1Sg›2]	2.371761922066822	201719	t	t		2	vc	sorítalak	szorítalak	alak	144	-0.7746223923627081	lak	sorítlak	szorítlak	99	-0.937349689860408	1.4545454545454546	0.3746934494414107	TRUE	Prs.1Sg›2 (mondalak)	1749	NA	NA
olt	olt	[/V][Prs.NDef.2Sg]	2.01363438478017	88434	lt	l	t	1	cc	oltas	oltasz	as	143	-0.777648846992896	s	olts	oltsz	2	-2.6319548887939765	71.5	4.269697449699962	TRUE	Prs.NDef.2Sg (mondas)	4096	test	olts
repít	repít	[/V][Prs.1Sg›2]	1.6942887772001285	42391	t	t		2	vc	repítelek	repítelek	elek	138	-0.7931057980567213	lek	repítlek	repítlek	2	-2.6319548887939765	69	4.23410650459726	TRUE	Prs.1Sg›2 (mondalak)	1749	NA	NA
hódít	hódít	[/V][Prs.NDef.2Sg]	2.041001468710661	94186	t	t		2	vc	hódítas	hódítasz	as	134	-0.8058800860931502	s	hódíts	hódítsz	7	-2.087886844443701	19.142857142857142	2.951929650895598	TRUE	Prs.NDef.2Sg (mondas)	4096	NA	NA
függ	függ	[/V][Prs.NDef.2Pl]	2.921588333286279	715440	gg	g	g	1	cc	függötök	függötök	ötök	5	-2.234014880121939	tök	függtök	függtök	133	-0.809133243490872	0.03759398496240601	-3.2809112157876537	TRUE	Prs.NDef.2Pl (mondotok)	3308	test	függtök
šivít	sivít	[/V][Prs.NDef.3Pl]	0.35369608489697235	1935	t	t		2	vc	šivítanak	sivítanak	anak	132	-0.812410953252108	nak	šivítnak	sivítnak	6	-2.1548336340743144	22	3.091042453358316	TRUE	Prs.NDef.3Pl (mondanak)	4938	NA	NA
tilt	tilt	[/V][Prs.1Sg›2]	2.4688841658205796	252272	lt	l	t	1	cc	tiltalak	tiltalak	alak	132	-0.812410953252108	lak	tiltlak	tiltlak	12	-1.853803638410333	11	2.3978952727983707	TRUE	Prs.1Sg›2 (mondalak)	1749	test	tiltlak
párošít	párosít	[/V][Prs.NDef.2Sg]	1.7635986411769269	49726	t	t		3	vc	párošítas	párosítasz	as	131	-0.8157135888021936	s	párošíts	párosítsz	1	-2.932984884457958	131	4.875197323201151	TRUE	Prs.NDef.2Sg (mondas)	4096	NA	NA
sentešít	szentesít	[/V][Prs.NDef.3Pl]	1.3128731075492397	17614	t	t		3	vc	sentešítenek	szentesítenek	enek	131	-0.8157135888021936	nek	sentešítnek	szentesítnek	1	-2.932984884457958	131	4.875197323201151	TRUE	Prs.NDef.3Pl (mondanak)	4938	NA	NA
sippant	szippant	[/V][Prs.NDef.2Sg]	1.4127220368204705	22167	nt	n	t	2	cc	sippantas	szippantasz	as	130	-0.8190415321511211	s	sippants	szippantsz	1	-2.932984884457958	130	4.867534450455582	TRUE	Prs.NDef.2Sg (mondas)	4096	test	sippants
össešít	összesít	[/V][Prs.NDef.3Pl]	1.6557460910401132	38791	t	t		3	vc	össešítenek	összesítenek	enek	130	-0.8190415321511211	nek	össešítnek	összesítnek	4	-2.3309248931299953	32.5	3.481240089335692	TRUE	Prs.NDef.3Pl (mondanak)	4938	NA	NA
jajong	jajong	[/V][Prs.NDef.3Pl]	0.38214543272564394	2066	ng	n	g	2	cc	jajonganak	jajonganak	anak	129	-0.8223951741587089	nak	jajongnak	jajongnak	63	-1.133644335004376	2.0476190476190474	0.7166776779701394	TRUE	Prs.NDef.3Pl (mondanak)	4938	test	jajongnak
végrehajt	végrehajt	[/V][Prs.NDef.2Sg]	2.3635815912942486	197955	jt	j	t	3	cc	végrehajtas	végrehajtasz	as	128	-0.8257749148100895	s	végrehajts	végrehajtsz	1	-2.932984884457958	128	4.852030263919617	TRUE	Prs.NDef.2Sg (mondas)	4096	test	végrehajts
tanúšít	tanúsít	[/V][Prs.NDef.2Pl]	2.1307836769343704	115816	t	t		3	vc	tanúšítotok	tanúsítotok	otok	126	-0.832614339340395	tok	tanúšíttok	tanúsíttok	56	-1.1847968574517571	2.25	0.8109302162163288	TRUE	Prs.NDef.2Pl (mondotok)	3308	NA	NA
össpontošít	összpontosít	[/V][Prs.NDef.2Pl]	2.1182486987272786	112521	t	t		4	vc	össpontošítotok	összpontosítotok	otok	126	-0.832614339340395	tok	össpontošíttok	összpontosíttok	1	-2.932984884457958	126	4.836281906951478	TRUE	Prs.NDef.2Pl (mondotok)	3308	NA	NA
igazít	igazít	[/V][Prs.NDef.2Sg]	2.2858970778836074	165532	t	t		3	vc	igazítas	igazítasz	as	125	-0.8360748714499014	s	igazíts	igazítsz	2	-2.6319548887939765	62.5	4.135166556742356	TRUE	Prs.NDef.2Sg (mondas)	4096	NA	NA
tulajdonít	tulajdonít	[/V][Prs.NDef.2Pl]	2.195323896816683	134372	t	t		4	vc	tulajdonítotok	tulajdonítotok	otok	124	-0.8395631992957228	tok	tulajdoníttok	tulajdoníttok	6	-2.1548336340743144	20.666666666666668	3.028522096376982	TRUE	Prs.NDef.2Pl (mondotok)	3308	NA	NA
zúdít	zúdít	[/V][Prs.NDef.2Sg]	1.3896478272342656	21020	t	t		2	vc	zúdítas	zúdítasz	as	123	-0.84307977301856	s	zúdíts	zúdítsz	11	-1.8915921992997329	11.181818181818182	2.414289082574047	TRUE	Prs.NDef.2Sg (mondas)	4096	NA	NA
tistít	tisztít	[/V][Prs.NDef.2Sg]	2.3755005592909164	203463	t	t		2	vc	tistítas	tisztítasz	as	122	-0.8466250537832096	s	tistíts	tisztítsz	2	-2.6319548887939765	61	4.110873864173311	TRUE	Prs.NDef.2Sg (mondas)	4096	NA	NA
hašít	hasít	[/V][Prs.NDef.2Sg]	1.744366525753307	47572	t	t		2	vc	hašítas	hasítasz	as	121	-0.8501995141415077	s	hašíts	hasítsz	13	-1.819041532151121	9.307692307692308	2.2308411881352046	TRUE	Prs.NDef.2Sg (mondas)	4096	NA	NA
indít	indít	[/V][Prs.1Sg›2]	3.083867182587013	1039566	t	t		2	vc	indítalak	indítalak	alak	121	-0.8501995141415077	lak	indítlak	indítlak	32	-1.427834906138052	3.78125	1.3300546427970146	TRUE	Prs.1Sg›2 (mondalak)	1749	NA	NA
ment	ment	[/V][Prs.1Sg›2]	2.6656885548669886	396893	nt	n	t	1	cc	mentelek	mentelek	elek	121	-0.8501995141415077	lek	mentlek	mentlek	2	-2.6319548887939765	60.5	4.102643365036796	TRUE	Prs.1Sg›2 (mondalak)	1749	test	mentlek
rühell	rühell	[/V][Prs.NDef.3Pl]	1.1255929646752671	11444	ll	l	l	2	cc	rühellenek	rühellenek	enek	32	-1.427834906138052	nek	rühellnek	rühellnek	119	-0.8574379230654271	0.2689075630252101	-1.3133875903118029	TRUE	Prs.NDef.3Pl (mondanak)	4938	test	rühellnek
hull	hull	[/V][Prs.NDef.2Sg]	1.9644167549853853	78959	ll	l	l	1	cc	hullas	hullasz	as	115	-0.8722870441043462	s	hulls	hullsz	118	-0.8611028771518324	0.9745762711864406	-0.02575249610241474	TRUE	Prs.NDef.2Sg (mondas)	4096	test	hulls
késít	készít	[/V][Prs.1Sg›2]	3.587482795917409	3314879	t	t		2	vc	késítelek	készítelek	elek	118	-0.8611028771518324	lek	késítlek	készítlek	15	-1.756893625402277	7.866666666666666	2.0626344233634546	TRUE	Prs.1Sg›2 (mondalak)	1749	NA	NA
kíšért	kísért	[/V][Prs.NDef.2Sg]	1.5551849523789012	30773	rt	r	t	2	cc	kíšértes	kísértesz	es	118	-0.8611028771518324	s	kíšérts	kísértsz	2	-2.6319548887939765	59	4.07753744390572	TRUE	Prs.NDef.2Sg (mondas)	4096	test	kíšérts
köṉṉít	könnyít	[/V][Prs.NDef.2Sg]	2.012488624619666	88201	t	t		2	vc	köṉṉítes	könnyítesz	es	118	-0.8611028771518324	s	köṉṉíts	könnyítsz	2	-2.6319548887939765	59	4.07753744390572	TRUE	Prs.NDef.2Sg (mondas)	4096	NA	NA
minőšít	minősít	[/V][Prs.1Sg›2]	2.340403027066437	187667	t	t		3	vc	minőšítelek	minősítelek	elek	118	-0.8611028771518324	lek	minőšítlek	minősítlek	5	-2.234014880121939	23.6	3.1612467120315646	TRUE	Prs.1Sg›2 (mondalak)	1749	NA	NA
közelít	közelít	[/V][Prs.NDef.2Pl]	2.472433197550715	254342	t	t		3	vc	közelítetek	közelítetek	etek	115	-0.8722870441043462	tek	közelíttek	közelíttek	14	-1.7868568487797198	8.214285714285714	2.1058747987479913	TRUE	Prs.NDef.2Pl (mondotok)	3308	NA	NA
érint	érint	[/V][Prs.1Sg›2]	3.006391077264476	869713	nt	n	t	2	cc	érintelek	érintelek	elek	115	-0.8722870441043462	lek	érintlek	érintlek	13	-1.819041532151121	8.846153846153847	2.1799827709017134	TRUE	Prs.1Sg›2 (mondalak)	1749	test	érintlek
pustít	pusztít	[/V][Prs.NDef.2Sg]	2.052216973906614	96650	t	t		2	vc	pustítas	pusztítasz	as	114	-0.8760800331214852	s	pustíts	pusztítsz	3	-2.455863629738295	38	3.6375861597263857	TRUE	Prs.NDef.2Sg (mondas)	4096	NA	NA
šújt	sújt	[/V][Prs.NDef.2Sg]	2.2020777650972594	136478	jt	j	t	1	cc	šújtas	sújtasz	as	113	-0.8799064409745381	s	šújts	sújtsz	2	-2.6319548887939765	56.5	4.034240638152395	TRUE	Prs.NDef.2Sg (mondas)	4096	test	šújts
ködöšít	ködösít	[/V][Prs.NDef.2Sg]	0.6713491886449533	4021	t	t		3	vc	ködöšítes	ködösítesz	es	112	-0.8837668617877762	s	ködöšíts	ködösítsz	1	-2.932984884457958	112	4.718498871295094	TRUE	Prs.NDef.2Sg (mondas)	4096	NA	NA
mereng	mereng	[/V][Prs.NDef.2Pl]	1.2914445773647398	16766	ng	n	g	2	cc	merengetek	merengetek	etek	1	-2.932984884457958	tek	merengtek	merengtek	112	-0.8837668617877762	0.008928571428571428	-4.718498871295094	TRUE	Prs.NDef.2Pl (mondotok)	3308	test	merengtek
tasít	taszít	[/V][Prs.NDef.2Sg]	1.7527658085773925	48501	t	t		2	vc	tasítas	taszítasz	as	112	-0.8837668617877762	s	tasíts	taszítsz	6	-2.1548336340743144	18.666666666666668	2.9267394020670396	TRUE	Prs.NDef.2Sg (mondas)	4096	NA	NA
čüng	csüng	[/V][Prs.NDef.2Sg]	1.166350393228	12570	ng	n	g	1	cc	čünges	csüngesz	es	12	-1.853803638410333	s	čüngs	csüngsz	110	-0.8915921992997328	0.10909090909090909	-2.2155737160044158	TRUE	Prs.NDef.2Sg (mondas)	4096	test	čüngs
lapít	lapít	[/V][Prs.NDef.2Sg]	1.076125921674255	10212	t	t		2	vc	lapítas	lapítasz	as	110	-0.8915921992997328	s	lapíts	lapítsz	1	-2.932984884457958	110	4.700480365792417	TRUE	Prs.NDef.2Sg (mondas)	4096	NA	NA
tágít	tágít	[/V][Prs.NDef.2Sg]	1.6317403439495126	36705	t	t		2	vc	tágítas	tágítasz	as	110	-0.8915921992997328	s	tágíts	tágítsz	1	-2.932984884457958	110	4.700480365792417	TRUE	Prs.NDef.2Sg (mondas)	4096	NA	NA
füllent	füllent	[/V][Prs.NDef.2Sg]	0.6628418926152654	3943	nt	n	t	2	cc	füllentes	füllentesz	es	109	-0.8955583865173342	s	füllents	füllentsz	2	-2.6319548887939765	54.5	3.9982007016691985	TRUE	Prs.NDef.2Sg (mondas)	4096	test	füllents
ḏóḏít	gyógyít	[/V][Prs.1Sg›2]	2.2302182475963392	145614	t	t		2	vc	ḏóḏítalak	gyógyítalak	alak	109	-0.8955583865173342	lak	ḏóḏítlak	gyógyítlak	9	-1.978742375018633	12.11111111111111	2.4941233048929243	TRUE	Prs.1Sg›2 (mondalak)	1749	NA	NA
bossant	bosszant	[/V][Prs.NDef.2Sg]	1.6866614018736934	41653	nt	n	t	2	cc	bossantas	bosszantasz	as	108	-0.8995611289710082	s	bossants	bosszantsz	1	-2.932984884457958	108	4.68213122712422	TRUE	Prs.NDef.2Sg (mondas)	4096	test	bossants
pussant	pusszant	[/V][Prs.1Sg›2]	-0.4766188513289148	286	nt	n	t	2	cc	pussantalak	pusszantalak	alak	107	-0.9036011067727482	lak	pussantlak	pusszantlak	60	-1.1548336340743142	1.7833333333333334	0.5784842722398056	TRUE	Prs.1Sg›2 (mondalak)	1749	test	pussantlak
árast	áraszt	[/V][Prs.1Sg›2]	2.0384301389270374	93630	st	s	t	2	cc	árastalak	árasztalak	alak	107	-0.9036011067727482	lak	árastlak	árasztlak	3	-2.455863629738295	35.666666666666664	3.574216545793796	TRUE	Prs.1Sg›2 (mondalak)	1749	test	árastlak
odébbáll	odébbáll	[/V][Prs.NDef.2Sg]	0.7400360226709383	4710	ll	l	l	3	cc	odébbállas	odébbállasz	as	2	-2.6319548887939765	s	odébbálls	odébbállsz	104	-0.9159515451591774	0.019230769230769232	-3.951243718581427	TRUE	Prs.NDef.2Sg (mondas)	4096	test	odébbálls
hint	hint	[/V][Prs.NDef.2Sg]	1.5869611793795713	33109	nt	n	t	1	cc	hintes	hintesz	es	102	-0.9243847126960404	s	hints	hintsz	2	-2.6319548887939765	51	3.9318256327243257	TRUE	Prs.NDef.2Sg (mondas)	4096	test	hints
rejt	rejt	[/V][Prs.1Sg›2]	2.5010631926907587	271674	jt	j	t	1	cc	rejtelek	rejtelek	elek	102	-0.9243847126960404	lek	rejtlek	rejtlek	4	-2.3309248931299953	25.5	3.2386784521643803	TRUE	Prs.1Sg›2 (mondalak)	1749	test	rejtlek
tölt	tölt	[/V][Prs.1Sg›2]	3.4380290110614276	2349708	lt	l	t	1	cc	töltelek	töltelek	elek	101	-0.9286635106753152	lek	töltlek	töltlek	1	-2.932984884457958	101	4.61512051684126	TRUE	Prs.1Sg›2 (mondalak)	1749	test	töltlek
sállong	szállong	[/V][Prs.NDef.3Pl]	0.08321246905448124	1038	ng	n	g	2	cc	sállonganak	szállonganak	anak	100	-0.9329848844579578	nak	sállongnak	szállongnak	53	-1.2087090148571689	1.8867924528301887	0.6348782724359695	TRUE	Prs.NDef.3Pl (mondanak)	4938	test	sállongnak
ömleng	ömleng	[/V][Prs.NDef.3Pl]	0.2612518642658714	1564	ng	n	g	2	cc	ömlengenek	ömlengenek	enek	100	-0.9329848844579578	nek	ömlengnek	ömlengnek	7	-2.087886844443701	14.285714285714286	2.659260036932778	TRUE	Prs.NDef.3Pl (mondanak)	4938	test	ömlengnek
gördít	gördít	[/V][Prs.NDef.2Sg]	1.1531969201917915	12195	t	t		2	vc	gördítes	gördítesz	es	99	-0.937349689860408	s	gördíts	gördítsz	1	-2.932984884457958	99	4.59511985013459	TRUE	Prs.NDef.2Sg (mondas)	4096	NA	NA
ömlest	ömleszt	[/V][Prs.NDef.3Pl]	1.0226066659477666	9028	st	s	t	2	cc	ömlestenek	ömlesztenek	enek	98	-0.9417588087654628	nek	ömlestnek	ömlesztnek	1	-2.932984884457958	98	4.584967478670572	TRUE	Prs.NDef.3Pl (mondanak)	4938	test	ömlestnek
reng	reng	[/V][Prs.NDef.3Pl]	1.2320515955366076	14623	ng	n	g	1	cc	rengenek	rengenek	enek	97	-0.946213150191713	nek	rengnek	rengnek	24	-1.552773642746352	4.041666666666667	1.3966571481554373	TRUE	Prs.NDef.3Pl (mondanak)	4938	test	rengnek
közvetít	közvetít	[/V][Prs.NDef.2Pl]	2.400045025018131	215293	t	t		3	vc	közvetítetek	közvetítetek	etek	73	-1.069662024337502	tek	közvetíttek	közvetíttek	96	-0.9507136514183894	0.7604166666666666	-0.27388875031944515	TRUE	Prs.NDef.2Pl (mondotok)	3308	NA	NA
közöl	közöl	[/V][Prs.NDef.2Pl]	3.245644776043709	1508793	l	l		2	vc	közöletek	közöletek	etek	1	-2.932984884457958	tök	közöltök	közöltök	95	-0.95526127916911	0.010526315789473684	-4.553876891600541	TRUE	Prs.NDef.2Pl (mondotok)	3308	NA	NA
kíšért	kísért	[/V][Prs.1Sg›2]	1.5551849523789012	30773	rt	r	t	2	cc	kíšértelek	kísértelek	elek	93	-0.9645019359040228	lek	kíšértlek	kísértlek	1	-2.932984884457958	93	4.532599493153256	TRUE	Prs.1Sg›2 (mondalak)	1749	test	kíšértlek
háborít	háborít	[/V][Prs.NDef.3Pl]	0.6857951400482569	4157	t	t		3	vc	háborítanak	háborítanak	anak	92	-0.9691970571124026	nak	háborítnak	háborítnak	1	-2.932984884457958	92	4.5217885770490405	TRUE	Prs.NDef.3Pl (mondanak)	4938	NA	NA
veršeng	verseng	[/V][Prs.NDef.2Sg]	1.673041590197379	40367	ng	n	g	2	cc	veršenges	versengesz	es	15	-1.756893625402277	s	veršengs	versengsz	92	-0.9691970571124026	0.16304347826086957	-1.8137383759468302	TRUE	Prs.NDef.2Sg (mondas)	4096	test	veršengs
alapít	alapít	[/V][Prs.NDef.2Pl]	2.6209976060676277	358082	t	t		3	vc	alapítotok	alapítotok	otok	91	-0.9739434921368644	tok	alapíttok	alapíttok	1	-2.932984884457958	91	4.51085950651685	TRUE	Prs.NDef.2Pl (mondotok)	3308	NA	NA
sembešít	szembesít	[/V][Prs.1Sg›2]	1.6095044253327846	34873	t	t		3	vc	sembešítelek	szembesítelek	elek	91	-0.9739434921368644	lek	sembešítlek	szembesítlek	1	-2.932984884457958	91	4.51085950651685	TRUE	Prs.1Sg›2 (mondalak)	1749	NA	NA
bánt	bánt	[/V][Prs.NDef.2Pl]	2.302654646830123	172044	nt	n	t	1	cc	bántotok	bántotok	otok	89	-0.983594877813045	tok	bánttok	bánttok	1	-2.932984884457958	89	4.48863636973214	TRUE	Prs.NDef.2Pl (mondotok)	3308	test	bánttok
terjest	terjeszt	[/V][Prs.NDef.2Pl]	2.4984882437993483	270068	st	s	t	2	cc	terjestetek	terjesztetek	etek	89	-0.983594877813045	tek	terjesttek	terjeszttek	1	-2.932984884457958	89	4.48863636973214	TRUE	Prs.NDef.2Pl (mondotok)	3308	test	terjesttek
čábít	csábít	[/V][Prs.NDef.2Sg]	2.004221969439173	86538	t	t		2	vc	čábítas	csábítasz	as	88	-0.9885022123077892	s	čábíts	csábítsz	6	-2.1548336340743144	14.666666666666666	2.6855773452501515	TRUE	Prs.NDef.2Sg (mondas)	4096	NA	NA
iráṉít	irányít	[/V][Prs.NDef.2Pl]	2.818759066171529	564604	t	t		3	vc	iráṉítotok	irányítotok	otok	87	-0.9934656318393392	tok	iráṉíttok	irányíttok	2	-2.6319548887939765	43.5	3.7727609380946383	TRUE	Prs.NDef.2Pl (mondotok)	3308	NA	NA
šokall	sokall	[/V][Prs.NDef.3Pl]	1.272002819729194	16032	ll	l	l	2	cc	šokallanak	sokallanak	anak	4	-2.3309248931299953	nak	šokallnak	sokallnak	87	-0.9934656318393392	0.04597701149425287	-3.079613757534693	TRUE	Prs.NDef.3Pl (mondanak)	4938	test	šokallnak
takarít	takarít	[/V][Prs.NDef.2Pl]	2.3213553002440577	179614	t	t		3	vc	takarítotok	takarítotok	otok	87	-0.9934656318393392	tok	takaríttok	takaríttok	48	-1.2517436470823706	1.8125	0.5947071077466928	TRUE	Prs.NDef.2Pl (mondotok)	3308	NA	NA
borzong	borzong	[/V][Prs.NDef.2Sg]	1.0175746771538423	8924	ng	n	g	2	cc	borzongas	borzongasz	as	5	-2.234014880121939	s	borzongs	borzongsz	85	-1.0035659587436652	0.058823529411764705	-2.833213344056216	TRUE	Prs.NDef.2Sg (mondas)	4096	test	borzongs
derít	derít	[/V][Prs.NDef.2Sg]	1.930016597850253	72946	t	t		2	vc	derítes	derítesz	es	85	-1.0035659587436652	s	deríts	derítsz	4	-2.3309248931299953	21.25	3.056356895370426	TRUE	Prs.NDef.2Sg (mondas)	4096	NA	NA
kérd	kérd	[/V][Prs.1Sg›2]	1.9986204382455903	85429	rd	r	d	1	cc	kérdelek	kérdelek	elek	85	-1.0035659587436652	lek	kérdlek	kérdlek	43	-1.2995164288783714	1.9767441860465116	0.6814511407967541	TRUE	Prs.1Sg›2 (mondalak)	1749	test	kérdlek
említ	említ	[/V][Prs.NDef.2Pl]	2.960327930133322	782191	t	t		2	vc	említetek	említetek	etek	84	-1.0087055983960762	tek	említtek	említtek	21	-1.6107655897240385	4	1.3862943611198906	TRUE	Prs.NDef.2Pl (mondotok)	3308	NA	NA
peng	peng	[/V][Prs.NDef.3Pl]	0.8837865278753886	6558	ng	n	g	1	cc	pengenek	pengenek	enek	84	-1.0087055983960762	nek	pengnek	pengnek	41	-1.3202010277382223	2.048780487804878	0.7172447321390059	TRUE	Prs.NDef.3Pl (mondanak)	4938	test	pengnek
ujjong	ujjong	[/V][Prs.NDef.2Sg]	1.3958430545563227	21322	ng	n	g	2	cc	ujjongas	ujjongasz	as	10	-1.9329848844579576	s	ujjongs	ujjongsz	83	-1.0139067920818838	0.12048192771084337	-2.1162555148025524	TRUE	Prs.NDef.2Sg (mondas)	4096	test	ujjongs
reštell	restell	[/V][Prs.NDef.2Pl]	0.8460340874569128	6012	ll	l	l	2	cc	reštelletek	restelletek	etek	3	-2.455863629738295	tek	reštelltek	restelltek	82	-1.019171032074241	0.036585365853658534	-3.3081069585961433	TRUE	Prs.NDef.2Pl (mondotok)	3308	test	reštelltek
őrjöng	őrjöng	[/V][Prs.NDef.2Sg]	1.1505535667721816	12121	ng	n	g	2	cc	őrjönges	őrjöngesz	es	11	-1.8915921992997329	s	őrjöngs	őrjöngsz	82	-1.019171032074241	0.13414634146341464	-2.0088239744658827	TRUE	Prs.NDef.2Sg (mondas)	4096	test	őrjöngs
peng	peng	[/V][Prs.NDef.2Pl]	0.8837865278753886	6558	ng	n	g	1	cc	pengetek	pengetek	etek	81	-1.024499865579308	tek	pengtek	pengtek	40	-1.3309248931299955	2.025	0.7055697005585024	TRUE	Prs.NDef.2Pl (mondotok)	3308	test	pengtek
ráng	ráng	[/V][Prs.NDef.3Pl]	1.3527524056886966	19308	ng	n	g	1	cc	ránganak	ránganak	anak	80	-1.0298948974660145	nak	rángnak	rángnak	20	-1.6319548887939763	4	1.3862943611198906	TRUE	Prs.NDef.3Pl (mondanak)	4938	test	rángnak
fesít	feszít	[/V][Prs.NDef.2Pl]	1.940817998897179	74783	t	t		2	vc	fesítetek	feszítetek	etek	79	-1.0353577931675164	tek	fesíttek	feszíttek	28	-1.4858268531157386	2.8214285714285716	1.0372433422918177	TRUE	Prs.NDef.2Pl (mondotok)	3308	NA	NA
heješbít	helyesbít	[/V][Prs.NDef.3Pl]	1.6183064938701084	35587	t	t		3	vc	heješbítenek	helyesbítenek	enek	79	-1.0353577931675164	nek	heješbítnek	helyesbítnek	1	-2.932984884457958	79	4.3694478524670215	TRUE	Prs.NDef.3Pl (mondanak)	4938	NA	NA
kérd	kérd	[/V][Prs.NDef.2Sg]	1.9986204382455903	85429	rd	r	d	1	cc	kérdes	kérdesz	es	79	-1.0353577931675164	s	kérds	kérdsz	2	-2.6319548887939765	39.5	3.676300671907076	TRUE	Prs.NDef.2Sg (mondas)	4096	test	kérds
megšért	megsért	[/V][Prs.1Sg›2]	2.1871545349738746	131868	rt	r	t	2	cc	megšértelek	megsértelek	elek	79	-1.0353577931675164	lek	megšértlek	megsértlek	2	-2.6319548887939765	39.5	3.676300671907076	TRUE	Prs.1Sg›2 (mondalak)	1749	test	megšértlek
pillant	pillant	[/V][Prs.NDef.2Pl]	2.0275762625908595	91319	nt	n	t	2	cc	pillantotok	pillantotok	otok	78	-1.0408902817674774	tok	pillanttok	pillanttok	1	-2.932984884457958	78	4.356708826689592	TRUE	Prs.NDef.2Pl (mondotok)	3308	test	pillanttok
usít	uszít	[/V][Prs.NDef.2Sg]	1.2544512253157505	15397	t	t		2	vc	usítas	uszítasz	as	78	-1.0408902817674774	s	usíts	uszítsz	3	-2.455863629738295	26	3.258096538021482	TRUE	Prs.NDef.2Sg (mondas)	4096	NA	NA
márt	márt	[/V][Prs.NDef.2Sg]	1.600189576284433	34133	rt	r	t	1	cc	mártas	mártasz	as	77	-1.046494159285476	s	márts	mártsz	1	-2.932984884457958	77	4.343805421853684	TRUE	Prs.NDef.2Sg (mondas)	4096	test	márts
ring	ring	[/V][Prs.NDef.2Sg]	1.9599496550527609	78151	ng	n	g	1	cc	ringas	ringasz	as	9	-1.978742375018633	s	rings	ringsz	77	-1.046494159285476	0.11688311688311688	-2.1465808445174646	TRUE	Prs.NDef.2Sg (mondas)	4096	test	rings
tudóšít	tudósít	[/V][Prs.NDef.2Sg]	1.8553673509578448	61426	t	t		3	vc	tudóšítas	tudósítasz	as	77	-1.046494159285476	s	tudóšíts	tudósítsz	3	-2.455863629738295	25.666666666666668	3.245193133185574	TRUE	Prs.NDef.2Sg (mondas)	4096	NA	NA
kérd	kérd	[/V][Prs.NDef.3Pl]	1.9986204382455903	85429	rd	r	d	1	cc	kérdenek	kérdenek	enek	76	-1.0521712921771664	nek	kérdnek	kérdnek	65	-1.1200715278151023	1.1692307692307693	0.15634607039069404	TRUE	Prs.NDef.3Pl (mondanak)	4938	test	kérdnek
röštell	röstell	[/V][Prs.NDef.3Pl]	0.6188309378930578	3563	ll	l	l	2	cc	röštellenek	röstellenek	enek	7	-2.087886844443701	nek	röštellnek	röstellnek	76	-1.0521712921771664	0.09210526315789473	-2.384823191231018	TRUE	Prs.NDef.3Pl (mondanak)	4938	test	röštellnek
sállít	szállít	[/V][Prs.NDef.2Pl]	2.8378516689698947	589979	t	t		2	vc	sállítotok	szállítotok	otok	76	-1.0521712921771664	tok	sállíttok	szállíttok	2	-2.6319548887939765	38	3.6375861597263857	TRUE	Prs.NDef.2Pl (mondotok)	3308	NA	NA
čábít	csábít	[/V][Prs.1Sg›2]	2.004221969439173	86538	t	t		2	vc	čábítalak	csábítalak	alak	72	-1.0756523880266893	lak	čábítlak	csábítlak	5	-2.234014880121939	14.4	2.667228206581955	TRUE	Prs.1Sg›2 (mondalak)	1749	NA	NA
fürkés	fürkész	[/V][Prs.NDef.2Pl]	1.3500900902775137	19190	s	s		2	vc	fürkésetek	fürkészetek	etek	1	-2.932984884457958	tek	fürkéstek	fürkésztek	71	-1.0817265357388826	0.014084507042253521	-4.2626798770413155	TRUE	Prs.NDef.2Pl (mondotok)	3308	NA	NA
kering	kering	[/V][Prs.NDef.2Sg]	1.9960046439135095	84916	ng	n	g	2	cc	keringes	keringesz	es	32	-1.427834906138052	s	kerings	keringsz	70	-1.087886844443701	0.45714285714285713	-0.7827593392496325	TRUE	Prs.NDef.2Sg (mondas)	4096	test	kerings
šebešít	sebesít	[/V][Prs.NDef.3Pl]	0.7815963243815733	5183	t	t		3	vc	šebešítenek	sebesítenek	enek	70	-1.087886844443701	nek	šebešítnek	sebesítnek	2	-2.6319548887939765	35	3.5553480614894135	TRUE	Prs.NDef.3Pl (mondanak)	4938	NA	NA
sít	szít	[/V][Prs.NDef.2Sg]	1.4876968332458935	26344	t	t		1	vc	sítas	szítasz	as	70	-1.087886844443701	s	síts	szítsz	3	-2.455863629738295	23.333333333333332	3.1498829533812494	TRUE	Prs.NDef.2Sg (mondas)	4096	NA	NA
vét	vét	[/V][Prs.1Sg›2]	1.835749387201584	58713	t	t		1	vc	vételek	vételek	elek	70	-1.087886844443701	lek	vétlek	vétlek	1	-2.932984884457958	70	4.248495242049359	TRUE	Prs.1Sg›2 (mondalak)	1749	NA	NA
alakít	alakít	[/V][Prs.1Sg›2]	3.073036794898776	1013962	t	t		3	vc	alakítalak	alakítalak	alak	68	-1.1004759717517214	lak	alakítlak	alakítlak	9	-1.978742375018633	7.555555555555555	2.0222831278398874	TRUE	Prs.1Sg›2 (mondalak)	1749	NA	NA
bojong	bolyong	[/V][Prs.NDef.2Pl]	1.5543797744589725	30716	ng	n	g	2	cc	bojongotok	bolyongotok	otok	1	-2.932984884457958	tok	bojongtok	bolyongtok	68	-1.1004759717517214	0.014705882352941176	-4.219507705176107	TRUE	Prs.NDef.2Pl (mondotok)	3308	test	bojongtok
idegešít	idegesít	[/V][Prs.1Sg›2]	1.810846170669695	55441	t	t		4	vc	idegešítelek	idegesítelek	elek	68	-1.1004759717517214	lek	idegešítlek	idegesítlek	3	-2.455863629738295	22.666666666666668	3.120895416507997	TRUE	Prs.1Sg›2 (mondalak)	1749	NA	NA
kárörvend	kárörvend	[/V][Prs.NDef.3Pl]	0.26622159470369994	1582	nd	n	d	3	cc	kárörvendenek	kárörvendenek	enek	68	-1.1004759717517214	nek	kárörvendnek	kárörvendnek	9	-1.978742375018633	7.555555555555555	2.0222831278398874	TRUE	Prs.NDef.3Pl (mondanak)	4938	test	kárörvendnek
sabadít	szabadít	[/V][Prs.1Sg›2]	2.004598196988304	86613	t	t		3	vc	sabadítalak	szabadítalak	alak	68	-1.1004759717517214	lak	sabadítlak	szabadítlak	31	-1.4416231906236852	2.193548387096774	0.7855205006909604	TRUE	Prs.1Sg›2 (mondalak)	1749	NA	NA
félreért	félreért	[/V][Prs.1Sg›2]	1.6781859130022172	40848	rt	r	t	3	cc	félreértelek	félreértelek	elek	67	-1.1069100817571311	lek	félreértlek	félreértlek	4	-2.3309248931299953	16.75	2.8183982582710754	TRUE	Prs.1Sg›2 (mondalak)	1749	test	félreértlek
javall	javall	[/V][Prs.NDef.3Pl]	1.2947990163957603	16896	ll	l	l	2	cc	javallanak	javallanak	anak	66	-1.1134409489160892	nak	javallnak	javallnak	22	-1.5905622036357516	3	1.0986122886681098	TRUE	Prs.NDef.3Pl (mondanak)	4938	test	javallnak
borong	borong	[/V][Prs.NDef.3Pl]	0.4584795273811454	2463	ng	n	g	2	cc	boronganak	boronganak	anak	65	-1.1200715278151023	nak	borongnak	borongnak	36	-1.3766823836906703	1.8055555555555556	0.5908683314395271	TRUE	Prs.NDef.3Pl (mondanak)	4938	test	borongnak
tudatošít	tudatosít	[/V][Prs.NDef.2Sg]	1.9109825194386432	69818	t	t		4	vc	tudatošítas	tudatosítasz	as	65	-1.1200715278151023	s	tudatošíts	tudatosítsz	2	-2.6319548887939765	32.5	3.481240089335692	TRUE	Prs.NDef.2Sg (mondas)	4096	NA	NA
višít	visít	[/V][Prs.NDef.2Sg]	1.2124290807099256	13977	t	t		2	vc	višítas	visítasz	as	65	-1.1200715278151023	s	višíts	visítsz	2	-2.6319548887939765	32.5	3.481240089335692	TRUE	Prs.NDef.2Sg (mondas)	4096	NA	NA
olvast	olvaszt	[/V][Prs.NDef.2Sg]	1.807117150142854	54967	st	s	t	2	cc	olvastas	olvasztasz	as	64	-1.1268049104740707	s	olvasts	olvasztsz	1	-2.932984884457958	64	4.1588830833596715	TRUE	Prs.NDef.2Sg (mondas)	4096	test	olvasts
ṉilvánít	nyilvánít	[/V][Prs.1Sg›2]	2.334988960664373	185342	t	t		3	vc	ṉilvánítalak	nyilvánítalak	alak	63	-1.133644335004376	lak	ṉilvánítlak	nyilvánítlak	8	-2.0298948974660145	7.875	2.063693184711697	TRUE	Prs.1Sg›2 (mondalak)	1749	NA	NA
rögzít	rögzít	[/V][Prs.NDef.2Pl]	2.8694357903583865	634484	t	t		2	vc	rögzítetek	rögzítetek	etek	63	-1.133644335004376	tek	rögzíttek	rögzíttek	20	-1.6319548887939763	3.15	1.1474024528375417	TRUE	Prs.NDef.2Pl (mondotok)	3308	NA	NA
šántít	sántít	[/V][Prs.NDef.2Sg]	1.2909521358620242	16747	t	t		2	vc	šántítas	sántítasz	as	62	-1.140593194959704	s	šántíts	sántítsz	3	-2.455863629738295	20.666666666666668	3.028522096376982	TRUE	Prs.NDef.2Sg (mondas)	4096	NA	NA
naḏít	nagyít	[/V][Prs.NDef.2Sg]	1.3321160817639788	18412	t	t		2	vc	naḏítas	nagyítasz	as	61	-1.1476550494471909	s	naḏíts	nagyítsz	1	-2.932984884457958	61	4.110873864173311	TRUE	Prs.NDef.2Sg (mondas)	4096	NA	NA
vičorít	vicsorít	[/V][Prs.NDef.3Pl]	0.2050018482655738	1374	t	t		3	vc	vičorítanak	vicsorítanak	anak	61	-1.1476550494471909	nak	vičorítnak	vicsorítnak	5	-2.234014880121939	12.2	2.501435951739211	TRUE	Prs.NDef.3Pl (mondanak)	4938	NA	NA
čöng	csöng	[/V][Prs.NDef.3Pl]	0.7762002450922876	5119	ng	n	g	1	cc	čöngenek	csöngenek	enek	59	-1.1621328728158136	nek	čöngnek	csöngnek	7	-2.087886844443701	8.428571428571429	2.1316272948504063	TRUE	Prs.NDef.3Pl (mondanak)	4938	test	čöngnek
lejt	lejt	[/V][Prs.NDef.2Sg]	1.1958342577365526	13453	jt	j	t	1	cc	lejtes	lejtesz	es	59	-1.1621328728158136	s	lejts	lejtsz	24	-1.552773642746352	2.4583333333333335	0.8994836135577738	TRUE	Prs.NDef.2Sg (mondas)	4096	test	lejts
sárít	szárít	[/V][Prs.NDef.2Sg]	2.0462401528444896	95329	t	t		2	vc	sárítas	szárítasz	as	59	-1.1621328728158136	s	sáríts	szárítsz	1	-2.932984884457958	59	4.07753744390572	TRUE	Prs.NDef.2Sg (mondas)	4096	NA	NA
lat	lat	[/V][Prs.1Sg›2]	2.375846212858608	203625	t	t		1	vc	latalak	latalak	alak	1	-2.932984884457958	lak	latlak	latlak	58	-1.169556890895021	0.017241379310344827	-4.060443010546419	TRUE	Prs.1Sg›2 (mondalak)	1749	NA	NA
létešít	létesít	[/V][Prs.NDef.2Pl]	2.174723559080672	128147	t	t		3	vc	létešítetek	létesítetek	etek	58	-1.169556890895021	tek	létešíttek	létesíttek	25	-1.5350448757859203	2.32	0.8415671856782185	TRUE	Prs.NDef.2Pl (mondotok)	3308	NA	NA
sólít	szólít	[/V][Prs.NDef.2Pl]	2.4536906166811505	243599	t	t		2	vc	sólítotok	szólítotok	otok	58	-1.169556890895021	tok	sólíttok	szólíttok	3	-2.455863629738295	19.333333333333332	2.9618307218783095	TRUE	Prs.NDef.2Pl (mondotok)	3308	NA	NA
ḏújt	gyújt	[/V][Prs.NDef.2Pl]	2.117290442944573	112273	jt	j	t	1	cc	ḏújtotok	gyújtotok	otok	57	-1.1771100287854663	tok	ḏújttok	gyújttok	2	-2.6319548887939765	28.5	3.349904087274605	TRUE	Prs.NDef.2Pl (mondotok)	3308	test	ḏújttok
résešít	részesít	[/V][Prs.NDef.2Pl]	2.415730708682073	223211	t	t		3	vc	résešítetek	részesítetek	etek	57	-1.1771100287854663	tek	résešíttek	részesíttek	7	-2.087886844443701	8.142857142857142	2.097141118779237	TRUE	Prs.NDef.2Pl (mondotok)	3308	NA	NA
ürít	ürít	[/V][Prs.NDef.2Sg]	1.6233899926917823	36006	t	t		2	vc	ürítes	ürítesz	es	57	-1.1771100287854663	s	üríts	ürítsz	3	-2.455863629738295	19	2.9444389791664403	TRUE	Prs.NDef.2Sg (mondas)	4096	NA	NA
ištenít	istenít	[/V][Prs.NDef.2Sg]	1.1016435721673623	10830	t	t		3	vc	ištenítes	istenítesz	es	56	-1.1847968574517571	s	išteníts	istenítsz	4	-2.3309248931299953	14	2.6390573296152584	TRUE	Prs.NDef.2Sg (mondas)	4096	NA	NA
lövell	lövell	[/V][Prs.NDef.2Pl]	0.8506328807327909	6076	ll	l	l	2	cc	lövelletek	lövelletek	etek	1	-2.932984884457958	tek	lövelltek	lövelltek	56	-1.1847968574517571	0.017857142857142856	-4.02535169073515	TRUE	Prs.NDef.2Pl (mondotok)	3308	test	lövelltek
vesít	veszít	[/V][Prs.1Sg›2]	2.5808730275382565	326481	t	t		2	vc	vesítelek	veszítelek	elek	56	-1.1847968574517571	lek	vesítlek	veszítlek	14	-1.7868568487797198	4	1.3862943611198906	TRUE	Prs.1Sg›2 (mondalak)	1749	NA	NA
borít	borít	[/V][Prs.1Sg›2]	2.326496703561112	181753	t	t		2	vc	borítalak	borítalak	alak	55	-1.192622194963714	lak	borítlak	borítlak	2	-2.6319548887939765	27.5	3.3141860046725258	TRUE	Prs.1Sg›2 (mondalak)	1749	NA	NA
dičőít	dicsőít	[/V][Prs.NDef.2Pl]	1.627304421058387	36332	t	t		3	vc	dičőítetek	dicsőítetek	etek	54	-1.2005911246349894	tek	dičőíttek	dicsőíttek	2	-2.6319548887939765	27	3.295836866004329	TRUE	Prs.NDef.2Pl (mondotok)	3308	NA	NA
idegenít	idegenít	[/V][Prs.NDef.3Pl]	0.7317510840607471	4621	t	t		4	vc	idegenítenek	idegenítenek	enek	54	-1.2005911246349894	nek	idegenítnek	idegenítnek	4	-2.3309248931299953	13.5	2.6026896854443837	TRUE	Prs.NDef.3Pl (mondanak)	4938	NA	NA
ődöng	ődöng	[/V][Prs.NDef.3Pl]	0.09150078324120914	1058	ng	n	g	2	cc	ődöngenek	ődöngenek	enek	54	-1.2005911246349894	nek	ődöngnek	ődöngnek	7	-2.087886844443701	7.714285714285714	2.043073897508961	TRUE	Prs.NDef.3Pl (mondanak)	4938	test	ődöngnek
aprít	aprít	[/V][Prs.NDef.2Sg]	1.6980731247226395	42762	t	t		2	vc	aprítas	aprítasz	as	53	-1.2087090148571689	s	apríts	aprítsz	4	-2.3309248931299953	13.25	2.583997552432231	TRUE	Prs.NDef.2Sg (mondas)	4096	NA	NA
merít	merít	[/V][Prs.1Sg›2]	2.229707939547056	145443	t	t		2	vc	merítelek	merítelek	elek	53	-1.2087090148571689	lek	merítlek	merítlek	26	-1.5180115364871398	2.0384615384615383	0.7121953755306397	TRUE	Prs.1Sg›2 (mondalak)	1749	NA	NA
tasít	taszít	[/V][Prs.1Sg›2]	1.7527658085773925	48501	t	t		2	vc	tasítalak	taszítalak	alak	53	-1.2087090148571689	lak	tasítlak	taszítlak	5	-2.234014880121939	10.6	2.3608540011180215	TRUE	Prs.1Sg›2 (mondalak)	1749	NA	NA
vetít	vetít	[/V][Prs.NDef.2Pl]	2.274749092683765	161337	t	t		2	vc	vetítetek	vetítetek	etek	53	-1.2087090148571689	tek	vetíttek	vetíttek	47	-1.2608870265222405	1.127659574468085	0.12014431184206321	TRUE	Prs.NDef.2Pl (mondotok)	3308	NA	NA
virít	virít	[/V][Prs.NDef.2Sg]	1.5434119422673724	29950	t	t		2	vc	virítas	virítasz	as	53	-1.2087090148571689	s	viríts	virítsz	11	-1.8915921992997329	4.818181818181818	1.5723966407537513	TRUE	Prs.NDef.2Sg (mondas)	4096	NA	NA
bolondít	bolondít	[/V][Prs.NDef.2Sg]	1.0574871690676615	9783	t	t		3	vc	bolondítas	bolondítasz	as	52	-1.2169815408231586	s	bolondíts	bolondítsz	1	-2.932984884457958	52	3.9512437185814275	TRUE	Prs.NDef.2Sg (mondas)	4096	NA	NA
hőzöng	hőzöng	[/V][Prs.NDef.2Sg]	0.5271609330337924	2885	ng	n	g	2	cc	hőzönges	hőzöngesz	es	6	-2.1548336340743144	s	hőzöngs	hőzöngsz	52	-1.2169815408231586	0.11538461538461539	-2.159484249353372	TRUE	Prs.NDef.2Sg (mondas)	4096	test	hőzöngs
kéṉserít	kényszerít	[/V][Prs.NDef.2Pl]	2.415771565786459	223232	t	t		3	vc	kéṉserítetek	kényszerítetek	etek	52	-1.2169815408231586	tek	kéṉseríttek	kényszeríttek	21	-1.6107655897240385	2.4761904761904763	0.9067212808580044	TRUE	Prs.NDef.2Pl (mondotok)	3308	NA	NA
mozdít	mozdít	[/V][Prs.NDef.2Sg]	1.6881602267380789	41797	t	t		2	vc	mozdítas	mozdítasz	as	52	-1.2169815408231586	s	mozdíts	mozdítsz	2	-2.6319548887939765	26	3.258096538021482	TRUE	Prs.NDef.2Sg (mondas)	4096	NA	NA
zeng	zeng	[/V][Prs.NDef.2Sg]	1.7743979085034178	50978	ng	n	g	1	cc	zenges	zengesz	es	39	-1.3419202774314587	s	zengs	zengsz	52	-1.2169815408231586	0.75	-0.2876820724517809	TRUE	Prs.NDef.2Sg (mondas)	4096	test	zengs
ešeng	eseng	[/V][Prs.NDef.3Pl]	0.2304746673120323	1457	ng	n	g	2	cc	ešengenek	esengenek	enek	51	-1.2254147083600215	nek	ešengnek	esengnek	22	-1.5905622036357516	2.3181818181818183	0.84078317936601	TRUE	Prs.NDef.3Pl (mondanak)	4938	test	ešengnek
huṉorít	hunyorít	[/V][Prs.NDef.3Pl]	0.5383068266009807	2960	t	t		3	vc	huṉorítanak	hunyorítanak	anak	51	-1.2254147083600215	nak	huṉorítnak	hunyorítnak	2	-2.6319548887939765	25.5	3.2386784521643803	TRUE	Prs.NDef.3Pl (mondanak)	4938	NA	NA
ejt	ejt	[/V][Prs.1Sg›2]	2.54627650321544	301482	jt	j	t	1	cc	ejtelek	ejtelek	elek	50	-1.234014880121939	lek	ejtlek	ejtlek	2	-2.6319548887939765	25	3.2188758248682006	TRUE	Prs.1Sg›2 (mondalak)	1749	test	ejtlek
hord	hord	[/V][Prs.1Sg›2]	2.5559590570874056	308279	rd	r	d	1	cc	hordalak	hordalak	alak	50	-1.234014880121939	lak	hordlak	hordlak	13	-1.819041532151121	3.8461538461538463	1.3470736479666094	TRUE	Prs.1Sg›2 (mondalak)	1749	test	hordlak
utašít	utasít	[/V][Prs.NDef.2Pl]	2.3340952803215553	184961	t	t		3	vc	utašítotok	utasítotok	otok	50	-1.234014880121939	tok	utašíttok	utasíttok	4	-2.3309248931299953	12.5	2.5257286443082556	TRUE	Prs.NDef.2Pl (mondotok)	3308	NA	NA
boldogít	boldogít	[/V][Prs.1Sg›2]	1.1876877388246496	13203	t	t		3	vc	boldogítalak	boldogítalak	alak	49	-1.2427888044294442	lak	boldogítlak	boldogítlak	2	-2.6319548887939765	24.5	3.1986731175506815	TRUE	Prs.1Sg›2 (mondalak)	1749	NA	NA
eḏešít	egyesít	[/V][Prs.1Sg›2]	2.1200666549941487	112993	t	t		3	vc	eḏešítelek	egyesítelek	elek	49	-1.2427888044294442	lek	eḏešítlek	egyesítlek	1	-2.932984884457958	49	3.8918202981106265	TRUE	Prs.1Sg›2 (mondalak)	1749	NA	NA
ḏanúšít	gyanúsít	[/V][Prs.NDef.2Sg]	1.686921985867005	41678	t	t		3	vc	ḏanúšítas	gyanúsítasz	as	49	-1.2427888044294442	s	ḏanúšíts	gyanúsítsz	1	-2.932984884457958	49	3.8918202981106265	TRUE	Prs.NDef.2Sg (mondas)	4096	NA	NA
ont	ont	[/V][Prs.NDef.2Sg]	1.7436264299947593	47491	nt	n	t	1	cc	ontas	ontasz	as	48	-1.2517436470823706	s	onts	ontsz	25	-1.5350448757859203	1.92	0.6523251860396901	TRUE	Prs.NDef.2Sg (mondas)	4096	test	onts
šikolt	sikolt	[/V][Prs.NDef.2Sg]	1.0121388856641615	8813	lt	l	t	2	cc	šikoltas	sikoltasz	as	48	-1.2517436470823706	s	šikolts	sikoltsz	4	-2.3309248931299953	12	2.4849066497880004	TRUE	Prs.NDef.2Sg (mondas)	4096	test	šikolts
fost	foszt	[/V][Prs.1Sg›2]	1.6726648740591443	40332	st	s	t	1	cc	fostalak	fosztalak	alak	47	-1.2608870265222405	lak	fostlak	fosztlak	1	-2.932984884457958	47	3.8501476017100584	TRUE	Prs.1Sg›2 (mondalak)	1749	test	fostlak
furčáll	furcsáll	[/V][Prs.NDef.3Pl]	1.280240588315443	16339	ll	l	l	2	cc	furčállanak	furcsállanak	anak	14	-1.7868568487797198	nak	furčállnak	furcsállnak	47	-1.2608870265222405	0.2978723404255319	-1.2110902720948	TRUE	Prs.NDef.3Pl (mondanak)	4938	test	furčállnak
sorít	szorít	[/V][Prs.NDef.2Pl]	2.371761922066822	201719	t	t		2	vc	sorítotok	szorítotok	otok	47	-1.2608870265222405	tok	soríttok	szoríttok	14	-1.7868568487797198	3.357142857142857	1.2110902720948	TRUE	Prs.NDef.2Pl (mondotok)	3308	NA	NA
örökít	örökít	[/V][Prs.NDef.2Sg]	1.9189030405469067	71103	t	t		3	vc	örökítes	örökítesz	es	47	-1.2608870265222405	s	örökíts	örökítsz	1	-2.932984884457958	47	3.8501476017100584	TRUE	Prs.NDef.2Sg (mondas)	4096	NA	NA
javít	javít	[/V][Prs.1Sg›2]	2.953715041297892	770371	t	t		2	vc	javítalak	javítalak	alak	46	-1.2702270527763837	lak	javítlak	javítlak	6	-2.1548336340743144	7.666666666666667	2.03688192726104	TRUE	Prs.1Sg›2 (mondalak)	1749	NA	NA
sorong	szorong	[/V][Prs.NDef.2Pl]	1.6523630266366331	38490	ng	n	g	2	cc	sorongotok	szorongotok	otok	2	-2.6319548887939765	tok	sorongtok	szorongtok	46	-1.2702270527763837	0.043478260869565216	-3.1354942159291497	TRUE	Prs.NDef.2Pl (mondotok)	3308	test	sorongtok
érdemešít	érdemesít	[/V][Prs.NDef.3Pl]	0.20436922691277504	1372	t	t		4	vc	érdemešítenek	érdemesítenek	enek	46	-1.2702270527763837	nek	érdemešítnek	érdemesítnek	3	-2.455863629738295	15.333333333333334	2.7300291078209855	TRUE	Prs.NDef.3Pl (mondanak)	4938	NA	NA
fűt	fűt	[/V][Prs.NDef.2Pl]	2.0068986233758572	87073	t	t		1	vc	fűtötök	fűtötök	ötök	45	-1.279772370682614	tök	fűttök	fűttök	2	-2.6319548887939765	22.5	3.1135153092103742	TRUE	Prs.NDef.2Pl (mondotok)	3308	NA	NA
hašonlít	hasonlít	[/V][Prs.1Sg›2]	2.7944123971664334	533823	t	t		3	vc	hašonlítalak	hasonlítalak	alak	45	-1.279772370682614	lak	hašonlítlak	hasonlítlak	29	-1.4705868865590015	1.5517241379310345	0.4393666597838457	TRUE	Prs.1Sg›2 (mondalak)	1749	NA	NA
lézeng	lézeng	[/V][Prs.NDef.2Sg]	1.031557581621179	9216	ng	n	g	2	cc	lézenges	lézengesz	es	4	-2.3309248931299953	s	lézengs	lézengsz	45	-1.279772370682614	0.08888888888888889	-2.4203681286504293	TRUE	Prs.NDef.2Sg (mondas)	4096	test	lézengs
old	old	[/V][Prs.1Sg›2]	2.8249058973828483	572652	ld	l	d	1	cc	oldalak	oldalak	alak	29	-1.4705868865590015	lak	oldlak	oldlak	45	-1.279772370682614	0.6444444444444445	-0.43936665978384565	TRUE	Prs.1Sg›2 (mondalak)	1749	test	oldlak
šejt	sejt	[/V][Prs.NDef.2Pl]	2.9107709750098145	697840	jt	j	t	1	cc	šejtetek	sejtetek	etek	45	-1.279772370682614	tek	šejttek	sejttek	1	-2.932984884457958	45	3.8066624897703196	TRUE	Prs.NDef.2Pl (mondotok)	3308	test	šejttek
šimít	simít	[/V][Prs.NDef.2Sg]	1.6875883692833356	41742	t	t		2	vc	šimítas	simítasz	as	45	-1.279772370682614	s	šimíts	simítsz	2	-2.6319548887939765	22.5	3.1135153092103742	TRUE	Prs.NDef.2Sg (mondas)	4096	NA	NA
šíkrasáll	síkraszáll	[/V][Prs.NDef.3Pl]	0.1816260997742153	1302	ll	l	l	3	cc	šíkrasállanak	síkraszállanak	anak	3	-2.455863629738295	nak	šíkrasállnak	síkraszállnak	45	-1.279772370682614	0.06666666666666667	-2.70805020110221	TRUE	Prs.NDef.3Pl (mondanak)	4938	test	šíkrasállnak
telepít	telepít	[/V][Prs.NDef.2Pl]	2.546496848711112	301635	t	t		3	vc	telepítetek	telepítetek	etek	45	-1.279772370682614	tek	telepíttek	telepíttek	25	-1.5350448757859203	1.8	0.5877866649021191	TRUE	Prs.NDef.2Pl (mondotok)	3308	NA	NA
erőšít	erősít	[/V][Prs.NDef.2Pl]	2.905973710211774	690174	t	t		3	vc	erőšítetek	erősítetek	etek	44	-1.2895322079717704	tek	erőšíttek	erősíttek	8	-2.0298948974660145	5.5	1.7047480922384253	TRUE	Prs.NDef.2Pl (mondotok)	3308	NA	NA
kerít	kerít	[/V][Prs.NDef.2Pl]	1.9659047714686289	79230	t	t		2	vc	kerítetek	kerítetek	etek	44	-1.2895322079717704	tek	keríttek	keríttek	1	-2.932984884457958	44	3.784189633918261	TRUE	Prs.NDef.2Pl (mondotok)	3308	NA	NA
tapast	tapaszt	[/V][Prs.1Sg›2]	1.133564654303976	11656	st	s	t	2	cc	tapastalak	tapasztalak	alak	44	-1.2895322079717704	lak	tapastlak	tapasztlak	1	-2.932984884457958	44	3.784189633918261	TRUE	Prs.1Sg›2 (mondalak)	1749	test	tapastlak
vét	vét	[/V][Prs.NDef.2Pl]	1.835749387201584	58713	t	t		1	vc	vétetek	vétetek	etek	44	-1.2895322079717704	tek	véttek	véttek	10	-1.9329848844579576	4.4	1.4816045409242156	TRUE	Prs.NDef.2Pl (mondotok)	3308	NA	NA
óhajt	óhajt	[/V][Prs.1Sg›2]	1.6797460062903842	40995	jt	j	t	2	cc	óhajtalak	óhajtalak	alak	33	-1.4144709445800705	lak	óhajtlak	óhajtlak	44	-1.2895322079717704	0.75	-0.2876820724517809	TRUE	Prs.1Sg›2 (mondalak)	1749	test	óhajtlak
bong	bong	[/V][Prs.NDef.3Pl]	0.4401111026207692	2361	ng	n	g	1	cc	bonganak	bonganak	anak	28	-1.4858268531157386	nak	bongnak	bongnak	43	-1.2995164288783714	0.6511627906976745	-0.4289956055183584	TRUE	Prs.NDef.3Pl (mondanak)	4938	test	bongnak
bossant	bosszant	[/V][Prs.1Sg›2]	1.6866614018736934	41653	nt	n	t	2	cc	bossantalak	bosszantalak	alak	43	-1.2995164288783714	lak	bossantlak	bosszantlak	7	-2.087886844443701	6.142857142857143	1.8152899666382492	TRUE	Prs.1Sg›2 (mondalak)	1749	test	bossantlak
hűt	hűt	[/V][Prs.NDef.2Sg]	1.9151241424786023	70487	t	t		1	vc	hűtes	hűtesz	es	42	-1.3097355940600577	s	hűts	hűtsz	1	-2.932984884457958	42	3.7376696182833684	TRUE	Prs.NDef.2Sg (mondas)	4096	NA	NA
šikong	sikong	[/V][Prs.NDef.3Pl]	0.00503421301825244	867	ng	n	g	2	cc	šikonganak	sikonganak	anak	42	-1.3097355940600577	nak	šikongnak	sikongnak	22	-1.5905622036357516	1.9090909090909092	0.6466271649250525	TRUE	Prs.NDef.3Pl (mondanak)	4938	test	šikongnak
tudóšít	tudósít	[/V][Prs.1Sg›2]	1.8553673509578448	61426	t	t		3	vc	tudóšítalak	tudósítalak	alak	42	-1.3097355940600577	lak	tudóšítlak	tudósítlak	16	-1.728864901802033	2.625	0.965080896043587	TRUE	Prs.1Sg›2 (mondalak)	1749	NA	NA
fojt	fojt	[/V][Prs.1Sg›2]	1.5716626503360749	31963	jt	j	t	1	cc	fojtalak	fojtalak	alak	41	-1.3202010277382223	lak	fojtlak	fojtlak	6	-2.1548336340743144	6.833333333333333	1.9218125974762528	TRUE	Prs.1Sg›2 (mondalak)	1749	test	fojtlak
ijest	ijeszt	[/V][Prs.1Sg›2]	1.3020382750372657	17180	st	s	t	2	cc	ijestelek	ijesztelek	elek	41	-1.3202010277382223	lek	ijestlek	ijesztlek	7	-2.087886844443701	5.857142857142857	1.7676619176489945	TRUE	Prs.1Sg›2 (mondalak)	1749	test	ijestlek
ránt	ránt	[/V][Prs.NDef.2Pl]	2.1327815031647908	116350	nt	n	t	1	cc	rántotok	rántotok	otok	41	-1.3202010277382223	tok	ránttok	ránttok	1	-2.932984884457958	41	3.713572066704308	TRUE	Prs.NDef.2Pl (mondotok)	3308	test	ránttok
általánošít	általánosít	[/V][Prs.NDef.2Pl]	1.413680982284243	22216	t	t		5	vc	általánošítotok	általánosítotok	otok	41	-1.3202010277382223	tok	általánošíttok	általánosíttok	1	-2.932984884457958	41	3.713572066704308	TRUE	Prs.NDef.2Pl (mondotok)	3308	NA	NA
ízešít	ízesít	[/V][Prs.NDef.2Sg]	1.9262615224870263	72318	t	t		3	vc	ízešítes	ízesítesz	es	40	-1.3309248931299955	s	ízešíts	ízesítsz	1	-2.932984884457958	40	3.6888794541139363	TRUE	Prs.NDef.2Sg (mondas)	4096	NA	NA
búšong	búsong	[/V][Prs.NDef.3Pl]	0.03736199177213555	934	ng	n	g	2	cc	búšonganak	búsonganak	anak	39	-1.3419202774314587	nak	búšongnak	búsongnak	2	-2.6319548887939765	19.5	2.970414465569701	TRUE	Prs.NDef.3Pl (mondanak)	4938	test	búšongnak
jótáll	jótáll	[/V][Prs.NDef.3Pl]	0.26069614508332367	1562	ll	l	l	2	cc	jótállanak	jótállanak	anak	1	-2.932984884457958	nak	jótállnak	jótállnak	39	-1.3419202774314587	0.02564102564102564	-3.6635616461296463	TRUE	Prs.NDef.3Pl (mondanak)	4938	test	jótállnak
kösönt	köszönt	[/V][Prs.NDef.2Sg]	2.6232584999815622	359951	nt	n	t	2	cc	kösöntes	köszöntesz	es	39	-1.3419202774314587	s	kösönts	köszöntsz	1	-2.932984884457958	39	3.6635616461296463	TRUE	Prs.NDef.2Sg (mondas)	4096	test	kösönts
ṉilall	nyilall	[/V][Prs.NDef.3Pl]	0.5229253559247852	2857	ll	l	l	2	cc	ṉilallanak	nyilallanak	anak	2	-2.6319548887939765	nak	ṉilallnak	nyilallnak	39	-1.3419202774314587	0.05128205128205128	-2.9704144655697013	TRUE	Prs.NDef.3Pl (mondanak)	4938	test	ṉilallnak
erőšít	erősít	[/V][Prs.1Sg›2]	2.905973710211774	690174	t	t		3	vc	erőšítelek	erősítelek	elek	38	-1.3532012878411477	lek	erőšítlek	erősítlek	4	-2.3309248931299953	9.5	2.2512917986064953	TRUE	Prs.1Sg›2 (mondalak)	1749	NA	NA
felért	felért	[/V][Prs.NDef.2Pl]	-0.9117955853880196	105	rt	r	t	2	cc	felértetek	felértetek	etek	38	-1.3532012878411477	tek	felérttek	felérttek	1	-2.932984884457958	38	3.6375861597263857	TRUE	Prs.NDef.2Pl (mondotok)	3308	test	felérttek
lazít	lazít	[/V][Prs.NDef.2Pl]	1.958279311016414	77851	t	t		2	vc	lazítotok	lazítotok	otok	38	-1.3532012878411477	tok	lazíttok	lazíttok	6	-2.1548336340743144	6.333333333333333	1.8458266904983307	TRUE	Prs.NDef.2Pl (mondotok)	3308	NA	NA
zajong	zajong	[/V][Prs.NDef.2Pl]	0.8742117762529894	6415	ng	n	g	2	cc	zajongotok	zajongotok	otok	1	-2.932984884457958	tok	zajongtok	zajongtok	38	-1.3532012878411477	0.02631578947368421	-3.6375861597263857	TRUE	Prs.NDef.2Pl (mondotok)	3308	test	zajongtok
eḏešít	egyesít	[/V][Prs.NDef.2Sg]	2.1200666549941487	112993	t	t		3	vc	eḏešítes	egyesítesz	es	37	-1.3647831603909628	s	eḏešíts	egyesítsz	1	-2.932984884457958	37	3.6109179126442243	TRUE	Prs.NDef.2Sg (mondas)	4096	NA	NA
féṉešít	fényesít	[/V][Prs.NDef.3Pl]	0.7625843425782277	4961	t	t		3	vc	féṉešítenek	fényesítenek	enek	37	-1.3647831603909628	nek	féṉešítnek	fényesítnek	1	-2.932984884457958	37	3.6109179126442243	TRUE	Prs.NDef.3Pl (mondanak)	4938	NA	NA
irt	irt	[/V][Prs.NDef.2Sg]	2.0216145648335377	90074	rt	r	t	1	cc	irtas	irtasz	as	37	-1.3647831603909628	s	irts	irtsz	2	-2.6319548887939765	18.5	2.917770732084279	TRUE	Prs.NDef.2Sg (mondas)	4096	test	irts
leng	leng	[/V][Prs.NDef.2Sg]	1.7526762559372897	48491	ng	n	g	1	cc	lenges	lengesz	es	8	-2.0298948974660145	s	lengs	lengsz	37	-1.3647831603909628	0.21621621621621623	-1.5314763709643884	TRUE	Prs.NDef.2Sg (mondas)	4096	test	lengs
ṉüsít	nyüszít	[/V][Prs.NDef.2Sg]	0.7717660198327133	5067	t	t		2	vc	ṉüsítes	nyüszítesz	es	37	-1.3647831603909628	s	ṉüsíts	nyüszítsz	1	-2.932984884457958	37	3.6109179126442243	TRUE	Prs.NDef.2Sg (mondas)	4096	NA	NA
hajlong	hajlong	[/V][Prs.NDef.2Sg]	0.787339832959484	5252	ng	n	g	2	cc	hajlongas	hajlongasz	as	18	-1.6777123793546518	s	hajlongs	hajlongsz	35	-1.388916840107682	0.5142857142857142	-0.6649763035932491	TRUE	Prs.NDef.2Sg (mondas)	4096	test	hajlongs
kurjant	kurjant	[/V][Prs.NDef.3Pl]	0.31523367673211694	1771	nt	n	t	2	cc	kurjantanak	kurjantanak	anak	35	-1.388916840107682	nak	kurjantnak	kurjantnak	7	-2.087886844443701	5	1.6094379124341003	TRUE	Prs.NDef.3Pl (mondanak)	4938	test	kurjantnak
lódít	lódít	[/V][Prs.NDef.2Sg]	0.5593563687970166	3107	t	t		2	vc	lódítas	lódítasz	as	35	-1.388916840107682	s	lódíts	lódítsz	3	-2.455863629738295	11.666666666666666	2.456735772821304	TRUE	Prs.NDef.2Sg (mondas)	4096	NA	NA
pontošít	pontosít	[/V][Prs.1Sg›2]	1.863207712397962	62545	t	t		3	vc	pontošítalak	pontosítalak	alak	35	-1.388916840107682	lak	pontošítlak	pontosítlak	1	-2.932984884457958	35	3.5553480614894135	TRUE	Prs.1Sg›2 (mondalak)	1749	NA	NA
rühell	rühell	[/V][Prs.NDef.2Sg]	1.1255929646752671	11444	ll	l	l	2	cc	rühelles	rühellesz	es	6	-2.1548336340743144	s	rühells	rühellsz	35	-1.388916840107682	0.17142857142857143	-1.7635885922613588	TRUE	Prs.NDef.2Sg (mondas)	4096	test	rühells
újít	újít	[/V][Prs.NDef.2Pl]	2.127637419851998	114980	t	t		2	vc	újítotok	újítotok	otok	35	-1.388916840107682	tok	újíttok	újíttok	1	-2.932984884457958	35	3.5553480614894135	TRUE	Prs.NDef.2Pl (mondotok)	3308	NA	NA
šújt	sújt	[/V][Prs.1Sg›2]	2.2020777650972594	136478	jt	j	t	1	cc	šújtalak	sújtalak	alak	34	-1.4015059674157029	lak	šújtlak	sújtlak	8	-2.0298948974660145	4.25	1.4469189829363254	TRUE	Prs.1Sg›2 (mondalak)	1749	test	šújtlak
tistít	tisztít	[/V][Prs.1Sg›2]	2.3755005592909164	203463	t	t		2	vc	tistítalak	tisztítalak	alak	34	-1.4015059674157029	lak	tistítlak	tisztítlak	3	-2.455863629738295	11.333333333333334	2.4277482359480516	TRUE	Prs.1Sg›2 (mondalak)	1749	NA	NA
világošít	világosít	[/V][Prs.NDef.2Sg]	1.3283493693411732	18253	t	t		4	vc	világošítas	világosítasz	as	34	-1.4015059674157029	s	világošíts	világosítsz	1	-2.932984884457958	34	3.5263605246161616	TRUE	Prs.NDef.2Sg (mondas)	4096	NA	NA
jajong	jajong	[/V][Prs.NDef.2Sg]	0.38214543272564394	2066	ng	n	g	2	cc	jajongas	jajongasz	as	2	-2.6319548887939765	s	jajongs	jajongsz	33	-1.4144709445800705	0.06060606060606061	-2.803360380906535	TRUE	Prs.NDef.2Sg (mondas)	4096	test	jajongs
lendít	lendít	[/V][Prs.NDef.2Sg]	1.5361741426140545	29455	t	t		2	vc	lendítes	lendítesz	es	33	-1.4144709445800705	s	lendíts	lendítsz	1	-2.932984884457958	33	3.4965075614664802	TRUE	Prs.NDef.2Sg (mondas)	4096	NA	NA
teng	teng	[/V][Prs.NDef.2Pl]	1.0082283031273636	8734	ng	n	g	1	cc	tengetek	tengetek	etek	3	-2.455863629738295	tek	tengtek	tengtek	33	-1.4144709445800705	0.09090909090909091	-2.3978952727983707	TRUE	Prs.NDef.2Pl (mondotok)	3308	test	tengtek
tolong	tolong	[/V][Prs.NDef.2Pl]	1.2105607427804643	13917	ng	n	g	2	cc	tolongotok	tolongotok	otok	1	-2.932984884457958	tok	tolongtok	tolongtok	33	-1.4144709445800705	0.030303030303030304	-3.4965075614664802	TRUE	Prs.NDef.2Pl (mondotok)	3308	test	tolongtok
zajong	zajong	[/V][Prs.NDef.2Sg]	0.8742117762529894	6415	ng	n	g	2	cc	zajongas	zajongasz	as	2	-2.6319548887939765	s	zajongs	zajongsz	33	-1.4144709445800705	0.06060606060606061	-2.803360380906535	TRUE	Prs.NDef.2Sg (mondas)	4096	test	zajongs
javít	javít	[/V][Prs.NDef.2Pl]	2.953715041297892	770371	t	t		2	vc	javítotok	javítotok	otok	32	-1.427834906138052	tok	javíttok	javíttok	2	-2.6319548887939765	16	2.772588722239781	TRUE	Prs.NDef.2Pl (mondotok)	3308	NA	NA
kevešell	kevesell	[/V][Prs.NDef.3Pl]	1.1297098888844357	11553	ll	l	l	3	cc	kevešellenek	kevesellenek	enek	1	-2.932984884457958	nek	kevešellnek	kevesellnek	32	-1.427834906138052	0.03125	-3.4657359027997265	TRUE	Prs.NDef.3Pl (mondanak)	4938	test	kevešellnek
repít	repít	[/V][Prs.NDef.2Sg]	1.6942887772001285	42391	t	t		2	vc	repítes	repítesz	es	32	-1.427834906138052	s	repíts	repítsz	3	-2.455863629738295	10.666666666666666	2.367123614131617	TRUE	Prs.NDef.2Sg (mondas)	4096	NA	NA
ránt	ránt	[/V][Prs.1Sg›2]	2.1327815031647908	116350	nt	n	t	1	cc	rántalak	rántalak	alak	32	-1.427834906138052	lak	rántlak	rántlak	3	-2.455863629738295	10.666666666666666	2.367123614131617	TRUE	Prs.1Sg›2 (mondalak)	1749	test	rántlak
termest	termeszt	[/V][Prs.NDef.2Pl]	1.952517684470458	76825	st	s	t	2	cc	termestetek	termesztetek	etek	32	-1.427834906138052	tek	termesttek	termeszttek	1	-2.932984884457958	32	3.4657359027997265	TRUE	Prs.NDef.2Pl (mondotok)	3308	test	termesttek
értešít	értesít	[/V][Prs.NDef.2Pl]	2.730372991832843	460636	t	t		3	vc	értešítetek	értesítetek	etek	32	-1.427834906138052	tek	értešíttek	értesíttek	2	-2.6319548887939765	16	2.772588722239781	TRUE	Prs.NDef.2Pl (mondotok)	3308	NA	NA
füṯṯent	füttyent	[/V][Prs.NDef.2Sg]	0.5728431493968784	3205	nt	n	t	2	cc	füṯṯentes	füttyentesz	es	31	-1.4416231906236852	s	füṯṯents	füttyentsz	1	-2.932984884457958	31	3.4339872044851463	TRUE	Prs.NDef.2Sg (mondas)	4096	test	füṯṯents
usít	uszít	[/V][Prs.NDef.2Pl]	1.2544512253157505	15397	t	t		2	vc	usítotok	uszítotok	otok	31	-1.4416231906236852	tok	usíttok	uszíttok	1	-2.932984884457958	31	3.4339872044851463	TRUE	Prs.NDef.2Pl (mondotok)	3308	NA	NA
vakít	vakít	[/V][Prs.NDef.2Sg]	1.05970115470417	9833	t	t		2	vc	vakítas	vakítasz	as	31	-1.4416231906236852	s	vakíts	vakítsz	3	-2.455863629738295	10.333333333333334	2.3353749158170367	TRUE	Prs.NDef.2Sg (mondas)	4096	NA	NA
akast	akaszt	[/V][Prs.1Sg›2]	2.0187556513332554	89483	st	s	t	2	cc	akastalak	akasztalak	alak	30	-1.4558636297382954	lak	akastlak	akasztlak	1	-2.932984884457958	30	3.4011973816621555	TRUE	Prs.1Sg›2 (mondalak)	1749	test	akastlak
fešt	fest	[/V][Prs.1Sg›2]	2.6777795819372385	408098	št	š	t	1	cc	feštelek	festelek	elek	30	-1.4558636297382954	lek	feštlek	festlek	2	-2.6319548887939765	15	2.70805020110221	TRUE	Prs.1Sg›2 (mondalak)	1749	test	feštlek
ḏóḏít	gyógyít	[/V][Prs.NDef.2Pl]	2.2302182475963392	145614	t	t		2	vc	ḏóḏítotok	gyógyítotok	otok	30	-1.4558636297382954	tok	ḏóḏíttok	gyógyíttok	3	-2.455863629738295	10	2.302585092994046	TRUE	Prs.NDef.2Pl (mondotok)	3308	NA	NA
hőzöng	hőzöng	[/V][Prs.NDef.2Pl]	0.5271609330337924	2885	ng	n	g	2	cc	hőzöngötök	hőzöngötök	ötök	1	-2.932984884457958	tök	hőzöngtök	hőzöngtök	30	-1.4558636297382954	0.03333333333333333	-3.4011973816621555	TRUE	Prs.NDef.2Pl (mondotok)	3308	test	hőzöngtök
kukkant	kukkant	[/V][Prs.NDef.2Sg]	0.995564582543706	8483	nt	n	t	2	cc	kukkantas	kukkantasz	as	30	-1.4558636297382954	s	kukkants	kukkantsz	1	-2.932984884457958	30	3.4011973816621555	TRUE	Prs.NDef.2Sg (mondas)	4096	test	kukkants
rövidít	rövidít	[/V][Prs.NDef.2Sg]	1.7726907068007145	50778	t	t		3	vc	rövidítes	rövidítesz	es	30	-1.4558636297382954	s	rövidíts	rövidítsz	2	-2.6319548887939765	15	2.70805020110221	TRUE	Prs.NDef.2Sg (mondas)	4096	NA	NA
šejt	sejt	[/V][Prs.1Sg›2]	2.9107709750098145	697840	jt	j	t	1	cc	šejtelek	sejtelek	elek	30	-1.4558636297382954	lek	šejtlek	sejtlek	3	-2.455863629738295	10	2.302585092994046	TRUE	Prs.1Sg›2 (mondalak)	1749	test	šejtlek
ságuld	száguld	[/V][Prs.NDef.2Pl]	1.6960677532704322	42565	ld	l	d	2	cc	ságuldotok	száguldotok	otok	30	-1.4558636297382954	tok	ságuldtok	száguldtok	2	-2.6319548887939765	15	2.70805020110221	TRUE	Prs.NDef.2Pl (mondotok)	3308	test	ságuldtok
terít	terít	[/V][Prs.NDef.2Pl]	1.819539873007109	56562	t	t		2	vc	terítetek	terítetek	etek	30	-1.4558636297382954	tek	teríttek	teríttek	15	-1.756893625402277	2	0.6931471805599453	TRUE	Prs.NDef.2Pl (mondotok)	3308	NA	NA
šuhint	suhint	[/V][Prs.NDef.2Sg]	0.7173226386739786	4470	nt	n	t	2	cc	šuhintas	suhintasz	as	29	-1.4705868865590015	s	šuhints	suhintsz	1	-2.932984884457958	29	3.367295829986474	TRUE	Prs.NDef.2Sg (mondas)	4096	test	šuhints
saporít	szaporít	[/V][Prs.NDef.2Sg]	1.5754640280228354	32244	t	t		3	vc	saporítas	szaporítasz	as	29	-1.4705868865590015	s	saporíts	szaporítsz	1	-2.932984884457958	29	3.367295829986474	TRUE	Prs.NDef.2Sg (mondas)	4096	NA	NA
világít	világít	[/V][Prs.NDef.2Pl]	2.356218203980138	194627	t	t		3	vc	világítotok	világítotok	otok	29	-1.4705868865590015	tok	világíttok	világíttok	1	-2.932984884457958	29	3.367295829986474	TRUE	Prs.NDef.2Pl (mondotok)	3308	NA	NA
aprít	aprít	[/V][Prs.1Sg›2]	1.6980731247226395	42762	t	t		2	vc	aprítalak	aprítalak	alak	28	-1.4858268531157386	lak	aprítlak	aprítlak	5	-2.234014880121939	5.6	1.7227665977411035	TRUE	Prs.1Sg›2 (mondalak)	1749	NA	NA
buzdít	buzdít	[/V][Prs.NDef.2Pl]	2.031524593591308	92153	t	t		2	vc	buzdítotok	buzdítotok	otok	28	-1.4858268531157386	tok	buzdíttok	buzdíttok	8	-2.0298948974660145	3.5	1.252762968495368	TRUE	Prs.NDef.2Pl (mondotok)	3308	NA	NA
hajt	hajt	[/V][Prs.1Sg›2]	2.919594521957997	712163	jt	j	t	1	cc	hajtalak	hajtalak	alak	28	-1.4858268531157386	lak	hajtlak	hajtlak	3	-2.455863629738295	9.333333333333334	2.2335922215070942	TRUE	Prs.1Sg›2 (mondalak)	1749	test	hajtlak
hederít	hederít	[/V][Prs.NDef.2Sg]	0.7071983074633823	4367	t	t		3	vc	hederítes	hederítesz	es	28	-1.4858268531157386	s	hederíts	hederítsz	1	-2.932984884457958	28	3.332204510175204	TRUE	Prs.NDef.2Sg (mondas)	4096	NA	NA
bátorít	bátorít	[/V][Prs.NDef.2Pl]	1.9473369910694915	75914	t	t		3	vc	bátorítotok	bátorítotok	otok	27	-1.5016211202989704	tok	bátoríttok	bátoríttok	1	-2.932984884457958	27	3.295836866004329	TRUE	Prs.NDef.2Pl (mondotok)	3308	NA	NA
eṉhít	enyhít	[/V][Prs.NDef.2Sg]	2.2735684604749347	160899	t	t		2	vc	eṉhítes	enyhítesz	es	27	-1.5016211202989704	s	eṉhíts	enyhítsz	2	-2.6319548887939765	13.5	2.6026896854443837	TRUE	Prs.NDef.2Sg (mondas)	4096	NA	NA
kólint	kólint	[/V][Prs.NDef.3Pl]	0.27866951609522456	1628	nt	n	t	2	cc	kólintanak	kólintanak	anak	27	-1.5016211202989704	nak	kólintnak	kólintnak	2	-2.6319548887939765	13.5	2.6026896854443837	TRUE	Prs.NDef.3Pl (mondanak)	4938	test	kólintnak
rémít	rémít	[/V][Prs.NDef.2Sg]	0.7368896180318447	4676	t	t		2	vc	rémítes	rémítesz	es	26	-1.5180115364871398	s	rémíts	rémítsz	2	-2.6319548887939765	13	2.5649493574615367	TRUE	Prs.NDef.2Sg (mondas)	4096	NA	NA
agg	agg	[/V][Prs.NDef.2Sg]	1.346978483000779	19053	gg	g	g	1	cc	aggas	aggasz	as	25	-1.5350448757859203	s	aggs	aggsz	6	-2.1548336340743144	4.166666666666667	1.4271163556401458	TRUE	Prs.NDef.2Sg (mondas)	4096	test	aggs
boldogít	boldogít	[/V][Prs.NDef.2Sg]	1.1876877388246496	13203	t	t		3	vc	boldogítas	boldogítasz	as	25	-1.5350448757859203	s	boldogíts	boldogítsz	4	-2.3309248931299953	6.25	1.8325814637483102	TRUE	Prs.NDef.2Sg (mondas)	4096	NA	NA
čügg	csügg	[/V][Prs.NDef.2Sg]	0.5277626573862391	2889	gg	g	g	1	cc	čügges	csüggesz	es	11	-1.8915921992997329	s	čüggs	csüggsz	25	-1.5350448757859203	0.44	-0.8209805520698302	TRUE	Prs.NDef.2Sg (mondas)	4096	test	čüggs
forrong	forrong	[/V][Prs.NDef.2Sg]	0.7458975302127779	4774	ng	n	g	2	cc	forrongas	forrongasz	as	1	-2.932984884457958	s	forrongs	forrongsz	25	-1.5350448757859203	0.04	-3.2188758248682006	TRUE	Prs.NDef.2Sg (mondas)	4096	test	forrongs
hígít	hígít	[/V][Prs.NDef.2Sg]	1.5026524736847455	27267	t	t		2	vc	hígítas	hígítasz	as	25	-1.5350448757859203	s	hígíts	hígítsz	3	-2.455863629738295	8.333333333333334	2.120263536200091	TRUE	Prs.NDef.2Sg (mondas)	4096	NA	NA
rejt	rejt	[/V][Prs.NDef.2Pl]	2.5010631926907587	271674	jt	j	t	1	cc	rejtetek	rejtetek	etek	25	-1.5350448757859203	tek	rejttek	rejttek	5	-2.234014880121939	5	1.6094379124341003	TRUE	Prs.NDef.2Pl (mondotok)	3308	test	rejttek
reštell	restell	[/V][Prs.NDef.2Sg]	0.8460340874569128	6012	ll	l	l	2	cc	reštelles	restellesz	es	6	-2.1548336340743144	s	reštells	restellsz	25	-1.5350448757859203	0.24	-1.4271163556401458	TRUE	Prs.NDef.2Sg (mondas)	4096	test	reštells
šandít	sandít	[/V][Prs.NDef.2Sg]	0.6708088196790051	4016	t	t		2	vc	šandítas	sandítasz	as	25	-1.5350448757859203	s	šandíts	sandítsz	2	-2.6319548887939765	12.5	2.5257286443082556	TRUE	Prs.NDef.2Sg (mondas)	4096	NA	NA
dönt	dönt	[/V][Prs.1Sg›2]	3.394476429170933	2125501	nt	n	t	1	cc	döntelek	döntelek	elek	24	-1.552773642746352	lek	döntlek	döntlek	7	-2.087886844443701	3.4285714285714284	1.2321436812926323	TRUE	Prs.1Sg›2 (mondalak)	1749	test	döntlek
említ	említ	[/V][Prs.1Sg›2]	2.960327930133322	782191	t	t		2	vc	említelek	említelek	elek	24	-1.552773642746352	lek	említlek	említlek	7	-2.087886844443701	3.4285714285714284	1.2321436812926323	TRUE	Prs.1Sg›2 (mondalak)	1749	NA	NA
vált	vált	[/V][Prs.1Sg›2]	3.138701646345799	1179469	lt	l	t	1	cc	váltalak	váltalak	alak	24	-1.552773642746352	lak	váltlak	váltlak	7	-2.087886844443701	3.4285714285714284	1.2321436812926323	TRUE	Prs.1Sg›2 (mondalak)	1749	test	váltlak
azonošít	azonosít	[/V][Prs.NDef.2Pl]	2.485654428238125	262204	t	t		4	vc	azonošítotok	azonosítotok	otok	23	-1.571257048440365	tok	azonošíttok	azonosíttok	1	-2.932984884457958	23	3.1354942159291497	TRUE	Prs.NDef.2Pl (mondotok)	3308	NA	NA
hamišít	hamisít	[/V][Prs.NDef.2Sg]	1.3582285158156389	19553	t	t		3	vc	hamišítas	hamisítasz	as	23	-1.571257048440365	s	hamišíts	hamisítsz	2	-2.6319548887939765	11.5	2.4423470353692043	TRUE	Prs.NDef.2Sg (mondas)	4096	NA	NA
haragít	haragít	[/V][Prs.1Sg›2]	0.8640055060877285	6266	t	t		3	vc	haragítalak	haragítalak	alak	23	-1.571257048440365	lak	haragítlak	haragítlak	4	-2.3309248931299953	5.75	1.749199854809259	TRUE	Prs.1Sg›2 (mondalak)	1749	NA	NA
hint	hint	[/V][Prs.NDef.2Pl]	1.5869611793795713	33109	nt	n	t	1	cc	hintetek	hintetek	etek	23	-1.571257048440365	tek	hinttek	hinttek	2	-2.6319548887939765	11.5	2.4423470353692043	TRUE	Prs.NDef.2Pl (mondotok)	3308	test	hinttek
kešerít	keserít	[/V][Prs.NDef.2Sg]	1.3650162269495605	19861	t	t		3	vc	kešerítes	keserítesz	es	23	-1.571257048440365	s	kešeríts	keserítsz	2	-2.6319548887939765	11.5	2.4423470353692043	TRUE	Prs.NDef.2Sg (mondas)	4096	NA	NA
kárörvend	kárörvend	[/V][Prs.NDef.2Pl]	0.26622159470369994	1582	nd	n	d	3	cc	kárörvendetek	kárörvendetek	etek	1	-2.932984884457958	tek	kárörvendtek	kárörvendtek	23	-1.571257048440365	0.043478260869565216	-3.1354942159291497	TRUE	Prs.NDef.2Pl (mondotok)	3308	test	kárörvendtek
borong	borong	[/V][Prs.NDef.2Sg]	0.4584795273811454	2463	ng	n	g	2	cc	borongas	borongasz	as	7	-2.087886844443701	s	borongs	borongsz	22	-1.5905622036357516	0.3181818181818182	-1.1451323043030026	TRUE	Prs.NDef.2Sg (mondas)	4096	test	borongs
eṉhít	enyhít	[/V][Prs.NDef.2Pl]	2.2735684604749347	160899	t	t		2	vc	eṉhítetek	enyhítetek	etek	22	-1.5905622036357516	tek	eṉhíttek	enyhíttek	3	-2.455863629738295	7.333333333333333	1.992430164690206	TRUE	Prs.NDef.2Pl (mondotok)	3308	NA	NA
friššít	frissít	[/V][Prs.NDef.2Pl]	2.348827694373369	191343	t	t		2	vc	friššítetek	frissítetek	etek	22	-1.5905622036357516	tek	friššíttek	frissíttek	2	-2.6319548887939765	11	2.3978952727983707	TRUE	Prs.NDef.2Pl (mondotok)	3308	NA	NA
módošít	módosít	[/V][Prs.NDef.2Pl]	2.8559361299347676	615065	t	t		3	vc	módošítotok	módosítotok	otok	22	-1.5905622036357516	tok	módošíttok	módosíttok	1	-2.932984884457958	22	3.091042453358316	TRUE	Prs.NDef.2Pl (mondotok)	3308	NA	NA
rivall	rivall	[/V][Prs.NDef.3Pl]	0.438452432946143	2352	ll	l	l	2	cc	rivallanak	rivallanak	anak	6	-2.1548336340743144	nak	rivallnak	rivallnak	21	-1.6107655897240385	0.2857142857142857	-1.252762968495368	TRUE	Prs.NDef.3Pl (mondanak)	4938	test	rivallnak
šokall	sokall	[/V][Prs.NDef.2Sg]	1.272002819729194	16032	ll	l	l	2	cc	šokallas	sokallasz	as	9	-1.978742375018633	s	šokalls	sokallsz	21	-1.6107655897240385	0.42857142857142855	-0.8472978603872037	TRUE	Prs.NDef.2Sg (mondas)	4096	test	šokalls
értékešít	értékesít	[/V][Prs.NDef.2Pl]	2.4192960625811124	225051	t	t		4	vc	értékešítetek	értékesítetek	etek	21	-1.6107655897240385	tek	értékešíttek	értékesíttek	9	-1.978742375018633	2.3333333333333335	0.8472978603872037	TRUE	Prs.NDef.2Pl (mondotok)	3308	NA	NA
eḏenlít	egyenlít	[/V][Prs.NDef.2Pl]	1.9781300920564124	81492	t	t		3	vc	eḏenlítetek	egyenlítetek	etek	20	-1.6319548887939763	tek	eḏenlíttek	egyenlíttek	10	-1.9329848844579576	2	0.6931471805599453	TRUE	Prs.NDef.2Pl (mondotok)	3308	NA	NA
hullong	hullong	[/V][Prs.NDef.3Pl]	-0.6385186582963649	197	ng	n	g	2	cc	hullonganak	hullonganak	anak	20	-1.6319548887939763	nak	hullongnak	hullongnak	2	-2.6319548887939765	10	2.302585092994046	TRUE	Prs.NDef.3Pl (mondanak)	4938	test	hullongnak
lázong	lázong	[/V][Prs.NDef.2Sg]	0.478803120085911	2581	ng	n	g	2	cc	lázongas	lázongasz	as	4	-2.3309248931299953	s	lázongs	lázongsz	20	-1.6319548887939763	0.2	-1.6094379124341003	TRUE	Prs.NDef.2Sg (mondas)	4096	test	lázongs
tévest	téveszt	[/V][Prs.1Sg›2]	1.7844276275827178	52169	st	s	t	2	cc	tévestelek	tévesztelek	elek	20	-1.6319548887939763	lek	tévestlek	tévesztlek	4	-2.3309248931299953	5	1.6094379124341003	TRUE	Prs.1Sg›2 (mondalak)	1749	test	tévestlek
ámít	ámít	[/V][Prs.1Sg›2]	0.8754961721079931	6434	t	t		2	vc	ámítalak	ámítalak	alak	20	-1.6319548887939763	lak	ámítlak	ámítlak	1	-2.932984884457958	20	2.995732273553991	TRUE	Prs.1Sg›2 (mondalak)	1749	NA	NA
átall	átall	[/V][Prs.NDef.2Sg]	1.0077805511732596	8725	ll	l	l	2	cc	átallas	átallasz	as	20	-1.6319548887939763	s	átalls	átallsz	13	-1.819041532151121	1.5384615384615385	0.43078291609245434	TRUE	Prs.NDef.2Sg (mondas)	4096	test	átalls
ömleng	ömleng	[/V][Prs.NDef.2Sg]	0.2612518642658714	1564	ng	n	g	2	cc	ömlenges	ömlengesz	es	4	-2.3309248931299953	s	ömlengs	ömlengsz	20	-1.6319548887939763	0.2	-1.6094379124341003	TRUE	Prs.NDef.2Sg (mondas)	4096	test	ömlengs
čitít	csitít	[/V][Prs.NDef.2Sg]	0.8710181702716548	6368	t	t		2	vc	čitítas	csitítasz	as	19	-1.654231283505129	s	čitíts	csitítsz	2	-2.6319548887939765	9.5	2.2512917986064953	TRUE	Prs.NDef.2Sg (mondas)	4096	NA	NA
feṉít	fenyít	[/V][Prs.1Sg›2]	0.574601155305053	3218	t	t		2	vc	feṉítelek	fenyítelek	elek	19	-1.654231283505129	lek	feṉítlek	fenyítlek	6	-2.1548336340743144	3.1666666666666665	1.1526795099383853	TRUE	Prs.1Sg›2 (mondalak)	1749	NA	NA
jelent	jelent	[/V][Prs.1Sg›2]	3.848512349249592	6046405	nt	n	t	2	cc	jelentelek	jelentelek	elek	19	-1.654231283505129	lek	jelentlek	jelentlek	5	-2.234014880121939	3.8	1.33500106673234	TRUE	Prs.1Sg›2 (mondalak)	1749	test	jelentlek
lázít	lázít	[/V][Prs.NDef.2Sg]	0.5967020693149586	3386	t	t		2	vc	lázítas	lázítasz	as	19	-1.654231283505129	s	lázíts	lázítsz	2	-2.6319548887939765	9.5	2.2512917986064953	TRUE	Prs.NDef.2Sg (mondas)	4096	NA	NA
ordít	ordít	[/V][Prs.NDef.2Pl]	1.872692646000056	63926	t	t		2	vc	ordítotok	ordítotok	otok	19	-1.654231283505129	tok	ordíttok	ordíttok	12	-1.853803638410333	1.5833333333333333	0.45953232937844013	TRUE	Prs.NDef.2Pl (mondotok)	3308	NA	NA
šemmišít	semmisít	[/V][Prs.NDef.2Pl]	1.691833301106774	42152	t	t		3	vc	šemmišítetek	semmisítetek	etek	19	-1.654231283505129	tek	šemmišíttek	semmisíttek	3	-2.455863629738295	6.333333333333333	1.8458266904983307	TRUE	Prs.NDef.2Pl (mondotok)	3308	NA	NA
dísít	díszít	[/V][Prs.NDef.2Pl]	2.369131658550108	200501	t	t		2	vc	dísítetek	díszítetek	etek	18	-1.6777123793546518	tek	dísíttek	díszíttek	4	-2.3309248931299953	4.5	1.5040773967762742	TRUE	Prs.NDef.2Pl (mondotok)	3308	NA	NA
dühöng	dühöng	[/V][Prs.NDef.2Pl]	1.3723234834061857	20198	ng	n	g	2	cc	dühöngötök	dühöngötök	ötök	3	-2.455863629738295	tök	dühöngtök	dühöngtök	18	-1.6777123793546518	0.16666666666666666	-1.791759469228055	TRUE	Prs.NDef.2Pl (mondotok)	3308	test	dühöngtök
gerjest	gerjeszt	[/V][Prs.1Sg›2]	1.5671280377017365	31631	st	s	t	2	cc	gerjestelek	gerjesztelek	elek	18	-1.6777123793546518	lek	gerjestlek	gerjesztlek	1	-2.932984884457958	18	2.8903717578961645	TRUE	Prs.1Sg›2 (mondalak)	1749	test	gerjestlek
hárít	hárít	[/V][Prs.NDef.2Pl]	1.9655757604817543	79170	t	t		2	vc	hárítotok	hárítotok	otok	18	-1.6777123793546518	tok	háríttok	háríttok	1	-2.932984884457958	18	2.8903717578961645	TRUE	Prs.NDef.2Pl (mondotok)	3308	NA	NA
minőšít	minősít	[/V][Prs.NDef.2Pl]	2.340403027066437	187667	t	t		3	vc	minőšítetek	minősítetek	etek	18	-1.6777123793546518	tek	minőšíttek	minősíttek	4	-2.3309248931299953	4.5	1.5040773967762742	TRUE	Prs.NDef.2Pl (mondotok)	3308	NA	NA
röpít	röpít	[/V][Prs.NDef.2Sg]	1.137570131377074	11764	t	t		2	vc	röpítes	röpítesz	es	18	-1.6777123793546518	s	röpíts	röpítsz	1	-2.932984884457958	18	2.8903717578961645	TRUE	Prs.NDef.2Sg (mondas)	4096	NA	NA
vest	veszt	[/V][Prs.1Sg›2]	2.6514582920249814	384099	st	s	t	1	cc	vestelek	vesztelek	elek	18	-1.6777123793546518	lek	vestlek	vesztlek	3	-2.455863629738295	6	1.791759469228055	TRUE	Prs.1Sg›2 (mondalak)	1749	test	vestlek
azonošít	azonosít	[/V][Prs.1Sg›2]	2.485654428238125	262204	t	t		4	vc	azonošítalak	azonosítalak	alak	17	-1.702535963079684	lak	azonošítlak	azonosítlak	2	-2.6319548887939765	8.5	2.1400661634962708	TRUE	Prs.1Sg›2 (mondalak)	1749	NA	NA
dühít	dühít	[/V][Prs.NDef.2Sg]	0.9673276125257688	7949	t	t		2	vc	dühítes	dühítesz	es	17	-1.702535963079684	s	dühíts	dühítsz	1	-2.932984884457958	17	2.833213344056216	TRUE	Prs.NDef.2Sg (mondas)	4096	NA	NA
kelt	kelt	[/V][Prs.1Sg›2]	2.7981185534768014	538398	lt	l	t	1	cc	keltelek	keltelek	elek	17	-1.702535963079684	lek	keltlek	keltlek	1	-2.932984884457958	17	2.833213344056216	TRUE	Prs.1Sg›2 (mondalak)	1749	test	keltlek
riast	riaszt	[/V][Prs.1Sg›2]	1.8228823519462607	56999	st	s	t	2	cc	riastalak	riasztalak	alak	17	-1.702535963079684	lak	riastlak	riasztlak	9	-1.978742375018633	1.8888888888888888	0.6359887667199967	TRUE	Prs.1Sg›2 (mondalak)	1749	test	riastlak
áhít	áhít	[/V][Prs.NDef.2Sg]	0.5107473569436389	2778	t	t		2	vc	áhítas	áhítasz	as	12	-1.853803638410333	s	áhíts	áhítsz	17	-1.702535963079684	0.7058823529411765	-0.3483066942682157	TRUE	Prs.NDef.2Sg (mondas)	4096	NA	NA
útbaigazít	útbaigazít	[/V][Prs.1Sg›2]	0.5993872491099196	3407	t	t		5	vc	útbaigazítalak	útbaigazítalak	alak	17	-1.702535963079684	lak	útbaigazítlak	útbaigazítlak	4	-2.3309248931299953	4.25	1.4469189829363254	TRUE	Prs.1Sg›2 (mondalak)	1749	NA	NA
üdvözít	üdvözít	[/V][Prs.NDef.2Sg]	1.0088742420674155	8747	t	t		3	vc	üdvözítes	üdvözítesz	es	17	-1.702535963079684	s	üdvözíts	üdvözítsz	2	-2.6319548887939765	8.5	2.1400661634962708	TRUE	Prs.NDef.2Sg (mondas)	4096	NA	NA
fordít	fordít	[/V][Prs.1Sg›2]	3.014535099548731	886176	t	t		2	vc	fordítalak	fordítalak	alak	16	-1.728864901802033	lak	fordítlak	fordítlak	1	-2.932984884457958	16	2.772588722239781	TRUE	Prs.1Sg›2 (mondalak)	1749	NA	NA
kešerít	keserít	[/V][Prs.1Sg›2]	1.3650162269495605	19861	t	t		3	vc	kešerítelek	keserítelek	elek	16	-1.728864901802033	lek	kešerítlek	keserítlek	2	-2.6319548887939765	8	2.0794415416798357	TRUE	Prs.1Sg›2 (mondalak)	1749	NA	NA
pustít	pusztít	[/V][Prs.1Sg›2]	2.052216973906614	96650	t	t		2	vc	pustítalak	pusztítalak	alak	16	-1.728864901802033	lak	pustítlak	pusztítlak	3	-2.455863629738295	5.333333333333333	1.6739764335716716	TRUE	Prs.1Sg›2 (mondalak)	1749	NA	NA
sállít	szállít	[/V][Prs.1Sg›2]	2.8378516689698947	589979	t	t		2	vc	sállítalak	szállítalak	alak	8	-2.0298948974660145	lak	sállítlak	szállítlak	16	-1.728864901802033	0.5	-0.6931471805599453	TRUE	Prs.1Sg›2 (mondalak)	1749	NA	NA
tolong	tolong	[/V][Prs.NDef.2Sg]	1.2105607427804643	13917	ng	n	g	2	cc	tolongas	tolongasz	as	2	-2.6319548887939765	s	tolongs	tolongsz	16	-1.728864901802033	0.125	-2.0794415416798357	TRUE	Prs.NDef.2Sg (mondas)	4096	test	tolongs
áld	áld	[/V][Prs.NDef.2Pl]	1.9847463785340496	82743	ld	l	d	1	cc	áldotok	áldotok	otok	16	-1.728864901802033	tok	áldtok	áldtok	2	-2.6319548887939765	8	2.0794415416798357	TRUE	Prs.NDef.2Pl (mondotok)	3308	test	áldtok
élešít	élesít	[/V][Prs.NDef.2Sg]	1.1917800996047545	13328	t	t		3	vc	élešítes	élesítesz	es	16	-1.728864901802033	s	élešíts	élesítsz	1	-2.932984884457958	16	2.772588722239781	TRUE	Prs.NDef.2Sg (mondas)	4096	NA	NA
alapít	alapít	[/V][Prs.1Sg›2]	2.6209976060676277	358082	t	t		3	vc	alapítalak	alapítalak	alak	15	-1.756893625402277	lak	alapítlak	alapítlak	3	-2.455863629738295	5	1.6094379124341003	TRUE	Prs.1Sg›2 (mondalak)	1749	NA	NA
ḏanúšít	gyanúsít	[/V][Prs.1Sg›2]	1.686921985867005	41678	t	t		3	vc	ḏanúšítalak	gyanúsítalak	alak	15	-1.756893625402277	lak	ḏanúšítlak	gyanúsítlak	1	-2.932984884457958	15	2.70805020110221	TRUE	Prs.1Sg›2 (mondalak)	1749	NA	NA
hevít	hevít	[/V][Prs.NDef.2Sg]	1.4927123289046331	26650	t	t		2	vc	hevítes	hevítesz	es	15	-1.756893625402277	s	hevíts	hevítsz	3	-2.455863629738295	5	1.6094379124341003	TRUE	Prs.NDef.2Sg (mondas)	4096	NA	NA
šikít	sikít	[/V][Prs.NDef.2Pl]	1.2505696491609035	15260	t	t		2	vc	šikítotok	sikítotok	otok	15	-1.756893625402277	tok	šikíttok	sikíttok	6	-2.1548336340743144	2.5	0.9162907318741551	TRUE	Prs.NDef.2Pl (mondotok)	3308	NA	NA
világošít	világosít	[/V][Prs.1Sg›2]	1.3283493693411732	18253	t	t		4	vc	világošítalak	világosítalak	alak	15	-1.756893625402277	lak	világošítlak	világosítlak	1	-2.932984884457958	15	2.70805020110221	TRUE	Prs.1Sg›2 (mondalak)	1749	NA	NA
állong	állong	[/V][Prs.NDef.3Pl]	-0.623354717032059	204	ng	n	g	2	cc	állonganak	állonganak	anak	15	-1.756893625402277	nak	állongnak	állongnak	7	-2.087886844443701	2.142857142857143	0.7621400520468967	TRUE	Prs.NDef.3Pl (mondanak)	4938	test	állongnak
ellentmond	ellentmond	[/V][Prs.NDef.2Pl]	1.8501894968434336	60698	nd	n	d	3	cc	ellentmondotok	ellentmondotok	otok	2	-2.6319548887939765	tok	ellentmondtok	ellentmondtok	14	-1.7868568487797198	0.14285714285714285	-1.9459101490553135	TRUE	Prs.NDef.2Pl (mondotok)	3308	test	ellentmondtok
fesít	feszít	[/V][Prs.1Sg›2]	1.940817998897179	74783	t	t		2	vc	fesítelek	feszítelek	elek	14	-1.7868568487797198	lek	fesítlek	feszítlek	2	-2.6319548887939765	7	1.9459101490553132	TRUE	Prs.1Sg›2 (mondalak)	1749	NA	NA
füröst	füröszt	[/V][Prs.1Sg›2]	0.5572546007883294	3092	st	s	t	2	cc	füröstelek	fürösztelek	elek	14	-1.7868568487797198	lek	füröstlek	fürösztlek	3	-2.455863629738295	4.666666666666667	1.540445040947149	TRUE	Prs.1Sg›2 (mondalak)	1749	test	füröstlek
melegít	melegít	[/V][Prs.1Sg›2]	2.1550164634220197	122462	t	t		3	vc	melegítelek	melegítelek	elek	14	-1.7868568487797198	lek	melegítlek	melegítlek	2	-2.6319548887939765	7	1.9459101490553132	TRUE	Prs.1Sg›2 (mondalak)	1749	NA	NA
riast	riaszt	[/V][Prs.NDef.2Sg]	1.8228823519462607	56999	st	s	t	2	cc	riastas	riasztasz	as	14	-1.7868568487797198	s	riasts	riasztsz	3	-2.455863629738295	4.666666666666667	1.540445040947149	TRUE	Prs.NDef.2Sg (mondas)	4096	test	riasts
térít	térít	[/V][Prs.1Sg›2]	1.9881499208485032	83394	t	t		2	vc	térítelek	térítelek	elek	14	-1.7868568487797198	lek	térítlek	térítlek	1	-2.932984884457958	14	2.6390573296152584	TRUE	Prs.1Sg›2 (mondalak)	1749	NA	NA
vidít	vidít	[/V][Prs.NDef.2Sg]	0.7356805309965342	4663	t	t		2	vc	vidítas	vidítasz	as	14	-1.7868568487797198	s	vidíts	vidítsz	7	-2.087886844443701	2	0.6931471805599453	TRUE	Prs.NDef.2Sg (mondas)	4096	NA	NA
feṉít	fenyít	[/V][Prs.NDef.2Sg]	0.574601155305053	3218	t	t		2	vc	feṉítes	fenyítesz	es	13	-1.819041532151121	s	feṉíts	fenyítsz	3	-2.455863629738295	4.333333333333333	1.466337068793427	TRUE	Prs.NDef.2Sg (mondas)	4096	NA	NA
idegešít	idegesít	[/V][Prs.NDef.2Pl]	1.810846170669695	55441	t	t		4	vc	idegešítetek	idegesítetek	etek	13	-1.819041532151121	tek	idegešíttek	idegesíttek	3	-2.455863629738295	4.333333333333333	1.466337068793427	TRUE	Prs.NDef.2Pl (mondotok)	3308	NA	NA
šiláṉít	silányít	[/V][Prs.NDef.3Pl]	0.4891122786737525	2643	t	t		3	vc	šiláṉítanak	silányítanak	anak	13	-1.819041532151121	nak	šiláṉítnak	silányítnak	1	-2.932984884457958	13	2.5649493574615367	TRUE	Prs.NDef.3Pl (mondanak)	4938	NA	NA
támast	támaszt	[/V][Prs.1Sg›2]	2.412676973025972	221647	st	s	t	2	cc	támastalak	támasztalak	alak	13	-1.819041532151121	lak	támastlak	támasztlak	1	-2.932984884457958	13	2.5649493574615367	TRUE	Prs.1Sg›2 (mondalak)	1749	test	támastlak
apast	apaszt	[/V][Prs.NDef.3Pl]	0.5697152908526049	3182	st	s	t	2	cc	apastanak	apasztanak	anak	12	-1.853803638410333	nak	apastnak	apasztnak	1	-2.932984884457958	12	2.4849066497880004	TRUE	Prs.NDef.3Pl (mondanak)	4938	test	apastnak
bizoṉít	bizonyít	[/V][Prs.NDef.2Pl]	2.9793535707849195	817219	t	t		3	vc	bizoṉítotok	bizonyítotok	otok	12	-1.853803638410333	tok	bizoṉíttok	bizonyíttok	1	-2.932984884457958	12	2.4849066497880004	TRUE	Prs.NDef.2Pl (mondotok)	3308	NA	NA
ḏarapít	gyarapít	[/V][Prs.NDef.2Sg]	1.85596084256579	61510	t	t		3	vc	ḏarapítas	gyarapítasz	as	12	-1.853803638410333	s	ḏarapíts	gyarapítsz	3	-2.455863629738295	4	1.3862943611198906	TRUE	Prs.NDef.2Sg (mondas)	4096	NA	NA
hederít	hederít	[/V][Prs.NDef.2Pl]	0.7071983074633823	4367	t	t		3	vc	hederítetek	hederítetek	etek	12	-1.853803638410333	tek	hederíttek	hederíttek	1	-2.932984884457958	12	2.4849066497880004	TRUE	Prs.NDef.2Pl (mondotok)	3308	NA	NA
igazít	igazít	[/V][Prs.1Sg›2]	2.2858970778836074	165532	t	t		3	vc	igazítalak	igazítalak	alak	9	-1.978742375018633	lak	igazítlak	igazítlak	12	-1.853803638410333	0.75	-0.2876820724517809	TRUE	Prs.1Sg›2 (mondalak)	1749	NA	NA
rondít	rondít	[/V][Prs.NDef.2Sg]	0.8218983437942097	5687	t	t		2	vc	rondítas	rondítasz	as	12	-1.853803638410333	s	rondíts	rondítsz	3	-2.455863629738295	4	1.3862943611198906	TRUE	Prs.NDef.2Sg (mondas)	4096	NA	NA
röpít	röpít	[/V][Prs.1Sg›2]	1.137570131377074	11764	t	t		2	vc	röpítelek	röpítelek	elek	12	-1.853803638410333	lek	röpítlek	röpítlek	2	-2.6319548887939765	6	1.791759469228055	TRUE	Prs.1Sg›2 (mondalak)	1749	NA	NA
ámít	ámít	[/V][Prs.NDef.2Sg]	0.8754961721079931	6434	t	t		2	vc	ámítas	ámítasz	as	12	-1.853803638410333	s	ámíts	ámítsz	3	-2.455863629738295	4	1.3862943611198906	TRUE	Prs.NDef.2Sg (mondas)	4096	NA	NA
čügg	csügg	[/V][Prs.NDef.2Pl]	0.5277626573862391	2889	gg	g	g	1	cc	čüggötök	csüggötök	ötök	1	-2.932984884457958	tök	čüggtök	csüggtök	11	-1.8915921992997329	0.09090909090909091	-2.3978952727983707	TRUE	Prs.NDef.2Pl (mondotok)	3308	test	čüggtök
hajít	hajít	[/V][Prs.1Sg›2]	1.3853080647612368	20811	t	t		2	vc	hajítalak	hajítalak	alak	11	-1.8915921992997329	lak	hajítlak	hajítlak	3	-2.455863629738295	3.6666666666666665	1.2992829841302609	TRUE	Prs.1Sg›2 (mondalak)	1749	NA	NA
hint	hint	[/V][Prs.1Sg›2]	1.5869611793795713	33109	nt	n	t	1	cc	hintelek	hintelek	elek	11	-1.8915921992997329	lek	hintlek	hintlek	1	-2.932984884457958	11	2.3978952727983707	TRUE	Prs.1Sg›2 (mondalak)	1749	test	hintlek
rossall	rosszall	[/V][Prs.NDef.3Pl]	0.28291692874607377	1644	ll	l	l	2	cc	rossallanak	rosszallanak	anak	11	-1.8915921992997329	nak	rossallnak	rosszallnak	8	-2.0298948974660145	1.375	0.3184537311185346	TRUE	Prs.NDef.3Pl (mondanak)	4938	test	rossallnak
sakít	szakít	[/V][Prs.1Sg›2]	2.3864459931084663	208656	t	t		2	vc	sakítalak	szakítalak	alak	11	-1.8915921992997329	lak	sakítlak	szakítlak	3	-2.455863629738295	3.6666666666666665	1.2992829841302609	TRUE	Prs.1Sg›2 (mondalak)	1749	NA	NA
sánt	szánt	[/V][Prs.1Sg›2]	2.6324130648880937	367619	nt	n	t	1	cc	sántalak	szántalak	alak	11	-1.8915921992997329	lak	sántlak	szántlak	3	-2.455863629738295	3.6666666666666665	1.2992829841302609	TRUE	Prs.1Sg›2 (mondalak)	1749	test	sántlak
épít	épít	[/V][Prs.1Sg›2]	3.2018428583606102	1364042	t	t		2	vc	építelek	építelek	elek	11	-1.8915921992997329	lek	építlek	építlek	3	-2.455863629738295	3.6666666666666665	1.2992829841302609	TRUE	Prs.1Sg›2 (mondalak)	1749	NA	NA
önt	önt	[/V][Prs.1Sg›2]	2.628092636201345	363980	nt	n	t	1	cc	öntelek	öntelek	elek	11	-1.8915921992997329	lek	öntlek	öntlek	9	-1.978742375018633	1.2222222222222223	0.20067069546215124	TRUE	Prs.1Sg›2 (mondalak)	1749	test	öntlek
agg	agg	[/V][Prs.NDef.3Pl]	1.346978483000779	19053	gg	g	g	1	cc	agganak	agganak	anak	3	-2.455863629738295	nak	aggnak	aggnak	10	-1.9329848844579576	0.3	-1.2039728043259361	TRUE	Prs.NDef.3Pl (mondanak)	4938	test	aggnak
andalít	andalít	[/V][Prs.NDef.2Sg]	-0.15993019109369525	593	t	t		3	vc	andalítas	andalítasz	as	10	-1.9329848844579576	s	andalíts	andalítsz	1	-2.932984884457958	10	2.302585092994046	TRUE	Prs.NDef.2Sg (mondas)	4096	NA	NA
búšong	búsong	[/V][Prs.NDef.2Sg]	0.03736199177213555	934	ng	n	g	2	cc	búšongas	búsongasz	as	2	-2.6319548887939765	s	búšongs	búsongsz	10	-1.9329848844579576	0.2	-1.6094379124341003	TRUE	Prs.NDef.2Sg (mondas)	4096	test	búšongs
derít	derít	[/V][Prs.1Sg›2]	1.930016597850253	72946	t	t		2	vc	derítelek	derítelek	elek	3	-2.455863629738295	lek	derítlek	derítlek	10	-1.9329848844579576	0.3	-1.2039728043259361	TRUE	Prs.1Sg›2 (mondalak)	1749	NA	NA
hejettešít	helyettesít	[/V][Prs.1Sg›2]	2.536019299462303	294445	t	t		4	vc	hejettešítelek	helyettesítelek	elek	10	-1.9329848844579576	lek	hejettešítlek	helyettesítlek	3	-2.455863629738295	3.3333333333333335	1.2039728043259361	TRUE	Prs.1Sg›2 (mondalak)	1749	NA	NA
kereng	kereng	[/V][Prs.NDef.2Sg]	0.4808176323113937	2593	ng	n	g	2	cc	kerenges	kerengesz	es	2	-2.6319548887939765	s	kerengs	kerengsz	10	-1.9329848844579576	0.2	-1.6094379124341003	TRUE	Prs.NDef.2Sg (mondas)	4096	test	kerengs
kérd	kérd	[/V][Prs.NDef.2Pl]	1.9986204382455903	85429	rd	r	d	1	cc	kérdetek	kérdetek	etek	6	-2.1548336340743144	tek	kérdtek	kérdtek	10	-1.9329848844579576	0.6	-0.5108256237659907	TRUE	Prs.NDef.2Pl (mondotok)	3308	test	kérdtek
különít	különít	[/V][Prs.NDef.2Pl]	1.7769123145928427	51274	t	t		3	vc	különítetek	különítetek	etek	10	-1.9329848844579576	tek	különíttek	különíttek	4	-2.3309248931299953	2.5	0.9162907318741551	TRUE	Prs.NDef.2Pl (mondotok)	3308	NA	NA
takarít	takarít	[/V][Prs.1Sg›2]	2.3213553002440577	179614	t	t		3	vc	takarítalak	takarítalak	alak	3	-2.455863629738295	lak	takarítlak	takarítlak	10	-1.9329848844579576	0.3	-1.2039728043259361	TRUE	Prs.1Sg›2 (mondalak)	1749	NA	NA
tágít	tágít	[/V][Prs.NDef.2Pl]	1.6317403439495126	36705	t	t		2	vc	tágítotok	tágítotok	otok	10	-1.9329848844579576	tok	tágíttok	tágíttok	1	-2.932984884457958	10	2.302585092994046	TRUE	Prs.NDef.2Pl (mondotok)	3308	NA	NA
vonít	vonít	[/V][Prs.NDef.2Sg]	0.38403321659015366	2075	t	t		2	vc	vonítas	vonítasz	as	10	-1.9329848844579576	s	voníts	vonítsz	5	-2.234014880121939	2	0.6931471805599453	TRUE	Prs.NDef.2Sg (mondas)	4096	NA	NA
zúdít	zúdít	[/V][Prs.NDef.2Pl]	1.3896478272342656	21020	t	t		2	vc	zúdítotok	zúdítotok	otok	10	-1.9329848844579576	tok	zúdíttok	zúdíttok	1	-2.932984884457958	10	2.302585092994046	TRUE	Prs.NDef.2Pl (mondotok)	3308	NA	NA
áhít	áhít	[/V][Prs.1Sg›2]	0.5107473569436389	2778	t	t		2	vc	áhítalak	áhítalak	alak	2	-2.6319548887939765	lak	áhítlak	áhítlak	10	-1.9329848844579576	0.2	-1.6094379124341003	TRUE	Prs.1Sg›2 (mondalak)	1749	NA	NA
billent	billent	[/V][Prs.1Sg›2]	1.2721111631205262	16036	nt	n	t	2	cc	billentelek	billentelek	elek	9	-1.978742375018633	lek	billentlek	billentlek	1	-2.932984884457958	9	2.1972245773362196	TRUE	Prs.1Sg›2 (mondalak)	1749	test	billentlek
dülöng	dülöng	[/V][Prs.NDef.3Pl]	-0.627633515011334	202	ng	n	g	2	cc	dülöngenek	dülöngenek	enek	9	-1.978742375018633	nek	dülöngnek	dülöngnek	6	-2.1548336340743144	1.5	0.4054651081081644	TRUE	Prs.NDef.3Pl (mondanak)	4938	test	dülöngnek
elégít	elégít	[/V][Prs.1Sg›2]	1.950148263674172	76407	t	t		3	vc	elégítelek	elégítelek	elek	9	-1.978742375018633	lek	elégítlek	elégítlek	2	-2.6319548887939765	4.5	1.5040773967762742	TRUE	Prs.1Sg›2 (mondalak)	1749	NA	NA
firkant	firkant	[/V][Prs.NDef.2Sg]	0.35816187727392773	1955	nt	n	t	2	cc	firkantas	firkantasz	as	9	-1.978742375018633	s	firkants	firkantsz	1	-2.932984884457958	9	2.1972245773362196	TRUE	Prs.NDef.2Sg (mondas)	4096	test	firkants
forr	forr	[/V][Prs.NDef.2Pl]	1.836569668505726	58824	rr	r	r	1	cc	forrotok	forrotok	otok	1	-2.932984884457958	tok	forrtok	forrtok	9	-1.978742375018633	0.1111111111111111	-2.1972245773362196	TRUE	Prs.NDef.2Pl (mondotok)	3308	test	forrtok
hódít	hódít	[/V][Prs.NDef.2Pl]	2.041001468710661	94186	t	t		2	vc	hódítotok	hódítotok	otok	9	-1.978742375018633	tok	hódíttok	hódíttok	2	-2.6319548887939765	4.5	1.5040773967762742	TRUE	Prs.NDef.2Pl (mondotok)	3308	NA	NA
koṉít	konyít	[/V][Prs.NDef.2Pl]	0.7244534382450046	4544	t	t		2	vc	koṉítotok	konyítotok	otok	9	-1.978742375018633	tok	koṉíttok	konyíttok	1	-2.932984884457958	9	2.1972245773362196	TRUE	Prs.NDef.2Pl (mondotok)	3308	NA	NA
leng	leng	[/V][Prs.1Sg›2]	1.7526762559372897	48491	ng	n	g	1	cc	lengelek	lengelek	elek	9	-1.978742375018633	lek	lenglek	lenglek	2	-2.6319548887939765	4.5	1.5040773967762742	TRUE	Prs.1Sg›2 (mondalak)	1749	test	lenglek
rikolt	rikolt	[/V][Prs.NDef.2Sg]	0.39864483317197447	2146	lt	l	t	2	cc	rikoltas	rikoltasz	as	3	-2.455863629738295	s	rikolts	rikoltsz	9	-1.978742375018633	0.3333333333333333	-1.0986122886681098	TRUE	Prs.NDef.2Sg (mondas)	4096	test	rikolts
ring	ring	[/V][Prs.NDef.2Pl]	1.9599496550527609	78151	ng	n	g	1	cc	ringotok	ringotok	otok	1	-2.932984884457958	tok	ringtok	ringtok	9	-1.978742375018633	0.1111111111111111	-2.1972245773362196	TRUE	Prs.NDef.2Pl (mondotok)	3308	test	ringtok
sámít	számít	[/V][Prs.1Sg›2]	3.4385556394811343	2352559	t	t		2	vc	sámítalak	számítalak	alak	7	-2.087886844443701	lak	sámítlak	számítlak	9	-1.978742375018633	0.7777777777777778	-0.25131442828090605	TRUE	Prs.1Sg›2 (mondalak)	1749	NA	NA
boṉolít	bonyolít	[/V][Prs.NDef.2Pl]	2.1356461792563586	117120	t	t		3	vc	boṉolítotok	bonyolítotok	otok	8	-2.0298948974660145	tok	boṉolíttok	bonyolíttok	1	-2.932984884457958	8	2.0794415416798357	TRUE	Prs.NDef.2Pl (mondotok)	3308	NA	NA
kong	kong	[/V][Prs.NDef.2Sg]	1.684612987091838	41457	ng	n	g	1	cc	kongas	kongasz	as	1	-2.932984884457958	s	kongs	kongsz	8	-2.0298948974660145	0.125	-2.0794415416798357	TRUE	Prs.NDef.2Sg (mondas)	4096	test	kongs
ráng	ráng	[/V][Prs.NDef.2Sg]	1.3527524056886966	19308	ng	n	g	1	cc	rángas	rángasz	as	8	-2.0298948974660145	s	rángs	rángsz	3	-2.455863629738295	2.6666666666666665	0.9808292530117262	TRUE	Prs.NDef.2Sg (mondas)	4096	test	rángs
röštell	röstell	[/V][Prs.NDef.2Sg]	0.6188309378930578	3563	ll	l	l	2	cc	röštelles	röstellesz	es	1	-2.932984884457958	s	röštells	röstellsz	8	-2.0298948974660145	0.125	-2.0794415416798357	TRUE	Prs.NDef.2Sg (mondas)	4096	test	röštells
somorít	szomorít	[/V][Prs.NDef.2Pl]	0.765985119878061	5000	t	t		3	vc	somorítotok	szomorítotok	otok	8	-2.0298948974660145	tok	somoríttok	szomoríttok	2	-2.6319548887939765	4	1.3862943611198906	TRUE	Prs.NDef.2Pl (mondotok)	3308	NA	NA
sédít	szédít	[/V][Prs.NDef.2Sg]	0.6236793776646107	3603	t	t		2	vc	sédítes	szédítesz	es	8	-2.0298948974660145	s	sédíts	szédítsz	1	-2.932984884457958	8	2.0794415416798357	TRUE	Prs.NDef.2Sg (mondas)	4096	NA	NA
tántorít	tántorít	[/V][Prs.NDef.2Sg]	1.2132672176350372	14004	t	t		3	vc	tántorítas	tántorítasz	as	3	-2.455863629738295	s	tántoríts	tántorítsz	8	-2.0298948974660145	0.375	-0.9808292530117262	TRUE	Prs.NDef.2Sg (mondas)	4096	NA	NA
villong	villong	[/V][Prs.NDef.3Pl]	-0.8685268952310394	116	ng	n	g	2	cc	villonganak	villonganak	anak	8	-2.0298948974660145	nak	villongnak	villongnak	2	-2.6319548887939765	4	1.3862943611198906	TRUE	Prs.NDef.3Pl (mondanak)	4938	test	villongnak
višong	visong	[/V][Prs.NDef.2Sg]	0.3176790350052857	1781	ng	n	g	2	cc	višongas	visongasz	as	2	-2.6319548887939765	s	višongs	visongsz	8	-2.0298948974660145	0.25	-1.3862943611198906	TRUE	Prs.NDef.2Sg (mondas)	4096	test	višongs
butít	butít	[/V][Prs.NDef.2Sg]	0.9469707006647916	7585	t	t		2	vc	butítas	butítasz	as	7	-2.087886844443701	s	butíts	butítsz	1	-2.932984884457958	7	1.9459101490553132	TRUE	Prs.NDef.2Sg (mondas)	4096	NA	NA
búšít	búsít	[/V][Prs.NDef.2Sg]	0.5288136730671514	2896	t	t		2	vc	búšítas	búsítasz	as	7	-2.087886844443701	s	búšíts	búsítsz	1	-2.932984884457958	7	1.9459101490553132	TRUE	Prs.NDef.2Sg (mondas)	4096	NA	NA
bővít	bővít	[/V][Prs.NDef.2Pl]	2.5128449687857826	279145	t	t		2	vc	bővítetek	bővítetek	etek	7	-2.087886844443701	tek	bővíttek	bővíttek	2	-2.6319548887939765	3.5	1.252762968495368	TRUE	Prs.NDef.2Pl (mondotok)	3308	NA	NA
čábít	csábít	[/V][Prs.NDef.2Pl]	2.004221969439173	86538	t	t		2	vc	čábítotok	csábítotok	otok	6	-2.1548336340743144	tok	čábíttok	csábíttok	7	-2.087886844443701	0.8571428571428571	-0.15415067982725836	TRUE	Prs.NDef.2Pl (mondotok)	3308	NA	NA
kárörvend	kárörvend	[/V][Prs.NDef.2Sg]	0.26622159470369994	1582	nd	n	d	3	cc	kárörvendes	kárörvendesz	es	7	-2.087886844443701	s	kárörvends	kárörvendsz	2	-2.6319548887939765	3.5	1.252762968495368	TRUE	Prs.NDef.2Sg (mondas)	4096	test	kárörvends
šerkent	serkent	[/V][Prs.1Sg›2]	2.050384267520748	96243	nt	n	t	2	cc	šerkentelek	serkentelek	elek	7	-2.087886844443701	lek	šerkentlek	serkentlek	6	-2.1548336340743144	1.1666666666666667	0.15415067982725836	TRUE	Prs.1Sg›2 (mondalak)	1749	test	šerkentlek
šimít	simít	[/V][Prs.1Sg›2]	1.6875883692833356	41742	t	t		2	vc	šimítalak	simítalak	alak	3	-2.455863629738295	lak	šimítlak	simítlak	7	-2.087886844443701	0.42857142857142855	-0.8472978603872037	TRUE	Prs.1Sg›2 (mondalak)	1749	NA	NA
sépít	szépít	[/V][Prs.NDef.2Pl]	1.7603374722949938	49354	t	t		2	vc	sépítetek	szépítetek	etek	7	-2.087886844443701	tek	sépíttek	szépíttek	1	-2.932984884457958	7	1.9459101490553132	TRUE	Prs.NDef.2Pl (mondotok)	3308	NA	NA
tasít	taszít	[/V][Prs.NDef.2Pl]	1.7527658085773925	48501	t	t		2	vc	tasítotok	taszítotok	otok	7	-2.087886844443701	tok	tasíttok	taszíttok	2	-2.6319548887939765	3.5	1.252762968495368	TRUE	Prs.NDef.2Pl (mondotok)	3308	NA	NA
aprít	aprít	[/V][Prs.NDef.2Pl]	1.6980731247226395	42762	t	t		2	vc	aprítotok	aprítotok	otok	6	-2.1548336340743144	tok	apríttok	apríttok	1	-2.932984884457958	6	1.791759469228055	TRUE	Prs.NDef.2Pl (mondotok)	3308	NA	NA
beleért	beleért	[/V][Prs.NDef.2Sg]	2.687566519794711	417399	rt	r	t	3	cc	beleértes	beleértesz	es	6	-2.1548336340743144	s	beleérts	beleértsz	1	-2.932984884457958	6	1.791759469228055	TRUE	Prs.NDef.2Sg (mondas)	4096	test	beleérts
cuppant	cuppant	[/V][Prs.1Sg›2]	0.03080294288759742	920	nt	n	t	2	cc	cuppantalak	cuppantalak	alak	2	-2.6319548887939765	lak	cuppantlak	cuppantlak	6	-2.1548336340743144	0.3333333333333333	-1.0986122886681098	TRUE	Prs.1Sg›2 (mondalak)	1749	test	cuppantlak
elagg	elagg	[/V][Prs.NDef.3Pl]	0.10998418893522229	1104	gg	g	g	2	cc	elagganak	elagganak	anak	6	-2.1548336340743144	nak	elaggnak	elaggnak	2	-2.6319548887939765	3	1.0986122886681098	TRUE	Prs.NDef.3Pl (mondanak)	4938	test	elaggnak
ešeng	eseng	[/V][Prs.NDef.2Sg]	0.2304746673120323	1457	ng	n	g	2	cc	ešenges	esengesz	es	6	-2.1548336340743144	s	ešengs	esengsz	5	-2.234014880121939	1.2	0.1823215567939546	TRUE	Prs.NDef.2Sg (mondas)	4096	test	ešengs
fertőtlenít	fertőtlenít	[/V][Prs.NDef.2Pl]	1.5165706472190696	28155	t	t		4	vc	fertőtlenítetek	fertőtlenítetek	etek	6	-2.1548336340743144	tek	fertőtleníttek	fertőtleníttek	2	-2.6319548887939765	3	1.0986122886681098	TRUE	Prs.NDef.2Pl (mondotok)	3308	NA	NA
gazdagít	gazdagít	[/V][Prs.1Sg›2]	2.129495564516606	115473	t	t		3	vc	gazdagítalak	gazdagítalak	alak	6	-2.1548336340743144	lak	gazdagítlak	gazdagítlak	2	-2.6319548887939765	3	1.0986122886681098	TRUE	Prs.1Sg›2 (mondalak)	1749	NA	NA
gurít	gurít	[/V][Prs.NDef.2Pl]	1.338601179569313	18689	t	t		2	vc	gurítotok	gurítotok	otok	6	-2.1548336340743144	tok	guríttok	guríttok	2	-2.6319548887939765	3	1.0986122886681098	TRUE	Prs.NDef.2Pl (mondotok)	3308	NA	NA
gépešít	gépesít	[/V][Prs.NDef.2Pl]	0.8927656968900699	6695	t	t		3	vc	gépešítetek	gépesítetek	etek	6	-2.1548336340743144	tek	gépešíttek	gépesíttek	1	-2.932984884457958	6	1.791759469228055	TRUE	Prs.NDef.2Pl (mondotok)	3308	NA	NA
heješbít	helyesbít	[/V][Prs.1Sg›2]	1.6183064938701084	35587	t	t		3	vc	heješbítelek	helyesbítelek	elek	6	-2.1548336340743144	lek	heješbítlek	helyesbítlek	1	-2.932984884457958	6	1.791759469228055	TRUE	Prs.1Sg›2 (mondalak)	1749	NA	NA
ing	ing	[/V][Prs.NDef.2Sg]	2.180008663585595	129716	ng	n	g	1	cc	ingas	ingasz	as	6	-2.1548336340743144	s	ings	ingsz	1	-2.932984884457958	6	1.791759469228055	TRUE	Prs.NDef.2Sg (mondas)	4096	test	ings
kerít	kerít	[/V][Prs.1Sg›2]	1.9659047714686289	79230	t	t		2	vc	kerítelek	kerítelek	elek	6	-2.1548336340743144	lek	kerítlek	kerítlek	2	-2.6319548887939765	3	1.0986122886681098	TRUE	Prs.1Sg›2 (mondalak)	1749	NA	NA
šemlegešít	semlegesít	[/V][Prs.NDef.2Sg]	1.6136441358137688	35207	t	t		4	vc	šemlegešítes	semlegesítesz	es	6	-2.1548336340743144	s	šemlegešíts	semlegesítsz	1	-2.932984884457958	6	1.791759469228055	TRUE	Prs.NDef.2Sg (mondas)	4096	NA	NA
somorít	szomorít	[/V][Prs.1Sg›2]	0.765985119878061	5000	t	t		3	vc	somorítalak	szomorítalak	alak	5	-2.234014880121939	lak	somorítlak	szomorítlak	6	-2.1548336340743144	0.8333333333333334	-0.1823215567939546	TRUE	Prs.1Sg›2 (mondalak)	1749	NA	NA
térít	térít	[/V][Prs.NDef.2Pl]	1.9881499208485032	83394	t	t		2	vc	térítetek	térítetek	etek	6	-2.1548336340743144	tek	téríttek	téríttek	1	-2.932984884457958	6	1.791759469228055	TRUE	Prs.NDef.2Pl (mondotok)	3308	NA	NA
vesejt	veszejt	[/V][Prs.1Sg›2]	0.22987810886396828	1455	jt	j	t	2	cc	vesejtelek	veszejtelek	elek	6	-2.1548336340743144	lek	vesejtlek	veszejtlek	1	-2.932984884457958	6	1.791759469228055	TRUE	Prs.1Sg›2 (mondalak)	1749	test	vesejtlek
ölt	ölt	[/V][Prs.1Sg›2]	2.2726768182003068	160569	lt	l	t	1	cc	öltelek	öltelek	elek	6	-2.1548336340743144	lek	öltlek	öltlek	1	-2.932984884457958	6	1.791759469228055	TRUE	Prs.1Sg›2 (mondalak)	1749	test	öltlek
örökít	örökít	[/V][Prs.NDef.2Pl]	1.9189030405469067	71103	t	t		3	vc	örökítetek	örökítetek	etek	6	-2.1548336340743144	tek	örökíttek	örökíttek	1	-2.932984884457958	6	1.791759469228055	TRUE	Prs.NDef.2Pl (mondotok)	3308	NA	NA
drágáll	drágáll	[/V][Prs.NDef.3Pl]	0.3857043854897881	2083	ll	l	l	2	cc	drágállanak	drágállanak	anak	1	-2.932984884457958	nak	drágállnak	drágállnak	5	-2.234014880121939	0.2	-1.6094379124341003	TRUE	Prs.NDef.3Pl (mondanak)	4938	test	drágállnak
ḏengít	gyengít	[/V][Prs.NDef.2Pl]	1.77781766798805	51381	t	t		2	vc	ḏengítetek	gyengítetek	etek	5	-2.234014880121939	tek	ḏengíttek	gyengíttek	2	-2.6319548887939765	2.5	0.9162907318741551	TRUE	Prs.NDef.2Pl (mondotok)	3308	NA	NA
hašít	hasít	[/V][Prs.1Sg›2]	1.744366525753307	47572	t	t		2	vc	hašítalak	hasítalak	alak	4	-2.3309248931299953	lak	hašítlak	hasítlak	5	-2.234014880121939	0.8	-0.2231435513142097	TRUE	Prs.1Sg›2 (mondalak)	1749	NA	NA
kiált	kiált	[/V][Prs.1Sg›2]	2.355172642073583	194159	lt	l	t	2	cc	kiáltalak	kiáltalak	alak	5	-2.234014880121939	lak	kiáltlak	kiáltlak	4	-2.3309248931299953	1.25	0.22314355131420976	TRUE	Prs.1Sg›2 (mondalak)	1749	test	kiáltlak
lelkešít	lelkesít	[/V][Prs.NDef.2Pl]	1.2970039520868533	16982	t	t		3	vc	lelkešítetek	lelkesítetek	etek	5	-2.234014880121939	tek	lelkešíttek	lelkesíttek	2	-2.6319548887939765	2.5	0.9162907318741551	TRUE	Prs.NDef.2Pl (mondotok)	3308	NA	NA
mozgóšít	mozgósít	[/V][Prs.NDef.2Pl]	1.8004852341488131	54134	t	t		3	vc	mozgóšítotok	mozgósítotok	otok	5	-2.234014880121939	tok	mozgóšíttok	mozgósíttok	1	-2.932984884457958	5	1.6094379124341003	TRUE	Prs.NDef.2Pl (mondotok)	3308	NA	NA
pirít	pirít	[/V][Prs.NDef.2Pl]	1.9236533926168304	71885	t	t		2	vc	pirítotok	pirítotok	otok	5	-2.234014880121939	tok	piríttok	piríttok	1	-2.932984884457958	5	1.6094379124341003	TRUE	Prs.NDef.2Pl (mondotok)	3308	NA	NA
rendserešít	rendszeresít	[/V][Prs.NDef.2Pl]	1.473214539205355	25480	t	t		4	vc	rendserešítetek	rendszeresítetek	etek	5	-2.234014880121939	tek	rendserešíttek	rendszeresíttek	1	-2.932984884457958	5	1.6094379124341003	TRUE	Prs.NDef.2Pl (mondotok)	3308	NA	NA
šemmišít	semmisít	[/V][Prs.1Sg›2]	1.691833301106774	42152	t	t		3	vc	šemmišítelek	semmisítelek	elek	1	-2.932984884457958	lek	šemmišítlek	semmisítlek	5	-2.234014880121939	0.2	-1.6094379124341003	TRUE	Prs.1Sg›2 (mondalak)	1749	NA	NA
séḏenít	szégyenít	[/V][Prs.1Sg›2]	0.5486010519096645	3031	t	t		3	vc	séḏenítelek	szégyenítelek	elek	5	-2.234014880121939	lek	séḏenítlek	szégyenítlek	3	-2.455863629738295	1.6666666666666667	0.5108256237659907	TRUE	Prs.1Sg›2 (mondalak)	1749	NA	NA
šűrít	sűrít	[/V][Prs.NDef.2Pl]	1.6757977990716892	40624	t	t		2	vc	šűrítetek	sűrítetek	etek	5	-2.234014880121939	tek	šűríttek	sűríttek	1	-2.932984884457958	5	1.6094379124341003	TRUE	Prs.NDef.2Pl (mondotok)	3308	NA	NA
tekint	tekint	[/V][Prs.NDef.2Pl]	3.253129436802632	1535021	nt	n	t	2	cc	tekintetek	tekintetek	etek	5	-2.234014880121939	tek	tekinttek	tekinttek	3	-2.455863629738295	1.6666666666666667	0.5108256237659907	TRUE	Prs.NDef.2Pl (mondotok)	3308	test	tekinttek
terít	terít	[/V][Prs.1Sg›2]	1.819539873007109	56562	t	t		2	vc	terítelek	terítelek	elek	5	-2.234014880121939	lek	terítlek	terítlek	5	-2.234014880121939	1	0	TRUE	Prs.1Sg›2 (mondalak)	1749	NA	NA
žong	zsong	[/V][Prs.NDef.2Sg]	0.9725411639770906	8045	ng	n	g	1	cc	žongas	zsongasz	as	3	-2.455863629738295	s	žongs	zsongsz	5	-2.234014880121939	0.6	-0.5108256237659907	TRUE	Prs.NDef.2Sg (mondas)	4096	test	žongs
árušít	árusít	[/V][Prs.NDef.2Pl]	1.805311974775284	54739	t	t		3	vc	árušítotok	árusítotok	otok	5	-2.234014880121939	tok	árušíttok	árusíttok	1	-2.932984884457958	5	1.6094379124341003	TRUE	Prs.NDef.2Pl (mondotok)	3308	NA	NA
čavarint	csavarint	[/V][Prs.NDef.2Sg]	-0.01970098269753937	819	nt	n	t	3	cc	čavarintas	csavarintasz	as	4	-2.3309248931299953	s	čavarints	csavarintsz	1	-2.932984884457958	4	1.3862943611198906	TRUE	Prs.NDef.2Sg (mondas)	4096	test	čavarints
finomít	finomít	[/V][Prs.NDef.2Pl]	1.671327586790543	40208	t	t		3	vc	finomítotok	finomítotok	otok	4	-2.3309248931299953	tok	finomíttok	finomíttok	1	-2.932984884457958	4	1.3862943611198906	TRUE	Prs.NDef.2Pl (mondotok)	3308	NA	NA
háborít	háborít	[/V][Prs.1Sg›2]	0.6857951400482569	4157	t	t		3	vc	háborítalak	háborítalak	alak	4	-2.3309248931299953	lak	háborítlak	háborítlak	4	-2.3309248931299953	1	0	TRUE	Prs.1Sg›2 (mondalak)	1749	NA	NA
időzít	időzít	[/V][Prs.NDef.2Pl]	1.7093312182346516	43885	t	t		3	vc	időzítetek	időzítetek	etek	4	-2.3309248931299953	tek	időzíttek	időzíttek	1	-2.932984884457958	4	1.3862943611198906	TRUE	Prs.NDef.2Pl (mondotok)	3308	NA	NA
láḏít	lágyít	[/V][Prs.NDef.2Sg]	1.116426976413122	11205	t	t		2	vc	láḏítas	lágyítasz	as	4	-2.3309248931299953	s	láḏíts	lágyítsz	1	-2.932984884457958	4	1.3862943611198906	TRUE	Prs.NDef.2Sg (mondas)	4096	NA	NA
magašít	magasít	[/V][Prs.NDef.2Sg]	0.5811642500174795	3267	t	t		3	vc	magašítas	magasítasz	as	1	-2.932984884457958	s	magašíts	magasítsz	4	-2.3309248931299953	0.25	-1.3862943611198906	TRUE	Prs.NDef.2Sg (mondas)	4096	NA	NA
megrettent	megrettent	[/V][Prs.NDef.2Pl]	0.09599282075082018	1069	nt	n	t	3	cc	megrettentetek	megrettentetek	etek	4	-2.3309248931299953	tek	megrettenttek	megrettenttek	3	-2.455863629738295	1.3333333333333333	0.28768207245178085	TRUE	Prs.NDef.2Pl (mondotok)	3308	test	megrettenttek
penderít	penderít	[/V][Prs.1Sg›2]	0.13889712284816755	1180	t	t		3	vc	penderítelek	penderítelek	elek	4	-2.3309248931299953	lek	penderítlek	penderítlek	1	-2.932984884457958	4	1.3862943611198906	TRUE	Prs.1Sg›2 (mondalak)	1749	NA	NA
ront	ront	[/V][Prs.1Sg›2]	2.498256616638663	269924	nt	n	t	1	cc	rontalak	rontalak	alak	3	-2.455863629738295	lak	rontlak	rontlak	4	-2.3309248931299953	0.75	-0.2876820724517809	TRUE	Prs.1Sg›2 (mondalak)	1749	test	rontlak
vidít	vidít	[/V][Prs.1Sg›2]	0.7356805309965342	4663	t	t		2	vc	vidítalak	vidítalak	alak	4	-2.3309248931299953	lak	vidítlak	vidítlak	3	-2.455863629738295	1.3333333333333333	0.28768207245178085	TRUE	Prs.1Sg›2 (mondalak)	1749	NA	NA
átall	átall	[/V][Prs.NDef.2Pl]	1.0077805511732596	8725	ll	l	l	2	cc	átallotok	átallotok	otok	1	-2.932984884457958	tok	átalltok	átalltok	4	-2.3309248931299953	0.25	-1.3862943611198906	TRUE	Prs.NDef.2Pl (mondotok)	3308	test	átalltok
érdemešít	érdemesít	[/V][Prs.NDef.2Sg]	0.20436922691277504	1372	t	t		4	vc	érdemešítes	érdemesítesz	es	4	-2.3309248931299953	s	érdemešíts	érdemesítsz	1	-2.932984884457958	4	1.3862943611198906	TRUE	Prs.NDef.2Sg (mondas)	4096	NA	NA
činošít	csinosít	[/V][Prs.NDef.2Sg]	0.9358358217395596	7393	t	t		3	vc	činošítas	csinosítasz	as	3	-2.455863629738295	s	činošíts	csinosítsz	3	-2.455863629738295	1	0	TRUE	Prs.NDef.2Sg (mondas)	4096	NA	NA
čitít	csitít	[/V][Prs.1Sg›2]	0.8710181702716548	6368	t	t		2	vc	čitítalak	csitítalak	alak	1	-2.932984884457958	lak	čitítlak	csitítlak	3	-2.455863629738295	0.3333333333333333	-1.0986122886681098	TRUE	Prs.1Sg›2 (mondalak)	1749	NA	NA
čonkít	csonkít	[/V][Prs.1Sg›2]	0.6391894291551017	3734	t	t		2	vc	čonkítalak	csonkítalak	alak	3	-2.455863629738295	lak	čonkítlak	csonkítlak	1	-2.932984884457958	3	1.0986122886681098	TRUE	Prs.1Sg›2 (mondalak)	1749	NA	NA
dong	dong	[/V][Prs.NDef.2Sg]	0.9073721747453984	6924	ng	n	g	1	cc	dongas	dongasz	as	1	-2.932984884457958	s	dongs	dongsz	3	-2.455863629738295	0.3333333333333333	-1.0986122886681098	TRUE	Prs.NDef.2Sg (mondas)	4096	test	dongs
fold	fold	[/V][Prs.1Sg›2]	1.3591603833561636	19595	ld	l	d	1	cc	foldalak	foldalak	alak	3	-2.455863629738295	lak	foldlak	foldlak	1	-2.932984884457958	3	1.0986122886681098	TRUE	Prs.1Sg›2 (mondalak)	1749	test	foldlak
fuvall	fuvall	[/V][Prs.NDef.3Pl]	-0.5885926107728471	221	ll	l	l	2	cc	fuvallanak	fuvallanak	anak	2	-2.6319548887939765	nak	fuvallnak	fuvallnak	3	-2.455863629738295	0.6666666666666666	-0.40546510810816444	TRUE	Prs.NDef.3Pl (mondanak)	4938	test	fuvallnak
javall	javall	[/V][Prs.NDef.2Sg]	1.2947990163957603	16896	ll	l	l	2	cc	javallas	javallasz	as	3	-2.455863629738295	s	javalls	javallsz	2	-2.6319548887939765	1.5	0.4054651081081644	TRUE	Prs.NDef.2Sg (mondas)	4096	test	javalls
küzd	küzd	[/V][Prs.1Sg›2]	2.8842471998392543	656496	zd	z	d	1	cc	küzdelek	küzdelek	elek	3	-2.455863629738295	lek	küzdlek	küzdlek	1	-2.932984884457958	3	1.0986122886681098	TRUE	Prs.1Sg›2 (mondalak)	1749	test	küzdlek
lendít	lendít	[/V][Prs.NDef.2Pl]	1.5361741426140545	29455	t	t		2	vc	lendítetek	lendítetek	etek	3	-2.455863629738295	tek	lendíttek	lendíttek	1	-2.932984884457958	3	1.0986122886681098	TRUE	Prs.NDef.2Pl (mondotok)	3308	NA	NA
megdöbbent	megdöbbent	[/V][Prs.1Sg›2]	1.3803971731201916	20577	nt	n	t	3	cc	megdöbbentelek	megdöbbentelek	elek	3	-2.455863629738295	lek	megdöbbentlek	megdöbbentlek	1	-2.932984884457958	3	1.0986122886681098	TRUE	Prs.1Sg›2 (mondalak)	1749	test	megdöbbentlek
ṉerít	nyerít	[/V][Prs.NDef.2Pl]	0.605714495084449	3457	t	t		2	vc	ṉerítetek	nyerítetek	etek	3	-2.455863629738295	tek	ṉeríttek	nyeríttek	1	-2.932984884457958	3	1.0986122886681098	TRUE	Prs.NDef.2Pl (mondotok)	3308	NA	NA
reng	reng	[/V][Prs.NDef.2Sg]	1.2320515955366076	14623	ng	n	g	1	cc	renges	rengesz	es	3	-2.455863629738295	s	rengs	rengsz	3	-2.455863629738295	1	0	TRUE	Prs.NDef.2Sg (mondas)	4096	test	rengs
salajt	szalajt	[/V][Prs.NDef.2Sg]	0.31938263000194106	1788	jt	j	t	2	cc	salajtas	szalajtasz	as	3	-2.455863629738295	s	salajts	szalajtsz	2	-2.6319548887939765	1.5	0.4054651081081644	TRUE	Prs.NDef.2Sg (mondas)	4096	test	salajts
tapint	tapint	[/V][Prs.1Sg›2]	1.2683849248851644	15899	nt	n	t	2	cc	tapintalak	tapintalak	alak	3	-2.455863629738295	lak	tapintlak	tapintlak	2	-2.6319548887939765	1.5	0.4054651081081644	TRUE	Prs.1Sg›2 (mondalak)	1749	test	tapintlak
teng	teng	[/V][Prs.NDef.2Sg]	1.0082283031273636	8734	ng	n	g	1	cc	tenges	tengesz	es	3	-2.455863629738295	s	tengs	tengsz	3	-2.455863629738295	1	0	TRUE	Prs.NDef.2Sg (mondas)	4096	test	tengs
bolondít	bolondít	[/V][Prs.1Sg›2]	1.0574871690676615	9783	t	t		3	vc	bolondítalak	bolondítalak	alak	1	-2.932984884457958	lak	bolondítlak	bolondítlak	2	-2.6319548887939765	0.5	-0.6931471805599453	TRUE	Prs.1Sg›2 (mondalak)	1749	NA	NA
búšít	búsít	[/V][Prs.1Sg›2]	0.5288136730671514	2896	t	t		2	vc	búšítalak	búsítalak	alak	2	-2.6319548887939765	lak	búšítlak	búsítlak	1	-2.932984884457958	2	0.6931471805599453	TRUE	Prs.1Sg›2 (mondalak)	1749	NA	NA
feketéll	feketéll	[/V][Prs.NDef.3Pl]	-0.3180876684248232	412	ll	l	l	3	cc	feketéllenek	feketéllenek	enek	1	-2.932984884457958	nek	feketéllnek	feketéllnek	2	-2.6319548887939765	0.5	-0.6931471805599453	TRUE	Prs.NDef.3Pl (mondanak)	4938	test	feketéllnek
hamišít	hamisít	[/V][Prs.NDef.2Pl]	1.3582285158156389	19553	t	t		3	vc	hamišítotok	hamisítotok	otok	2	-2.6319548887939765	tok	hamišíttok	hamisíttok	1	-2.932984884457958	2	0.6931471805599453	TRUE	Prs.NDef.2Pl (mondotok)	3308	NA	NA
heješbít	helyesbít	[/V][Prs.NDef.2Pl]	1.6183064938701084	35587	t	t		3	vc	heješbítetek	helyesbítetek	etek	2	-2.6319548887939765	tek	heješbíttek	helyesbíttek	2	-2.6319548887939765	1	0	TRUE	Prs.NDef.2Pl (mondotok)	3308	NA	NA
javall	javall	[/V][Prs.NDef.2Pl]	1.2947990163957603	16896	ll	l	l	2	cc	javallotok	javallotok	otok	2	-2.6319548887939765	tok	javalltok	javalltok	1	-2.932984884457958	2	0.6931471805599453	TRUE	Prs.NDef.2Pl (mondotok)	3308	test	javalltok
kering	kering	[/V][Prs.1Sg›2]	1.9960046439135095	84916	ng	n	g	2	cc	keringelek	keringelek	elek	1	-2.932984884457958	lek	keringlek	keringlek	2	-2.6319548887939765	0.5	-0.6931471805599453	TRUE	Prs.1Sg›2 (mondalak)	1749	test	keringlek
kong	kong	[/V][Prs.NDef.2Pl]	1.684612987091838	41457	ng	n	g	1	cc	kongotok	kongotok	otok	2	-2.6319548887939765	tok	kongtok	kongtok	1	-2.932984884457958	2	0.6931471805599453	TRUE	Prs.NDef.2Pl (mondotok)	3308	test	kongtok
kártalanít	kártalanít	[/V][Prs.1Sg›2]	0.9498241569344822	7635	t	t		4	vc	kártalanítalak	kártalanítalak	alak	1	-2.932984884457958	lak	kártalanítlak	kártalanítlak	2	-2.6319548887939765	0.5	-0.6931471805599453	TRUE	Prs.1Sg›2 (mondalak)	1749	NA	NA
köṉṉebbít	könnyebbít	[/V][Prs.NDef.2Sg]	-0.4444341679575136	308	t	t		3	vc	köṉṉebbítes	könnyebbítesz	es	1	-2.932984884457958	s	köṉṉebbíts	könnyebbítsz	2	-2.6319548887939765	0.5	-0.6931471805599453	TRUE	Prs.NDef.2Sg (mondas)	4096	NA	NA
lapít	lapít	[/V][Prs.1Sg›2]	1.076125921674255	10212	t	t		2	vc	lapítalak	lapítalak	alak	2	-2.6319548887939765	lak	lapítlak	lapítlak	1	-2.932984884457958	2	0.6931471805599453	TRUE	Prs.1Sg›2 (mondalak)	1749	NA	NA
meghökkent	meghökkent	[/V][Prs.NDef.2Sg]	0.7318450566851327	4622	nt	n	t	3	cc	meghökkentes	meghökkentesz	es	2	-2.6319548887939765	s	meghökkents	meghökkentsz	2	-2.6319548887939765	1	0	TRUE	Prs.NDef.2Sg (mondas)	4096	test	meghökkents
méjít	mélyít	[/V][Prs.NDef.2Pl]	1.594206634629143	33666	t	t		2	vc	méjítetek	mélyítetek	etek	2	-2.6319548887939765	tek	méjíttek	mélyíttek	2	-2.6319548887939765	1	0	TRUE	Prs.NDef.2Pl (mondotok)	3308	NA	NA
repít	repít	[/V][Prs.NDef.2Pl]	1.6942887772001285	42391	t	t		2	vc	repítetek	repítetek	etek	2	-2.6319548887939765	tek	repíttek	repíttek	1	-2.932984884457958	2	0.6931471805599453	TRUE	Prs.NDef.2Pl (mondotok)	3308	NA	NA
rettent	rettent	[/V][Prs.1Sg›2]	0.951243885174646	7660	nt	n	t	2	cc	rettentelek	rettentelek	elek	2	-2.6319548887939765	lek	rettentlek	rettentlek	2	-2.6319548887939765	1	0	TRUE	Prs.1Sg›2 (mondalak)	1749	test	rettentlek
šetteng	setteng	[/V][Prs.NDef.3Pl]	-0.9645019359040228	93	ng	n	g	2	cc	šettengenek	settengenek	enek	2	-2.6319548887939765	nek	šettengnek	settengnek	2	-2.6319548887939765	1	0	TRUE	Prs.NDef.3Pl (mondanak)	4938	test	šettengnek
sembešít	szembesít	[/V][Prs.NDef.2Pl]	1.6095044253327846	34873	t	t		3	vc	sembešítetek	szembesítetek	etek	2	-2.6319548887939765	tek	sembešíttek	szembesíttek	1	-2.932984884457958	2	0.6931471805599453	TRUE	Prs.NDef.2Pl (mondotok)	3308	NA	NA
sentešít	szentesít	[/V][Prs.NDef.2Pl]	1.3128731075492397	17614	t	t		3	vc	sentešítetek	szentesítetek	etek	1	-2.932984884457958	tek	sentešíttek	szentesíttek	2	-2.6319548887939765	0.5	-0.6931471805599453	TRUE	Prs.NDef.2Pl (mondotok)	3308	NA	NA
šóhajt	sóhajt	[/V][Prs.1Sg›2]	1.812815728087108	55693	jt	j	t	2	cc	šóhajtalak	sóhajtalak	alak	1	-2.932984884457958	lak	šóhajtlak	sóhajtlak	2	-2.6319548887939765	0.5	-0.6931471805599453	TRUE	Prs.1Sg›2 (mondalak)	1749	test	šóhajtlak
ékešít	ékesít	[/V][Prs.NDef.2Sg]	1.2737870385976249	16098	t	t		3	vc	ékešítes	ékesítesz	es	2	-2.6319548887939765	s	ékešíts	ékesítsz	1	-2.932984884457958	2	0.6931471805599453	TRUE	Prs.NDef.2Sg (mondas)	4096	NA	NA
érdemešít	érdemesít	[/V][Prs.1Sg›2]	0.20436922691277504	1372	t	t		4	vc	érdemešítelek	érdemesítelek	elek	1	-2.932984884457958	lek	érdemešítlek	érdemesítlek	2	-2.6319548887939765	0.5	-0.6931471805599453	TRUE	Prs.1Sg›2 (mondalak)	1749	NA	NA
amij	amily	[/V][Prs.NDef.3Pl]	0.9281311597034376	7263	j	j		2	vc	amijenek	amilyenek	enek	1	-2.932984884457958	nek	amijnek	amilynek	4	-2.3309248931299953	0.25	-1.3862943611198906	TRUE	Prs.NDef.3Pl (mondanak)	4938	NA	NA
benn	benn	[/V][Prs.NDef.2Pl]	1.993259783446265	84381	nn	n	n	1	cc	bennetek	bennetek	etek	1	-2.932984884457958	tek	benntek	benntek	1	-2.932984884457958	1	0	TRUE	Prs.NDef.2Pl (mondotok)	3308	test	benntek
čillapít	csillapít	[/V][Prs.NDef.2Pl]	1.8259724022032735	57406	t	t		3	vc	čillapítotok	csillapítotok	otok	1	-2.932984884457958	tok	čillapíttok	csillapíttok	1	-2.932984884457958	1	0	TRUE	Prs.NDef.2Pl (mondotok)	3308	NA	NA
fejt	fejt	[/V][Prs.1Sg›2]	2.4782289537346416	257759	jt	j	t	1	cc	fejtelek	fejtelek	elek	1	-2.932984884457958	lek	fejtlek	fejtlek	1	-2.932984884457958	1	0	TRUE	Prs.1Sg›2 (mondalak)	1749	test	fejtlek
feketít	feketít	[/V][Prs.NDef.2Pl]	0.16148624418368693	1243	t	t		3	vc	feketítetek	feketítetek	etek	1	-2.932984884457958	tek	feketíttek	feketíttek	1	-2.932984884457958	1	0	TRUE	Prs.NDef.2Pl (mondotok)	3308	NA	NA
függest	függeszt	[/V][Prs.1Sg›2]	1.769359473897811	50390	st	s	t	2	cc	függestelek	függesztelek	elek	1	-2.932984884457958	lek	függestlek	függesztlek	1	-2.932984884457958	1	0	TRUE	Prs.1Sg›2 (mondalak)	1749	test	függestlek
kedvetlenít	kedvetlenít	[/V][Prs.1Sg›2]	-0.02129472570409668	816	t	t		4	vc	kedvetlenítelek	kedvetlenítelek	elek	1	-2.932984884457958	lek	kedvetlenítlek	kedvetlenítlek	1	-2.932984884457958	1	0	TRUE	Prs.1Sg›2 (mondalak)	1749	NA	NA
marast	maraszt	[/V][Prs.1Sg›2]	0.00951922171012292	876	st	s	t	2	cc	marastalak	marasztalak	alak	1	-2.932984884457958	lak	marastlak	marasztlak	1	-2.932984884457958	1	0	TRUE	Prs.1Sg›2 (mondalak)	1749	test	marastlak
meṉṉ	menny	[/V][Prs.NDef.2Pl]	2.293176638965162	168330	ṉṉ	ṉ	ṉ	1	cc	meṉṉetek	mennyetek	etek	1	-2.932984884457958	tek	meṉṉtek	mennytek	1	-2.932984884457958	1	0	TRUE	Prs.NDef.2Pl (mondotok)	3308	test	meṉṉtek
nemešít	nemesít	[/V][Prs.NDef.2Pl]	1.0152813354223376	8877	t	t		3	vc	nemešítetek	nemesítetek	etek	1	-2.932984884457958	tek	nemešíttek	nemesíttek	1	-2.932984884457958	1	0	TRUE	Prs.NDef.2Pl (mondotok)	3308	NA	NA
nő	nő	[/V][Prs.1Sg›2]	3.733829419685101	4643167	NA	NA	NA	1	cc	nőalak	nőalak	alak	1	-2.932984884457958	lek	nőlek	nőlek	1	-2.932984884457958	1	0	TRUE	Prs.1Sg›2 (mondalak)	1749	test	nőlek
pang	pang	[/V][Prs.NDef.2Sg]	0.8573002795752839	6170	ng	n	g	1	cc	pangas	pangasz	as	1	-2.932984884457958	s	pangs	pangsz	1	-2.932984884457958	1	0	TRUE	Prs.NDef.2Sg (mondas)	4096	test	pangs
pillant	pillant	[/V][Prs.1Sg›2]	2.0275762625908595	91319	nt	n	t	2	cc	pillantalak	pillantalak	alak	1	-2.932984884457958	lak	pillantlak	pillantlak	1	-2.932984884457958	1	0	TRUE	Prs.1Sg›2 (mondalak)	1749	test	pillantlak
rajong	rajong	[/V][Prs.1Sg›2]	2.0252970219361894	90841	ng	n	g	2	cc	rajongalak	rajongalak	alak	1	-2.932984884457958	lak	rajonglak	rajonglak	1	-2.932984884457958	1	0	TRUE	Prs.1Sg›2 (mondalak)	1749	test	rajonglak
rikkant	rikkant	[/V][Prs.NDef.2Sg]	0.4522637979452621	2428	nt	n	t	2	cc	rikkantas	rikkantasz	as	1	-2.932984884457958	s	rikkants	rikkantsz	1	-2.932984884457958	1	0	TRUE	Prs.NDef.2Sg (mondas)	4096	test	rikkants
ritkít	ritkít	[/V][Prs.NDef.2Sg]	1.134866776054395	11691	t	t		2	vc	ritkítas	ritkítasz	as	1	-2.932984884457958	s	ritkíts	ritkítsz	1	-2.932984884457958	1	0	TRUE	Prs.NDef.2Sg (mondas)	4096	NA	NA
ser	szer	[/V][Prs.NDef.2Pl]	2.947320972324916	759112	r	r		1	vc	seretek	szeretek	etek	1	-2.932984884457958	tek	sertek	szertek	126	-0.832614339340395	0.007936507936507936	-4.836281906951478	TRUE	Prs.NDef.2Pl (mondotok)	3308	NA	NA
telepít	telepít	[/V][Prs.1Sg›2]	2.546496848711112	301635	t	t		3	vc	telepítelek	telepítelek	elek	1	-2.932984884457958	lek	telepítlek	telepítlek	1	-2.932984884457958	1	0	TRUE	Prs.1Sg›2 (mondalak)	1749	NA	NA
tömörít	tömörít	[/V][Prs.NDef.2Pl]	1.5603476700653702	31141	t	t		3	vc	tömörítetek	tömörítetek	etek	1	-2.932984884457958	tek	tömöríttek	tömöríttek	1	-2.932984884457958	1	0	TRUE	Prs.NDef.2Pl (mondotok)	3308	NA	NA
virít	virít	[/V][Prs.NDef.2Pl]	1.5434119422673724	29950	t	t		2	vc	virítotok	virítotok	otok	1	-2.932984884457958	tok	viríttok	viríttok	1	-2.932984884457958	1	0	TRUE	Prs.NDef.2Pl (mondotok)	3308	NA	NA
áhít	áhít	[/V][Prs.NDef.2Pl]	0.5107473569436389	2778	t	t		2	vc	áhítotok	áhítotok	otok	1	-2.932984884457958	tok	áhíttok	áhíttok	1	-2.932984884457958	1	0	TRUE	Prs.NDef.2Pl (mondotok)	3308	NA	NA
ízešít	ízesít	[/V][Prs.NDef.2Pl]	1.9262615224870263	72318	t	t		3	vc	ízešítetek	ízesítetek	etek	1	-2.932984884457958	tek	ízešíttek	ízesíttek	1	-2.932984884457958	1	0	TRUE	Prs.NDef.2Pl (mondotok)	3308	NA	NA
