lemma	lemma_orth	xpostag	llfpm10	lemma_freq	c1	c2	lemma_syl_count	form_v	form_v_orth	suffix_v	freq_v	lfpm10v	suffix_nv	form_nv	form_nv_orth	freq_nv	lfpm10nv	odds_v	lo_v	varies	tag	tag_freq_in_dataset	category	form	suffix_init	trigram	bigram1	bigram2	type
áll	áll	[/V][Prs.NDef.3Pl]	3.9639210093508	7886892	l	l	1	állanak	állanak	anak	12357	1.1589281622181222	nak	állnak	állnak	787800	2.963431092015165	0.01568545316070068	-4.155021546414752	TRUE	Prs.NDef.3Pl (mondanak)	4938	test	állnak	n	lln	ll	ln	linking vowel varies
tart	tart	[/V][Prs.NDef.3Pl]	3.987109835917599	8319452	r	t	1	tartanak	tartanak	anak	422679	2.693025786813986	nak	tartnak	tartnak	99	-0.937349689860408	4269.484848484848	8.359248454561612	TRUE	Prs.NDef.3Pl (mondanak)	4938	test	tartnak	n	rtn	rt	tn	linking vowel varies
jelent	jelent	[/V][Prs.NDef.3Pl]	3.848512349249592	6046405	n	t	2	jelentenek	jelentenek	enek	236501	2.440848096952294	NA	NA	NA	NA	NA	NA	NA	FALSE	Prs.NDef.3Pl (mondanak)	4938	cc training	jelentenek	NA	NA	nt	NA	linking vowel always
ṉújt	nyújt	[/V][Prs.NDef.3Pl]	3.490448433130639	2651144	j	t	1	ṉújtanak	nyújtanak	anak	224173	2.417598419353469	nak	ṉújtnak	nyújtnak	46	-1.2702270527763837	4873.326086956522	8.491531957689928	TRUE	Prs.NDef.3Pl (mondanak)	4938	test	ṉújtnak	n	jtn	jt	tn	linking vowel varies
kezd	kezd	[/V][Prs.NDef.2Pl]	3.772113864625659	5071060	z	d	1	NA	NA	NA	NA	NA	tek	kezdtek	kezdtek	212898	2.395186697163344	NA	NA	FALSE	Prs.NDef.2Pl (mondotok)	3308	cc training	kezdtek	t	zdt	zd	dt	linking vowel never
kezd	kezd	[/V][Prs.NDef.3Pl]	3.772113864625659	5071060	z	d	1	kezdenek	kezdenek	enek	148387	2.2384109701537196	nek	kezdnek	kezdnek	592	-0.16066317773503802	250.65371621621625	5.524072369916046	TRUE	Prs.NDef.3Pl (mondanak)	4938	test	kezdnek	n	zdn	zd	dn	linking vowel varies
kell	kell	[/V][Prs.NDef.3Pl]	4.529006843156771	28972884	l	l	1	kellenek	kellenek	enek	119829	2.1455770505889933	nek	kellnek	kellnek	156	-0.7398602861034962	768.1346153846154	6.643964998236567	TRUE	Prs.NDef.3Pl (mondanak)	4938	test	kellnek	n	lln	ll	ln	linking vowel varies
mond	mond	[/V][Prs.NDef.3Pl]	4.129447533832242	11546023	n	d	1	mondanak	mondanak	anak	113365	2.1214941079024947	nak	mondnak	mondnak	412	-0.3180876684248232	275.15776699029124	5.617344631311217	TRUE	Prs.NDef.3Pl (mondanak)	4938	test	mondnak	n	ndn	nd	dn	linking vowel varies
dönt	dönt	[/V][Prs.NDef.3Pl]	3.394476429170933	2125501	n	t	1	döntenek	döntenek	enek	103279	2.0810271397598905	nek	döntnek	döntnek	8	-2.0298948974660145	12909.875	9.465747801377082	TRUE	Prs.NDef.3Pl (mondanak)	4938	test	döntnek	n	ntn	nt	tn	linking vowel varies
tölt	tölt	[/V][Prs.NDef.3Pl]	3.4380290110614276	2349708	l	t	1	töltenek	töltenek	enek	94093	2.040572431058009	nek	töltnek	töltnek	6	-2.1548336340743144	15682.166666666666	9.660279464630491	TRUE	Prs.NDef.3Pl (mondanak)	4938	test	töltnek	n	ltn	lt	tn	linking vowel varies
küzd	küzd	[/V][Prs.NDef.3Pl]	2.8842471998392543	656496	z	d	1	küzdenek	küzdenek	enek	82211	1.9819450464602493	nek	küzdnek	küzdnek	36	-1.3766823836906703	2283.6388888888887	7.733525453586409	TRUE	Prs.NDef.3Pl (mondanak)	4938	test	küzdnek	n	zdn	zd	dn	linking vowel varies
áll	áll	[/V][Prs.NDef.2Sg]	3.9639210093508	7886892	l	l	1	állas	állasz	as	501	-0.23314715859071208	s	álls	állsz	76550	1.950960310576322	0.00654474199869366	-5.029093300000965	TRUE	Prs.NDef.2Sg (mondas)	4096	test	álls	s	lls	ll	ls	linking vowel varies
ért	ért	[/V][Prs.NDef.3Pl]	3.4293511043012694	2303223	r	t	1	értenek	értenek	enek	72346	1.926429639581053	NA	NA	NA	NA	NA	NA	NA	FALSE	Prs.NDef.3Pl (mondanak)	4938	cc training	értenek	NA	NA	rt	NA	linking vowel always
tekint	tekint	[/V][Prs.NDef.3Pl]	3.253129436802632	1535021	n	t	2	tekintenek	tekintenek	enek	63023	1.8665141880143536	nek	tekintnek	tekintnek	12	-1.853803638410333	5251.916666666667	8.566348368325492	TRUE	Prs.NDef.3Pl (mondanak)	4938	test	tekintnek	n	ntn	nt	tn	linking vowel varies
válast	választ	[/V][Prs.NDef.3Pl]	3.596984538197973	3388203	s	t	2	válastanak	választanak	anak	62873	1.8654792988501032	nak	válastnak	választnak	13	-1.819041532151121	4836.384615384615	8.483922740289453	TRUE	Prs.NDef.3Pl (mondanak)	4938	test	válastnak	n	stn	st	tn	linking vowel varies
ḏűjt	gyűjt	[/V][Prs.NDef.3Pl]	2.9400629622305536	746531	j	t	1	ḏűjtenek	gyűjtenek	enek	52991	1.791217230760921	nek	ḏűjtnek	gyűjtnek	22	-1.5905622036357516	2408.681818181818	7.786834913435613	TRUE	Prs.NDef.3Pl (mondanak)	4938	test	ḏűjtnek	n	jtn	jt	tn	linking vowel varies
šinč	sincs	[/V][Prs.NDef.3Pl]	3.0799649049073454	1030267	n	č	1	šinčenek	sincsenek	enek	52624	1.7881989716806217	NA	NA	NA	NA	NA	NA	NA	FALSE	Prs.NDef.3Pl (mondanak)	4938	cc training	šinčenek	NA	NA	nč	NA	linking vowel always
foḏast	fogyaszt	[/V][Prs.NDef.3Pl]	2.9152615186654556	705093	s	t	2	foḏastanak	fogyasztanak	anak	52621	1.7881742126242093	nak	foḏastnak	fogyasztnak	9	-1.978742375018633	5846.777777777777	8.673645981258407	TRUE	Prs.NDef.3Pl (mondanak)	4938	test	foḏastnak	n	stn	st	tn	linking vowel varies
küld	küld	[/V][Prs.NDef.3Pl]	3.329046184230405	1828231	l	d	1	küldenek	küldenek	enek	49552	1.7620763035547538	nek	küldnek	küldnek	79	-1.0353577931675164	627.2405063291139	6.441330049745963	TRUE	Prs.NDef.3Pl (mondanak)	4938	test	küldnek	n	ldn	ld	dn	linking vowel varies
teremt	teremt	[/V][Prs.NDef.3Pl]	2.9969798872652507	851069	m	t	2	teremtenek	teremtenek	enek	44547	1.7158335775105404	nek	teremtnek	teremtnek	2	-2.6319548887939765	22273.5	10.011152910004226	TRUE	Prs.NDef.3Pl (mondanak)	4938	test	teremtnek	n	mtn	mt	tn	linking vowel varies
sáll	száll	[/V][Prs.NDef.3Pl]	2.818571340335746	564360	l	l	1	sállanak	szállanak	anak	1182	0.13963259208727874	nak	sállnak	szállnak	41273	1.6826811530187649	0.02863857727812371	-3.5530006141667543	TRUE	Prs.NDef.3Pl (mondanak)	4938	test	sállnak	n	lln	ll	ln	linking vowel varies
tart	tart	[/V][Prs.NDef.2Sg]	3.987109835917599	8319452	r	t	1	tartas	tartasz	as	41142	1.6813005153910607	s	tarts	tartsz	185	-0.6658131560549441	222.3891891891892	5.404428951434094	TRUE	Prs.NDef.2Sg (mondas)	4096	test	tarts	s	rts	rt	ts	linking vowel varies
vált	vált	[/V][Prs.NDef.3Pl]	3.138701646345799	1179469	l	t	1	váltanak	váltanak	anak	39916	1.668162129495893	NA	NA	NA	NA	NA	NA	NA	FALSE	Prs.NDef.3Pl (mondanak)	4938	cc training	váltanak	NA	NA	lt	NA	linking vowel always
mond	mond	[/V][Prs.NDef.2Sg]	4.129447533832242	11546023	n	d	1	mondas	mondasz	as	39605	1.6647651331678863	s	monds	mondsz	407	-0.3233904752327378	97.30958230958232	4.577897466455785	TRUE	Prs.NDef.2Sg (mondas)	4096	test	monds	s	nds	nd	ds	linking vowel varies
ḏárt	gyárt	[/V][Prs.NDef.3Pl]	2.644984606286616	378416	r	t	1	ḏártanak	gyártanak	anak	38159	1.648612100542327	nak	ḏártnak	gyártnak	12	-1.853803638410333	3179.9166666666665	8.06461026998012	TRUE	Prs.NDef.3Pl (mondanak)	4938	test	ḏártnak	n	rtn	rt	tn	linking vowel varies
költ	költ	[/V][Prs.NDef.3Pl]	2.6688025015437415	399749	l	t	1	költenek	költenek	enek	37867	1.6452760151953587	nek	költnek	költnek	12	-1.853803638410333	3155.5833333333335	8.056928649591235	TRUE	Prs.NDef.3Pl (mondanak)	4938	test	költnek	n	ltn	lt	tn	linking vowel varies
eḏetért	egyetért	[/V][Prs.NDef.3Pl]	2.6806793792943684	410832	r	t	3	eḏetértenek	egyetértenek	enek	35284	1.6145929289478442	nek	eḏetértnek	egyetértnek	6	-2.1548336340743144	5880.666666666667	8.679425413150602	TRUE	Prs.NDef.3Pl (mondanak)	4938	test	eḏetértnek	n	rtn	rt	tn	linking vowel varies
ért	ért	[/V][Prs.NDef.2Sg]	3.4293511043012694	2303223	r	t	1	értes	értesz	es	34591	1.605978232867311	s	érts	értsz	76	-1.0521712921771664	455.14473684210526	6.120615471316616	TRUE	Prs.NDef.2Sg (mondas)	4096	test	érts	s	rts	rt	ts	linking vowel varies
hajt	hajt	[/V][Prs.NDef.3Pl]	2.919594521957997	712163	j	t	1	hajtanak	hajtanak	anak	33773	1.5955847555549336	nak	hajtnak	hajtnak	18	-1.6777123793546518	1876.2777777777776	7.537045187782931	TRUE	Prs.NDef.3Pl (mondanak)	4938	test	hajtnak	n	jtn	jt	tn	linking vowel varies
ajánl	ajánl	[/V][Prs.NDef.3Pl]	3.322595137004172	1801275	n	l	2	ajánlanak	ajánlanak	anak	30906	1.5570579158062647	nak	ajánlnak	ajánlnak	26	-1.5180115364871398	1188.6923076923076	7.080609080772158	TRUE	Prs.NDef.3Pl (mondanak)	4938	test	ajánlnak	n	nln	nl	ln	linking vowel varies
ost	oszt	[/V][Prs.NDef.3Pl]	3.0325272520246824	923660	s	t	1	ostanak	osztanak	anak	26269	1.486458656057534	nak	ostnak	osztnak	4	-2.3309248931299953	6567.25	8.789850454599907	TRUE	Prs.NDef.3Pl (mondanak)	4938	test	ostnak	n	stn	st	tn	linking vowel varies
kezd	kezd	[/V][Prs.NDef.2Sg]	3.772113864625659	5071060	z	d	1	kezdes	kezdesz	es	26079	1.483306049886882	s	kezds	kezdsz	8	-2.0298948974660145	3259.875	8.089444130067339	TRUE	Prs.NDef.2Sg (mondas)	4096	test	kezds	s	zds	zd	ds	linking vowel varies
függ	függ	[/V][Prs.NDef.3Pl]	2.921588333286279	715440	g	g	1	függenek	függenek	enek	20551	1.3798480747913793	nek	függnek	függnek	24876	1.4627956636835278	0.8261376427078309	-0.1909938816828596	TRUE	Prs.NDef.3Pl (mondanak)	4938	test	függnek	n	ggn	gg	gn	linking vowel varies
kelt	kelt	[/V][Prs.NDef.3Pl]	2.7981185534768014	538398	l	t	1	keltenek	keltenek	enek	23904	1.445485695677347	NA	NA	NA	NA	NA	NA	NA	FALSE	Prs.NDef.3Pl (mondanak)	4938	cc training	keltenek	NA	NA	lt	NA	linking vowel always
válast	választ	[/V][Prs.NDef.2Sg]	3.596984538197973	3388203	s	t	2	válastas	választasz	as	23424	1.43667617492034	s	válasts	választsz	3	-2.455863629738295	7808	8.962904128092928	TRUE	Prs.NDef.2Sg (mondas)	4096	test	válasts	s	sts	st	ts	linking vowel varies
dönt	dönt	[/V][Prs.NDef.2Sg]	3.394476429170933	2125501	n	t	1	döntes	döntesz	es	22910	1.4270402047314397	s	dönts	döntsz	22	-1.5905622036357516	1041.3636363636365	6.948286322089225	TRUE	Prs.NDef.2Sg (mondas)	4096	test	dönts	s	nts	nt	ts	linking vowel varies
rejt	rejt	[/V][Prs.NDef.3Pl]	2.5010631926907587	271674	j	t	1	rejtenek	rejtenek	enek	22724	1.4234998961472631	nek	rejtnek	rejtnek	22	-1.5905622036357516	1032.909090909091	6.940134460318702	TRUE	Prs.NDef.3Pl (mondanak)	4938	test	rejtnek	n	jtn	jt	tn	linking vowel varies
fejlest	fejleszt	[/V][Prs.NDef.3Pl]	2.9435296996301	752514	s	t	2	fejlestenek	fejlesztenek	enek	21776	1.4049932234013016	NA	NA	NA	NA	NA	NA	NA	FALSE	Prs.NDef.3Pl (mondanak)	4938	cc training	fejlestenek	NA	NA	st	NA	linking vowel always
érint	érint	[/V][Prs.NDef.3Pl]	3.006391077264476	869713	n	t	2	érintenek	érintenek	enek	20493	1.3786206555965097	nek	érintnek	érintnek	3	-2.455863629738295	6831	8.82922635473185	TRUE	Prs.NDef.3Pl (mondanak)	4938	test	érintnek	n	ntn	nt	tn	linking vowel varies
örvend	örvend	[/V][Prs.NDef.3Pl]	2.1193126646506104	112797	n	d	2	örvendenek	örvendenek	enek	18970	1.3450824464307047	nek	örvendnek	örvendnek	691	-0.09350683708375944	27.452966714905937	3.31247423916139	TRUE	Prs.NDef.3Pl (mondanak)	4938	test	örvendnek	n	ndn	nd	dn	linking vowel varies
vall	vall	[/V][Prs.NDef.3Pl]	2.7990089795374744	539503	l	l	1	vallanak	vallanak	anak	18099	1.324669695578109	nak	vallnak	vallnak	91	-0.9739434921368644	198.8901098901099	5.2927524605920215	TRUE	Prs.NDef.3Pl (mondanak)	4938	test	vallnak	n	lln	ll	ln	linking vowel varies
kattint	kattint	[/V][Prs.NDef.2Sg]	3.101250403862836	1082020	n	t	2	kattintas	kattintasz	as	17196	1.3024425519870115	s	kattints	kattintsz	36	-1.3766823836906703	477.6666666666667	6.168913139160062	TRUE	Prs.NDef.2Sg (mondas)	4096	test	kattints	s	nts	nt	ts	linking vowel varies
hall	hall	[/V][Prs.NDef.3Pl]	3.340736603116228	1878112	l	l	1	hallanak	hallanak	anak	16526	1.2851828639624676	NA	NA	NA	NA	NA	NA	NA	FALSE	Prs.NDef.3Pl (mondanak)	4938	cc training	hallanak	NA	NA	ll	NA	linking vowel always
hall	hall	[/V][Prs.NDef.2Sg]	3.340736603116228	1878112	l	l	1	hallas	hallasz	as	15986	1.2707549241759004	s	halls	hallsz	44	-1.2895322079717704	363.3181818181818	5.895278984267703	TRUE	Prs.NDef.2Sg (mondas)	4096	test	halls	s	lls	ll	ls	linking vowel varies
kering	kering	[/V][Prs.NDef.3Pl]	1.9960046439135095	84916	n	g	2	keringenek	keringenek	enek	15387	1.254169069327458	nek	keringnek	keringnek	532	-0.20707325216290967	28.922932330827063	3.3646347867157336	TRUE	Prs.NDef.3Pl (mondanak)	4938	test	keringnek	n	ngn	ng	gn	linking vowel varies
ért	ért	[/V][Prs.NDef.2Pl]	3.4293511043012694	2303223	r	t	1	értetek	értetek	etek	14932	1.2411330967963092	tek	érttek	érttek	10	-1.9329848844579576	1493.2	7.308676747040429	TRUE	Prs.NDef.2Pl (mondotok)	3308	test	érttek	t	rtt	rt	tt	linking vowel varies
hord	hord	[/V][Prs.NDef.3Pl]	2.5559590570874056	308279	r	d	1	hordanak	hordanak	anak	14922	1.2408421511956218	nak	hordnak	hordnak	38	-1.3532012878411477	392.6842105263158	5.973005753305074	TRUE	Prs.NDef.3Pl (mondanak)	4938	test	hordnak	n	rdn	rd	dn	linking vowel varies
rajong	rajong	[/V][Prs.NDef.3Pl]	2.0252970219361894	90841	n	g	2	rajonganak	rajonganak	anak	13803	1.2069886035265007	nak	rajongnak	rajongnak	309	-0.4430264050331232	44.66990291262136	3.7992999619258327	TRUE	Prs.NDef.3Pl (mondanak)	4938	test	rajongnak	n	ngn	ng	gn	linking vowel varies
küzd	küzd	[/V][Prs.NDef.2Sg]	2.8842471998392543	656496	z	d	1	küzdes	küzdesz	es	13677	1.2030059624636669	s	küzds	küzdsz	9	-1.978742375018633	1519.6666666666667	7.326246291545332	TRUE	Prs.NDef.2Sg (mondas)	4096	test	küzds	s	zds	zd	ds	linking vowel varies
fešt	fest	[/V][Prs.NDef.3Pl]	2.6777795819372385	408098	š	t	1	feštenek	festenek	enek	13412	1.1945086602988246	nek	feštnek	festnek	1	-2.932984884457958	13412	9.50390510758612	TRUE	Prs.NDef.3Pl (mondanak)	4938	test	feštnek	n	štn	št	tn	linking vowel varies
tölt	tölt	[/V][Prs.NDef.2Sg]	3.4380290110614276	2349708	l	t	1	töltes	töltesz	es	12150	1.151591393476373	s	tölts	töltsz	8	-2.0298948974660145	1518.75	7.325642907088859	TRUE	Prs.NDef.2Sg (mondas)	4096	test	tölts	s	lts	lt	ts	linking vowel varies
áll	áll	[/V][Prs.NDef.2Pl]	3.9639210093508	7886892	l	l	1	NA	NA	NA	NA	NA	tok	álltok	álltok	11911	1.1429633401860773	NA	NA	FALSE	Prs.NDef.2Pl (mondotok)	3308	cc training	álltok	t	llt	ll	lt	linking vowel never
árt	árt	[/V][Prs.NDef.3Pl]	2.658968559291343	390799	r	t	1	ártanak	ártanak	anak	11801	1.1389339259058484	nak	ártnak	ártnak	6	-2.1548336340743144	1966.8333333333333	7.584180083397694	TRUE	Prs.NDef.3Pl (mondanak)	4938	test	ártnak	n	rtn	rt	tn	linking vowel varies
kattint	kattint	[/V][Prs.NDef.3Pl]	3.101250403862836	1082020	n	t	2	kattintanak	kattintanak	anak	11418	1.1246051542127062	nak	kattintnak	kattintnak	44	-1.2895322079717704	259.5	5.558756702605943	TRUE	Prs.NDef.3Pl (mondanak)	4938	test	kattintnak	n	ntn	nt	tn	linking vowel varies
kösönt	köszönt	[/V][Prs.1Sg›2]	2.6232584999815622	359951	n	t	2	kösöntelek	köszöntelek	elek	11057	1.1106524251346128	lek	kösöntlek	köszöntlek	549	-0.1934125400078659	20.140255009107467	3.0027205490328712	TRUE	Prs.1Sg›2 (mondalak)	1749	test	kösöntlek	l	ntl	nt	tl	linking vowel varies
termest	termeszt	[/V][Prs.NDef.3Pl]	1.952517684470458	76825	s	t	2	termestenek	termesztenek	enek	10902	1.10452129323372	nek	termestnek	termesztnek	2	-2.6319548887939765	5451	8.603554357064281	TRUE	Prs.NDef.3Pl (mondanak)	4938	test	termestnek	n	stn	st	tn	linking vowel varies
támast	támaszt	[/V][Prs.NDef.3Pl]	2.412676973025972	221647	s	t	2	támastanak	támasztanak	anak	10677	1.0954643582655506	nak	támastnak	támasztnak	3	-2.455863629738295	3559	8.177234885510194	TRUE	Prs.NDef.3Pl (mondanak)	4938	test	támastnak	n	stn	st	tn	linking vowel varies
ölt	ölt	[/V][Prs.NDef.3Pl]	2.2726768182003068	160569	l	t	1	öltenek	öltenek	enek	10392	1.0837142536070137	NA	NA	NA	NA	NA	NA	NA	FALSE	Prs.NDef.3Pl (mondanak)	4938	cc training	öltenek	NA	NA	lt	NA	linking vowel always
terjest	terjeszt	[/V][Prs.NDef.3Pl]	2.4984882437993483	270068	s	t	2	terjestenek	terjesztenek	enek	10345	1.0817456105437957	nek	terjestnek	terjesztnek	1	-2.932984884457958	10345	9.244258590179644	TRUE	Prs.NDef.3Pl (mondanak)	4938	test	terjestnek	n	stn	st	tn	linking vowel varies
fejt	fejt	[/V][Prs.NDef.3Pl]	2.4782289537346416	257759	j	t	1	fejtenek	fejtenek	enek	9996	1.0668413629964546	NA	NA	NA	NA	NA	NA	NA	FALSE	Prs.NDef.3Pl (mondanak)	4938	cc training	fejtenek	NA	NA	jt	NA	linking vowel always
küld	küld	[/V][Prs.NDef.2Sg]	3.329046184230405	1828231	l	d	1	küldes	küldesz	es	9413	1.0407431742300697	s	külds	küldsz	38	-1.3532012878411477	247.71052631578948	5.512260831820835	TRUE	Prs.NDef.2Sg (mondas)	4096	test	külds	s	lds	ld	ds	linking vowel varies
veršeng	verseng	[/V][Prs.NDef.3Pl]	1.673041590197379	40367	n	g	2	veršengenek	versengenek	enek	9319	1.0363844272755696	nek	veršengnek	versengnek	327	-0.4184371317976717	28.498470948012233	3.349850434888402	TRUE	Prs.NDef.3Pl (mondanak)	4938	test	veršengnek	n	ngn	ng	gn	linking vowel varies
ejt	ejt	[/V][Prs.NDef.3Pl]	2.54627650321544	301482	j	t	1	ejtenek	ejtenek	enek	9137	1.027818740453812	nek	ejtnek	ejtnek	4	-2.3309248931299953	2284.25	7.73379302187873	TRUE	Prs.NDef.3Pl (mondanak)	4938	test	ejtnek	n	jtn	jt	tn	linking vowel varies
edz	edz	[/V][Prs.NDef.3Pl]	2.3313488081092952	183795	d	z	1	edzenek	edzenek	enek	9134	1.027676122813024	nek	edznek	edznek	9	-1.978742375018633	1014.8888888888888	6.922534416408725	TRUE	Prs.NDef.3Pl (mondanak)	4938	test	edznek	n	dzn	dz	zn	linking vowel varies
kelt	kelt	[/V][Prs.NDef.2Sg]	2.7981185534768014	538398	l	t	1	keltes	keltesz	es	8990	1.020774807275271	s	kelts	keltsz	2	-2.6319548887939765	4495	8.410720946905721	TRUE	Prs.NDef.2Sg (mondas)	4096	test	kelts	s	lts	lt	ts	linking vowel varies
foḏast	fogyaszt	[/V][Prs.NDef.2Sg]	2.9152615186654556	705093	s	t	2	foḏastas	fogyasztasz	as	8874	1.0151345399225782	s	foḏasts	fogyasztsz	3	-2.455863629738295	2958	7.992268643270745	TRUE	Prs.NDef.2Sg (mondas)	4096	test	foḏasts	s	sts	st	ts	linking vowel varies
ellentmond	ellentmond	[/V][Prs.NDef.3Pl]	1.8501894968434336	60698	n	d	3	ellentmondanak	ellentmondanak	anak	8598	1.0014125563230305	nak	ellentmondnak	ellentmondnak	29	-1.4705868865590015	296.48275862068965	5.691989067069753	TRUE	Prs.NDef.3Pl (mondanak)	4938	test	ellentmondnak	n	ndn	nd	dn	linking vowel varies
kell	kell	[/V][Prs.NDef.2Sg]	4.529006843156771	28972884	l	l	1	kelles	kellesz	es	8577	1.0003505256196934	s	kells	kellsz	16	-1.728864901802033	536.0625	6.28425075875064	TRUE	Prs.NDef.2Sg (mondas)	4096	test	kells	s	lls	ll	ls	linking vowel varies
old	old	[/V][Prs.NDef.3Pl]	2.8249058973828483	572652	l	d	1	oldanak	oldanak	anak	7809	0.9596105383709403	nak	oldnak	oldnak	15	-1.756893625402277	520.6	6.254981992560465	TRUE	Prs.NDef.3Pl (mondanak)	4938	test	oldnak	n	ldn	ld	dn	linking vowel varies
eḏetért	egyetért	[/V][Prs.NDef.2Sg]	2.6806793792943684	410832	r	t	3	eḏetértes	egyetértesz	es	7768	0.9573243324419906	s	eḏetérts	egyetértsz	7	-2.087886844443701	1109.7142857142858	7.011857860915848	TRUE	Prs.NDef.2Sg (mondas)	4096	test	eḏetérts	s	rts	rt	ts	linking vowel varies
kiált	kiált	[/V][Prs.NDef.3Pl]	2.355172642073583	194159	l	t	2	kiáltanak	kiáltanak	anak	7741	0.955812182998723	nak	kiáltnak	kiáltnak	29	-1.4705868865590015	266.9310344827586	5.586990327218239	TRUE	Prs.NDef.3Pl (mondanak)	4938	test	kiáltnak	n	ltn	lt	tn	linking vowel varies
árast	áraszt	[/V][Prs.NDef.3Pl]	2.0384301389270374	93630	s	t	2	árastanak	árasztanak	anak	7527	0.9436370315763152	nak	árastnak	árasztnak	1	-2.932984884457958	7527	8.926251835034533	TRUE	Prs.NDef.3Pl (mondanak)	4938	test	árastnak	n	stn	st	tn	linking vowel varies
bánt	bánt	[/V][Prs.NDef.3Pl]	2.302654646830123	172044	n	t	1	bántanak	bántanak	anak	7388	0.935542002310246	NA	NA	NA	NA	NA	NA	NA	FALSE	Prs.NDef.3Pl (mondanak)	4938	cc training	bántanak	NA	NA	nt	NA	linking vowel always
tart	tart	[/V][Prs.NDef.2Pl]	3.987109835917599	8319452	r	t	1	tartotok	tartotok	otok	7279	0.9290868349220364	tok	tarttok	tarttok	14	-1.7868568487797198	519.9285714285714	6.253691439502999	TRUE	Prs.NDef.2Pl (mondotok)	3308	test	tarttok	t	rtt	rt	tt	linking vowel varies
ért	ért	[/V][Prs.1Sg›2]	3.4293511043012694	2303223	r	t	1	értelek	értelek	elek	7233	0.9263335806391584	lek	értlek	értlek	128	-0.8257749148100895	56.5078125	4.034378902929664	TRUE	Prs.1Sg›2 (mondalak)	1749	test	értlek	l	rtl	rt	tl	linking vowel varies
int	int	[/V][Prs.NDef.3Pl]	2.329181328593249	182880	n	t	1	intenek	intenek	enek	6982	0.9109949600202022	nek	intnek	intnek	7	-2.087886844443701	997.4285714285714	6.905180538609668	TRUE	Prs.NDef.3Pl (mondanak)	4938	test	intnek	n	ntn	nt	tn	linking vowel varies
tekint	tekint	[/V][Prs.NDef.2Sg]	3.253129436802632	1535021	n	t	2	tekintes	tekintesz	es	6947	0.9088124144163976	s	tekints	tekintsz	63	-1.133644335004376	110.26984126984128	4.702930464301348	TRUE	Prs.NDef.2Sg (mondas)	4096	test	tekints	s	nts	nt	ts	linking vowel varies
edz	edz	[/V][Prs.NDef.2Sg]	2.3313488081092952	183795	d	z	1	NA	NA	NA	NA	NA	el	edzel	edzel	6942	0.9084997248774354	NA	NA	FALSE	Prs.NDef.2Sg (mondas)	4096	cc training	edzel	e	dze	dz	ze	linking vowel never
reng	reng	[/V][Prs.NDef.2Pl]	1.2320515955366076	14623	n	g	1	rengetek	rengetek	etek	6867	0.9037821629362476	tek	rengtek	rengtek	44	-1.2895322079717704	156.0681818181818	5.0502929747024154	TRUE	Prs.NDef.2Pl (mondotok)	3308	test	rengtek	t	ngt	ng	gt	linking vowel varies
ment	ment	[/V][Prs.NDef.3Pl]	2.6656885548669886	396893	n	t	1	mentenek	mentenek	enek	6665	0.8908152692919202	NA	NA	NA	NA	NA	NA	NA	FALSE	Prs.NDef.3Pl (mondanak)	4938	cc training	mentenek	NA	NA	nt	NA	linking vowel always
ḏújt	gyújt	[/V][Prs.NDef.3Pl]	2.117290442944573	112273	j	t	1	ḏújtanak	gyújtanak	anak	6310	0.8670444747861765	nak	ḏújtnak	gyújtnak	3	-2.455863629738295	2103.3333333333335	7.651278666867149	TRUE	Prs.NDef.3Pl (mondanak)	4938	test	ḏújtnak	n	jtn	jt	tn	linking vowel varies
ront	ront	[/V][Prs.NDef.3Pl]	2.498256616638663	269924	n	t	1	rontanak	rontanak	anak	6283	0.8651821752579814	nak	rontnak	rontnak	11	-1.8915921992997329	571.1818181818181	6.3477075796045765	TRUE	Prs.NDef.3Pl (mondanak)	4938	test	rontnak	n	ntn	nt	tn	linking vowel varies
vált	vált	[/V][Prs.NDef.2Sg]	3.138701646345799	1179469	l	t	1	váltas	váltasz	as	5874	0.8359490577288237	s	válts	váltsz	14	-1.7868568487797198	419.57142857142856	6.039233782143307	TRUE	Prs.NDef.2Sg (mondas)	4096	test	válts	s	lts	lt	ts	linking vowel varies
tart	tart	[/V][Prs.1Sg›2]	3.987109835917599	8319452	r	t	1	tartalak	tartalak	alak	5730	0.8251697375094321	lak	tartlak	tartlak	91	-0.9739434921368644	62.96703296703296	4.142611303191935	TRUE	Prs.1Sg›2 (mondalak)	1749	test	tartlak	l	rtl	rt	tl	linking vowel varies
teremt	teremt	[/V][Prs.NDef.2Sg]	2.9969798872652507	851069	m	t	2	teremtes	teremtesz	es	5528	0.8095831499081841	s	teremts	teremtsz	17	-1.702535963079684	325.1764705882353	5.784368021391289	TRUE	Prs.NDef.2Sg (mondas)	4096	test	teremts	s	mts	mt	ts	linking vowel varies
leḏint	legyint	[/V][Prs.NDef.3Pl]	1.705684043387432	43518	n	t	2	leḏintenek	legyintenek	enek	5357	0.7959367619149015	NA	NA	NA	NA	NA	NA	NA	FALSE	Prs.NDef.3Pl (mondanak)	4938	cc training	leḏintenek	NA	NA	nt	NA	linking vowel always
kering	kering	[/V][Prs.NDef.2Pl]	1.9960046439135095	84916	n	g	2	keringetek	keringetek	etek	13	-1.819041532151121	tek	keringtek	keringtek	5312	0.7922731819020032	0.0024472891566265	-6.012774333694733	TRUE	Prs.NDef.2Pl (mondotok)	3308	test	keringtek	t	ngt	ng	gt	linking vowel varies
šért	sért	[/V][Prs.NDef.3Pl]	2.445578344004525	239091	r	t	1	šértenek	sértenek	enek	5039	0.7693594738978109	nek	šértnek	sértnek	3	-2.455863629738295	1679.6666666666667	7.426350640012489	TRUE	Prs.NDef.3Pl (mondanak)	4938	test	šértnek	n	rtn	rt	tn	linking vowel varies
önt	önt	[/V][Prs.NDef.3Pl]	2.628092636201345	363980	n	t	1	öntenek	öntenek	enek	4980	0.7642444583017597	nek	öntnek	öntnek	3	-2.455863629738295	1660	7.414572881350589	TRUE	Prs.NDef.3Pl (mondanak)	4938	test	öntnek	n	ntn	nt	tn	linking vowel varies
költ	költ	[/V][Prs.NDef.2Sg]	2.6688025015437415	399749	l	t	1	költes	költesz	es	4852	0.7529359077365775	s	költs	költsz	8	-2.0298948974660145	606.5	6.407704728384105	TRUE	Prs.NDef.2Sg (mondas)	4096	test	költs	s	lts	lt	ts	linking vowel varies
čeng	cseng	[/V][Prs.NDef.3Pl]	1.8314154384984305	58130	n	g	1	čengenek	csengenek	enek	4808	0.7489795745367253	nek	čengnek	csengnek	560	-0.18479685745175745	8.585714285714285	2.1500996924858486	TRUE	Prs.NDef.3Pl (mondanak)	4938	test	čengnek	n	ngn	ng	gn	linking vowel varies
hord	hord	[/V][Prs.NDef.2Sg]	2.5559590570874056	308279	r	d	1	hordas	hordasz	as	4467	0.7170310680138807	s	hords	hordsz	62	-1.140593194959704	72.04838709677419	4.277337936307027	TRUE	Prs.NDef.2Sg (mondas)	4096	test	hords	s	rds	rd	ds	linking vowel varies
bont	bont	[/V][Prs.NDef.3Pl]	2.508831177112865	276577	n	t	1	bontanak	bontanak	anak	4306	0.7010891410295106	nak	bontnak	bontnak	3	-2.455863629738295	1435.3333333333333	7.269152389256199	TRUE	Prs.NDef.3Pl (mondanak)	4938	test	bontnak	n	ntn	nt	tn	linking vowel varies
ébrest	ébreszt	[/V][Prs.NDef.3Pl]	2.0144439356578423	88599	s	t	2	ébrestenek	ébresztenek	enek	4285	0.6989659418012591	nek	ébrestnek	ébresztnek	1	-2.932984884457958	4285	8.36287583103188	TRUE	Prs.NDef.3Pl (mondanak)	4938	test	ébrestnek	n	stn	st	tn	linking vowel varies
sáll	száll	[/V][Prs.NDef.2Sg]	2.818571340335746	564360	l	l	1	sállas	szállasz	as	41	-1.3202010277382223	s	sálls	szállsz	4283	0.6987631899386115	0.00957272939528368	-4.648836910911063	TRUE	Prs.NDef.2Sg (mondas)	4096	test	sálls	s	lls	ll	ls	linking vowel varies
tolong	tolong	[/V][Prs.NDef.3Pl]	1.2105607427804643	13917	n	g	2	tolonganak	tolonganak	anak	4170	0.6871511705157997	nak	tolongnak	tolongnak	316	-0.433297801839554	13.19620253164557	2.579929101205935	TRUE	Prs.NDef.3Pl (mondanak)	4938	test	tolongnak	n	ngn	ng	gn	linking vowel varies
šugall	sugall	[/V][Prs.NDef.3Pl]	2.166726825892367	125809	l	l	2	šugallanak	sugallanak	anak	209	-0.6128385983469038	nak	šugallnak	sugallnak	4151	0.6851678489205616	0.05034931341845338	-2.988770296088228	TRUE	Prs.NDef.3Pl (mondanak)	4938	test	šugallnak	n	lln	ll	ln	linking vowel varies
šejt	sejt	[/V][Prs.NDef.3Pl]	2.9107709750098145	697840	j	t	1	šejtenek	sejtenek	enek	4070	0.6766095247672622	NA	NA	NA	NA	NA	NA	NA	FALSE	Prs.NDef.3Pl (mondanak)	4938	cc training	šejtenek	NA	NA	jt	NA	linking vowel always
megért	megért	[/V][Prs.NDef.3Pl]	2.9406855700837777	747602	r	t	2	megértenek	megértenek	enek	3904	0.6585249245366963	NA	NA	NA	NA	NA	NA	NA	FALSE	Prs.NDef.3Pl (mondanak)	4938	cc training	megértenek	NA	NA	rt	NA	linking vowel always
vest	veszt	[/V][Prs.NDef.3Pl]	2.6514582920249814	384099	s	t	1	vestenek	vesztenek	enek	3860	0.6536024202137971	nek	vestnek	vesztnek	19	-1.654231283505129	203.1578947368421	5.313983483292436	TRUE	Prs.NDef.3Pl (mondanak)	4938	test	vestnek	n	stn	st	tn	linking vowel varies
felejt	felejt	[/V][Prs.NDef.3Pl]	2.6921814049054085	421858	j	t	2	felejtenek	felejtenek	enek	3857	0.6532647544080841	NA	NA	NA	NA	NA	NA	NA	FALSE	Prs.NDef.3Pl (mondanak)	4938	cc training	felejtenek	NA	NA	jt	NA	linking vowel always
megért	megért	[/V][Prs.1Sg›2]	2.9406855700837777	747602	r	t	2	megértelek	megértelek	elek	3786	0.6451957251698202	lek	megértlek	megértlek	36	-1.3766823836906703	105.16666666666669	4.655546393313158	TRUE	Prs.1Sg›2 (mondalak)	1749	test	megértlek	l	rtl	rt	tl	linking vowel varies
áld	áld	[/V][Prs.1Sg›2]	1.9847463785340496	82743	l	d	1	áldalak	áldalak	alak	3776	0.6440471011680735	lak	áldlak	áldlak	203	-0.6254888465447449	18.600985221674875	2.923214548223604	TRUE	Prs.1Sg›2 (mondalak)	1749	test	áldlak	l	ldl	ld	dl	linking vowel varies
ságuld	száguld	[/V][Prs.NDef.3Pl]	1.6960677532704322	42565	l	d	2	ságuldanak	száguldanak	anak	3516	0.6130639819437764	nak	ságuldnak	száguldnak	32	-1.427834906138052	109.875	4.6993433560053415	TRUE	Prs.NDef.3Pl (mondanak)	4938	test	ságuldnak	n	ldn	ld	dn	linking vowel varies
kösönt	köszönt	[/V][Prs.NDef.3Pl]	2.6232584999815622	359951	n	t	2	kösöntenek	köszöntenek	enek	3341	0.5908915911801735	NA	NA	NA	NA	NA	NA	NA	FALSE	Prs.NDef.3Pl (mondanak)	4938	cc training	kösöntenek	NA	NA	nt	NA	linking vowel always
ḏűjt	gyűjt	[/V][Prs.NDef.2Sg]	2.9400629622305536	746531	j	t	1	ḏűjtes	gyűjtesz	es	3317	0.5877605870615245	s	ḏűjts	gyűjtsz	7	-2.087886844443701	473.8571428571428	6.1609058898917395	TRUE	Prs.NDef.2Sg (mondas)	4096	test	ḏűjts	s	jts	jt	ts	linking vowel varies
rajong	rajong	[/V][Prs.NDef.2Sg]	2.0252970219361894	90841	n	g	2	rajongas	rajongasz	as	202	-0.627633515011334	s	rajongs	rajongsz	3314	0.5873676196253601	0.06095353047676524	-2.7976435005853033	TRUE	Prs.NDef.2Sg (mondas)	4096	test	rajongs	s	ngs	ng	gs	linking vowel varies
erest	ereszt	[/V][Prs.NDef.3Pl]	2.0182700425231386	89383	s	t	2	erestenek	eresztenek	enek	3168	0.567800288459498	nek	erestnek	eresztnek	3	-2.455863629738295	1056	6.962243464266207	TRUE	Prs.NDef.3Pl (mondanak)	4938	test	erestnek	n	stn	st	tn	linking vowel varies
sorong	szorong	[/V][Prs.NDef.3Pl]	1.6523630266366331	38490	n	g	2	soronganak	szoronganak	anak	3148	0.5650498392290692	nak	sorongnak	szorongnak	255	-0.5264447040240027	12.345098039215689	2.5132590643788677	TRUE	Prs.NDef.3Pl (mondanak)	4938	test	sorongnak	n	ngn	ng	gn	linking vowel varies
veršeng	verseng	[/V][Prs.NDef.2Pl]	1.673041590197379	40367	n	g	2	veršengetek	versengetek	etek	34	-1.4015059674157029	tek	veršengtek	versengtek	3139	0.5638064312420846	0.01083147499203568	-4.525299032225792	TRUE	Prs.NDef.2Pl (mondotok)	3308	test	veršengtek	t	ngt	ng	gt	linking vowel varies
ṉújt	nyújt	[/V][Prs.NDef.2Sg]	3.490448433130639	2651144	j	t	1	ṉújtas	nyújtasz	as	3112	0.5600547038596935	s	ṉújts	nyújtsz	53	-1.2087090148571689	58.716981132075475	4.0727289717461606	TRUE	Prs.NDef.2Sg (mondas)	4096	test	ṉújts	s	jts	jt	ts	linking vowel varies
tilt	tilt	[/V][Prs.NDef.3Pl]	2.4688841658205796	252272	l	t	1	tiltanak	tiltanak	anak	3102	0.5586569090196283	nak	tiltnak	tiltnak	2	-2.6319548887939765	1551	7.346655163176539	TRUE	Prs.NDef.3Pl (mondanak)	4938	test	tiltnak	n	ltn	lt	tn	linking vowel varies
óhajt	óhajt	[/V][Prs.NDef.3Pl]	1.6797460062903842	40995	j	t	2	óhajtanak	óhajtanak	anak	3102	0.5586569090196283	nak	óhajtnak	óhajtnak	9	-1.978742375018633	344.6666666666667	5.8425777664002645	TRUE	Prs.NDef.3Pl (mondanak)	4938	test	óhajtnak	n	jtn	jt	tn	linking vowel varies
árt	árt	[/V][Prs.NDef.2Sg]	2.658968559291343	390799	r	t	1	ártas	ártasz	as	2962	0.5386001697272318	s	árts	ártsz	46	-1.2702270527763837	64.3913043478261	4.164978598338649	TRUE	Prs.NDef.2Sg (mondas)	4096	test	árts	s	rts	rt	ts	linking vowel varies
ajánl	ajánl	[/V][Prs.NDef.2Sg]	3.322595137004172	1801275	n	l	2	ajánlas	ajánlasz	as	2948	0.536542594729056	s	ajánls	ajánlsz	111	-0.8876619056713004	26.55855855855856	3.2793520519968933	TRUE	Prs.NDef.2Sg (mondas)	4096	test	ajánls	s	nls	nl	ls	linking vowel varies
bojong	bolyong	[/V][Prs.NDef.3Pl]	1.5543797744589725	30716	n	g	2	bojonganak	bolyonganak	anak	2855	0.522621228123909	nak	bojongnak	bolyongnak	273	-0.49682223741720183	10.457875457875458	2.347355326905151	TRUE	Prs.NDef.3Pl (mondanak)	4938	test	bojongnak	n	ngn	ng	gn	linking vowel varies
zeng	zeng	[/V][Prs.NDef.3Pl]	1.7743979085034178	50978	n	g	1	zengenek	zengenek	enek	2728	0.5028594815264835	nek	zengnek	zengnek	995	0.06483819628776764	2.741708542713568	1.00858128180476	TRUE	Prs.NDef.3Pl (mondanak)	4938	test	zengnek	n	ngn	ng	gn	linking vowel varies
teṉést	tenyészt	[/V][Prs.NDef.3Pl]	1.5248516132674836	28697	s	t	2	teṉéstenek	tenyésztenek	enek	2722	0.5019032364093581	NA	NA	NA	NA	NA	NA	NA	FALSE	Prs.NDef.3Pl (mondanak)	4938	cc training	teṉéstenek	NA	NA	st	NA	linking vowel always
kíšért	kísért	[/V][Prs.NDef.3Pl]	1.5551849523789012	30773	r	t	2	kíšértenek	kísértenek	enek	2696	0.49773500340532434	NA	NA	NA	NA	NA	NA	NA	FALSE	Prs.NDef.3Pl (mondanak)	4938	cc training	kíšértenek	NA	NA	rt	NA	linking vowel always
ragast	ragaszt	[/V][Prs.NDef.3Pl]	2.1034803212938553	108759	s	t	2	ragastanak	ragasztanak	anak	2659	0.49173345287360926	nak	ragastnak	ragasztnak	1	-2.932984884457958	2659	7.88570539124302	TRUE	Prs.NDef.3Pl (mondanak)	4938	test	ragastnak	n	stn	st	tn	linking vowel varies
örvend	örvend	[/V][Prs.NDef.2Pl]	2.1193126646506104	112797	n	d	2	örvendetek	örvendetek	etek	21	-1.6107655897240385	tek	örvendtek	örvendtek	2639	0.4884545057620919	0.00795755968169761	-4.833632898779901	TRUE	Prs.NDef.2Pl (mondotok)	3308	test	örvendtek	t	ndt	nd	dt	linking vowel varies
hajt	hajt	[/V][Prs.NDef.2Sg]	2.919594521957997	712163	j	t	1	hajtas	hajtasz	as	2632	0.4873010004839601	s	hajts	hajtsz	9	-1.978742375018633	292.44444444444446	5.678274715108988	TRUE	Prs.NDef.2Sg (mondas)	4096	test	hajts	s	jts	jt	ts	linking vowel varies
varr	varr	[/V][Prs.NDef.3Pl]	2.1150449597688534	111694	r	r	1	varranak	varranak	anak	1	-2.932984884457958	nak	varrnak	varrnak	2478	0.4611164175820868	4.035512510088781e-4	-7.815207062189088	TRUE	Prs.NDef.3Pl (mondanak)	4938	test	varrnak	n	rrn	rr	rn	linking vowel varies
gerjest	gerjeszt	[/V][Prs.NDef.3Pl]	1.5671280377017365	31631	s	t	2	gerjestenek	gerjesztenek	enek	2454	0.4568896739330277	nek	gerjestnek	gerjesztnek	1	-2.932984884457958	2454	7.805474625270857	TRUE	Prs.NDef.3Pl (mondanak)	4938	test	gerjestnek	n	stn	st	tn	linking vowel varies
vest	veszt	[/V][Prs.NDef.2Sg]	2.6514582920249814	384099	s	t	1	vestes	vesztesz	es	2439	0.45422691585577274	NA	NA	NA	NA	NA	NA	NA	FALSE	Prs.NDef.2Sg (mondas)	4096	cc training	vestes	NA	NA	st	NA	linking vowel always
ment	ment	[/V][Prs.NDef.2Pl]	2.6656885548669886	396893	n	t	1	mentetek	mentetek	etek	2438	0.4540488168244052	tek	menttek	menttek	20	-1.6319548887939763	121.9	4.803201036487226	TRUE	Prs.NDef.2Pl (mondotok)	3308	test	menttek	t	ntt	nt	tt	linking vowel varies
mond	mond	[/V][Prs.NDef.2Pl]	4.129447533832242	11546023	n	d	1	mondotok	mondotok	otok	1909	0.34782104393570895	tok	mondtok	mondtok	2410	0.44903215811691055	0.7921161825726141	-0.2330472027589531	TRUE	Prs.NDef.2Pl (mondotok)	3308	test	mondtok	t	ndt	nd	dt	linking vowel varies
hejtáll	helytáll	[/V][Prs.NDef.3Pl]	1.785201141146585	52262	l	l	2	hejtállanak	helytállanak	anak	26	-1.5180115364871398	nak	hejtállnak	helytállnak	2409	0.4488519155403856	0.0107928601079286	-4.528870464593389	TRUE	Prs.NDef.3Pl (mondanak)	4938	test	hejtállnak	n	lln	ll	ln	linking vowel varies
akast	akaszt	[/V][Prs.NDef.3Pl]	2.0187556513332554	89483	s	t	2	akastanak	akasztanak	anak	2402	0.4475881186089294	nak	akastnak	akasztnak	6	-2.1548336340743144	400.3333333333333	5.9922975334118735	TRUE	Prs.NDef.3Pl (mondanak)	4938	test	akastnak	n	stn	st	tn	linking vowel varies
ajánl	ajánl	[/V][Prs.NDef.2Pl]	3.322595137004172	1801275	n	l	2	ajánlotok	ajánlotok	otok	2389	0.44523126529192	tok	ajánltok	ajánltok	15	-1.756893625402277	159.26666666666668	5.070579946223599	TRUE	Prs.NDef.2Pl (mondotok)	3308	test	ajánltok	t	nlt	nl	lt	linking vowel varies
fešt	fest	[/V][Prs.NDef.2Sg]	2.6777795819372385	408098	š	t	1	feštes	festesz	es	2319	0.4323158641800295	NA	NA	NA	NA	NA	NA	NA	FALSE	Prs.NDef.2Sg (mondas)	4096	cc training	feštes	NA	NA	št	NA	linking vowel always
növest	növeszt	[/V][Prs.NDef.3Pl]	1.5623235102166582	31283	s	t	2	növestenek	növesztenek	enek	2149	0.3992515310334855	NA	NA	NA	NA	NA	NA	NA	FALSE	Prs.NDef.3Pl (mondanak)	4938	cc training	növestenek	NA	NA	st	NA	linking vowel always
emést	emészt	[/V][Prs.NDef.3Pl]	1.792510213214763	53149	s	t	2	eméstenek	emésztenek	enek	2089	0.3869535555223508	NA	NA	NA	NA	NA	NA	NA	FALSE	Prs.NDef.3Pl (mondanak)	4938	cc training	eméstenek	NA	NA	st	NA	linking vowel always
válast	választ	[/V][Prs.NDef.2Pl]	3.596984538197973	3388203	s	t	2	válastotok	választotok	otok	2083	0.3857043854897881	tok	válasttok	választtok	2	-2.6319548887939765	1041.5	6.948417260701027	TRUE	Prs.NDef.2Pl (mondotok)	3308	test	válasttok	t	stt	st	tt	linking vowel varies
robbant	robbant	[/V][Prs.NDef.3Pl]	1.758706491233094	49169	n	t	2	robbantanak	robbantanak	anak	2016	0.3715056433155299	NA	NA	NA	NA	NA	NA	NA	FALSE	Prs.NDef.3Pl (mondanak)	4938	cc training	robbantanak	NA	NA	nt	NA	linking vowel always
forr	forr	[/V][Prs.NDef.3Pl]	1.836569668505726	58824	r	r	1	forranak	forranak	anak	33	-1.4144709445800705	nak	forrnak	forrnak	1982	0.3641187656912987	0.01664984863773965	-4.095354153423453	TRUE	Prs.NDef.3Pl (mondanak)	4938	test	forrnak	n	rrn	rr	rn	linking vowel varies
üvölt	üvölt	[/V][Prs.NDef.3Pl]	1.8333164000862288	58385	l	t	2	üvöltenek	üvöltenek	enek	1976	0.3628020557936515	nek	üvöltnek	üvöltnek	5	-2.234014880121939	395.2	5.979391965873713	TRUE	Prs.NDef.3Pl (mondanak)	4938	test	üvöltnek	n	ltn	lt	tn	linking vowel varies
séḏell	szégyell	[/V][Prs.NDef.3Pl]	2.0545830722375222	97178	l	l	2	séḏellenek	szégyellenek	enek	50	-1.234014880121939	nek	séḏellnek	szégyellnek	1943	0.3554879161418247	0.02573340195573855	-3.659965443949294	TRUE	Prs.NDef.3Pl (mondanak)	4938	test	séḏellnek	n	lln	ll	ln	linking vowel varies
serkest	szerkeszt	[/V][Prs.NDef.3Pl]	2.4176584720723215	224204	s	t	2	serkestenek	szerkesztenek	enek	1930	0.3525724245498159	NA	NA	NA	NA	NA	NA	NA	FALSE	Prs.NDef.3Pl (mondanak)	4938	cc training	serkestenek	NA	NA	st	NA	linking vowel always
šarkall	sarkall	[/V][Prs.NDef.3Pl]	1.673009313043713	40364	l	l	2	šarkallanak	sarkallanak	anak	44	-1.2895322079717704	nak	šarkallnak	sarkallnak	1925	0.3514458493865616	0.02285714285714285	-3.7784916128036232	TRUE	Prs.NDef.3Pl (mondanak)	4938	test	šarkallnak	n	lln	ll	ln	linking vowel varies
šújt	sújt	[/V][Prs.NDef.3Pl]	2.2020777650972594	136478	j	t	1	šújtanak	sújtanak	anak	1910	0.3480484827897697	nak	šújtnak	sújtnak	1	-2.932984884457958	1910	7.554858521040676	TRUE	Prs.NDef.3Pl (mondanak)	4938	test	šújtnak	n	jtn	jt	tn	linking vowel varies
hall	hall	[/V][Prs.NDef.2Pl]	3.340736603116228	1878112	l	l	1	hallotok	hallotok	otok	1900	0.3457687164948711	NA	NA	NA	NA	NA	NA	NA	FALSE	Prs.NDef.2Pl (mondotok)	3308	cc training	hallotok	NA	NA	ll	NA	linking vowel always
megért	megért	[/V][Prs.NDef.2Sg]	2.9406855700837777	747602	r	t	2	megértes	megértesz	es	1897	0.34508244643070474	s	megérts	megértsz	5	-2.234014880121939	379.4	5.938591057500914	TRUE	Prs.NDef.2Sg (mondas)	4096	test	megérts	s	rts	rt	ts	linking vowel varies
küld	küld	[/V][Prs.1Sg›2]	3.329046184230405	1828231	l	d	1	küldelek	küldelek	elek	1871	0.33908890304205214	lek	küldlek	küldlek	68	-1.1004759717517214	27.514705882352946	3.314720621097983	TRUE	Prs.1Sg›2 (mondalak)	1749	test	küldlek	l	ldl	ld	dl	linking vowel varies
olt	olt	[/V][Prs.NDef.3Pl]	2.01363438478017	88434	l	t	1	oltanak	oltanak	anak	1854	0.33512484535052045	nak	oltnak	oltnak	1	-2.932984884457958	1854	7.5251007461258	TRUE	Prs.NDef.3Pl (mondanak)	4938	test	oltnak	n	ltn	lt	tn	linking vowel varies
végrehajt	végrehajt	[/V][Prs.NDef.3Pl]	2.3635815912942486	197955	j	t	3	végrehajtanak	végrehajtanak	anak	1848	0.3337170824261301	NA	NA	NA	NA	NA	NA	NA	FALSE	Prs.NDef.3Pl (mondanak)	4938	cc training	végrehajtanak	NA	NA	jt	NA	linking vowel always
dönt	dönt	[/V][Prs.NDef.2Pl]	3.394476429170933	2125501	n	t	1	döntötök	döntötök	ötök	1836	0.3308877924072658	NA	NA	NA	NA	NA	NA	NA	FALSE	Prs.NDef.2Pl (mondotok)	3308	cc training	döntötök	NA	NA	nt	NA	linking vowel always
ost	oszt	[/V][Prs.NDef.2Sg]	3.0325272520246824	923660	s	t	1	ostas	osztasz	as	1761	0.3127744715093191	NA	NA	NA	NA	NA	NA	NA	FALSE	Prs.NDef.2Sg (mondas)	4096	cc training	ostas	NA	NA	st	NA	linking vowel always
eḏetért	egyetért	[/V][Prs.NDef.2Pl]	2.6806793792943684	410832	r	t	3	eḏetértetek	egyetértetek	etek	1615	0.27518764220916386	tek	eḏetérttek	egyetérttek	42	-1.3097355940600577	38.45238095238095	3.649420617373389	TRUE	Prs.NDef.2Pl (mondotok)	3308	test	eḏetérttek	t	rtt	rt	tt	linking vowel varies
pillant	pillant	[/V][Prs.NDef.2Sg]	2.0275762625908595	91319	n	t	2	pillantas	pillantasz	as	1613	0.27464948293100366	s	pillants	pillantsz	22	-1.5905622036357516	73.31818181818181	4.294808624766893	TRUE	Prs.NDef.2Sg (mondas)	4096	test	pillants	s	nts	nt	ts	linking vowel varies
felejt	felejt	[/V][Prs.NDef.2Sg]	2.6921814049054085	421858	j	t	2	felejtes	felejtesz	es	1564	0.2612518642658714	s	felejts	felejtsz	36	-1.3766823836906703	43.44444444444444	3.7714829826491463	TRUE	Prs.NDef.2Sg (mondas)	4096	test	felejts	s	jts	jt	ts	linking vowel varies
jelent	jelent	[/V][Prs.NDef.2Sg]	3.848512349249592	6046405	n	t	2	jelentes	jelentesz	es	1524	0.25000008254562384	s	jelents	jelentsz	15	-1.756893625402277	101.6	4.6210435351443815	TRUE	Prs.NDef.2Sg (mondas)	4096	test	jelents	s	nts	nt	ts	linking vowel varies
illest	illeszt	[/V][Prs.NDef.3Pl]	2.06868393886985	100385	s	t	2	illestenek	illesztenek	enek	1488	0.23961804675190207	NA	NA	NA	NA	NA	NA	NA	FALSE	Prs.NDef.3Pl (mondanak)	4938	cc training	illestenek	NA	NA	st	NA	linking vowel always
lézeng	lézeng	[/V][Prs.NDef.3Pl]	1.031557581621179	9216	n	g	2	lézengenek	lézengenek	enek	1404	0.21438222333582865	nek	lézengnek	lézengnek	73	-1.069662024337502	19.232876712328768	2.9566211434373653	TRUE	Prs.NDef.3Pl (mondanak)	4938	test	lézengnek	n	ngn	ng	gn	linking vowel varies
kelt	kelt	[/V][Prs.NDef.2Pl]	2.7981185534768014	538398	l	t	1	keltetek	keltetek	etek	1379	0.20657938171789195	tek	kelttek	kelttek	1	-2.932984884457958	1379	7.229113877793302	TRUE	Prs.NDef.2Pl (mondotok)	3308	test	kelttek	t	ltt	lt	tt	linking vowel varies
lappang	lappang	[/V][Prs.NDef.3Pl]	1.2723819034085184	16046	n	g	2	lappanganak	lappanganak	anak	1369	0.20341856367603217	nak	lappangnak	lappangnak	187	-0.6611432779214589	7.320855614973262	1.9907272084338623	TRUE	Prs.NDef.3Pl (mondanak)	4938	test	lappangnak	n	ngn	ng	gn	linking vowel varies
zeng	zeng	[/V][Prs.NDef.2Pl]	1.7743979085034178	50978	n	g	1	zengetek	zengetek	etek	12	-1.853803638410333	tek	zengtek	zengtek	1349	0.1970270652139464	0.00889547813194959	-4.722212206419756	TRUE	Prs.NDef.2Pl (mondotok)	3308	test	zengtek	t	ngt	ng	gt	linking vowel varies
pillant	pillant	[/V][Prs.NDef.3Pl]	2.0275762625908595	91319	n	t	2	pillantanak	pillantanak	anak	1347	0.19638271126502777	nak	pillantnak	pillantnak	1	-2.932984884457958	1347	7.205635176410364	TRUE	Prs.NDef.3Pl (mondanak)	4938	test	pillantnak	n	ntn	nt	tn	linking vowel varies
lejt	lejt	[/V][Prs.NDef.3Pl]	1.1958342577365526	13453	j	t	1	lejtenek	lejtenek	enek	1333	0.1918452649559014	nek	lejtnek	lejtnek	11	-1.8915921992997329	121.1818181818182	4.797292047380338	TRUE	Prs.NDef.3Pl (mondanak)	4938	test	lejtnek	n	jtn	jt	tn	linking vowel varies
önt	önt	[/V][Prs.NDef.2Sg]	2.628092636201345	363980	n	t	1	öntes	öntesz	es	1320	0.187589046747892	s	önts	öntsz	8	-2.0298948974660145	165	5.10594547390058	TRUE	Prs.NDef.2Sg (mondas)	4096	test	önts	s	nts	nt	ts	linking vowel varies
félreért	félreért	[/V][Prs.NDef.2Sg]	1.6781859130022172	40848	r	t	3	félreértes	félreértesz	es	1313	0.18527984163152153	s	félreérts	félreértsz	7	-2.087886844443701	187.57142857142856	5.2341597252474825	TRUE	Prs.NDef.2Sg (mondas)	4096	test	félreérts	s	rts	rt	ts	linking vowel varies
bossant	bosszant	[/V][Prs.NDef.3Pl]	1.6866614018736934	41653	n	t	2	bossantanak	bosszantanak	anak	1308	0.18362285953029064	NA	NA	NA	NA	NA	NA	NA	FALSE	Prs.NDef.3Pl (mondanak)	4938	cc training	bossantanak	NA	NA	nt	NA	linking vowel always
kong	kong	[/V][Prs.NDef.3Pl]	1.684612987091838	41457	n	g	1	konganak	konganak	anak	1304	0.18229270693794355	nak	kongnak	kongnak	305	-0.448685045111172	4.275409836065574	1.4528799658791869	TRUE	Prs.NDef.3Pl (mondanak)	4938	test	kongnak	n	ngn	ng	gn	linking vowel varies
lézeng	lézeng	[/V][Prs.NDef.2Pl]	1.031557581621179	9216	n	g	2	lézengetek	lézengetek	etek	2	-2.6319548887939765	tek	lézengtek	lézengtek	1292	0.17827762920110743	0.00154798761609907	-6.470799503782602	TRUE	Prs.NDef.2Pl (mondotok)	3308	test	lézengtek	t	ngt	ng	gt	linking vowel varies
függ	függ	[/V][Prs.NDef.2Sg]	2.921588333286279	715440	g	g	1	függes	függesz	es	217	-0.5965251506094283	s	függs	függsz	1289	0.17726803289544518	0.16834755624515127	-1.781724649398728	TRUE	Prs.NDef.2Sg (mondas)	4096	test	függs	s	ggs	gg	gs	linking vowel varies
megšért	megsért	[/V][Prs.NDef.3Pl]	2.1871545349738746	131868	r	t	2	megšértenek	megsértenek	enek	1280	0.17422508518991056	nek	megšértnek	megsértnek	1	-2.932984884457958	1280	7.154615356913663	TRUE	Prs.NDef.3Pl (mondanak)	4938	test	megšértnek	n	rtn	rt	tn	linking vowel varies
töpreng	töpreng	[/V][Prs.NDef.3Pl]	1.6971377584013545	42670	n	g	2	töprengenek	töprengenek	enek	1241	0.16078689704077198	nek	töprengnek	töprengnek	32	-1.427834906138052	38.78125	3.657936882404881	TRUE	Prs.NDef.3Pl (mondanak)	4938	test	töprengnek	n	ngn	ng	gn	linking vowel varies
irt	irt	[/V][Prs.NDef.3Pl]	2.0216145648335377	90074	r	t	1	irtanak	irtanak	anak	1233	0.1579781921377738	NA	NA	NA	NA	NA	NA	NA	FALSE	Prs.NDef.3Pl (mondanak)	4938	cc training	irtanak	NA	NA	rt	NA	linking vowel always
ránt	ránt	[/V][Prs.NDef.3Pl]	2.1327815031647908	116350	n	t	1	rántanak	rántanak	anak	1210	0.14980048585849226	NA	NA	NA	NA	NA	NA	NA	FALSE	Prs.NDef.3Pl (mondanak)	4938	cc training	rántanak	NA	NA	nt	NA	linking vowel always
vall	vall	[/V][Prs.NDef.2Sg]	2.7990089795374744	539503	l	l	1	vallas	vallasz	as	1203	0.14728074288188692	s	valls	vallsz	23	-1.571257048440365	52.30434782608695	3.957079500045529	TRUE	Prs.NDef.2Sg (mondas)	4096	test	valls	s	lls	ll	ls	linking vowel varies
leng	leng	[/V][Prs.NDef.3Pl]	1.7526762559372897	48491	n	g	1	lengenek	lengenek	enek	1199	0.1458342986408908	nek	lengnek	lengnek	279	-0.48738068118436023	4.297491039426523	1.4580313732061487	TRUE	Prs.NDef.3Pl (mondanak)	4938	test	lengnek	n	ngn	ng	gn	linking vowel varies
sorong	szorong	[/V][Prs.NDef.2Sg]	1.6523630266366331	38490	n	g	2	sorongas	szorongasz	as	45	-1.279772370682614	s	sorongs	szorongsz	1184	0.14036681792894318	0.03800675675675676	-3.2699913256736313	TRUE	Prs.NDef.2Sg (mondas)	4096	test	sorongs	s	ngs	ng	gs	linking vowel varies
ḏárt	gyárt	[/V][Prs.NDef.2Sg]	2.644984606286616	378416	r	t	1	ḏártas	gyártasz	as	1183	0.1399998601699725	NA	NA	NA	NA	NA	NA	NA	FALSE	Prs.NDef.2Sg (mondas)	4096	cc training	ḏártas	NA	NA	rt	NA	linking vowel always
félt	félt	[/V][Prs.NDef.3Pl]	2.065662355068752	99689	l	t	1	féltenek	féltenek	enek	1177	0.13779157838547687	NA	NA	NA	NA	NA	NA	NA	FALSE	Prs.NDef.3Pl (mondanak)	4938	cc training	féltenek	NA	NA	lt	NA	linking vowel always
ront	ront	[/V][Prs.NDef.2Sg]	2.498256616638663	269924	n	t	1	rontas	rontasz	as	1174	0.13668321245363788	s	ronts	rontsz	9	-1.978742375018633	130.44444444444446	4.870947423051822	TRUE	Prs.NDef.2Sg (mondas)	4096	test	ronts	s	nts	nt	ts	linking vowel varies
ṉomast	nyomaszt	[/V][Prs.NDef.3Pl]	1.3612608316801604	19690	s	t	2	ṉomastanak	nyomasztanak	anak	1171	0.13557201061440527	NA	NA	NA	NA	NA	NA	NA	FALSE	Prs.NDef.3Pl (mondanak)	4938	cc training	ṉomastanak	NA	NA	st	NA	linking vowel always
riast	riaszt	[/V][Prs.NDef.3Pl]	1.8228823519462607	56999	s	t	2	riastanak	riasztanak	anak	1161	0.13184733528061598	NA	NA	NA	NA	NA	NA	NA	FALSE	Prs.NDef.3Pl (mondanak)	4938	cc training	riastanak	NA	NA	st	NA	linking vowel always
koṯvast	kotyvaszt	[/V][Prs.NDef.2Sg]	0.7508723209423885	4829	s	t	2	koṯvastas	kotyvasztasz	as	1157	0.13034847449379172	NA	NA	NA	NA	NA	NA	NA	FALSE	Prs.NDef.2Sg (mondas)	4096	cc training	koṯvastas	NA	NA	st	NA	linking vowel always
küld	küld	[/V][Prs.NDef.2Pl]	3.329046184230405	1828231	l	d	1	küldötök	küldötök	ötök	145	-0.771616882222983	tök	küldtök	küldtök	1155	0.12959709977020528	0.12554112554112554	-2.0751218805353195	TRUE	Prs.NDef.2Pl (mondotok)	3308	test	küldtök	t	ldt	ld	dt	linking vowel varies
tölt	tölt	[/V][Prs.NDef.2Pl]	3.4380290110614276	2349708	l	t	1	töltötök	töltötök	ötök	1155	0.12959709977020528	NA	NA	NA	NA	NA	NA	NA	FALSE	Prs.NDef.2Pl (mondotok)	3308	cc training	töltötök	NA	NA	lt	NA	linking vowel always
félreért	félreért	[/V][Prs.NDef.3Pl]	1.6781859130022172	40848	r	t	3	félreértenek	félreértenek	enek	1143	0.12506134593732388	NA	NA	NA	NA	NA	NA	NA	FALSE	Prs.NDef.3Pl (mondanak)	4938	cc training	félreértenek	NA	NA	rt	NA	linking vowel always
válast	választ	[/V][Prs.1Sg›2]	3.596984538197973	3388203	s	t	2	válastalak	választalak	alak	1129	0.11970905746701004	lak	válastlak	választlak	5	-2.234014880121939	225.8	5.419649651715562	TRUE	Prs.1Sg›2 (mondalak)	1749	test	válastlak	l	stl	st	tl	linking vowel varies
čüng	csüng	[/V][Prs.NDef.3Pl]	1.166350393228	12570	n	g	1	čüngenek	csüngenek	enek	1121	0.11662072813701536	nek	čüngnek	csüngnek	773	-0.04480539053963291	1.4501940491591203	0.37169737448473794	TRUE	Prs.NDef.3Pl (mondanak)	4938	test	čüngnek	n	ngn	ng	gn	linking vowel varies
kattint	kattint	[/V][Prs.NDef.2Pl]	3.101250403862836	1082020	n	t	2	kattintotok	kattintotok	otok	1080	0.10043887102899184	tok	kattinttok	kattinttok	3	-2.455863629738295	360	5.886104031450156	TRUE	Prs.NDef.2Pl (mondotok)	3308	test	kattinttok	t	ntt	nt	tt	linking vowel varies
bánt	bánt	[/V][Prs.NDef.2Sg]	2.302654646830123	172044	n	t	1	bántas	bántasz	as	1065	0.09436472331679864	s	bánts	bántsz	21	-1.6107655897240385	50.714285714285715	3.9262076404201025	TRUE	Prs.NDef.2Sg (mondas)	4096	test	bánts	s	nts	nt	ts	linking vowel varies
fost	foszt	[/V][Prs.NDef.3Pl]	1.6726648740591443	40332	s	t	1	fostanak	fosztanak	anak	1065	0.09436472331679864	nak	fostnak	fosztnak	2	-2.6319548887939765	532.5	6.277582897583581	TRUE	Prs.NDef.3Pl (mondanak)	4938	test	fostnak	n	stn	st	tn	linking vowel varies
villant	villant	[/V][Prs.NDef.3Pl]	1.4953605237269272	26813	n	t	2	villantanak	villantanak	anak	1047	0.08696179722088447	NA	NA	NA	NA	NA	NA	NA	FALSE	Prs.NDef.3Pl (mondanak)	4938	cc training	villantanak	NA	NA	nt	NA	linking vowel always
zöldell	zöldell	[/V][Prs.NDef.3Pl]	0.8296186651088456	5789	l	l	2	zöldellenek	zöldellenek	enek	132	-0.812410953252108	nek	zöldellnek	zöldellnek	1044	0.08571561420828551	0.1264367816091954	-2.068012845856213	TRUE	Prs.NDef.3Pl (mondanak)	4938	test	zöldellnek	n	lln	ll	ln	linking vowel varies
koccint	koccint	[/V][Prs.NDef.3Pl]	1.2511384697817134	15280	n	t	2	koccintanak	koccintanak	anak	1026	0.07816247631783964	NA	NA	NA	NA	NA	NA	NA	FALSE	Prs.NDef.3Pl (mondanak)	4938	cc training	koccintanak	NA	NA	nt	NA	linking vowel always
kiált	kiált	[/V][Prs.NDef.2Sg]	2.355172642073583	194159	l	t	2	kiáltas	kiáltasz	as	1024	0.0773150721818541	s	kiálts	kiáltsz	12	-1.853803638410333	85.33333333333333	4.446565155811452	TRUE	Prs.NDef.2Sg (mondas)	4096	test	kiálts	s	lts	lt	ts	linking vowel varies
aggast	aggaszt	[/V][Prs.NDef.3Pl]	1.550502563221635	30443	s	t	2	aggastanak	aggasztanak	anak	1009	0.07090628177895267	NA	NA	NA	NA	NA	NA	NA	FALSE	Prs.NDef.3Pl (mondanak)	4938	cc training	aggastanak	NA	NA	st	NA	linking vowel always
sánt	szánt	[/V][Prs.NDef.3Pl]	2.6324130648880937	367619	n	t	1	sántanak	szántanak	anak	999	0.06658060376802445	NA	NA	NA	NA	NA	NA	NA	FALSE	Prs.NDef.3Pl (mondanak)	4938	cc training	sántanak	NA	NA	nt	NA	linking vowel always
terjeng	terjeng	[/V][Prs.NDef.2Pl]	1.144782605924099	11961	n	g	2	terjengetek	terjengetek	etek	5	-2.234014880121939	tek	terjengtek	terjengtek	996	0.06527445396574089	0.00502008032128514	-5.294309345150498	TRUE	Prs.NDef.2Pl (mondotok)	3308	test	terjengtek	t	ngt	ng	gt	linking vowel varies
ujjong	ujjong	[/V][Prs.NDef.3Pl]	1.3958430545563227	21322	n	g	2	ujjonganak	ujjonganak	anak	950	0.04473872083088993	nak	ujjongnak	ujjongnak	118	-0.8611028771518324	8.05084745762712	2.085777360128922	TRUE	Prs.NDef.3Pl (mondanak)	4938	test	ujjongnak	n	ngn	ng	gn	linking vowel varies
fetreng	fetreng	[/V][Prs.NDef.3Pl]	1.1845515482523803	13108	n	g	2	fetrengenek	fetrengenek	enek	947	0.0433650945453156	nek	fetrengnek	fetrengnek	38	-1.3532012878411477	24.92105263157895	3.215712933459693	TRUE	Prs.NDef.3Pl (mondanak)	4938	test	fetrengnek	n	ngn	ng	gn	linking vowel varies
terjeng	terjeng	[/V][Prs.NDef.3Pl]	1.144782605924099	11961	n	g	2	terjengenek	terjengenek	enek	945	0.04244692405130512	nek	terjengnek	terjengnek	330	-0.4144709445800704	2.863636363636364	1.052092273033217	TRUE	Prs.NDef.3Pl (mondanak)	4938	test	terjengnek	n	ngn	ng	gn	linking vowel varies
tévest	téveszt	[/V][Prs.NDef.3Pl]	1.7844276275827178	52169	s	t	2	tévestenek	tévesztenek	enek	938	0.03921795392110661	NA	NA	NA	NA	NA	NA	NA	FALSE	Prs.NDef.3Pl (mondanak)	4938	cc training	tévestenek	NA	NA	st	NA	linking vowel always
fejlest	fejleszt	[/V][Prs.NDef.2Sg]	2.9435296996301	752514	s	t	2	fejlestes	fejlesztesz	es	904	0.02318354601740549	NA	NA	NA	NA	NA	NA	NA	FALSE	Prs.NDef.2Sg (mondas)	4096	cc training	fejlestes	NA	NA	st	NA	linking vowel always
int	int	[/V][Prs.1Sg›2]	2.329181328593249	182880	n	t	1	intelek	intelek	elek	896	0.0193231252041674	lek	intlek	intlek	114	-0.8760800331214852	7.859649122807017	2.061741964580435	TRUE	Prs.1Sg›2 (mondalak)	1749	test	intlek	l	ntl	nt	tl	linking vowel varies
kell	kell	[/V][Prs.NDef.2Pl]	4.529006843156771	28972884	l	l	1	kelletek	kelletek	etek	884	0.01346738055511526	tek	kelltek	kelltek	6	-2.1548336340743144	147.33333333333334	4.992697593409589	TRUE	Prs.NDef.2Pl (mondotok)	3308	test	kelltek	t	llt	ll	lt	linking vowel varies
leḏint	legyint	[/V][Prs.NDef.2Sg]	1.705684043387432	43518	n	t	2	leḏintes	legyintesz	es	870	0.00653436816066066	s	leḏints	legyintsz	2	-2.6319548887939765	435	6.075346031088684	TRUE	Prs.NDef.2Sg (mondas)	4096	test	leḏints	s	nts	nt	ts	linking vowel varies
ragast	ragaszt	[/V][Prs.NDef.2Sg]	2.1034803212938553	108759	s	t	2	ragastas	ragasztasz	as	863	0.0030259112572518	NA	NA	NA	NA	NA	NA	NA	FALSE	Prs.NDef.2Sg (mondas)	4096	cc training	ragastas	NA	NA	st	NA	linking vowel always
šejt	sejt	[/V][Prs.NDef.2Sg]	2.9107709750098145	697840	j	t	1	šejtes	sejtesz	es	862	0.00252238136675494	s	šejts	sejtsz	41	-1.3202010277382223	21.02439024390244	3.0456832039593853	TRUE	Prs.NDef.2Sg (mondas)	4096	test	šejts	s	jts	jt	ts	linking vowel varies
küzd	küzd	[/V][Prs.NDef.2Pl]	2.8842471998392543	656496	z	d	1	küzdötök	küzdötök	ötök	860	0.00151356678560985	tök	küzdtök	küzdtök	23	-1.571257048440365	37.391304347826086	3.621438173318403	TRUE	Prs.NDef.2Pl (mondotok)	3308	test	küzdtök	t	zdt	zd	dt	linking vowel varies
bánt	bánt	[/V][Prs.1Sg›2]	2.302654646830123	172044	n	t	1	bántalak	bántalak	alak	855	-0.00101876972978518	lak	bántlak	bántlak	178	-0.6825648821490639	4.803370786516854	1.569317918644675	TRUE	Prs.1Sg›2 (mondalak)	1749	test	bántlak	l	ntl	nt	tl	linking vowel varies
bólint	bólint	[/V][Prs.NDef.3Pl]	1.825949705664744	57403	n	t	2	bólintanak	bólintanak	anak	839	-0.00922292362925756	nak	bólintnak	bólintnak	2	-2.6319548887939765	419.5	6.0390635259072605	TRUE	Prs.NDef.3Pl (mondanak)	4938	test	bólintnak	n	ntn	nt	tn	linking vowel varies
tátong	tátong	[/V][Prs.NDef.3Pl]	1.285314241427215	16531	n	g	2	tátonganak	tátonganak	anak	828	-0.0149545476730777	nak	tátongnak	tátongnak	324	-0.4224398742513457	2.5555555555555554	0.9382696385929302	TRUE	Prs.NDef.3Pl (mondanak)	4938	test	tátongnak	n	ngn	ng	gn	linking vowel varies
töpreng	töpreng	[/V][Prs.NDef.2Sg]	1.6971377584013545	42670	n	g	2	töprenges	töprengesz	es	88	-0.9885022123077892	s	töprengs	töprengsz	827	-0.01547937490541114	0.1064087061668682	-2.2404678805454847	TRUE	Prs.NDef.2Sg (mondas)	4096	test	töprengs	s	ngs	ng	gs	linking vowel varies
old	old	[/V][Prs.NDef.2Sg]	2.8249058973828483	572652	l	d	1	oldas	oldasz	as	825	-0.01653093590803274	s	olds	oldsz	8	-2.0298948974660145	103.125	4.6359418446548455	TRUE	Prs.NDef.2Sg (mondas)	4096	test	olds	s	lds	ld	ds	linking vowel varies
čökkent	csökkent	[/V][Prs.NDef.3Pl]	3.104972005299955	1091332	n	t	2	čökkentenek	csökkentenek	enek	822	-0.01811306691790741	NA	NA	NA	NA	NA	NA	NA	FALSE	Prs.NDef.3Pl (mondanak)	4938	cc training	čökkentenek	NA	NA	nt	NA	linking vowel always
ḏújt	gyújt	[/V][Prs.NDef.2Sg]	2.117290442944573	112273	j	t	1	ḏújtas	gyújtasz	as	819	-0.01970098269753937	s	ḏújts	gyújtsz	7	-2.087886844443701	117	4.762173934797756	TRUE	Prs.NDef.2Sg (mondas)	4096	test	ḏújts	s	jts	jt	ts	linking vowel varies
ejt	ejt	[/V][Prs.NDef.2Sg]	2.54627650321544	301482	j	t	1	ejtes	ejtesz	es	807	-0.0261113497358874	s	ejts	ejtsz	10	-1.9329848844579576	80.7	4.390738575275903	TRUE	Prs.NDef.2Sg (mondas)	4096	test	ejts	s	jts	jt	ts	linking vowel varies
hint	hint	[/V][Prs.NDef.3Pl]	1.5869611793795713	33109	n	t	1	hintenek	hintenek	enek	777	-0.04256386565704357	nek	hintnek	hintnek	2	-2.6319548887939765	388.5	5.962293169807702	TRUE	Prs.NDef.3Pl (mondanak)	4938	test	hintnek	n	ntn	nt	tn	linking vowel varies
törlest	törleszt	[/V][Prs.NDef.3Pl]	1.6345355195171676	36942	s	t	2	törlestenek	törlesztenek	enek	770	-0.04649415928547599	nek	törlestnek	törlesztnek	5	-2.234014880121939	154	5.0369526024136295	TRUE	Prs.NDef.3Pl (mondanak)	4938	test	törlestnek	n	stn	st	tn	linking vowel varies
ment	ment	[/V][Prs.NDef.2Sg]	2.6656885548669886	396893	n	t	1	mentes	mentesz	es	763	-0.05046034650307736	s	ments	mentsz	3	-2.455863629738295	254.33333333333337	5.538645742616348	TRUE	Prs.NDef.2Sg (mondas)	4096	test	ments	s	nts	nt	ts	linking vowel varies
čeng	cseng	[/V][Prs.NDef.2Pl]	1.8314154384984305	58130	n	g	1	čengetek	csengetek	etek	220	-0.5905622036357516	tek	čengtek	csengtek	762	-0.05102991311835734	0.2887139107611549	-1.2423190093342846	TRUE	Prs.NDef.2Pl (mondotok)	3308	test	čengtek	t	ngt	ng	gt	linking vowel varies
őrjöng	őrjöng	[/V][Prs.NDef.3Pl]	1.1505535667721816	12121	n	g	2	őrjöngenek	őrjöngenek	enek	750	-0.05792362106625776	nek	őrjöngnek	őrjöngnek	110	-0.8915921992997328	6.818181818181818	1.91959284073794	TRUE	Prs.NDef.3Pl (mondanak)	4938	test	őrjöngnek	n	ngn	ng	gn	linking vowel varies
mond	mond	[/V][Prs.1Sg›2]	4.129447533832242	11546023	n	d	1	mondalak	mondalak	alak	740	-0.06375316472698163	lak	mondlak	mondlak	26	-1.5180115364871398	28.46153846153846	3.3485536481767335	TRUE	Prs.1Sg›2 (mondalak)	1749	test	mondlak	l	ndl	nd	dl	linking vowel varies
gubbast	gubbaszt	[/V][Prs.NDef.3Pl]	0.9826787190478152	8235	s	t	2	gubbastanak	gubbasztanak	anak	720	-0.07565238802668936	NA	NA	NA	NA	NA	NA	NA	FALSE	Prs.NDef.3Pl (mondanak)	4938	cc training	gubbastanak	NA	NA	st	NA	linking vowel always
šóhajt	sóhajt	[/V][Prs.NDef.3Pl]	1.812815728087108	55693	j	t	2	šóhajtanak	sóhajtanak	anak	718	-0.07686044021565751	nak	šóhajtnak	sóhajtnak	7	-2.087886844443701	102.57142857142856	4.6305594199929105	TRUE	Prs.NDef.3Pl (mondanak)	4938	test	šóhajtnak	n	jtn	jt	tn	linking vowel varies
virrast	virraszt	[/V][Prs.NDef.3Pl]	1.3217323339652702	17977	s	t	2	virrastanak	virrasztanak	anak	704	-0.08541222531584564	NA	NA	NA	NA	NA	NA	NA	FALSE	Prs.NDef.3Pl (mondanak)	4938	cc training	virrastanak	NA	NA	st	NA	linking vowel always
zajong	zajong	[/V][Prs.NDef.3Pl]	0.8742117762529894	6415	n	g	2	zajonganak	zajonganak	anak	689	-0.09476566255033204	nak	zajongnak	zajongnak	122	-0.8466250537832096	5.647540983606557	1.731220226280402	TRUE	Prs.NDef.3Pl (mondanak)	4938	test	zajongnak	n	ngn	ng	gn	linking vowel varies
varr	varr	[/V][Prs.NDef.2Sg]	2.1150449597688534	111694	r	r	1	NA	NA	NA	NA	NA	s	varrs	varrsz	688	-0.0953964462224465	NA	NA	FALSE	Prs.NDef.2Sg (mondas)	4096	cc training	varrs	s	rrs	rr	rs	linking vowel never
teremt	teremt	[/V][Prs.NDef.2Pl]	2.9969798872652507	851069	m	t	2	teremtetek	teremtetek	etek	684	-0.09792878273784164	tek	teremttek	teremttek	2	-2.6319548887939765	342	5.834810737062605	TRUE	Prs.NDef.2Pl (mondotok)	3308	test	teremttek	t	mtt	mt	tt	linking vowel varies
šerkent	serkent	[/V][Prs.NDef.3Pl]	2.050384267520748	96243	n	t	2	šerkentenek	serkentenek	enek	665	-0.11016323915485328	NA	NA	NA	NA	NA	NA	NA	FALSE	Prs.NDef.3Pl (mondanak)	4938	cc training	šerkentenek	NA	NA	nt	NA	linking vowel always
odébbáll	odébbáll	[/V][Prs.NDef.3Pl]	0.7400360226709383	4710	l	l	3	NA	NA	NA	NA	NA	nak	odébbállnak	odébbállnak	651	-0.11940389588976592	NA	NA	FALSE	Prs.NDef.3Pl (mondanak)	4938	cc training	odébbállnak	n	lln	ll	ln	linking vowel never
dühöng	dühöng	[/V][Prs.NDef.3Pl]	1.3723234834061857	20198	n	g	2	dühöngenek	dühöngenek	enek	649	-0.12074018765758858	nek	dühöngnek	dühöngnek	155	-0.7426531862876663	4.187096774193549	1.4320075997848434	TRUE	Prs.NDef.3Pl (mondanak)	4938	test	dühöngnek	n	ngn	ng	gn	linking vowel varies
kačint	kacsint	[/V][Prs.NDef.3Pl]	1.3762192952124497	20380	n	t	2	kačintanak	kacsintanak	anak	637	-0.12884545212260742	nak	kačintnak	kacsintnak	1	-2.932984884457958	637	6.456769655572163	TRUE	Prs.NDef.3Pl (mondanak)	4938	test	kačintnak	n	ntn	nt	tn	linking vowel varies
rejt	rejt	[/V][Prs.NDef.2Sg]	2.5010631926907587	271674	j	t	1	rejtes	rejtesz	es	626	-0.13641055124752818	NA	NA	NA	NA	NA	NA	NA	FALSE	Prs.NDef.2Sg (mondas)	4096	cc training	rejtes	NA	NA	jt	NA	linking vowel always
átall	átall	[/V][Prs.NDef.3Pl]	1.0077805511732596	8725	l	l	2	átallanak	átallanak	anak	622	-0.13919449976713916	nak	átallnak	átallnak	371	-0.363610974842912	1.6765498652291104	0.5167380301317442	TRUE	Prs.NDef.3Pl (mondanak)	4938	test	átallnak	n	lln	ll	ln	linking vowel varies
dereng	dereng	[/V][Prs.NDef.3Pl]	1.2369245574431114	14788	n	g	2	derengenek	derengenek	enek	617	-0.14269972042471618	nek	derengnek	derengnek	76	-1.0521712921771664	8.118421052631579	2.094135683619057	TRUE	Prs.NDef.3Pl (mondanak)	4938	test	derengnek	n	ngn	ng	gn	linking vowel varies
mets	metsz	[/V][Prs.NDef.3Pl]	1.660411957842249	39210	t	s	1	metsenek	metszenek	enek	614	-0.14481651331679016	nek	metsnek	metsznek	3	-2.455863629738295	204.66666666666663	5.321382639479033	TRUE	Prs.NDef.3Pl (mondanak)	4938	test	metsnek	n	tsn	ts	sn	linking vowel varies
fakast	fakaszt	[/V][Prs.NDef.3Pl]	1.1098661580928315	11037	s	t	2	fakastanak	fakasztanak	anak	607	-0.14979619338270028	NA	NA	NA	NA	NA	NA	NA	FALSE	Prs.NDef.3Pl (mondanak)	4938	cc training	fakastanak	NA	NA	st	NA	linking vowel always
čapong	csapong	[/V][Prs.NDef.3Pl]	0.9335977926055912	7355	n	g	2	čaponganak	csaponganak	anak	592	-0.16066317773503802	nak	čapongnak	csapongnak	165	-0.7155009402440515	3.587878787878788	1.277561160983425	TRUE	Prs.NDef.3Pl (mondanak)	4938	test	čapongnak	n	ngn	ng	gn	linking vowel varies
fárast	fáraszt	[/V][Prs.NDef.3Pl]	1.459131449358052	24667	s	t	2	fárastanak	fárasztanak	anak	592	-0.16066317773503802	NA	NA	NA	NA	NA	NA	NA	FALSE	Prs.NDef.3Pl (mondanak)	4938	cc training	fárastanak	NA	NA	st	NA	linking vowel always
sáll	száll	[/V][Prs.NDef.2Pl]	2.818571340335746	564360	l	l	1	NA	NA	NA	NA	NA	tok	sálltok	szálltok	589	-0.1628695896708562	NA	NA	FALSE	Prs.NDef.2Pl (mondotok)	3308	cc training	sálltok	t	llt	ll	lt	linking vowel never
int	int	[/V][Prs.NDef.2Sg]	2.329181328593249	182880	n	t	1	intes	intesz	es	576	-0.1725624010347458	s	ints	intsz	15	-1.756893625402277	38.4	3.648057459593681	TRUE	Prs.NDef.2Sg (mondas)	4096	test	ints	s	nts	nt	ts	linking vowel varies
félt	félt	[/V][Prs.1Sg›2]	2.065662355068752	99689	l	t	1	féltelek	féltelek	elek	560	-0.18479685745175745	lek	féltlek	féltlek	46	-1.2702270527763837	12.173913043478262	2.4992953872401	TRUE	Prs.1Sg›2 (mondalak)	1749	test	féltlek	l	ltl	lt	tl	linking vowel varies
ring	ring	[/V][Prs.NDef.3Pl]	1.9599496550527609	78151	n	g	1	ringanak	ringanak	anak	557	-0.1871296892842289	nak	ringnak	ringnak	164	-0.71814103641026	3.3963414634146343	1.2226988121030855	TRUE	Prs.NDef.3Pl (mondanak)	4938	test	ringnak	n	ngn	ng	gn	linking vowel varies
leng	leng	[/V][Prs.NDef.2Pl]	1.7526762559372897	48491	n	g	1	lengetek	lengetek	etek	183	-0.6705337947275284	tek	lengtek	lengtek	554	-0.18947511972952813	0.3303249097472924	-1.107678533905863	TRUE	Prs.NDef.2Pl (mondotok)	3308	test	lengtek	t	ngt	ng	gt	linking vowel varies
erjest	erjeszt	[/V][Prs.NDef.3Pl]	0.9300404117715124	7295	s	t	2	erjestenek	erjesztenek	enek	553	-0.19025975315325955	NA	NA	NA	NA	NA	NA	NA	FALSE	Prs.NDef.3Pl (mondanak)	4938	cc training	erjestenek	NA	NA	st	NA	linking vowel always
merest	mereszt	[/V][Prs.NDef.3Pl]	0.9516972197480672	7668	s	t	2	merestenek	meresztenek	enek	529	-0.2095292124227721	NA	NA	NA	NA	NA	NA	NA	FALSE	Prs.NDef.3Pl (mondanak)	4938	cc training	merestenek	NA	NA	st	NA	linking vowel always
kopast	kopaszt	[/V][Prs.NDef.3Pl]	0.4364165292386666	2341	s	t	2	kopastanak	kopasztanak	anak	526	-0.2119991403042188	NA	NA	NA	NA	NA	NA	NA	FALSE	Prs.NDef.3Pl (mondanak)	4938	cc training	kopastanak	NA	NA	st	NA	linking vowel always
töpreng	töpreng	[/V][Prs.NDef.2Pl]	1.6971377584013545	42670	n	g	2	töprengetek	töprengetek	etek	6	-2.1548336340743144	tek	töprengtek	töprengtek	524	-0.21365359747423115	0.01145038167938931	-4.4697322150929875	TRUE	Prs.NDef.2Pl (mondotok)	3308	test	töprengtek	t	ngt	ng	gt	linking vowel varies
áld	áld	[/V][Prs.NDef.3Pl]	1.9847463785340496	82743	l	d	1	áldanak	áldanak	anak	519	-0.21781752660949996	nak	áldnak	áldnak	14	-1.7868568487797198	37.07142857142857	3.61284655355063	TRUE	Prs.NDef.3Pl (mondanak)	4938	test	áldnak	n	ldn	ld	dn	linking vowel varies
olvast	olvaszt	[/V][Prs.NDef.3Pl]	1.807117150142854	54967	s	t	2	olvastanak	olvasztanak	anak	517	-0.21949434136401536	NA	NA	NA	NA	NA	NA	NA	FALSE	Prs.NDef.3Pl (mondanak)	4938	cc training	olvastanak	NA	NA	st	NA	linking vowel always
séḏell	szégyell	[/V][Prs.NDef.2Sg]	2.0545830722375222	97178	l	l	2	séḏelles	szégyellesz	es	4	-2.3309248931299953	s	séḏells	szégyellsz	517	-0.21949434136401536	0.00773694390715667	-4.861748513388538	TRUE	Prs.NDef.2Sg (mondas)	4096	test	séḏells	s	lls	ll	ls	linking vowel varies
hegest	hegeszt	[/V][Prs.NDef.3Pl]	1.2270031659240292	14454	s	t	2	hegestenek	hegesztenek	enek	516	-0.22033518283074652	NA	NA	NA	NA	NA	NA	NA	FALSE	Prs.NDef.3Pl (mondanak)	4938	cc training	hegestenek	NA	NA	st	NA	linking vowel always
serkest	szerkeszt	[/V][Prs.NDef.2Sg]	2.4176584720723215	224204	s	t	2	serkestes	szerkesztesz	es	512	-0.2237149234821271	NA	NA	NA	NA	NA	NA	NA	FALSE	Prs.NDef.2Sg (mondas)	4096	cc training	serkestes	NA	NA	st	NA	linking vowel always
čettint	csettint	[/V][Prs.NDef.3Pl]	0.981728402515666	8217	n	t	2	čettintenek	csettintenek	enek	496	-0.2375032079677603	NA	NA	NA	NA	NA	NA	NA	FALSE	Prs.NDef.3Pl (mondanak)	4938	cc training	čettintenek	NA	NA	nt	NA	linking vowel always
üvölt	üvölt	[/V][Prs.NDef.2Sg]	1.8333164000862288	58385	l	t	2	üvöltes	üvöltesz	es	494	-0.2392579355343109	s	üvölts	üvöltsz	8	-2.0298948974660145	61.75	4.123093975508087	TRUE	Prs.NDef.2Sg (mondas)	4096	test	üvölts	s	lts	lt	ts	linking vowel varies
fetreng	fetreng	[/V][Prs.NDef.2Pl]	1.1845515482523803	13108	n	g	2	fetrengetek	fetrengetek	etek	10	-1.9329848844579576	tek	fetrengtek	fetrengtek	482	-0.2499378462191083	0.02074688796680498	-3.8753590210565543	TRUE	Prs.NDef.2Pl (mondotok)	3308	test	fetrengtek	t	ngt	ng	gt	linking vowel varies
ṉilvántart	nyilvántart	[/V][Prs.NDef.3Pl]	1.7962285175679678	53606	r	t	3	ṉilvántartanak	nyilvántartanak	anak	482	-0.2499378462191083	NA	NA	NA	NA	NA	NA	NA	FALSE	Prs.NDef.3Pl (mondanak)	4938	cc training	ṉilvántartanak	NA	NA	rt	NA	linking vowel always
hajlong	hajlong	[/V][Prs.NDef.3Pl]	0.787339832959484	5252	n	g	2	hajlonganak	hajlonganak	anak	480	-0.2517436470823706	nak	hajlongnak	hajlongnak	146	-0.7686320286735208	3.287671232876712	1.1901794821936	TRUE	Prs.NDef.3Pl (mondanak)	4938	test	hajlongnak	n	ngn	ng	gn	linking vowel varies
felejt	felejt	[/V][Prs.1Sg›2]	2.6921814049054085	421858	j	t	2	felejtelek	felejtelek	elek	476	-0.25537793173746465	lek	felejtlek	felejtlek	89	-0.983594877813045	5.348314606741573	1.67678148449928	TRUE	Prs.1Sg›2 (mondalak)	1749	test	felejtlek	l	jtl	jt	tl	linking vowel varies
šért	sért	[/V][Prs.NDef.2Sg]	2.445578344004525	239091	r	t	1	šértes	sértesz	es	475	-0.2562912748330913	s	šérts	sértsz	6	-2.1548336340743144	79.16666666666667	4.371555334806586	TRUE	Prs.NDef.2Sg (mondas)	4096	test	šérts	s	rts	rt	ts	linking vowel varies
fárast	fáraszt	[/V][Prs.1Sg›2]	1.459131449358052	24667	s	t	2	fárastalak	fárasztalak	alak	473	-0.2581237437201463	lak	fárastlak	fárasztlak	13	-1.819041532151121	36.38461538461539	3.5941460310303963	TRUE	Prs.1Sg›2 (mondalak)	1749	test	fárastlak	l	stl	st	tl	linking vowel varies
žong	zsong	[/V][Prs.NDef.3Pl]	0.9725411639770906	8045	n	g	1	žonganak	zsonganak	anak	470	-0.2608870265222404	nak	žongnak	zsongnak	273	-0.49682223741720183	1.7216117216117215	0.5432608995191446	TRUE	Prs.NDef.3Pl (mondanak)	4938	test	žongnak	n	ngn	ng	gn	linking vowel varies
támast	támaszt	[/V][Prs.NDef.2Sg]	2.412676973025972	221647	s	t	2	támastas	támasztasz	as	463	-0.26740389344000476	NA	NA	NA	NA	NA	NA	NA	FALSE	Prs.NDef.2Sg (mondas)	4096	cc training	támastas	NA	NA	st	NA	linking vowel always
ont	ont	[/V][Prs.NDef.3Pl]	1.7436264299947593	47491	n	t	1	ontanak	ontanak	anak	455	-0.27497348780084546	nak	ontnak	ontnak	5	-2.234014880121939	91	4.51085950651685	TRUE	Prs.NDef.3Pl (mondanak)	4938	test	ontnak	n	ntn	nt	tn	linking vowel varies
bont	bont	[/V][Prs.NDef.2Sg]	2.508831177112865	276577	n	t	1	bontas	bontasz	as	453	-0.27688668244512593	s	bonts	bontsz	3	-2.455863629738295	151	5.017279836814924	TRUE	Prs.NDef.2Sg (mondas)	4096	test	bonts	s	nts	nt	ts	linking vowel varies
feseng	feszeng	[/V][Prs.NDef.3Pl]	1.1022046244504902	10844	n	g	2	fesengenek	feszengenek	enek	452	-0.2778464496465757	nek	fesengnek	feszengnek	145	-0.771616882222983	3.117241379310345	1.1369484374116567	TRUE	Prs.NDef.3Pl (mondanak)	4938	test	fesengnek	n	ngn	ng	gn	linking vowel varies
ellentmond	ellentmond	[/V][Prs.NDef.2Sg]	1.8501894968434336	60698	n	d	3	ellentmondas	ellentmondasz	as	438	-0.29151077395385827	s	ellentmonds	ellentmondsz	12	-1.853803638410333	36.5	3.597312260588446	TRUE	Prs.NDef.2Sg (mondas)	4096	test	ellentmonds	s	nds	nd	ds	linking vowel varies
elért	elért	[/V][Prs.NDef.2Pl]	2.6439976421476525	377557	r	t	2	elértetek	elértetek	etek	437	-0.292503447487536	NA	NA	NA	NA	NA	NA	NA	FALSE	Prs.NDef.2Pl (mondotok)	3308	cc training	elértetek	NA	NA	rt	NA	linking vowel always
lövell	lövell	[/V][Prs.NDef.3Pl]	0.8506328807327909	6076	l	l	2	lövellenek	lövellenek	enek	9	-1.978742375018633	nek	lövellnek	lövellnek	431	-0.2985076142972262	0.02088167053364269	-3.868883512767528	TRUE	Prs.NDef.3Pl (mondanak)	4938	test	lövellnek	n	lln	ll	ln	linking vowel varies
ṉújt	nyújt	[/V][Prs.NDef.2Pl]	3.490448433130639	2651144	j	t	1	ṉújtotok	nyújtotok	otok	427	-0.30255700943293395	NA	NA	NA	NA	NA	NA	NA	FALSE	Prs.NDef.2Pl (mondotok)	3308	cc training	ṉújtotok	NA	NA	jt	NA	linking vowel always
mulast	mulaszt	[/V][Prs.NDef.3Pl]	1.5291884202488326	28985	s	t	2	mulastanak	mulasztanak	anak	424	-0.3056190278652252	NA	NA	NA	NA	NA	NA	NA	FALSE	Prs.NDef.3Pl (mondanak)	4938	cc training	mulastanak	NA	NA	st	NA	linking vowel always
óhajt	óhajt	[/V][Prs.NDef.2Sg]	1.6797460062903842	40995	j	t	2	óhajtas	óhajtasz	as	423	-0.30664451708291546	s	óhajts	óhajtsz	30	-1.4558636297382954	14.1	2.6461747973841225	TRUE	Prs.NDef.2Sg (mondas)	4096	test	óhajts	s	jts	jt	ts	linking vowel varies
függest	függeszt	[/V][Prs.NDef.3Pl]	1.769359473897811	50390	s	t	2	függestenek	függesztenek	enek	422	-0.307672433496284	NA	NA	NA	NA	NA	NA	NA	FALSE	Prs.NDef.3Pl (mondanak)	4938	cc training	függestenek	NA	NA	st	NA	linking vowel always
mereng	mereng	[/V][Prs.NDef.3Pl]	1.2914445773647398	16766	n	g	2	merengenek	merengenek	enek	421	-0.30870278862228956	nek	merengnek	merengnek	80	-1.0298948974660145	5.2625	1.6606061990085	TRUE	Prs.NDef.3Pl (mondanak)	4938	test	merengnek	n	ngn	ng	gn	linking vowel varies
sippant	szippant	[/V][Prs.NDef.3Pl]	1.4127220368204705	22167	n	t	2	sippantanak	szippantanak	anak	416	-0.3138915538312151	NA	NA	NA	NA	NA	NA	NA	FALSE	Prs.NDef.3Pl (mondanak)	4938	cc training	sippantanak	NA	NA	nt	NA	linking vowel always
erest	ereszt	[/V][Prs.NDef.2Sg]	2.0182700425231386	89383	s	t	2	erestes	eresztesz	es	411	-0.3191430625818886	NA	NA	NA	NA	NA	NA	NA	FALSE	Prs.NDef.2Sg (mondas)	4096	cc training	erestes	NA	NA	st	NA	linking vowel always
érint	érint	[/V][Prs.NDef.2Sg]	3.006391077264476	869713	n	t	2	érintes	érintesz	es	407	-0.3233904752327378	s	érints	érintsz	2	-2.6319548887939765	203.5	5.31566600488265	TRUE	Prs.NDef.2Sg (mondas)	4096	test	érints	s	nts	nt	ts	linking vowel varies
lázong	lázong	[/V][Prs.NDef.3Pl]	0.478803120085911	2581	n	g	2	lázonganak	lázonganak	anak	404	-0.3266035193473528	nak	lázongnak	lázongnak	27	-1.5016211202989704	14.962962962962964	2.705578011956821	TRUE	Prs.NDef.3Pl (mondanak)	4938	test	lázongnak	n	ngn	ng	gn	linking vowel varies
koppint	koppint	[/V][Prs.NDef.3Pl]	1.548242693541363	30285	n	t	2	koppintanak	koppintanak	anak	403	-0.3276798383168484	NA	NA	NA	NA	NA	NA	NA	FALSE	Prs.NDef.3Pl (mondanak)	4938	cc training	koppintanak	NA	NA	nt	NA	linking vowel always
hőzöng	hőzöng	[/V][Prs.NDef.3Pl]	0.5271609330337924	2885	n	g	2	hőzöngenek	hőzöngenek	enek	402	-0.32875883137348777	nek	hőzöngnek	hőzöngnek	20	-1.6319548887939763	20.1	3.0007198150650303	TRUE	Prs.NDef.3Pl (mondanak)	4938	test	hőzöngnek	n	ngn	ng	gn	linking vowel varies
félt	félt	[/V][Prs.NDef.2Sg]	2.065662355068752	99689	l	t	1	féltes	féltesz	es	395	-0.3363877888314976	NA	NA	NA	NA	NA	NA	NA	FALSE	Prs.NDef.2Sg (mondas)	4096	cc training	féltes	NA	NA	lt	NA	linking vowel always
ijest	ijeszt	[/V][Prs.NDef.3Pl]	1.3020382750372657	17180	s	t	2	ijestenek	ijesztenek	enek	383	-0.3497861104893351	nek	ijestnek	ijesztnek	1	-2.932984884457958	383	5.948034989180646	TRUE	Prs.NDef.3Pl (mondanak)	4938	test	ijestnek	n	stn	st	tn	linking vowel varies
bojong	bolyong	[/V][Prs.NDef.2Sg]	1.5543797744589725	30716	n	g	2	bojongas	bolyongasz	as	58	-1.169556890895021	s	bojongs	bolyongsz	376	-0.3577970395302968	0.15425531914893617	-1.869146132843475	TRUE	Prs.NDef.2Sg (mondas)	4096	test	bojongs	s	ngs	ng	gs	linking vowel varies
ságuld	száguld	[/V][Prs.NDef.2Sg]	1.6960677532704322	42565	l	d	2	ságuldas	száguldasz	as	369	-0.3659585182988975	s	ságulds	száguldsz	3	-2.455863629738295	123	4.812184355372417	TRUE	Prs.NDef.2Sg (mondas)	4096	test	ságulds	s	lds	ld	ds	linking vowel varies
kezd	kezd	[/V][Prs.1Sg›2]	3.772113864625659	5071060	z	d	1	kezdelek	kezdelek	elek	368	-0.36713706578444016	lek	kezdlek	kezdlek	23	-1.571257048440365	16	2.772588722239781	TRUE	Prs.1Sg›2 (mondalak)	1749	test	kezdlek	l	zdl	zd	dl	linking vowel varies
jelent	jelent	[/V][Prs.NDef.2Pl]	3.848512349249592	6046405	n	t	2	jelentetek	jelentetek	etek	360	-0.3766823836906706	tek	jelenttek	jelenttek	13	-1.819041532151121	27.692307692307693	3.321154673988619	TRUE	Prs.NDef.2Pl (mondotok)	3308	test	jelenttek	t	ntt	nt	tt	linking vowel varies
šóhajt	sóhajt	[/V][Prs.NDef.2Sg]	1.812815728087108	55693	j	t	2	šóhajtas	sóhajtasz	as	352	-0.3864422209798268	s	šóhajts	sóhajtsz	13	-1.819041532151121	27.076923076923077	3.2986818181365605	TRUE	Prs.NDef.2Sg (mondas)	4096	test	šóhajts	s	jts	jt	ts	linking vowel varies
repest	repeszt	[/V][Prs.NDef.3Pl]	0.9388798176302372	7445	s	t	2	repestenek	repesztenek	enek	343	-0.39769076441518736	NA	NA	NA	NA	NA	NA	NA	FALSE	Prs.NDef.3Pl (mondanak)	4938	cc training	repestenek	NA	NA	st	NA	linking vowel always
füllent	füllent	[/V][Prs.NDef.3Pl]	0.6628418926152654	3943	n	t	2	füllentenek	füllentenek	enek	338	-0.4040681841803031	NA	NA	NA	NA	NA	NA	NA	FALSE	Prs.NDef.3Pl (mondanak)	4938	cc training	füllentenek	NA	NA	nt	NA	linking vowel always
séḏell	szégyell	[/V][Prs.NDef.2Pl]	2.0545830722375222	97178	l	l	2	séḏelletek	szégyelletek	etek	1	-2.932984884457958	tek	séḏelltek	szégyelltek	327	-0.4184371317976717	0.00305810397553516	-5.7899601708972535	TRUE	Prs.NDef.2Pl (mondotok)	3308	test	séḏelltek	t	llt	ll	lt	linking vowel varies
tapint	tapint	[/V][Prs.NDef.3Pl]	1.2683849248851644	15899	n	t	2	tapintanak	tapintanak	anak	324	-0.4224398742513457	NA	NA	NA	NA	NA	NA	NA	FALSE	Prs.NDef.3Pl (mondanak)	4938	cc training	tapintanak	NA	NA	nt	NA	linking vowel always
šért	sért	[/V][Prs.1Sg›2]	2.445578344004525	239091	r	t	1	šértelek	sértelek	elek	319	-0.4291942014007767	lek	šértlek	sértlek	19	-1.654231283505129	16.789473684210527	2.820752123618404	TRUE	Prs.1Sg›2 (mondalak)	1749	test	šértlek	l	rtl	rt	tl	linking vowel varies
áll	áll	[/V][Prs.1Sg›2]	3.9639210093508	7886892	l	l	1	NA	NA	NA	NA	NA	ak	állak	állak	317	-0.4319256222402063	NA	NA	FALSE	Prs.1Sg›2 (mondalak)	1749	cc training	állak	a	lla	ll	la	linking vowel never
mereng	mereng	[/V][Prs.NDef.2Sg]	1.2914445773647398	16766	n	g	2	merenges	merengesz	es	12	-1.853803638410333	s	merengs	merengsz	307	-0.4458465089807714	0.03908794788273615	-3.241941097799197	TRUE	Prs.NDef.2Sg (mondas)	4096	test	merengs	s	ngs	ng	gs	linking vowel varies
karbantart	karbantart	[/V][Prs.NDef.3Pl]	1.719029254892051	44876	r	t	3	karbantartanak	karbantartanak	anak	304	-0.4501113008492041	NA	NA	NA	NA	NA	NA	NA	FALSE	Prs.NDef.3Pl (mondanak)	4938	cc training	karbantartanak	NA	NA	rt	NA	linking vowel always
dühöng	dühöng	[/V][Prs.NDef.2Sg]	1.3723234834061857	20198	n	g	2	dühönges	dühöngesz	es	27	-1.5016211202989704	s	dühöngs	dühöngsz	303	-0.4515422559556528	0.0891089108910891	-2.41789593950504	TRUE	Prs.NDef.2Sg (mondas)	4096	test	dühöngs	s	ngs	ng	gs	linking vowel varies
fojt	fojt	[/V][Prs.NDef.3Pl]	1.5716626503360749	31963	j	t	1	fojtanak	fojtanak	anak	303	-0.4515422559556528	NA	NA	NA	NA	NA	NA	NA	FALSE	Prs.NDef.3Pl (mondanak)	4938	cc training	fojtanak	NA	NA	jt	NA	linking vowel always
rajong	rajong	[/V][Prs.NDef.2Pl]	2.0252970219361894	90841	n	g	2	rajongotok	rajongotok	otok	32	-1.427834906138052	tok	rajongtok	rajongtok	298	-0.4587686203817026	0.10738255033557048	-2.231357583705678	TRUE	Prs.NDef.2Pl (mondotok)	3308	test	rajongtok	t	ngt	ng	gt	linking vowel varies
dobbant	dobbant	[/V][Prs.NDef.3Pl]	0.8037302491476532	5454	n	t	2	dobbantanak	dobbantanak	anak	297	-0.4602284351407455	NA	NA	NA	NA	NA	NA	NA	FALSE	Prs.NDef.3Pl (mondanak)	4938	cc training	dobbantanak	NA	NA	nt	NA	linking vowel always
ölt	ölt	[/V][Prs.NDef.2Sg]	2.2726768182003068	160569	l	t	1	öltes	öltesz	es	297	-0.4602284351407455	NA	NA	NA	NA	NA	NA	NA	FALSE	Prs.NDef.2Sg (mondas)	4096	cc training	öltes	NA	NA	lt	NA	linking vowel always
čügg	csügg	[/V][Prs.NDef.3Pl]	0.5277626573862391	2889	g	g	1	čüggenek	csüggenek	enek	296	-0.4616931733990192	nek	čüggnek	csüggnek	237	-0.558236538447854	1.248945147679325	0.22229931318892923	TRUE	Prs.NDef.3Pl (mondanak)	4938	test	čüggnek	n	ggn	gg	gn	linking vowel varies
foḏast	fogyaszt	[/V][Prs.NDef.2Pl]	2.9152615186654556	705093	s	t	2	foḏastotok	fogyasztotok	otok	290	-0.47058688655900177	NA	NA	NA	NA	NA	NA	NA	FALSE	Prs.NDef.2Pl (mondotok)	3308	cc training	foḏastotok	NA	NA	st	NA	linking vowel always
feseng	feszeng	[/V][Prs.NDef.2Pl]	1.1022046244504902	10844	n	g	2	fesengetek	feszengetek	etek	2	-2.6319548887939765	tek	fesengtek	feszengtek	289	-0.47208704170141	0.00692041522491349	-4.973279507552487	TRUE	Prs.NDef.2Pl (mondotok)	3308	test	fesengtek	t	ngt	ng	gt	linking vowel varies
halast	halaszt	[/V][Prs.NDef.3Pl]	1.7242144340664431	45415	s	t	2	halastanak	halasztanak	anak	289	-0.47208704170141	nak	halastnak	halasztnak	2	-2.6319548887939765	144.5	4.973279507552487	TRUE	Prs.NDef.3Pl (mondanak)	4938	test	halastnak	n	stn	st	tn	linking vowel varies
ḏűjt	gyűjt	[/V][Prs.NDef.2Pl]	2.9400629622305536	746531	j	t	1	ḏűjtötök	gyűjtötök	ötök	286	-0.4766188513289148	tök	ḏűjttök	gyűjttök	2	-2.6319548887939765	143	4.962844630259907	TRUE	Prs.NDef.2Pl (mondotok)	3308	test	ḏűjttök	t	jtt	jt	tt	linking vowel varies
fejt	fejt	[/V][Prs.NDef.2Sg]	2.4782289537346416	257759	j	t	1	fejtes	fejtesz	es	285	-0.4781400244494477	NA	NA	NA	NA	NA	NA	NA	FALSE	Prs.NDef.2Sg (mondas)	4096	cc training	fejtes	NA	NA	jt	NA	linking vowel always
érint	érint	[/V][Prs.NDef.2Pl]	3.006391077264476	869713	n	t	2	érintetek	érintetek	etek	285	-0.4781400244494477	tek	érinttek	érinttek	7	-2.087886844443701	40.714285714285715	3.7065790312133378	TRUE	Prs.NDef.2Pl (mondotok)	3308	test	érinttek	t	ntt	nt	tt	linking vowel varies
illest	illeszt	[/V][Prs.NDef.2Sg]	2.06868393886985	100385	s	t	2	illestes	illesztesz	es	284	-0.4796665444109201	NA	NA	NA	NA	NA	NA	NA	FALSE	Prs.NDef.2Sg (mondas)	4096	cc training	illestes	NA	NA	st	NA	linking vowel always
ragast	ragaszt	[/V][Prs.NDef.2Pl]	2.1034803212938553	108759	s	t	2	ragastotok	ragasztotok	otok	284	-0.4796665444109201	NA	NA	NA	NA	NA	NA	NA	FALSE	Prs.NDef.2Pl (mondotok)	3308	cc training	ragastotok	NA	NA	st	NA	linking vowel always
hord	hord	[/V][Prs.NDef.2Pl]	2.5559590570874056	308279	r	d	1	hordotok	hordotok	otok	94	-0.9598570308582592	tok	hordtok	hordtok	279	-0.48738068118436023	0.33691756272401435	-1.0879169995513618	TRUE	Prs.NDef.2Pl (mondotok)	3308	test	hordtok	t	rdt	rd	dt	linking vowel varies
menest	meneszt	[/V][Prs.NDef.3Pl]	1.30284645295256	17212	s	t	2	menestenek	menesztenek	enek	268	-0.5048500904291691	NA	NA	NA	NA	NA	NA	NA	FALSE	Prs.NDef.3Pl (mondanak)	4938	cc training	menestenek	NA	NA	st	NA	linking vowel always
edz	edz	[/V][Prs.NDef.2Pl]	2.3313488081092952	183795	d	z	1	edzetek	edzetek	etek	266	-0.5081032478268909	tek	edztek	edztek	5	-2.234014880121939	53.2	3.9740583963475986	TRUE	Prs.NDef.2Pl (mondotok)	3308	test	edztek	t	dzt	dz	zt	linking vowel varies
šikkast	sikkaszt	[/V][Prs.NDef.3Pl]	0.6841203460444203	4141	s	t	2	šikkastanak	sikkasztanak	anak	265	-0.50973901052115	NA	NA	NA	NA	NA	NA	NA	FALSE	Prs.NDef.3Pl (mondanak)	4938	cc training	šikkastanak	NA	NA	st	NA	linking vowel always
bólint	bólint	[/V][Prs.NDef.2Sg]	1.825949705664744	57403	n	t	2	bólintas	bólintasz	as	260	-0.5180115364871398	s	bólints	bólintsz	1	-2.932984884457958	260	5.560681631015528	TRUE	Prs.NDef.2Sg (mondas)	4096	test	bólints	s	nts	nt	ts	linking vowel varies
feseng	feszeng	[/V][Prs.NDef.2Sg]	1.1022046244504902	10844	n	g	2	fesenges	feszengesz	es	30	-1.4558636297382954	s	fesengs	feszengsz	259	-0.519685120376706	0.11583011583011583	-2.1556306800373823	TRUE	Prs.NDef.2Sg (mondas)	4096	test	fesengs	s	ngs	ng	gs	linking vowel varies
dagast	dagaszt	[/V][Prs.NDef.3Pl]	1.4185795307461468	22468	s	t	2	dagastanak	dagasztanak	anak	258	-0.5213651784947277	nak	dagastnak	dagasztnak	2	-2.6319548887939765	129	4.859812404361672	TRUE	Prs.NDef.3Pl (mondanak)	4938	test	dagastnak	n	stn	st	tn	linking vowel varies
pang	pang	[/V][Prs.NDef.3Pl]	0.8573002795752839	6170	n	g	1	panganak	panganak	anak	258	-0.5213651784947277	nak	pangnak	pangnak	34	-1.4015059674157029	7.588235294117647	2.026599060305456	TRUE	Prs.NDef.3Pl (mondanak)	4938	test	pangnak	n	ngn	ng	gn	linking vowel varies
terjest	terjeszt	[/V][Prs.NDef.2Sg]	2.4984882437993483	270068	s	t	2	terjestes	terjesztesz	es	258	-0.5213651784947277	NA	NA	NA	NA	NA	NA	NA	FALSE	Prs.NDef.2Sg (mondas)	4096	cc training	terjestes	NA	NA	st	NA	linking vowel always
puffast	puffaszt	[/V][Prs.NDef.3Pl]	0.5014243231295423	2719	s	t	2	puffastanak	puffasztanak	anak	254	-0.5281511678380197	NA	NA	NA	NA	NA	NA	NA	FALSE	Prs.NDef.3Pl (mondanak)	4938	cc training	puffastanak	NA	NA	st	NA	linking vowel always
kačint	kacsint	[/V][Prs.NDef.2Sg]	1.3762192952124497	20380	n	t	2	kačintas	kacsintasz	as	251	-0.5333111629769197	NA	NA	NA	NA	NA	NA	NA	FALSE	Prs.NDef.2Sg (mondas)	4096	cc training	kačintas	NA	NA	nt	NA	linking vowel always
čeppent	cseppent	[/V][Prs.NDef.3Pl]	1.115418071694782	11179	n	t	2	čeppentenek	cseppentenek	enek	250	-0.5350448757859202	NA	NA	NA	NA	NA	NA	NA	FALSE	Prs.NDef.3Pl (mondanak)	4938	cc training	čeppentenek	NA	NA	nt	NA	linking vowel always
áld	áld	[/V][Prs.NDef.2Sg]	1.9847463785340496	82743	l	d	1	áldas	áldasz	as	250	-0.5350448757859202	s	álds	áldsz	1	-2.932984884457958	250	5.521460917862246	TRUE	Prs.NDef.2Sg (mondas)	4096	test	álds	s	lds	ld	ds	linking vowel varies
ébrest	ébreszt	[/V][Prs.NDef.2Sg]	2.0144439356578423	88599	s	t	2	ébrestes	ébresztesz	es	248	-0.5385332036317415	NA	NA	NA	NA	NA	NA	NA	FALSE	Prs.NDef.2Sg (mondas)	4096	cc training	ébrestes	NA	NA	st	NA	linking vowel always
vest	veszt	[/V][Prs.NDef.2Pl]	2.6514582920249814	384099	s	t	1	vestetek	vesztetek	etek	246	-0.5420497773545787	tek	vesttek	veszttek	9	-1.978742375018633	27.333333333333332	3.3081069585961433	TRUE	Prs.NDef.2Pl (mondotok)	3308	test	vesttek	t	stt	st	tt	linking vowel varies
árast	áraszt	[/V][Prs.NDef.2Sg]	2.0384301389270374	93630	s	t	2	árastas	árasztasz	as	244	-0.5455950581192285	NA	NA	NA	NA	NA	NA	NA	FALSE	Prs.NDef.2Sg (mondas)	4096	cc training	árastas	NA	NA	st	NA	linking vowel always
fešt	fest	[/V][Prs.NDef.2Pl]	2.6777795819372385	408098	š	t	1	feštetek	festetek	etek	241	-0.5509678418830894	NA	NA	NA	NA	NA	NA	NA	FALSE	Prs.NDef.2Pl (mondotok)	3308	cc training	feštetek	NA	NA	št	NA	linking vowel always
megdöbbent	megdöbbent	[/V][Prs.NDef.3Pl]	1.3803971731201916	20577	n	t	3	megdöbbentenek	megdöbbentenek	enek	241	-0.5509678418830894	NA	NA	NA	NA	NA	NA	NA	FALSE	Prs.NDef.3Pl (mondanak)	4938	cc training	megdöbbentenek	NA	NA	nt	NA	linking vowel always
tekint	tekint	[/V][Prs.1Sg›2]	3.253129436802632	1535021	n	t	2	tekintelek	tekintelek	elek	239	-0.5545869835098202	lek	tekintlek	tekintlek	20	-1.6319548887939763	11.95	2.4807312783775197	TRUE	Prs.1Sg›2 (mondalak)	1749	test	tekintlek	l	ntl	nt	tl	linking vowel varies
ajánl	ajánl	[/V][Prs.1Sg›2]	3.322595137004172	1801275	n	l	2	NA	NA	NA	NA	NA	lak	ajánllak	ajánllak	236	-0.5600728814878512	NA	NA	FALSE	Prs.1Sg›2 (mondalak)	1749	cc training	ajánllak	l	nll	nl	ll	linking vowel never
élest	éleszt	[/V][Prs.NDef.3Pl]	1.2735171731307278	16088	s	t	2	élestenek	élesztenek	enek	236	-0.5600728814878512	NA	NA	NA	NA	NA	NA	NA	FALSE	Prs.NDef.3Pl (mondanak)	4938	cc training	élestenek	NA	NA	st	NA	linking vowel always
hull	hull	[/V][Prs.NDef.3Pl]	1.9644167549853853	78959	l	l	1	NA	NA	NA	NA	NA	nak	hullnak	hullnak	233	-0.5656289634319388	NA	NA	FALSE	Prs.NDef.3Pl (mondanak)	4938	cc training	hullnak	n	lln	ll	ln	linking vowel never
akast	akaszt	[/V][Prs.NDef.2Sg]	2.0187556513332554	89483	s	t	2	akastas	akasztasz	as	232	-0.5674968995670582	NA	NA	NA	NA	NA	NA	NA	FALSE	Prs.NDef.2Sg (mondas)	4096	cc training	akastas	NA	NA	st	NA	linking vowel always
koṯvast	kotyvaszt	[/V][Prs.NDef.3Pl]	0.7508723209423885	4829	s	t	2	koṯvastanak	kotyvasztanak	anak	230	-0.571257048440365	NA	NA	NA	NA	NA	NA	NA	FALSE	Prs.NDef.3Pl (mondanak)	4938	cc training	koṯvastanak	NA	NA	st	NA	linking vowel always
márt	márt	[/V][Prs.NDef.3Pl]	1.600189576284433	34133	r	t	1	mártanak	mártanak	anak	230	-0.571257048440365	NA	NA	NA	NA	NA	NA	NA	FALSE	Prs.NDef.3Pl (mondanak)	4938	cc training	mártanak	NA	NA	rt	NA	linking vowel always
riṯṯent	rittyent	[/V][Prs.NDef.3Pl]	0.7603902665672274	4936	n	t	2	riṯṯentenek	rittyentenek	enek	226	-0.5788764453105569	NA	NA	NA	NA	NA	NA	NA	FALSE	Prs.NDef.3Pl (mondanak)	4938	cc training	riṯṯentenek	NA	NA	nt	NA	linking vowel always
megért	megért	[/V][Prs.NDef.2Pl]	2.9406855700837777	747602	r	t	2	megértetek	megértetek	etek	225	-0.5808023663465953	NA	NA	NA	NA	NA	NA	NA	FALSE	Prs.NDef.2Pl (mondotok)	3308	cc training	megértetek	NA	NA	rt	NA	linking vowel always
čapong	csapong	[/V][Prs.NDef.2Sg]	0.9335977926055912	7355	n	g	2	čapongas	csapongasz	as	6	-2.1548336340743144	s	čapongs	csapongsz	224	-0.5827368661237949	0.02678571428571428	-3.619886582626985	TRUE	Prs.NDef.2Sg (mondas)	4096	test	čapongs	s	ngs	ng	gs	linking vowel varies
meghökkent	meghökkent	[/V][Prs.NDef.3Pl]	0.7318450566851327	4622	n	t	3	meghökkentenek	meghökkentenek	enek	222	-0.5866319100073193	NA	NA	NA	NA	NA	NA	NA	FALSE	Prs.NDef.3Pl (mondanak)	4938	cc training	meghökkentenek	NA	NA	nt	NA	linking vowel always
tilt	tilt	[/V][Prs.NDef.2Sg]	2.4688841658205796	252272	l	t	1	tiltas	tiltasz	as	221	-0.5885926107728471	NA	NA	NA	NA	NA	NA	NA	FALSE	Prs.NDef.2Sg (mondas)	4096	cc training	tiltas	NA	NA	lt	NA	linking vowel always
fejlest	fejleszt	[/V][Prs.NDef.2Pl]	2.9435296996301	752514	s	t	2	fejlestetek	fejlesztetek	etek	218	-0.594528390853353	tek	fejlesttek	fejleszttek	3	-2.455863629738295	72.66666666666667	4.28588277412098	TRUE	Prs.NDef.2Pl (mondotok)	3308	test	fejlesttek	t	stt	st	tt	linking vowel varies
dereng	dereng	[/V][Prs.NDef.2Pl]	1.2369245574431114	14788	n	g	2	NA	NA	NA	NA	NA	tek	derengtek	derengtek	216	-0.5985311333070269	NA	NA	FALSE	Prs.NDef.2Pl (mondotok)	3308	cc training	derengtek	t	ngt	ng	gt	linking vowel never
faḏast	fagyaszt	[/V][Prs.NDef.3Pl]	1.478803120085911	25810	s	t	2	faḏastanak	fagyasztanak	anak	213	-0.6046052810192202	NA	NA	NA	NA	NA	NA	NA	FALSE	Prs.NDef.3Pl (mondanak)	4938	cc training	faḏastanak	NA	NA	st	NA	linking vowel always
hajt	hajt	[/V][Prs.NDef.2Pl]	2.919594521957997	712163	j	t	1	hajtotok	hajtotok	otok	213	-0.6046052810192202	NA	NA	NA	NA	NA	NA	NA	FALSE	Prs.NDef.2Pl (mondotok)	3308	cc training	hajtotok	NA	NA	jt	NA	linking vowel always
árt	árt	[/V][Prs.NDef.2Pl]	2.658968559291343	390799	r	t	1	ártotok	ártotok	otok	212	-0.6066490235292064	tok	árttok	árttok	3	-2.455863629738295	70.66666666666667	4.257973986003903	TRUE	Prs.NDef.2Pl (mondotok)	3308	test	árttok	t	rtt	rt	tt	linking vowel varies
mets	metsz	[/V][Prs.NDef.2Pl]	1.660411957842249	39210	t	s	1	metsetek	metszetek	etek	209	-0.6128385983469038	NA	NA	NA	NA	NA	NA	NA	FALSE	Prs.NDef.2Pl (mondotok)	3308	cc training	metsetek	NA	NA	ts	NA	linking vowel always
rekest	rekeszt	[/V][Prs.NDef.3Pl]	1.1855443730737816	13138	s	t	2	rekestenek	rekesztenek	enek	207	-0.6170145390010401	NA	NA	NA	NA	NA	NA	NA	FALSE	Prs.NDef.3Pl (mondanak)	4938	cc training	rekestenek	NA	NA	st	NA	linking vowel always
teng	teng	[/V][Prs.NDef.3Pl]	1.0082283031273636	8734	n	g	1	tengenek	tengenek	enek	206	-0.6191176640888044	nek	tengnek	tengnek	68	-1.1004759717517214	3.0294117647058822	1.1083684636134743	TRUE	Prs.NDef.3Pl (mondanak)	4938	test	tengnek	n	ngn	ng	gn	linking vowel varies
forrong	forrong	[/V][Prs.NDef.3Pl]	0.7458975302127779	4774	n	g	2	forronganak	forronganak	anak	205	-0.6212310234022035	nak	forrongnak	forrongnak	155	-0.7426531862876663	1.3225806451612905	0.2795848622191615	TRUE	Prs.NDef.3Pl (mondanak)	4938	test	forrongnak	n	ngn	ng	gn	linking vowel varies
ránt	ránt	[/V][Prs.NDef.2Sg]	2.1327815031647908	116350	n	t	1	rántas	rántasz	as	205	-0.6212310234022035	s	ránts	rántsz	10	-1.9329848844579576	20.5	3.0204248861443626	TRUE	Prs.NDef.2Sg (mondas)	4096	test	ránts	s	nts	nt	ts	linking vowel varies
šikolt	sikolt	[/V][Prs.NDef.3Pl]	1.0121388856641615	8813	l	t	2	šikoltanak	sikoltanak	anak	203	-0.6254888465447449	nak	šikoltnak	sikoltnak	5	-2.234014880121939	40.6	3.703768066607687	TRUE	Prs.NDef.3Pl (mondanak)	4938	test	šikoltnak	n	ltn	lt	tn	linking vowel varies
kiált	kiált	[/V][Prs.NDef.2Pl]	2.355172642073583	194159	l	t	2	kiáltotok	kiáltotok	otok	201	-0.629788827037469	NA	NA	NA	NA	NA	NA	NA	FALSE	Prs.NDef.2Pl (mondotok)	3308	cc training	kiáltotok	NA	NA	lt	NA	linking vowel always
vall	vall	[/V][Prs.NDef.2Pl]	2.7990089795374744	539503	l	l	1	vallotok	vallotok	otok	200	-0.6319548887939767	tok	valltok	valltok	4	-2.3309248931299953	50	3.912023005428146	TRUE	Prs.NDef.2Pl (mondotok)	3308	test	valltok	t	llt	ll	lt	linking vowel varies
šüjjest	süllyeszt	[/V][Prs.NDef.3Pl]	1.4007847164155167	21566	s	t	2	šüjjestenek	süllyesztenek	enek	198	-0.6363196941964268	NA	NA	NA	NA	NA	NA	NA	FALSE	Prs.NDef.3Pl (mondanak)	4938	cc training	šüjjestenek	NA	NA	st	NA	linking vowel always
zökkent	zökkent	[/V][Prs.NDef.3Pl]	0.802614015240222	5440	n	t	2	zökkentenek	zökkentenek	enek	198	-0.6363196941964268	NA	NA	NA	NA	NA	NA	NA	FALSE	Prs.NDef.3Pl (mondanak)	4938	cc training	zökkentenek	NA	NA	nt	NA	linking vowel always
biḏḏest	biggyeszt	[/V][Prs.NDef.3Pl]	0.9216247536378374	7155	s	t	2	biḏḏestenek	biggyesztenek	enek	197	-0.6385186582963649	NA	NA	NA	NA	NA	NA	NA	FALSE	Prs.NDef.3Pl (mondanak)	4938	cc training	biḏḏestenek	NA	NA	st	NA	linking vowel always
tüssent	tüsszent	[/V][Prs.NDef.2Sg]	0.8046847428986841	5466	n	t	2	tüssentes	tüsszentesz	es	197	-0.6385186582963649	s	tüssents	tüsszentsz	4	-2.3309248931299953	49.25	3.8969093676180977	TRUE	Prs.NDef.2Sg (mondas)	4096	test	tüssents	s	nts	nt	ts	linking vowel varies
fetreng	fetreng	[/V][Prs.NDef.2Sg]	1.1845515482523803	13108	n	g	2	fetrenges	fetrengesz	es	43	-1.2995164288783714	s	fetrengs	fetrengsz	195	-0.6429502730954398	0.2205128205128205	-1.5117994428701844	TRUE	Prs.NDef.2Sg (mondas)	4096	test	fetrengs	s	ngs	ng	gs	linking vowel varies
növest	növeszt	[/V][Prs.NDef.2Sg]	1.5623235102166582	31283	s	t	2	növestes	növesztesz	es	194	-0.6451831545277318	NA	NA	NA	NA	NA	NA	NA	FALSE	Prs.NDef.2Sg (mondas)	4096	cc training	növestes	NA	NA	st	NA	linking vowel always
séḏell	szégyell	[/V][Prs.1Sg›2]	2.0545830722375222	97178	l	l	2	NA	NA	NA	NA	NA	ek	séḏellek	szégyellek	193	-0.647427575450184	NA	NA	FALSE	Prs.1Sg›2 (mondalak)	1749	cc training	séḏellek	e	lle	ll	le	linking vowel never
döng	döng	[/V][Prs.NDef.3Pl]	0.5861865793637012	3305	n	g	1	döngenek	döngenek	enek	192	-0.6496836557544082	nek	döngnek	döngnek	57	-1.1771100287854663	3.3684210526315788	1.2144441041932312	TRUE	Prs.NDef.3Pl (mondanak)	4938	test	döngnek	n	ngn	ng	gn	linking vowel varies
költ	költ	[/V][Prs.NDef.2Pl]	2.6688025015437415	399749	l	t	1	költötök	költötök	ötök	190	-0.6542312835051288	tök	költtök	költtök	2	-2.6319548887939765	95	4.553876891600541	TRUE	Prs.NDef.2Pl (mondotok)	3308	test	költtök	t	ltt	lt	tt	linking vowel varies
biccent	biccent	[/V][Prs.NDef.3Pl]	0.9530543911084844	7692	n	t	2	biccentenek	biccentenek	enek	189	-0.6565230802847137	NA	NA	NA	NA	NA	NA	NA	FALSE	Prs.NDef.3Pl (mondanak)	4938	cc training	biccentenek	NA	NA	nt	NA	linking vowel always
vált	vált	[/V][Prs.NDef.2Pl]	3.138701646345799	1179469	l	t	1	váltotok	váltotok	otok	189	-0.6565230802847137	NA	NA	NA	NA	NA	NA	NA	FALSE	Prs.NDef.2Pl (mondotok)	3308	cc training	váltotok	NA	NA	lt	NA	linking vowel always
törlest	törleszt	[/V][Prs.NDef.2Sg]	1.6345355195171676	36942	s	t	2	törlestes	törlesztesz	es	188	-0.658827035194278	NA	NA	NA	NA	NA	NA	NA	FALSE	Prs.NDef.2Sg (mondas)	4096	cc training	törlestes	NA	NA	st	NA	linking vowel always
borzong	borzong	[/V][Prs.NDef.3Pl]	1.0175746771538423	8924	n	g	2	borzonganak	borzonganak	anak	185	-0.6658131560549441	nak	borzongnak	borzongnak	24	-1.552773642746352	7.708333333333333	2.042301994730379	TRUE	Prs.NDef.3Pl (mondanak)	4938	test	borzongnak	n	ngn	ng	gn	linking vowel varies
kereng	kereng	[/V][Prs.NDef.2Pl]	0.4808176323113937	2593	n	g	2	NA	NA	NA	NA	NA	tek	kerengtek	kerengtek	184	-0.6681670614484213	NA	NA	FALSE	Prs.NDef.2Pl (mondotok)	3308	cc training	kerengtek	t	ngt	ng	gt	linking vowel never
örvend	örvend	[/V][Prs.NDef.2Sg]	2.1193126646506104	112797	n	d	2	örvendes	örvendesz	es	184	-0.6681670614484213	s	örvends	örvendsz	72	-1.0756523880266893	2.5555555555555554	0.9382696385929302	TRUE	Prs.NDef.2Sg (mondas)	4096	test	örvends	s	nds	nd	ds	linking vowel varies
hullajt	hullajt	[/V][Prs.NDef.3Pl]	0.7836860911021777	5208	j	t	2	hullajtanak	hullajtanak	anak	182	-0.672913496472883	NA	NA	NA	NA	NA	NA	NA	FALSE	Prs.NDef.3Pl (mondanak)	4938	cc training	hullajtanak	NA	NA	jt	NA	linking vowel always
šugall	sugall	[/V][Prs.NDef.2Sg]	2.166726825892367	125809	l	l	2	šugallas	sugallasz	as	7	-2.087886844443701	s	šugalls	sugallsz	178	-0.6825648821490639	0.03932584269662921	-3.235873401236772	TRUE	Prs.NDef.2Sg (mondas)	4096	test	šugalls	s	lls	ll	ls	linking vowel varies
tapast	tapaszt	[/V][Prs.NDef.3Pl]	1.133564654303976	11656	s	t	2	tapastanak	tapasztanak	anak	177	-0.6850116180961512	NA	NA	NA	NA	NA	NA	NA	FALSE	Prs.NDef.3Pl (mondanak)	4938	cc training	tapastanak	NA	NA	st	NA	linking vowel always
kereng	kereng	[/V][Prs.NDef.3Pl]	0.4808176323113937	2593	n	g	2	kerengenek	kerengenek	enek	175	-0.6899468357716634	nek	kerengnek	kerengnek	155	-0.7426531862876663	1.1290322580645162	0.12136085700426752	TRUE	Prs.NDef.3Pl (mondanak)	4938	test	kerengnek	n	ngn	ng	gn	linking vowel varies
reštell	restell	[/V][Prs.NDef.3Pl]	0.8460340874569128	6012	l	l	2	reštellenek	restellenek	enek	9	-1.978742375018633	nek	reštellnek	restellnek	174	-0.6924356361753581	0.05172413793103448	-2.9618307218783095	TRUE	Prs.NDef.3Pl (mondanak)	4938	test	reštellnek	n	lln	ll	ln	linking vowel varies
čeppent	cseppent	[/V][Prs.NDef.2Sg]	1.115418071694782	11179	n	t	2	čeppentes	cseppentesz	es	173	-0.6949387813291624	s	čeppents	cseppentsz	1	-2.932984884457958	173	5.153291594497779	TRUE	Prs.NDef.2Sg (mondas)	4096	test	čeppents	s	nts	nt	ts	linking vowel varies
višong	visong	[/V][Prs.NDef.3Pl]	0.3176790350052857	1781	n	g	2	višonganak	visonganak	anak	173	-0.6949387813291624	nak	višongnak	visongnak	17	-1.702535963079684	10.176470588235292	2.3200782504415627	TRUE	Prs.NDef.3Pl (mondanak)	4938	test	višongnak	n	ngn	ng	gn	linking vowel varies
bomlast	bomlaszt	[/V][Prs.NDef.3Pl]	0.7934978123268719	5327	s	t	2	bomlastanak	bomlasztanak	anak	171	-0.6999887740658041	NA	NA	NA	NA	NA	NA	NA	FALSE	Prs.NDef.3Pl (mondanak)	4938	cc training	bomlastanak	NA	NA	st	NA	linking vowel always
billent	billent	[/V][Prs.NDef.3Pl]	1.2721111631205262	16036	n	t	2	billentenek	billentenek	enek	169	-0.7050981798442842	NA	NA	NA	NA	NA	NA	NA	FALSE	Prs.NDef.3Pl (mondanak)	4938	cc training	billentenek	NA	NA	nt	NA	linking vowel always
forrast	forraszt	[/V][Prs.NDef.3Pl]	1.1291832888938251	11539	s	t	2	forrastanak	forrasztanak	anak	169	-0.7050981798442842	NA	NA	NA	NA	NA	NA	NA	FALSE	Prs.NDef.3Pl (mondanak)	4938	cc training	forrastanak	NA	NA	st	NA	linking vowel always
sökell	szökell	[/V][Prs.NDef.3Pl]	0.4649551242140798	2500	l	l	2	sökellenek	szökellenek	enek	14	-1.7868568487797198	nek	sökellnek	szökellnek	169	-0.7050981798442842	0.08284023668639054	-2.490841385307814	TRUE	Prs.NDef.3Pl (mondanak)	4938	test	sökellnek	n	lln	ll	ln	linking vowel varies
ḏárt	gyárt	[/V][Prs.NDef.2Pl]	2.644984606286616	378416	r	t	1	ḏártotok	gyártotok	otok	168	-0.707675602732095	NA	NA	NA	NA	NA	NA	NA	FALSE	Prs.NDef.2Pl (mondotok)	3308	cc training	ḏártotok	NA	NA	rt	NA	linking vowel always
megšért	megsért	[/V][Prs.NDef.2Sg]	2.1871545349738746	131868	r	t	2	megšértes	megsértesz	es	168	-0.707675602732095	NA	NA	NA	NA	NA	NA	NA	FALSE	Prs.NDef.2Sg (mondas)	4096	cc training	megšértes	NA	NA	rt	NA	linking vowel always
dong	dong	[/V][Prs.NDef.3Pl]	0.9073721747453984	6924	n	g	1	donganak	donganak	anak	135	-0.8026511159629518	nak	dongnak	dongnak	164	-0.71814103641026	0.823170731707317	-0.19459164938576903	TRUE	Prs.NDef.3Pl (mondanak)	4938	test	dongnak	n	ngn	ng	gn	linking vowel varies
termest	termeszt	[/V][Prs.NDef.2Sg]	1.952517684470458	76825	s	t	2	termestes	termesztesz	es	163	-0.720797280054	NA	NA	NA	NA	NA	NA	NA	FALSE	Prs.NDef.2Sg (mondas)	4096	cc training	termestes	NA	NA	st	NA	linking vowel always
döbbent	döbbent	[/V][Prs.NDef.3Pl]	1.650270582217736	38305	n	t	2	döbbentenek	döbbentenek	enek	159	-0.7315877601375064	NA	NA	NA	NA	NA	NA	NA	FALSE	Prs.NDef.3Pl (mondanak)	4938	cc training	döbbentenek	NA	NA	nt	NA	linking vowel always
told	told	[/V][Prs.NDef.3Pl]	1.2461933447518363	15107	l	d	1	toldanak	toldanak	anak	158	-0.7343277975035353	nak	toldnak	toldnak	3	-2.455863629738295	52.666666666666664	3.963982744358857	TRUE	Prs.NDef.3Pl (mondanak)	4938	test	toldnak	n	ldn	ld	dn	linking vowel varies
zöldell	zöldell	[/V][Prs.NDef.2Pl]	0.8296186651088456	5789	l	l	2	NA	NA	NA	NA	NA	tek	zöldelltek	zöldelltek	157	-0.7370852320487241	NA	NA	FALSE	Prs.NDef.2Pl (mondotok)	3308	cc training	zöldelltek	t	llt	ll	lt	linking vowel never
felejt	felejt	[/V][Prs.NDef.2Pl]	2.6921814049054085	421858	j	t	2	felejtetek	felejtetek	etek	156	-0.7398602861034962	NA	NA	NA	NA	NA	NA	NA	FALSE	Prs.NDef.2Pl (mondotok)	3308	cc training	felejtetek	NA	NA	jt	NA	linking vowel always
tüssent	tüsszent	[/V][Prs.NDef.3Pl]	0.8046847428986841	5466	n	t	2	tüssentenek	tüsszentenek	enek	156	-0.7398602861034962	NA	NA	NA	NA	NA	NA	NA	FALSE	Prs.NDef.3Pl (mondanak)	4938	cc training	tüssentenek	NA	NA	nt	NA	linking vowel always
porlast	porlaszt	[/V][Prs.NDef.3Pl]	0.7020965515529153	4316	s	t	2	porlastanak	porlasztanak	anak	155	-0.7426531862876663	NA	NA	NA	NA	NA	NA	NA	FALSE	Prs.NDef.3Pl (mondanak)	4938	cc training	porlastanak	NA	NA	st	NA	linking vowel always
ing	ing	[/V][Prs.NDef.3Pl]	2.180008663585595	129716	n	g	1	inganak	inganak	anak	153	-0.748293453640359	nak	ingnak	ingnak	63	-1.133644335004376	2.4285714285714284	0.8873031950009027	TRUE	Prs.NDef.3Pl (mondanak)	4938	test	ingnak	n	ngn	ng	gn	linking vowel varies
gubbast	gubbaszt	[/V][Prs.NDef.2Sg]	0.9826787190478152	8235	s	t	2	gubbastas	gubbasztasz	as	152	-0.7511412965131853	NA	NA	NA	NA	NA	NA	NA	FALSE	Prs.NDef.2Sg (mondas)	4096	cc training	gubbastas	NA	NA	st	NA	linking vowel always
salast	szalaszt	[/V][Prs.NDef.3Pl]	1.165866422570047	12556	s	t	2	salastanak	szalasztanak	anak	152	-0.7511412965131853	nak	salastnak	szalasztnak	1	-2.932984884457958	152	5.0238805208462765	TRUE	Prs.NDef.3Pl (mondanak)	4938	test	salastnak	n	stn	st	tn	linking vowel varies
tapint	tapint	[/V][Prs.NDef.2Sg]	1.2683849248851644	15899	n	t	2	tapintas	tapintasz	as	151	-0.7540079371647884	NA	NA	NA	NA	NA	NA	NA	FALSE	Prs.NDef.2Sg (mondas)	4096	cc training	tapintas	NA	NA	nt	NA	linking vowel always
villant	villant	[/V][Prs.NDef.2Sg]	1.4953605237269272	26813	n	t	2	villantas	villantasz	as	151	-0.7540079371647884	NA	NA	NA	NA	NA	NA	NA	FALSE	Prs.NDef.2Sg (mondas)	4096	cc training	villantas	NA	NA	nt	NA	linking vowel always
erest	ereszt	[/V][Prs.1Sg›2]	2.0182700425231386	89383	s	t	2	erestelek	eresztelek	elek	150	-0.7568936254022766	lek	erestlek	eresztlek	127	-0.829181163502001	1.1811023622047243	0.16644820763766438	TRUE	Prs.1Sg›2 (mondalak)	1749	test	erestlek	l	stl	st	tl	linking vowel varies
žibong	zsibong	[/V][Prs.NDef.3Pl]	0.3890275541244426	2099	n	g	2	žibonganak	zsibonganak	anak	146	-0.7686320286735208	nak	žibongnak	zsibongnak	81	-1.024499865579308	1.8024691358024691	0.5891574670358977	TRUE	Prs.NDef.3Pl (mondanak)	4938	test	žibongnak	n	ngn	ng	gn	linking vowel varies
čelleng	cselleng	[/V][Prs.NDef.3Pl]	0.30781388665937337	1741	n	g	2	čellengenek	csellengenek	enek	145	-0.771616882222983	nek	čellengnek	csellengnek	61	-1.1476550494471909	2.377049180327869	0.8658598782472632	TRUE	Prs.NDef.3Pl (mondanak)	4938	test	čellengnek	n	ngn	ng	gn	linking vowel varies
olt	olt	[/V][Prs.NDef.2Sg]	2.01363438478017	88434	l	t	1	oltas	oltasz	as	143	-0.777648846992896	s	olts	oltsz	2	-2.6319548887939765	71.5	4.269697449699962	TRUE	Prs.NDef.2Sg (mondas)	4096	test	olts	s	lts	lt	ts	linking vowel varies
sellent	szellent	[/V][Prs.NDef.3Pl]	0.3218048029392521	1798	n	t	2	sellentenek	szellentenek	enek	142	-0.7806965400749013	NA	NA	NA	NA	NA	NA	NA	FALSE	Prs.NDef.3Pl (mondanak)	4938	cc training	sellentenek	NA	NA	nt	NA	linking vowel always
ost	oszt	[/V][Prs.NDef.2Pl]	3.0325272520246824	923660	s	t	1	ostotok	osztotok	otok	139	-0.7899700842038627	NA	NA	NA	NA	NA	NA	NA	FALSE	Prs.NDef.2Pl (mondotok)	3308	cc training	ostotok	NA	NA	st	NA	linking vowel always
függ	függ	[/V][Prs.NDef.2Pl]	2.921588333286279	715440	g	g	1	függötök	függötök	ötök	5	-2.234014880121939	tök	függtök	függtök	133	-0.809133243490872	0.03759398496240601	-3.2809112157876537	TRUE	Prs.NDef.2Pl (mondotok)	3308	test	függtök	t	ggt	gg	gt	linking vowel varies
rettent	rettent	[/V][Prs.NDef.3Pl]	0.951243885174646	7660	n	t	2	rettentenek	rettentenek	enek	133	-0.809133243490872	NA	NA	NA	NA	NA	NA	NA	FALSE	Prs.NDef.3Pl (mondanak)	4938	cc training	rettentenek	NA	NA	nt	NA	linking vowel always
virrast	virraszt	[/V][Prs.NDef.2Sg]	1.3217323339652702	17977	s	t	2	virrastas	virrasztasz	as	133	-0.809133243490872	NA	NA	NA	NA	NA	NA	NA	FALSE	Prs.NDef.2Sg (mondas)	4096	cc training	virrastas	NA	NA	st	NA	linking vowel always
tilt	tilt	[/V][Prs.1Sg›2]	2.4688841658205796	252272	l	t	1	tiltalak	tiltalak	alak	132	-0.812410953252108	lak	tiltlak	tiltlak	12	-1.853803638410333	11	2.3978952727983707	TRUE	Prs.1Sg›2 (mondalak)	1749	test	tiltlak	l	ltl	lt	tl	linking vowel varies
sippant	szippant	[/V][Prs.NDef.2Sg]	1.4127220368204705	22167	n	t	2	sippantas	szippantasz	as	130	-0.8190415321511211	s	sippants	szippantsz	1	-2.932984884457958	130	4.867534450455582	TRUE	Prs.NDef.2Sg (mondas)	4096	test	sippants	s	nts	nt	ts	linking vowel varies
füṯṯent	füttyent	[/V][Prs.NDef.3Pl]	0.5728431493968784	3205	n	t	2	füṯṯentenek	füttyentenek	enek	129	-0.8223951741587089	NA	NA	NA	NA	NA	NA	NA	FALSE	Prs.NDef.3Pl (mondanak)	4938	cc training	füṯṯentenek	NA	NA	nt	NA	linking vowel always
jajong	jajong	[/V][Prs.NDef.3Pl]	0.38214543272564394	2066	n	g	2	jajonganak	jajonganak	anak	129	-0.8223951741587089	nak	jajongnak	jajongnak	63	-1.133644335004376	2.047619047619047	0.7166776779701394	TRUE	Prs.NDef.3Pl (mondanak)	4938	test	jajongnak	n	ngn	ng	gn	linking vowel varies
poṯṯant	pottyant	[/V][Prs.NDef.3Pl]	0.7604782427615733	4937	n	t	2	poṯṯantanak	pottyantanak	anak	129	-0.8223951741587089	NA	NA	NA	NA	NA	NA	NA	FALSE	Prs.NDef.3Pl (mondanak)	4938	cc training	poṯṯantanak	NA	NA	nt	NA	linking vowel always
durrant	durrant	[/V][Prs.NDef.3Pl]	0.6315628272979901	3669	n	t	2	durrantanak	durrantanak	anak	128	-0.8257749148100895	NA	NA	NA	NA	NA	NA	NA	FALSE	Prs.NDef.3Pl (mondanak)	4938	cc training	durrantanak	NA	NA	nt	NA	linking vowel always
végrehajt	végrehajt	[/V][Prs.NDef.2Sg]	2.3635815912942486	197955	j	t	3	végrehajtas	végrehajtasz	as	128	-0.8257749148100895	s	végrehajts	végrehajtsz	1	-2.932984884457958	128	4.852030263919617	TRUE	Prs.NDef.2Sg (mondas)	4096	test	végrehajts	s	jts	jt	ts	linking vowel varies
mulast	mulaszt	[/V][Prs.NDef.2Sg]	1.5291884202488326	28985	s	t	2	mulastas	mulasztasz	as	123	-0.84307977301856	NA	NA	NA	NA	NA	NA	NA	FALSE	Prs.NDef.2Sg (mondas)	4096	cc training	mulastas	NA	NA	st	NA	linking vowel always
pattint	pattint	[/V][Prs.NDef.3Pl]	1.1739875154287156	12793	n	t	2	pattintanak	pattintanak	anak	122	-0.8466250537832096	NA	NA	NA	NA	NA	NA	NA	FALSE	Prs.NDef.3Pl (mondanak)	4938	cc training	pattintanak	NA	NA	nt	NA	linking vowel always
ment	ment	[/V][Prs.1Sg›2]	2.6656885548669886	396893	n	t	1	mentelek	mentelek	elek	121	-0.8501995141415077	lek	mentlek	mentlek	2	-2.6319548887939765	60.5	4.102643365036796	TRUE	Prs.1Sg›2 (mondalak)	1749	test	mentlek	l	ntl	nt	tl	linking vowel varies
rühell	rühell	[/V][Prs.NDef.3Pl]	1.1255929646752671	11444	l	l	2	rühellenek	rühellenek	enek	32	-1.427834906138052	nek	rühellnek	rühellnek	119	-0.8574379230654271	0.2689075630252101	-1.3133875903118029	TRUE	Prs.NDef.3Pl (mondanak)	4938	test	rühellnek	n	lln	ll	ln	linking vowel varies
fárast	fáraszt	[/V][Prs.NDef.2Sg]	1.459131449358052	24667	s	t	2	fárastas	fárasztasz	as	118	-0.8611028771518324	NA	NA	NA	NA	NA	NA	NA	FALSE	Prs.NDef.2Sg (mondas)	4096	cc training	fárastas	NA	NA	st	NA	linking vowel always
hull	hull	[/V][Prs.NDef.2Sg]	1.9644167549853853	78959	l	l	1	hullas	hullasz	as	115	-0.8722870441043462	s	hulls	hullsz	118	-0.8611028771518324	0.9745762711864406	-0.02575249610241474	TRUE	Prs.NDef.2Sg (mondas)	4096	test	hulls	s	lls	ll	ls	linking vowel varies
kíšért	kísért	[/V][Prs.NDef.2Sg]	1.5551849523789012	30773	r	t	2	kíšértes	kísértesz	es	118	-0.8611028771518324	s	kíšérts	kísértsz	2	-2.6319548887939765	59	4.07753744390572	TRUE	Prs.NDef.2Sg (mondas)	4096	test	kíšérts	s	rts	rt	ts	linking vowel varies
tévest	téveszt	[/V][Prs.NDef.2Sg]	1.7844276275827178	52169	s	t	2	tévestes	tévesztesz	es	117	-0.8647990227117962	NA	NA	NA	NA	NA	NA	NA	FALSE	Prs.NDef.2Sg (mondas)	4096	cc training	tévestes	NA	NA	st	NA	linking vowel always
érint	érint	[/V][Prs.1Sg›2]	3.006391077264476	869713	n	t	2	érintelek	érintelek	elek	115	-0.8722870441043462	lek	érintlek	érintlek	13	-1.819041532151121	8.846153846153847	2.1799827709017134	TRUE	Prs.1Sg›2 (mondalak)	1749	test	érintlek	l	ntl	nt	tl	linking vowel varies
šújt	sújt	[/V][Prs.NDef.2Sg]	2.2020777650972594	136478	j	t	1	šújtas	sújtasz	as	113	-0.8799064409745381	s	šújts	sújtsz	2	-2.6319548887939765	56.5	4.034240638152395	TRUE	Prs.NDef.2Sg (mondas)	4096	test	šújts	s	jts	jt	ts	linking vowel varies
mereng	mereng	[/V][Prs.NDef.2Pl]	1.2914445773647398	16766	n	g	2	merengetek	merengetek	etek	1	-2.932984884457958	tek	merengtek	merengtek	112	-0.8837668617877762	0.00892857142857142	-4.718498871295094	TRUE	Prs.NDef.2Pl (mondotok)	3308	test	merengtek	t	ngt	ng	gt	linking vowel varies
robbant	robbant	[/V][Prs.NDef.2Sg]	1.758706491233094	49169	n	t	2	robbantas	robbantasz	as	111	-0.8876619056713004	NA	NA	NA	NA	NA	NA	NA	FALSE	Prs.NDef.2Sg (mondas)	4096	cc training	robbantas	NA	NA	nt	NA	linking vowel always
čüng	csüng	[/V][Prs.NDef.2Sg]	1.166350393228	12570	n	g	1	čünges	csüngesz	es	12	-1.853803638410333	s	čüngs	csüngsz	110	-0.8915921992997328	0.10909090909090909	-2.215573716004416	TRUE	Prs.NDef.2Sg (mondas)	4096	test	čüngs	s	ngs	ng	gs	linking vowel varies
čettint	csettint	[/V][Prs.NDef.2Sg]	0.981728402515666	8217	n	t	2	čettintes	csettintesz	es	109	-0.8955583865173342	NA	NA	NA	NA	NA	NA	NA	FALSE	Prs.NDef.2Sg (mondas)	4096	cc training	čettintes	NA	NA	nt	NA	linking vowel always
čökkent	csökkent	[/V][Prs.NDef.2Sg]	3.104972005299955	1091332	n	t	2	čökkentes	csökkentesz	es	109	-0.8955583865173342	NA	NA	NA	NA	NA	NA	NA	FALSE	Prs.NDef.2Sg (mondas)	4096	cc training	čökkentes	NA	NA	nt	NA	linking vowel always
füllent	füllent	[/V][Prs.NDef.2Sg]	0.6628418926152654	3943	n	t	2	füllentes	füllentesz	es	109	-0.8955583865173342	s	füllents	füllentsz	2	-2.6319548887939765	54.5	3.9982007016691985	TRUE	Prs.NDef.2Sg (mondas)	4096	test	füllents	s	nts	nt	ts	linking vowel varies
hazaért	hazaért	[/V][Prs.NDef.2Pl]	-0.7370852320487241	157	r	t	3	hazaértetek	hazaértetek	etek	109	-0.8955583865173342	NA	NA	NA	NA	NA	NA	NA	FALSE	Prs.NDef.2Pl (mondotok)	3308	cc training	hazaértetek	NA	NA	rt	NA	linking vowel always
bossant	bosszant	[/V][Prs.NDef.2Sg]	1.6866614018736934	41653	n	t	2	bossantas	bosszantasz	as	108	-0.8995611289710082	s	bossants	bosszantsz	1	-2.932984884457958	108	4.68213122712422	TRUE	Prs.NDef.2Sg (mondas)	4096	test	bossants	s	nts	nt	ts	linking vowel varies
varr	varr	[/V][Prs.NDef.2Pl]	2.1150449597688534	111694	r	r	1	NA	NA	NA	NA	NA	tok	varrtok	varrtok	108	-0.8995611289710082	NA	NA	FALSE	Prs.NDef.2Pl (mondotok)	3308	cc training	varrtok	t	rrt	rr	rt	linking vowel never
pussant	pusszant	[/V][Prs.1Sg›2]	-0.4766188513289148	286	n	t	2	pussantalak	pusszantalak	alak	107	-0.9036011067727482	lak	pussantlak	pusszantlak	60	-1.1548336340743142	1.7833333333333334	0.5784842722398056	TRUE	Prs.1Sg›2 (mondalak)	1749	test	pussantlak	l	ntl	nt	tl	linking vowel varies
šuhint	suhint	[/V][Prs.NDef.3Pl]	0.7173226386739786	4470	n	t	2	šuhintanak	suhintanak	anak	107	-0.9036011067727482	NA	NA	NA	NA	NA	NA	NA	FALSE	Prs.NDef.3Pl (mondanak)	4938	cc training	šuhintanak	NA	NA	nt	NA	linking vowel always
árast	áraszt	[/V][Prs.1Sg›2]	2.0384301389270374	93630	s	t	2	árastalak	árasztalak	alak	107	-0.9036011067727482	lak	árastlak	árasztlak	3	-2.455863629738295	35.666666666666664	3.574216545793796	TRUE	Prs.1Sg›2 (mondalak)	1749	test	árastlak	l	stl	st	tl	linking vowel varies
kukkant	kukkant	[/V][Prs.NDef.3Pl]	0.995564582543706	8483	n	t	2	kukkantanak	kukkantanak	anak	104	-0.9159515451591774	NA	NA	NA	NA	NA	NA	NA	FALSE	Prs.NDef.3Pl (mondanak)	4938	cc training	kukkantanak	NA	NA	nt	NA	linking vowel always
odébbáll	odébbáll	[/V][Prs.NDef.2Sg]	0.7400360226709383	4710	l	l	3	odébbállas	odébbállasz	as	2	-2.6319548887939765	s	odébbálls	odébbállsz	104	-0.9159515451591774	0.01923076923076923	-3.951243718581427	TRUE	Prs.NDef.2Sg (mondas)	4096	test	odébbálls	s	lls	ll	ls	linking vowel varies
emést	emészt	[/V][Prs.NDef.2Sg]	1.792510213214763	53149	s	t	2	eméstes	emésztesz	es	103	-0.9201476597527856	NA	NA	NA	NA	NA	NA	NA	FALSE	Prs.NDef.2Sg (mondas)	4096	cc training	eméstes	NA	NA	st	NA	linking vowel always
hint	hint	[/V][Prs.NDef.2Sg]	1.5869611793795713	33109	n	t	1	hintes	hintesz	es	102	-0.9243847126960404	s	hints	hintsz	2	-2.6319548887939765	51	3.9318256327243257	TRUE	Prs.NDef.2Sg (mondas)	4096	test	hints	s	nts	nt	ts	linking vowel varies
rejt	rejt	[/V][Prs.1Sg›2]	2.5010631926907587	271674	j	t	1	rejtelek	rejtelek	elek	102	-0.9243847126960404	lek	rejtlek	rejtlek	4	-2.3309248931299953	25.5	3.2386784521643803	TRUE	Prs.1Sg›2 (mondalak)	1749	test	rejtlek	l	jtl	jt	tl	linking vowel varies
tölt	tölt	[/V][Prs.1Sg›2]	3.4380290110614276	2349708	l	t	1	töltelek	töltelek	elek	101	-0.9286635106753152	lek	töltlek	töltlek	1	-2.932984884457958	101	4.61512051684126	TRUE	Prs.1Sg›2 (mondalak)	1749	test	töltlek	l	ltl	lt	tl	linking vowel varies
sállong	szállong	[/V][Prs.NDef.3Pl]	0.08321246905448124	1038	n	g	2	sállonganak	szállonganak	anak	100	-0.9329848844579578	nak	sállongnak	szállongnak	53	-1.2087090148571689	1.8867924528301887	0.6348782724359695	TRUE	Prs.NDef.3Pl (mondanak)	4938	test	sállongnak	n	ngn	ng	gn	linking vowel varies
ömleng	ömleng	[/V][Prs.NDef.3Pl]	0.2612518642658714	1564	n	g	2	ömlengenek	ömlengenek	enek	100	-0.9329848844579578	nek	ömlengnek	ömlengnek	7	-2.087886844443701	14.285714285714286	2.659260036932778	TRUE	Prs.NDef.3Pl (mondanak)	4938	test	ömlengnek	n	ngn	ng	gn	linking vowel varies
ömlest	ömleszt	[/V][Prs.NDef.3Pl]	1.0226066659477666	9028	s	t	2	ömlestenek	ömlesztenek	enek	98	-0.9417588087654628	nek	ömlestnek	ömlesztnek	1	-2.932984884457958	98	4.584967478670572	TRUE	Prs.NDef.3Pl (mondanak)	4938	test	ömlestnek	n	stn	st	tn	linking vowel varies
reng	reng	[/V][Prs.NDef.3Pl]	1.2320515955366076	14623	n	g	1	rengenek	rengenek	enek	97	-0.946213150191713	nek	rengnek	rengnek	24	-1.552773642746352	4.041666666666667	1.3966571481554373	TRUE	Prs.NDef.3Pl (mondanak)	4938	test	rengnek	n	ngn	ng	gn	linking vowel varies
gerjest	gerjeszt	[/V][Prs.NDef.2Sg]	1.5671280377017365	31631	s	t	2	gerjestes	gerjesztesz	es	95	-0.95526127916911	NA	NA	NA	NA	NA	NA	NA	FALSE	Prs.NDef.2Sg (mondas)	4096	cc training	gerjestes	NA	NA	st	NA	linking vowel always
čippent	csippent	[/V][Prs.NDef.3Pl]	0.4818213950430548	2599	n	t	2	čippentenek	csippentenek	enek	94	-0.9598570308582592	NA	NA	NA	NA	NA	NA	NA	FALSE	Prs.NDef.3Pl (mondanak)	4938	cc training	čippentenek	NA	NA	nt	NA	linking vowel always
kíšért	kísért	[/V][Prs.1Sg›2]	1.5551849523789012	30773	r	t	2	kíšértelek	kísértelek	elek	93	-0.9645019359040228	lek	kíšértlek	kísértlek	1	-2.932984884457958	93	4.532599493153256	TRUE	Prs.1Sg›2 (mondalak)	1749	test	kíšértlek	l	rtl	rt	tl	linking vowel varies
rémist	rémiszt	[/V][Prs.NDef.3Pl]	0.8152806882107829	5601	s	t	2	rémistenek	rémisztenek	enek	93	-0.9645019359040228	NA	NA	NA	NA	NA	NA	NA	FALSE	Prs.NDef.3Pl (mondanak)	4938	cc training	rémistenek	NA	NA	st	NA	linking vowel always
veršeng	verseng	[/V][Prs.NDef.2Sg]	1.673041590197379	40367	n	g	2	veršenges	versengesz	es	15	-1.756893625402277	s	veršengs	versengsz	92	-0.9691970571124026	0.16304347826086957	-1.8137383759468304	TRUE	Prs.NDef.2Sg (mondas)	4096	test	veršengs	s	ngs	ng	gs	linking vowel varies
ugrast	ugraszt	[/V][Prs.NDef.3Pl]	0.8064292182407374	5488	s	t	2	ugrastanak	ugrasztanak	anak	91	-0.9739434921368644	NA	NA	NA	NA	NA	NA	NA	FALSE	Prs.NDef.3Pl (mondanak)	4938	cc training	ugrastanak	NA	NA	st	NA	linking vowel always
bánt	bánt	[/V][Prs.NDef.2Pl]	2.302654646830123	172044	n	t	1	bántotok	bántotok	otok	89	-0.983594877813045	tok	bánttok	bánttok	1	-2.932984884457958	89	4.48863636973214	TRUE	Prs.NDef.2Pl (mondotok)	3308	test	bánttok	t	ntt	nt	tt	linking vowel varies
terjest	terjeszt	[/V][Prs.NDef.2Pl]	2.4984882437993483	270068	s	t	2	terjestetek	terjesztetek	etek	89	-0.983594877813045	tek	terjesttek	terjeszttek	1	-2.932984884457958	89	4.48863636973214	TRUE	Prs.NDef.2Pl (mondotok)	3308	test	terjesttek	t	stt	st	tt	linking vowel varies
hejtáll	helytáll	[/V][Prs.NDef.2Sg]	1.785201141146585	52262	l	l	2	NA	NA	NA	NA	NA	s	hejtálls	helytállsz	88	-0.9885022123077892	NA	NA	FALSE	Prs.NDef.2Sg (mondas)	4096	cc training	hejtálls	s	lls	ll	ls	linking vowel never
salast	szalaszt	[/V][Prs.NDef.2Sg]	1.165866422570047	12556	s	t	2	salastas	szalasztasz	as	88	-0.9885022123077892	NA	NA	NA	NA	NA	NA	NA	FALSE	Prs.NDef.2Sg (mondas)	4096	cc training	salastas	NA	NA	st	NA	linking vowel always
šokall	sokall	[/V][Prs.NDef.3Pl]	1.272002819729194	16032	l	l	2	šokallanak	sokallanak	anak	4	-2.3309248931299953	nak	šokallnak	sokallnak	87	-0.9934656318393392	0.04597701149425287	-3.079613757534693	TRUE	Prs.NDef.3Pl (mondanak)	4938	test	šokallnak	n	lln	ll	ln	linking vowel varies
borzong	borzong	[/V][Prs.NDef.2Sg]	1.0175746771538423	8924	n	g	2	borzongas	borzongasz	as	5	-2.234014880121939	s	borzongs	borzongsz	85	-1.0035659587436652	0.0588235294117647	-2.833213344056216	TRUE	Prs.NDef.2Sg (mondas)	4096	test	borzongs	s	ngs	ng	gs	linking vowel varies
kérd	kérd	[/V][Prs.1Sg›2]	1.9986204382455903	85429	r	d	1	kérdelek	kérdelek	elek	85	-1.0035659587436652	lek	kérdlek	kérdlek	43	-1.2995164288783714	1.9767441860465116	0.6814511407967541	TRUE	Prs.1Sg›2 (mondalak)	1749	test	kérdlek	l	rdl	rd	dl	linking vowel varies
vall	vall	[/V][Prs.1Sg›2]	2.7990089795374744	539503	l	l	1	NA	NA	NA	NA	NA	ak	vallak	vallak	85	-1.0035659587436652	NA	NA	FALSE	Prs.1Sg›2 (mondalak)	1749	cc training	vallak	a	lla	ll	la	linking vowel never
peng	peng	[/V][Prs.NDef.3Pl]	0.8837865278753886	6558	n	g	1	pengenek	pengenek	enek	84	-1.0087055983960762	nek	pengnek	pengnek	41	-1.3202010277382223	2.048780487804878	0.7172447321390059	TRUE	Prs.NDef.3Pl (mondanak)	4938	test	pengnek	n	ngn	ng	gn	linking vowel varies
šápast	sápaszt	[/V][Prs.NDef.3Pl]	-0.04200528746826889	778	s	t	2	šápastanak	sápasztanak	anak	84	-1.0087055983960762	NA	NA	NA	NA	NA	NA	NA	FALSE	Prs.NDef.3Pl (mondanak)	4938	cc training	šápastanak	NA	NA	st	NA	linking vowel always
ḏűjt	gyűjt	[/V][Prs.1Sg›2]	2.9400629622305536	746531	j	t	1	ḏűjtelek	gyűjtelek	elek	83	-1.0139067920818838	NA	NA	NA	NA	NA	NA	NA	FALSE	Prs.1Sg›2 (mondalak)	1749	cc training	ḏűjtelek	NA	NA	jt	NA	linking vowel always
ujjong	ujjong	[/V][Prs.NDef.2Sg]	1.3958430545563227	21322	n	g	2	ujjongas	ujjongasz	as	10	-1.9329848844579576	s	ujjongs	ujjongsz	83	-1.0139067920818838	0.12048192771084336	-2.1162555148025524	TRUE	Prs.NDef.2Sg (mondas)	4096	test	ujjongs	s	ngs	ng	gs	linking vowel varies
vakkant	vakkant	[/V][Prs.NDef.3Pl]	0.34324707346387573	1889	n	t	2	vakkantanak	vakkantanak	anak	83	-1.0139067920818838	NA	NA	NA	NA	NA	NA	NA	FALSE	Prs.NDef.3Pl (mondanak)	4938	cc training	vakkantanak	NA	NA	nt	NA	linking vowel always
koppint	koppint	[/V][Prs.NDef.2Sg]	1.548242693541363	30285	n	t	2	koppintas	koppintasz	as	82	-1.019171032074241	NA	NA	NA	NA	NA	NA	NA	FALSE	Prs.NDef.2Sg (mondas)	4096	cc training	koppintas	NA	NA	nt	NA	linking vowel always
reštell	restell	[/V][Prs.NDef.2Pl]	0.8460340874569128	6012	l	l	2	reštelletek	restelletek	etek	3	-2.455863629738295	tek	reštelltek	restelltek	82	-1.019171032074241	0.03658536585365853	-3.3081069585961433	TRUE	Prs.NDef.2Pl (mondotok)	3308	test	reštelltek	t	llt	ll	lt	linking vowel varies
őrjöng	őrjöng	[/V][Prs.NDef.2Sg]	1.1505535667721816	12121	n	g	2	őrjönges	őrjöngesz	es	11	-1.8915921992997329	s	őrjöngs	őrjöngsz	82	-1.019171032074241	0.13414634146341464	-2.0088239744658827	TRUE	Prs.NDef.2Sg (mondas)	4096	test	őrjöngs	s	ngs	ng	gs	linking vowel varies
lobbant	lobbant	[/V][Prs.NDef.3Pl]	1.0172338821839055	8917	n	t	2	lobbantanak	lobbantanak	anak	81	-1.024499865579308	NA	NA	NA	NA	NA	NA	NA	FALSE	Prs.NDef.3Pl (mondanak)	4938	cc training	lobbantanak	NA	NA	nt	NA	linking vowel always
peng	peng	[/V][Prs.NDef.2Pl]	0.8837865278753886	6558	n	g	1	pengetek	pengetek	etek	81	-1.024499865579308	tek	pengtek	pengtek	40	-1.3309248931299955	2.025	0.7055697005585024	TRUE	Prs.NDef.2Pl (mondotok)	3308	test	pengtek	t	ngt	ng	gt	linking vowel varies
ráng	ráng	[/V][Prs.NDef.3Pl]	1.3527524056886966	19308	n	g	1	ránganak	ránganak	anak	80	-1.0298948974660145	nak	rángnak	rángnak	20	-1.6319548887939763	4	1.3862943611198906	TRUE	Prs.NDef.3Pl (mondanak)	4938	test	rángnak	n	ngn	ng	gn	linking vowel varies
kérd	kérd	[/V][Prs.NDef.2Sg]	1.9986204382455903	85429	r	d	1	kérdes	kérdesz	es	79	-1.0353577931675164	s	kérds	kérdsz	2	-2.6319548887939765	39.5	3.676300671907076	TRUE	Prs.NDef.2Sg (mondas)	4096	test	kérds	s	rds	rd	ds	linking vowel varies
megšért	megsért	[/V][Prs.1Sg›2]	2.1871545349738746	131868	r	t	2	megšértelek	megsértelek	elek	79	-1.0353577931675164	lek	megšértlek	megsértlek	2	-2.6319548887939765	39.5	3.676300671907076	TRUE	Prs.1Sg›2 (mondalak)	1749	test	megšértlek	l	rtl	rt	tl	linking vowel varies
sámfejt	számfejt	[/V][Prs.NDef.3Pl]	0.4032746675562354	2169	j	t	2	sámfejtenek	számfejtenek	enek	79	-1.0353577931675164	NA	NA	NA	NA	NA	NA	NA	FALSE	Prs.NDef.3Pl (mondanak)	4938	cc training	sámfejtenek	NA	NA	jt	NA	linking vowel always
šüvölt	süvölt	[/V][Prs.NDef.3Pl]	0.4673803888919811	2514	l	t	2	šüvöltenek	süvöltenek	enek	79	-1.0353577931675164	NA	NA	NA	NA	NA	NA	NA	FALSE	Prs.NDef.3Pl (mondanak)	4938	cc training	šüvöltenek	NA	NA	lt	NA	linking vowel always
pillant	pillant	[/V][Prs.NDef.2Pl]	2.0275762625908595	91319	n	t	2	pillantotok	pillantotok	otok	78	-1.0408902817674774	tok	pillanttok	pillanttok	1	-2.932984884457958	78	4.356708826689592	TRUE	Prs.NDef.2Pl (mondotok)	3308	test	pillanttok	t	ntt	nt	tt	linking vowel varies
márt	márt	[/V][Prs.NDef.2Sg]	1.600189576284433	34133	r	t	1	mártas	mártasz	as	77	-1.046494159285476	s	márts	mártsz	1	-2.932984884457958	77	4.343805421853684	TRUE	Prs.NDef.2Sg (mondas)	4096	test	márts	s	rts	rt	ts	linking vowel varies
ont	ont	[/V][Prs.NDef.2Pl]	1.7436264299947593	47491	n	t	1	ontotok	ontotok	otok	77	-1.046494159285476	NA	NA	NA	NA	NA	NA	NA	FALSE	Prs.NDef.2Pl (mondotok)	3308	cc training	ontotok	NA	NA	nt	NA	linking vowel always
ring	ring	[/V][Prs.NDef.2Sg]	1.9599496550527609	78151	n	g	1	ringas	ringasz	as	9	-1.978742375018633	s	rings	ringsz	77	-1.046494159285476	0.11688311688311688	-2.146580844517465	TRUE	Prs.NDef.2Sg (mondas)	4096	test	rings	s	ngs	ng	gs	linking vowel varies
halast	halaszt	[/V][Prs.NDef.2Sg]	1.7242144340664431	45415	s	t	2	halastas	halasztasz	as	76	-1.0521712921771664	NA	NA	NA	NA	NA	NA	NA	FALSE	Prs.NDef.2Sg (mondas)	4096	cc training	halastas	NA	NA	st	NA	linking vowel always
kérd	kérd	[/V][Prs.NDef.3Pl]	1.9986204382455903	85429	r	d	1	kérdenek	kérdenek	enek	76	-1.0521712921771664	nek	kérdnek	kérdnek	65	-1.1200715278151023	1.1692307692307693	0.15634607039069404	TRUE	Prs.NDef.3Pl (mondanak)	4938	test	kérdnek	n	rdn	rd	dn	linking vowel varies
röštell	röstell	[/V][Prs.NDef.3Pl]	0.6188309378930578	3563	l	l	2	röštellenek	röstellenek	enek	7	-2.087886844443701	nek	röštellnek	röstellnek	76	-1.0521712921771664	0.09210526315789472	-2.384823191231018	TRUE	Prs.NDef.3Pl (mondanak)	4938	test	röštellnek	n	lln	ll	ln	linking vowel varies
old	old	[/V][Prs.NDef.2Pl]	2.8249058973828483	572652	l	d	1	oldotok	oldotok	otok	75	-1.0579236210662577	NA	NA	NA	NA	NA	NA	NA	FALSE	Prs.NDef.2Pl (mondotok)	3308	cc training	oldotok	NA	NA	ld	NA	linking vowel always
ébrest	ébreszt	[/V][Prs.1Sg›2]	2.0144439356578423	88599	s	t	2	ébrestelek	ébresztelek	elek	75	-1.0579236210662577	NA	NA	NA	NA	NA	NA	NA	FALSE	Prs.1Sg›2 (mondalak)	1749	cc training	ébrestelek	NA	NA	st	NA	linking vowel always
koccint	koccint	[/V][Prs.NDef.2Sg]	1.2511384697817134	15280	n	t	2	koccintas	koccintasz	as	73	-1.069662024337502	NA	NA	NA	NA	NA	NA	NA	FALSE	Prs.NDef.2Sg (mondas)	4096	cc training	koccintas	NA	NA	nt	NA	linking vowel always
jukast	lyukaszt	[/V][Prs.NDef.3Pl]	0.8337996310399011	5845	s	t	2	jukastanak	lyukasztanak	anak	73	-1.069662024337502	NA	NA	NA	NA	NA	NA	NA	FALSE	Prs.NDef.3Pl (mondanak)	4938	cc training	jukastanak	NA	NA	st	NA	linking vowel always
izzast	izzaszt	[/V][Prs.NDef.3Pl]	0.5758140809459471	3227	s	t	2	izzastanak	izzasztanak	anak	72	-1.0756523880266893	NA	NA	NA	NA	NA	NA	NA	FALSE	Prs.NDef.3Pl (mondanak)	4938	cc training	izzastanak	NA	NA	st	NA	linking vowel always
sellent	szellent	[/V][Prs.NDef.2Sg]	0.3218048029392521	1798	n	t	2	sellentes	szellentesz	es	72	-1.0756523880266893	NA	NA	NA	NA	NA	NA	NA	FALSE	Prs.NDef.2Sg (mondas)	4096	cc training	sellentes	NA	NA	nt	NA	linking vowel always
virrast	virraszt	[/V][Prs.NDef.2Pl]	1.3217323339652702	17977	s	t	2	virrastotok	virrasztotok	otok	72	-1.0756523880266893	NA	NA	NA	NA	NA	NA	NA	FALSE	Prs.NDef.2Pl (mondotok)	3308	cc training	virrastotok	NA	NA	st	NA	linking vowel always
kering	kering	[/V][Prs.NDef.2Sg]	1.9960046439135095	84916	n	g	2	keringes	keringesz	es	32	-1.427834906138052	s	kerings	keringsz	70	-1.087886844443701	0.45714285714285713	-0.7827593392496325	TRUE	Prs.NDef.2Sg (mondas)	4096	test	kerings	s	ngs	ng	gs	linking vowel varies
sánt	szánt	[/V][Prs.NDef.2Sg]	2.6324130648880937	367619	n	t	1	sántas	szántasz	as	70	-1.087886844443701	NA	NA	NA	NA	NA	NA	NA	FALSE	Prs.NDef.2Sg (mondas)	4096	cc training	sántas	NA	NA	nt	NA	linking vowel always
leḏint	legyint	[/V][Prs.NDef.2Pl]	1.705684043387432	43518	n	t	2	leḏintetek	legyintetek	etek	69	-1.0941357937207026	NA	NA	NA	NA	NA	NA	NA	FALSE	Prs.NDef.2Pl (mondotok)	3308	cc training	leḏintetek	NA	NA	nt	NA	linking vowel always
sökell	szökell	[/V][Prs.NDef.2Pl]	0.4649551242140798	2500	l	l	2	NA	NA	NA	NA	NA	tek	sökelltek	szökelltek	69	-1.0941357937207026	NA	NA	FALSE	Prs.NDef.2Pl (mondotok)	3308	cc training	sökelltek	t	llt	ll	lt	linking vowel never
bojong	bolyong	[/V][Prs.NDef.2Pl]	1.5543797744589725	30716	n	g	2	bojongotok	bolyongotok	otok	1	-2.932984884457958	tok	bojongtok	bolyongtok	68	-1.1004759717517214	0.01470588235294117	-4.219507705176107	TRUE	Prs.NDef.2Pl (mondotok)	3308	test	bojongtok	t	ngt	ng	gt	linking vowel varies
kárörvend	kárörvend	[/V][Prs.NDef.3Pl]	0.26622159470369994	1582	n	d	3	kárörvendenek	kárörvendenek	enek	68	-1.1004759717517214	nek	kárörvendnek	kárörvendnek	9	-1.978742375018633	7.555555555555555	2.0222831278398874	TRUE	Prs.NDef.3Pl (mondanak)	4938	test	kárörvendnek	n	ndn	nd	dn	linking vowel varies
pišlant	pislant	[/V][Prs.NDef.2Sg]	0.4486715981278291	2408	n	t	2	pišlantas	pislantasz	as	68	-1.1004759717517214	NA	NA	NA	NA	NA	NA	NA	FALSE	Prs.NDef.2Sg (mondas)	4096	cc training	pišlantas	NA	NA	nt	NA	linking vowel always
ejt	ejt	[/V][Prs.NDef.2Pl]	2.54627650321544	301482	j	t	1	ejtetek	ejtetek	etek	67	-1.1069100817571311	NA	NA	NA	NA	NA	NA	NA	FALSE	Prs.NDef.2Pl (mondotok)	3308	cc training	ejtetek	NA	NA	jt	NA	linking vowel always
félreért	félreért	[/V][Prs.1Sg›2]	1.6781859130022172	40848	r	t	3	félreértelek	félreértelek	elek	67	-1.1069100817571311	lek	félreértlek	félreértlek	4	-2.3309248931299953	16.75	2.8183982582710754	TRUE	Prs.1Sg›2 (mondalak)	1749	test	félreértlek	l	rtl	rt	tl	linking vowel varies
ijest	ijeszt	[/V][Prs.NDef.2Sg]	1.3020382750372657	17180	s	t	2	ijestes	ijesztesz	es	67	-1.1069100817571311	NA	NA	NA	NA	NA	NA	NA	FALSE	Prs.NDef.2Sg (mondas)	4096	cc training	ijestes	NA	NA	st	NA	linking vowel always
hámlast	hámlaszt	[/V][Prs.NDef.3Pl]	0.4651288072725447	2501	s	t	2	hámlastanak	hámlasztanak	anak	66	-1.1134409489160892	NA	NA	NA	NA	NA	NA	NA	FALSE	Prs.NDef.3Pl (mondanak)	4938	cc training	hámlastanak	NA	NA	st	NA	linking vowel always
javall	javall	[/V][Prs.NDef.3Pl]	1.2947990163957603	16896	l	l	2	javallanak	javallanak	anak	66	-1.1134409489160892	nak	javallnak	javallnak	22	-1.5905622036357516	3	1.0986122886681098	TRUE	Prs.NDef.3Pl (mondanak)	4938	test	javallnak	n	lln	ll	ln	linking vowel varies
šarkall	sarkall	[/V][Prs.1Sg›2]	1.673009313043713	40364	l	l	2	NA	NA	NA	NA	NA	ak	šarkallak	sarkallak	66	-1.1134409489160892	NA	NA	FALSE	Prs.1Sg›2 (mondalak)	1749	cc training	šarkallak	a	lla	ll	la	linking vowel never
borong	borong	[/V][Prs.NDef.3Pl]	0.4584795273811454	2463	n	g	2	boronganak	boronganak	anak	65	-1.1200715278151023	nak	borongnak	borongnak	36	-1.3766823836906703	1.8055555555555556	0.5908683314395271	TRUE	Prs.NDef.3Pl (mondanak)	4938	test	borongnak	n	ngn	ng	gn	linking vowel varies
čöppent	csöppent	[/V][Prs.NDef.2Pl]	0.2749186459280938	1614	n	t	2	čöppentetek	csöppentetek	etek	65	-1.1200715278151023	NA	NA	NA	NA	NA	NA	NA	FALSE	Prs.NDef.2Pl (mondotok)	3308	cc training	čöppentetek	NA	NA	nt	NA	linking vowel always
füröst	füröszt	[/V][Prs.NDef.3Pl]	0.5572546007883294	3092	s	t	2	füröstenek	fürösztenek	enek	65	-1.1200715278151023	NA	NA	NA	NA	NA	NA	NA	FALSE	Prs.NDef.3Pl (mondanak)	4938	cc training	füröstenek	NA	NA	st	NA	linking vowel always
löṯṯint	löttyint	[/V][Prs.NDef.3Pl]	0.512307884968014	2788	n	t	2	löṯṯintenek	löttyintenek	enek	65	-1.1200715278151023	NA	NA	NA	NA	NA	NA	NA	FALSE	Prs.NDef.3Pl (mondanak)	4938	cc training	löṯṯintenek	NA	NA	nt	NA	linking vowel always
olvast	olvaszt	[/V][Prs.NDef.2Sg]	1.807117150142854	54967	s	t	2	olvastas	olvasztasz	as	64	-1.1268049104740707	s	olvasts	olvasztsz	1	-2.932984884457958	64	4.1588830833596715	TRUE	Prs.NDef.2Sg (mondas)	4096	test	olvasts	s	sts	st	ts	linking vowel varies
önt	önt	[/V][Prs.NDef.2Pl]	2.628092636201345	363980	n	t	1	öntötök	öntötök	ötök	64	-1.1268049104740707	NA	NA	NA	NA	NA	NA	NA	FALSE	Prs.NDef.2Pl (mondotok)	3308	cc training	öntötök	NA	NA	nt	NA	linking vowel always
beleért	beleért	[/V][Prs.NDef.3Pl]	2.687566519794711	417399	r	t	3	beleértenek	beleértenek	enek	63	-1.133644335004376	NA	NA	NA	NA	NA	NA	NA	FALSE	Prs.NDef.3Pl (mondanak)	4938	cc training	beleértenek	NA	NA	rt	NA	linking vowel always
faḏast	fagyaszt	[/V][Prs.NDef.2Sg]	1.478803120085911	25810	s	t	2	faḏastas	fagyasztasz	as	63	-1.133644335004376	NA	NA	NA	NA	NA	NA	NA	FALSE	Prs.NDef.2Sg (mondas)	4096	cc training	faḏastas	NA	NA	st	NA	linking vowel always
hamvast	hamvaszt	[/V][Prs.NDef.3Pl]	0.3222876206453482	1800	s	t	2	hamvastanak	hamvasztanak	anak	63	-1.133644335004376	NA	NA	NA	NA	NA	NA	NA	FALSE	Prs.NDef.3Pl (mondanak)	4938	cc training	hamvastanak	NA	NA	st	NA	linking vowel always
őrjöng	őrjöng	[/V][Prs.NDef.2Pl]	1.1505535667721816	12121	n	g	2	NA	NA	NA	NA	NA	tök	őrjöngtök	őrjöngtök	63	-1.133644335004376	NA	NA	FALSE	Prs.NDef.2Pl (mondotok)	3308	cc training	őrjöngtök	t	ngt	ng	gt	linking vowel never
elért	elért	[/V][Prs.1Sg›2]	2.6439976421476525	377557	r	t	2	elértelek	elértelek	elek	60	-1.1548336340743142	NA	NA	NA	NA	NA	NA	NA	FALSE	Prs.1Sg›2 (mondalak)	1749	cc training	elértelek	NA	NA	rt	NA	linking vowel always
óhajt	óhajt	[/V][Prs.NDef.2Pl]	1.6797460062903842	40995	j	t	2	óhajtotok	óhajtotok	otok	60	-1.1548336340743142	NA	NA	NA	NA	NA	NA	NA	FALSE	Prs.NDef.2Pl (mondotok)	3308	cc training	óhajtotok	NA	NA	jt	NA	linking vowel always
čöng	csöng	[/V][Prs.NDef.3Pl]	0.7762002450922876	5119	n	g	1	čöngenek	csöngenek	enek	59	-1.1621328728158136	nek	čöngnek	csöngnek	7	-2.087886844443701	8.428571428571429	2.1316272948504063	TRUE	Prs.NDef.3Pl (mondanak)	4938	test	čöngnek	n	ngn	ng	gn	linking vowel varies
lejt	lejt	[/V][Prs.NDef.2Sg]	1.1958342577365526	13453	j	t	1	lejtes	lejtesz	es	59	-1.1621328728158136	s	lejts	lejtsz	24	-1.552773642746352	2.4583333333333335	0.8994836135577738	TRUE	Prs.NDef.2Sg (mondas)	4096	test	lejts	s	jts	jt	ts	linking vowel varies
rühell	rühell	[/V][Prs.1Sg›2]	1.1255929646752671	11444	l	l	2	NA	NA	NA	NA	NA	ek	rühellek	rühellek	59	-1.1621328728158136	NA	NA	FALSE	Prs.1Sg›2 (mondalak)	1749	cc training	rühellek	e	lle	ll	le	linking vowel never
teṉést	tenyészt	[/V][Prs.NDef.2Sg]	1.5248516132674836	28697	s	t	2	teṉéstes	tenyésztesz	es	59	-1.1621328728158136	NA	NA	NA	NA	NA	NA	NA	FALSE	Prs.NDef.2Sg (mondas)	4096	cc training	teṉéstes	NA	NA	st	NA	linking vowel always
fojt	fojt	[/V][Prs.NDef.2Sg]	1.5716626503360749	31963	j	t	1	fojtas	fojtasz	as	58	-1.169556890895021	NA	NA	NA	NA	NA	NA	NA	FALSE	Prs.NDef.2Sg (mondas)	4096	cc training	fojtas	NA	NA	jt	NA	linking vowel always
ḏújt	gyújt	[/V][Prs.NDef.2Pl]	2.117290442944573	112273	j	t	1	ḏújtotok	gyújtotok	otok	57	-1.1771100287854663	tok	ḏújttok	gyújttok	2	-2.6319548887939765	28.5	3.349904087274605	TRUE	Prs.NDef.2Pl (mondotok)	3308	test	ḏújttok	t	jtt	jt	tt	linking vowel varies
kaparint	kaparint	[/V][Prs.NDef.3Pl]	1.021257624981367	9000	n	t	3	kaparintanak	kaparintanak	anak	57	-1.1771100287854663	NA	NA	NA	NA	NA	NA	NA	FALSE	Prs.NDef.3Pl (mondanak)	4938	cc training	kaparintanak	NA	NA	nt	NA	linking vowel always
hegest	hegeszt	[/V][Prs.NDef.2Sg]	1.2270031659240292	14454	s	t	2	hegestes	hegesztesz	es	56	-1.1847968574517571	NA	NA	NA	NA	NA	NA	NA	FALSE	Prs.NDef.2Sg (mondas)	4096	cc training	hegestes	NA	NA	st	NA	linking vowel always
lövell	lövell	[/V][Prs.NDef.2Pl]	0.8506328807327909	6076	l	l	2	lövelletek	lövelletek	etek	1	-2.932984884457958	tek	lövelltek	lövelltek	56	-1.1847968574517571	0.01785714285714285	-4.02535169073515	TRUE	Prs.NDef.2Pl (mondotok)	3308	test	lövelltek	t	llt	ll	lt	linking vowel varies
duzzast	duzzaszt	[/V][Prs.NDef.3Pl]	0.8563842691335238	6157	s	t	2	duzzastanak	duzzasztanak	anak	55	-1.192622194963714	NA	NA	NA	NA	NA	NA	NA	FALSE	Prs.NDef.3Pl (mondanak)	4938	cc training	duzzastanak	NA	NA	st	NA	linking vowel always
int	int	[/V][Prs.NDef.2Pl]	2.329181328593249	182880	n	t	1	intetek	intetek	etek	55	-1.192622194963714	NA	NA	NA	NA	NA	NA	NA	FALSE	Prs.NDef.2Pl (mondotok)	3308	cc training	intetek	NA	NA	nt	NA	linking vowel always
koppant	koppant	[/V][Prs.NDef.3Pl]	0.00603489199070864	869	n	t	2	koppantanak	koppantanak	anak	55	-1.192622194963714	NA	NA	NA	NA	NA	NA	NA	FALSE	Prs.NDef.3Pl (mondanak)	4938	cc training	koppantanak	NA	NA	nt	NA	linking vowel always
ront	ront	[/V][Prs.NDef.2Pl]	2.498256616638663	269924	n	t	1	rontotok	rontotok	otok	55	-1.192622194963714	NA	NA	NA	NA	NA	NA	NA	FALSE	Prs.NDef.2Pl (mondotok)	3308	cc training	rontotok	NA	NA	nt	NA	linking vowel always
repest	repeszt	[/V][Prs.NDef.2Sg]	0.9388798176302372	7445	s	t	2	repestes	repesztesz	es	54	-1.2005911246349894	NA	NA	NA	NA	NA	NA	NA	FALSE	Prs.NDef.2Sg (mondas)	4096	cc training	repestes	NA	NA	st	NA	linking vowel always
ődöng	ődöng	[/V][Prs.NDef.3Pl]	0.09150078324120914	1058	n	g	2	ődöngenek	ődöngenek	enek	54	-1.2005911246349894	nek	ődöngnek	ődöngnek	7	-2.087886844443701	7.714285714285714	2.043073897508961	TRUE	Prs.NDef.3Pl (mondanak)	4938	test	ődöngnek	n	ngn	ng	gn	linking vowel varies
fakast	fakaszt	[/V][Prs.NDef.2Sg]	1.1098661580928315	11037	s	t	2	fakastas	fakasztasz	as	52	-1.2169815408231586	NA	NA	NA	NA	NA	NA	NA	FALSE	Prs.NDef.2Sg (mondas)	4096	cc training	fakastas	NA	NA	st	NA	linking vowel always
hőzöng	hőzöng	[/V][Prs.NDef.2Sg]	0.5271609330337924	2885	n	g	2	hőzönges	hőzöngesz	es	6	-2.1548336340743144	s	hőzöngs	hőzöngsz	52	-1.2169815408231586	0.1153846153846154	-2.159484249353372	TRUE	Prs.NDef.2Sg (mondas)	4096	test	hőzöngs	s	ngs	ng	gs	linking vowel varies
zeng	zeng	[/V][Prs.NDef.2Sg]	1.7743979085034178	50978	n	g	1	zenges	zengesz	es	39	-1.3419202774314587	s	zengs	zengsz	52	-1.2169815408231586	0.75	-0.2876820724517809	TRUE	Prs.NDef.2Sg (mondas)	4096	test	zengs	s	ngs	ng	gs	linking vowel varies
ešeng	eseng	[/V][Prs.NDef.3Pl]	0.2304746673120323	1457	n	g	2	ešengenek	esengenek	enek	51	-1.2254147083600215	nek	ešengnek	esengnek	22	-1.5905622036357516	2.3181818181818183	0.84078317936601	TRUE	Prs.NDef.3Pl (mondanak)	4938	test	ešengnek	n	ngn	ng	gn	linking vowel varies
ejt	ejt	[/V][Prs.1Sg›2]	2.54627650321544	301482	j	t	1	ejtelek	ejtelek	elek	50	-1.234014880121939	lek	ejtlek	ejtlek	2	-2.6319548887939765	25	3.218875824868201	TRUE	Prs.1Sg›2 (mondalak)	1749	test	ejtlek	l	jtl	jt	tl	linking vowel varies
félreért	félreért	[/V][Prs.NDef.2Pl]	1.6781859130022172	40848	r	t	3	félreértetek	félreértetek	etek	50	-1.234014880121939	NA	NA	NA	NA	NA	NA	NA	FALSE	Prs.NDef.2Pl (mondotok)	3308	cc training	félreértetek	NA	NA	rt	NA	linking vowel always
hord	hord	[/V][Prs.1Sg›2]	2.5559590570874056	308279	r	d	1	hordalak	hordalak	alak	50	-1.234014880121939	lak	hordlak	hordlak	13	-1.819041532151121	3.8461538461538463	1.3470736479666094	TRUE	Prs.1Sg›2 (mondalak)	1749	test	hordlak	l	rdl	rd	dl	linking vowel varies
kepest	kepeszt	[/V][Prs.NDef.3Pl]	-0.20870901485716883	530	s	t	2	kepestenek	kepesztenek	enek	50	-1.234014880121939	NA	NA	NA	NA	NA	NA	NA	FALSE	Prs.NDef.3Pl (mondanak)	4938	cc training	kepestenek	NA	NA	st	NA	linking vowel always
terpest	terpeszt	[/V][Prs.NDef.3Pl]	0.1776048258412911	1290	s	t	2	terpestenek	terpesztenek	enek	50	-1.234014880121939	NA	NA	NA	NA	NA	NA	NA	FALSE	Prs.NDef.3Pl (mondanak)	4938	cc training	terpestenek	NA	NA	st	NA	linking vowel always
čelleng	cselleng	[/V][Prs.NDef.2Pl]	0.30781388665937337	1741	n	g	2	NA	NA	NA	NA	NA	tek	čellengtek	csellengtek	49	-1.2427888044294442	NA	NA	FALSE	Prs.NDef.2Pl (mondotok)	3308	cc training	čellengtek	t	ngt	ng	gt	linking vowel never
biḏḏest	biggyeszt	[/V][Prs.NDef.2Sg]	0.9216247536378374	7155	s	t	2	biḏḏestes	biggyesztesz	es	48	-1.2517436470823706	NA	NA	NA	NA	NA	NA	NA	FALSE	Prs.NDef.2Sg (mondas)	4096	cc training	biḏḏestes	NA	NA	st	NA	linking vowel always
ont	ont	[/V][Prs.NDef.2Sg]	1.7436264299947593	47491	n	t	1	ontas	ontasz	as	48	-1.2517436470823706	s	onts	ontsz	25	-1.5350448757859203	1.92	0.6523251860396901	TRUE	Prs.NDef.2Sg (mondas)	4096	test	onts	s	nts	nt	ts	linking vowel varies
šikolt	sikolt	[/V][Prs.NDef.2Sg]	1.0121388856641615	8813	l	t	2	šikoltas	sikoltasz	as	48	-1.2517436470823706	s	šikolts	sikoltsz	4	-2.3309248931299953	12	2.4849066497880004	TRUE	Prs.NDef.2Sg (mondas)	4096	test	šikolts	s	lts	lt	ts	linking vowel varies
fost	foszt	[/V][Prs.1Sg›2]	1.6726648740591443	40332	s	t	1	fostalak	fosztalak	alak	47	-1.2608870265222405	lak	fostlak	fosztlak	1	-2.932984884457958	47	3.8501476017100584	TRUE	Prs.1Sg›2 (mondalak)	1749	test	fostlak	l	stl	st	tl	linking vowel varies
furčáll	furcsáll	[/V][Prs.NDef.3Pl]	1.280240588315443	16339	l	l	2	furčállanak	furcsállanak	anak	14	-1.7868568487797198	nak	furčállnak	furcsállnak	47	-1.2608870265222405	0.2978723404255319	-1.2110902720948	TRUE	Prs.NDef.3Pl (mondanak)	4938	test	furčállnak	n	lln	ll	ln	linking vowel varies
pattint	pattint	[/V][Prs.NDef.2Sg]	1.1739875154287156	12793	n	t	2	pattintas	pattintasz	as	47	-1.2608870265222405	NA	NA	NA	NA	NA	NA	NA	FALSE	Prs.NDef.2Sg (mondas)	4096	cc training	pattintas	NA	NA	nt	NA	linking vowel always
čöppent	csöppent	[/V][Prs.NDef.3Pl]	0.2749186459280938	1614	n	t	2	čöppentenek	csöppentenek	enek	46	-1.2702270527763837	NA	NA	NA	NA	NA	NA	NA	FALSE	Prs.NDef.3Pl (mondanak)	4938	cc training	čöppentenek	NA	NA	nt	NA	linking vowel always
rikolt	rikolt	[/V][Prs.NDef.3Pl]	0.39864483317197447	2146	l	t	2	rikoltanak	rikoltanak	anak	46	-1.2702270527763837	NA	NA	NA	NA	NA	NA	NA	FALSE	Prs.NDef.3Pl (mondanak)	4938	cc training	rikoltanak	NA	NA	lt	NA	linking vowel always
sorong	szorong	[/V][Prs.NDef.2Pl]	1.6523630266366331	38490	n	g	2	sorongotok	szorongotok	otok	2	-2.6319548887939765	tok	sorongtok	szorongtok	46	-1.2702270527763837	0.04347826086956521	-3.1354942159291497	TRUE	Prs.NDef.2Pl (mondotok)	3308	test	sorongtok	t	ngt	ng	gt	linking vowel varies
lézeng	lézeng	[/V][Prs.NDef.2Sg]	1.031557581621179	9216	n	g	2	lézenges	lézengesz	es	4	-2.3309248931299953	s	lézengs	lézengsz	45	-1.279772370682614	0.08888888888888889	-2.4203681286504293	TRUE	Prs.NDef.2Sg (mondas)	4096	test	lézengs	s	ngs	ng	gs	linking vowel varies
old	old	[/V][Prs.1Sg›2]	2.8249058973828483	572652	l	d	1	oldalak	oldalak	alak	29	-1.4705868865590015	lak	oldlak	oldlak	45	-1.279772370682614	0.6444444444444445	-0.4393666597838457	TRUE	Prs.1Sg›2 (mondalak)	1749	test	oldlak	l	ldl	ld	dl	linking vowel varies
šejt	sejt	[/V][Prs.NDef.2Pl]	2.9107709750098145	697840	j	t	1	šejtetek	sejtetek	etek	45	-1.279772370682614	tek	šejttek	sejttek	1	-2.932984884457958	45	3.80666248977032	TRUE	Prs.NDef.2Pl (mondotok)	3308	test	šejttek	t	jtt	jt	tt	linking vowel varies
šért	sért	[/V][Prs.NDef.2Pl]	2.445578344004525	239091	r	t	1	šértetek	sértetek	etek	45	-1.279772370682614	NA	NA	NA	NA	NA	NA	NA	FALSE	Prs.NDef.2Pl (mondotok)	3308	cc training	šértetek	NA	NA	rt	NA	linking vowel always
šíkrasáll	síkraszáll	[/V][Prs.NDef.3Pl]	0.1816260997742153	1302	l	l	3	šíkrasállanak	síkraszállanak	anak	3	-2.455863629738295	nak	šíkrasállnak	síkraszállnak	45	-1.279772370682614	0.06666666666666667	-2.70805020110221	TRUE	Prs.NDef.3Pl (mondanak)	4938	test	šíkrasállnak	n	lln	ll	ln	linking vowel varies
riṯṯent	rittyent	[/V][Prs.NDef.2Sg]	0.7603902665672274	4936	n	t	2	riṯṯentes	rittyentesz	es	44	-1.2895322079717704	NA	NA	NA	NA	NA	NA	NA	FALSE	Prs.NDef.2Sg (mondas)	4096	cc training	riṯṯentes	NA	NA	nt	NA	linking vowel always
tapast	tapaszt	[/V][Prs.1Sg›2]	1.133564654303976	11656	s	t	2	tapastalak	tapasztalak	alak	44	-1.2895322079717704	lak	tapastlak	tapasztlak	1	-2.932984884457958	44	3.784189633918261	TRUE	Prs.1Sg›2 (mondalak)	1749	test	tapastlak	l	stl	st	tl	linking vowel varies
támast	támaszt	[/V][Prs.NDef.2Pl]	2.412676973025972	221647	s	t	2	támastotok	támasztotok	otok	44	-1.2895322079717704	NA	NA	NA	NA	NA	NA	NA	FALSE	Prs.NDef.2Pl (mondotok)	3308	cc training	támastotok	NA	NA	st	NA	linking vowel always
óhajt	óhajt	[/V][Prs.1Sg›2]	1.6797460062903842	40995	j	t	2	óhajtalak	óhajtalak	alak	33	-1.4144709445800705	lak	óhajtlak	óhajtlak	44	-1.2895322079717704	0.75	-0.2876820724517809	TRUE	Prs.1Sg›2 (mondalak)	1749	test	óhajtlak	l	jtl	jt	tl	linking vowel varies
bong	bong	[/V][Prs.NDef.3Pl]	0.4401111026207692	2361	n	g	1	bonganak	bonganak	anak	28	-1.4858268531157386	nak	bongnak	bongnak	43	-1.2995164288783714	0.6511627906976745	-0.4289956055183584	TRUE	Prs.NDef.3Pl (mondanak)	4938	test	bongnak	n	ngn	ng	gn	linking vowel varies
bossant	bosszant	[/V][Prs.1Sg›2]	1.6866614018736934	41653	n	t	2	bossantalak	bosszantalak	alak	43	-1.2995164288783714	lak	bossantlak	bosszantlak	7	-2.087886844443701	6.142857142857143	1.8152899666382492	TRUE	Prs.1Sg›2 (mondalak)	1749	test	bossantlak	l	ntl	nt	tl	linking vowel varies
forrast	forraszt	[/V][Prs.NDef.2Sg]	1.1291832888938251	11539	s	t	2	forrastas	forrasztasz	as	43	-1.2995164288783714	NA	NA	NA	NA	NA	NA	NA	FALSE	Prs.NDef.2Sg (mondas)	4096	cc training	forrastas	NA	NA	st	NA	linking vowel always
hörpint	hörpint	[/V][Prs.NDef.3Pl]	0.264846808870945	1577	n	t	2	hörpintenek	hörpintenek	enek	43	-1.2995164288783714	NA	NA	NA	NA	NA	NA	NA	FALSE	Prs.NDef.3Pl (mondanak)	4938	cc training	hörpintenek	NA	NA	nt	NA	linking vowel always
bujt	bujt	[/V][Prs.NDef.3Pl]	0.6578569503236448	3898	j	t	1	bujtanak	bujtanak	anak	42	-1.3097355940600577	NA	NA	NA	NA	NA	NA	NA	FALSE	Prs.NDef.3Pl (mondanak)	4938	cc training	bujtanak	NA	NA	jt	NA	linking vowel always
hullajt	hullajt	[/V][Prs.NDef.2Sg]	0.7836860911021777	5208	j	t	2	hullajtas	hullajtasz	as	42	-1.3097355940600577	NA	NA	NA	NA	NA	NA	NA	FALSE	Prs.NDef.2Sg (mondas)	4096	cc training	hullajtas	NA	NA	jt	NA	linking vowel always
šikong	sikong	[/V][Prs.NDef.3Pl]	0.00503421301825244	867	n	g	2	šikonganak	sikonganak	anak	42	-1.3097355940600577	nak	šikongnak	sikongnak	22	-1.5905622036357516	1.9090909090909092	0.6466271649250525	TRUE	Prs.NDef.3Pl (mondanak)	4938	test	šikongnak	n	ngn	ng	gn	linking vowel varies
fojt	fojt	[/V][Prs.1Sg›2]	1.5716626503360749	31963	j	t	1	fojtalak	fojtalak	alak	41	-1.3202010277382223	lak	fojtlak	fojtlak	6	-2.1548336340743144	6.833333333333333	1.9218125974762528	TRUE	Prs.1Sg›2 (mondalak)	1749	test	fojtlak	l	jtl	jt	tl	linking vowel varies
ijest	ijeszt	[/V][Prs.1Sg›2]	1.3020382750372657	17180	s	t	2	ijestelek	ijesztelek	elek	41	-1.3202010277382223	lek	ijestlek	ijesztlek	7	-2.087886844443701	5.857142857142857	1.7676619176489945	TRUE	Prs.1Sg›2 (mondalak)	1749	test	ijestlek	l	stl	st	tl	linking vowel varies
ránt	ránt	[/V][Prs.NDef.2Pl]	2.1327815031647908	116350	n	t	1	rántotok	rántotok	otok	41	-1.3202010277382223	tok	ránttok	ránttok	1	-2.932984884457958	41	3.713572066704308	TRUE	Prs.NDef.2Pl (mondotok)	3308	test	ránttok	t	ntt	nt	tt	linking vowel varies
borzast	borzaszt	[/V][Prs.NDef.3Pl]	0.32565239826611864	1814	s	t	2	borzastanak	borzasztanak	anak	40	-1.3309248931299955	NA	NA	NA	NA	NA	NA	NA	FALSE	Prs.NDef.3Pl (mondanak)	4938	cc training	borzastanak	NA	NA	st	NA	linking vowel always
čattant	csattant	[/V][Prs.NDef.3Pl]	-0.6149215494951963	208	n	t	2	čattantanak	csattantanak	anak	40	-1.3309248931299955	NA	NA	NA	NA	NA	NA	NA	FALSE	Prs.NDef.3Pl (mondanak)	4938	cc training	čattantanak	NA	NA	nt	NA	linking vowel always
megölt	megölt	[/V][Prs.1Sg›2]	1.15941992244105	12371	l	t	2	megöltelek	megöltelek	elek	40	-1.3309248931299955	NA	NA	NA	NA	NA	NA	NA	FALSE	Prs.1Sg›2 (mondalak)	1749	cc training	megöltelek	NA	NA	lt	NA	linking vowel always
böffent	böffent	[/V][Prs.NDef.3Pl]	-0.08975210635994839	697	n	t	2	böffentenek	böffentenek	enek	39	-1.3419202774314587	NA	NA	NA	NA	NA	NA	NA	FALSE	Prs.NDef.3Pl (mondanak)	4938	cc training	böffentenek	NA	NA	nt	NA	linking vowel always
búšong	búsong	[/V][Prs.NDef.3Pl]	0.03736199177213555	934	n	g	2	búšonganak	búsonganak	anak	39	-1.3419202774314587	nak	búšongnak	búsongnak	2	-2.6319548887939765	19.5	2.970414465569701	TRUE	Prs.NDef.3Pl (mondanak)	4938	test	búšongnak	n	ngn	ng	gn	linking vowel varies
jótáll	jótáll	[/V][Prs.NDef.3Pl]	0.26069614508332367	1562	l	l	2	jótállanak	jótállanak	anak	1	-2.932984884457958	nak	jótállnak	jótállnak	39	-1.3419202774314587	0.02564102564102564	-3.6635616461296463	TRUE	Prs.NDef.3Pl (mondanak)	4938	test	jótállnak	n	lln	ll	ln	linking vowel varies
kösönt	köszönt	[/V][Prs.NDef.2Sg]	2.6232584999815622	359951	n	t	2	kösöntes	köszöntesz	es	39	-1.3419202774314587	s	kösönts	köszöntsz	1	-2.932984884457958	39	3.6635616461296463	TRUE	Prs.NDef.2Sg (mondas)	4096	test	kösönts	s	nts	nt	ts	linking vowel varies
ṉilall	nyilall	[/V][Prs.NDef.3Pl]	0.5229253559247852	2857	l	l	2	ṉilallanak	nyilallanak	anak	2	-2.6319548887939765	nak	ṉilallnak	nyilallnak	39	-1.3419202774314587	0.05128205128205128	-2.9704144655697013	TRUE	Prs.NDef.3Pl (mondanak)	4938	test	ṉilallnak	n	lln	ll	ln	linking vowel varies
sáll	száll	[/V][Prs.1Sg›2]	2.818571340335746	564360	l	l	1	NA	NA	NA	NA	NA	ak	sállak	szállak	39	-1.3419202774314587	NA	NA	FALSE	Prs.1Sg›2 (mondalak)	1749	cc training	sállak	a	lla	ll	la	linking vowel never
felért	felért	[/V][Prs.NDef.2Pl]	-0.9117955853880196	105	r	t	2	felértetek	felértetek	etek	38	-1.3532012878411477	tek	felérttek	felérttek	1	-2.932984884457958	38	3.6375861597263857	TRUE	Prs.NDef.2Pl (mondotok)	3308	test	felérttek	t	rtt	rt	tt	linking vowel varies
horkant	horkant	[/V][Prs.NDef.3Pl]	0.16322970088844735	1248	n	t	2	horkantanak	horkantanak	anak	38	-1.3532012878411477	NA	NA	NA	NA	NA	NA	NA	FALSE	Prs.NDef.3Pl (mondanak)	4938	cc training	horkantanak	NA	NA	nt	NA	linking vowel always
ottfelejt	ottfelejt	[/V][Prs.NDef.3Pl]	0.4829895269186081	2606	j	t	3	ottfelejtenek	ottfelejtenek	enek	38	-1.3532012878411477	NA	NA	NA	NA	NA	NA	NA	FALSE	Prs.NDef.3Pl (mondanak)	4938	cc training	ottfelejtenek	NA	NA	jt	NA	linking vowel always
zajong	zajong	[/V][Prs.NDef.2Pl]	0.8742117762529894	6415	n	g	2	zajongotok	zajongotok	otok	1	-2.932984884457958	tok	zajongtok	zajongtok	38	-1.3532012878411477	0.02631578947368421	-3.6375861597263857	TRUE	Prs.NDef.2Pl (mondotok)	3308	test	zajongtok	t	ngt	ng	gt	linking vowel varies
illest	illeszt	[/V][Prs.NDef.2Pl]	2.06868393886985	100385	s	t	2	illestetek	illesztetek	etek	37	-1.3647831603909628	NA	NA	NA	NA	NA	NA	NA	FALSE	Prs.NDef.2Pl (mondotok)	3308	cc training	illestetek	NA	NA	st	NA	linking vowel always
irt	irt	[/V][Prs.NDef.2Sg]	2.0216145648335377	90074	r	t	1	irtas	irtasz	as	37	-1.3647831603909628	s	irts	irtsz	2	-2.6319548887939765	18.5	2.917770732084279	TRUE	Prs.NDef.2Sg (mondas)	4096	test	irts	s	rts	rt	ts	linking vowel varies
leng	leng	[/V][Prs.NDef.2Sg]	1.7526762559372897	48491	n	g	1	lenges	lengesz	es	8	-2.0298948974660145	s	lengs	lengsz	37	-1.3647831603909628	0.21621621621621623	-1.5314763709643884	TRUE	Prs.NDef.2Sg (mondas)	4096	test	lengs	s	ngs	ng	gs	linking vowel varies
odaért	odaért	[/V][Prs.NDef.2Pl]	-0.5385332036317415	248	r	t	3	odaértetek	odaértetek	etek	37	-1.3647831603909628	NA	NA	NA	NA	NA	NA	NA	FALSE	Prs.NDef.2Pl (mondotok)	3308	cc training	odaértetek	NA	NA	rt	NA	linking vowel always
olt	olt	[/V][Prs.1Sg›2]	2.01363438478017	88434	l	t	1	oltalak	oltalak	alak	37	-1.3647831603909628	NA	NA	NA	NA	NA	NA	NA	FALSE	Prs.1Sg›2 (mondalak)	1749	cc training	oltalak	NA	NA	lt	NA	linking vowel always
rohast	rohaszt	[/V][Prs.NDef.3Pl]	0.2343324502902183	1470	s	t	2	rohastanak	rohasztanak	anak	37	-1.3647831603909628	NA	NA	NA	NA	NA	NA	NA	FALSE	Prs.NDef.3Pl (mondanak)	4938	cc training	rohastanak	NA	NA	st	NA	linking vowel always
roppant	roppant	[/V][Prs.NDef.3Pl]	2.329031693498454	182817	n	t	2	roppantanak	roppantanak	anak	37	-1.3647831603909628	NA	NA	NA	NA	NA	NA	NA	FALSE	Prs.NDef.3Pl (mondanak)	4938	cc training	roppantanak	NA	NA	nt	NA	linking vowel always
biccent	biccent	[/V][Prs.NDef.2Sg]	0.9530543911084844	7692	n	t	2	biccentes	biccentesz	es	35	-1.388916840107682	NA	NA	NA	NA	NA	NA	NA	FALSE	Prs.NDef.2Sg (mondas)	4096	cc training	biccentes	NA	NA	nt	NA	linking vowel always
cuppant	cuppant	[/V][Prs.NDef.3Pl]	0.03080294288759742	920	n	t	2	cuppantanak	cuppantanak	anak	35	-1.388916840107682	NA	NA	NA	NA	NA	NA	NA	FALSE	Prs.NDef.3Pl (mondanak)	4938	cc training	cuppantanak	NA	NA	nt	NA	linking vowel always
dobbant	dobbant	[/V][Prs.NDef.2Sg]	0.8037302491476532	5454	n	t	2	dobbantas	dobbantasz	as	35	-1.388916840107682	NA	NA	NA	NA	NA	NA	NA	FALSE	Prs.NDef.2Sg (mondas)	4096	cc training	dobbantas	NA	NA	nt	NA	linking vowel always
forr	forr	[/V][Prs.NDef.2Sg]	1.836569668505726	58824	r	r	1	NA	NA	NA	NA	NA	s	forrs	forrsz	35	-1.388916840107682	NA	NA	FALSE	Prs.NDef.2Sg (mondas)	4096	cc training	forrs	s	rrs	rr	rs	linking vowel never
hajlong	hajlong	[/V][Prs.NDef.2Sg]	0.787339832959484	5252	n	g	2	hajlongas	hajlongasz	as	18	-1.6777123793546518	s	hajlongs	hajlongsz	35	-1.388916840107682	0.5142857142857142	-0.6649763035932491	TRUE	Prs.NDef.2Sg (mondas)	4096	test	hajlongs	s	ngs	ng	gs	linking vowel varies
koccint	koccint	[/V][Prs.NDef.2Pl]	1.2511384697817134	15280	n	t	2	koccintotok	koccintotok	otok	35	-1.388916840107682	NA	NA	NA	NA	NA	NA	NA	FALSE	Prs.NDef.2Pl (mondotok)	3308	cc training	koccintotok	NA	NA	nt	NA	linking vowel always
kurjant	kurjant	[/V][Prs.NDef.3Pl]	0.31523367673211694	1771	n	t	2	kurjantanak	kurjantanak	anak	35	-1.388916840107682	nak	kurjantnak	kurjantnak	7	-2.087886844443701	5	1.6094379124341005	TRUE	Prs.NDef.3Pl (mondanak)	4938	test	kurjantnak	n	ntn	nt	tn	linking vowel varies
rühell	rühell	[/V][Prs.NDef.2Sg]	1.1255929646752671	11444	l	l	2	rühelles	rühellesz	es	6	-2.1548336340743144	s	rühells	rühellsz	35	-1.388916840107682	0.17142857142857143	-1.7635885922613588	TRUE	Prs.NDef.2Sg (mondas)	4096	test	rühells	s	lls	ll	ls	linking vowel varies
edz	edz	[/V][Prs.1Sg›2]	2.3313488081092952	183795	d	z	1	edzelek	edzelek	elek	34	-1.4015059674157029	NA	NA	NA	NA	NA	NA	NA	FALSE	Prs.1Sg›2 (mondalak)	1749	cc training	edzelek	NA	NA	dz	NA	linking vowel always
šújt	sújt	[/V][Prs.1Sg›2]	2.2020777650972594	136478	j	t	1	šújtalak	sújtalak	alak	34	-1.4015059674157029	lak	šújtlak	sújtlak	8	-2.0298948974660145	4.25	1.4469189829363254	TRUE	Prs.1Sg›2 (mondalak)	1749	test	šújtlak	l	jtl	jt	tl	linking vowel varies
toppant	toppant	[/V][Prs.NDef.2Sg]	0.13889712284816755	1180	n	t	2	toppantas	toppantasz	as	34	-1.4015059674157029	NA	NA	NA	NA	NA	NA	NA	FALSE	Prs.NDef.2Sg (mondas)	4096	cc training	toppantas	NA	NA	nt	NA	linking vowel always
čeppent	cseppent	[/V][Prs.NDef.2Pl]	1.115418071694782	11179	n	t	2	čeppentetek	cseppentetek	etek	33	-1.4144709445800705	NA	NA	NA	NA	NA	NA	NA	FALSE	Prs.NDef.2Pl (mondotok)	3308	cc training	čeppentetek	NA	NA	nt	NA	linking vowel always
jajong	jajong	[/V][Prs.NDef.2Sg]	0.38214543272564394	2066	n	g	2	jajongas	jajongasz	as	2	-2.6319548887939765	s	jajongs	jajongsz	33	-1.4144709445800705	0.06060606060606061	-2.803360380906535	TRUE	Prs.NDef.2Sg (mondas)	4096	test	jajongs	s	ngs	ng	gs	linking vowel varies
teng	teng	[/V][Prs.NDef.2Pl]	1.0082283031273636	8734	n	g	1	tengetek	tengetek	etek	3	-2.455863629738295	tek	tengtek	tengtek	33	-1.4144709445800705	0.09090909090909093	-2.3978952727983707	TRUE	Prs.NDef.2Pl (mondotok)	3308	test	tengtek	t	ngt	ng	gt	linking vowel varies
tolong	tolong	[/V][Prs.NDef.2Pl]	1.2105607427804643	13917	n	g	2	tolongotok	tolongotok	otok	1	-2.932984884457958	tok	tolongtok	tolongtok	33	-1.4144709445800705	0.0303030303030303	-3.49650756146648	TRUE	Prs.NDef.2Pl (mondotok)	3308	test	tolongtok	t	ngt	ng	gt	linking vowel varies
zajong	zajong	[/V][Prs.NDef.2Sg]	0.8742117762529894	6415	n	g	2	zajongas	zajongasz	as	2	-2.6319548887939765	s	zajongs	zajongsz	33	-1.4144709445800705	0.06060606060606061	-2.803360380906535	TRUE	Prs.NDef.2Sg (mondas)	4096	test	zajongs	s	ngs	ng	gs	linking vowel varies
čöppent	csöppent	[/V][Prs.NDef.2Sg]	0.2749186459280938	1614	n	t	2	čöppentes	csöppentesz	es	32	-1.427834906138052	NA	NA	NA	NA	NA	NA	NA	FALSE	Prs.NDef.2Sg (mondas)	4096	cc training	čöppentes	NA	NA	nt	NA	linking vowel always
kevešell	kevesell	[/V][Prs.NDef.3Pl]	1.1297098888844357	11553	l	l	3	kevešellenek	kevesellenek	enek	1	-2.932984884457958	nek	kevešellnek	kevesellnek	32	-1.427834906138052	0.03125	-3.4657359027997265	TRUE	Prs.NDef.3Pl (mondanak)	4938	test	kevešellnek	n	lln	ll	ln	linking vowel varies
pišlant	pislant	[/V][Prs.NDef.3Pl]	0.4486715981278291	2408	n	t	2	pišlantanak	pislantanak	anak	32	-1.427834906138052	NA	NA	NA	NA	NA	NA	NA	FALSE	Prs.NDef.3Pl (mondanak)	4938	cc training	pišlantanak	NA	NA	nt	NA	linking vowel always
ránt	ránt	[/V][Prs.1Sg›2]	2.1327815031647908	116350	n	t	1	rántalak	rántalak	alak	32	-1.427834906138052	lak	rántlak	rántlak	3	-2.455863629738295	10.666666666666666	2.367123614131617	TRUE	Prs.1Sg›2 (mondalak)	1749	test	rántlak	l	ntl	nt	tl	linking vowel varies
termest	termeszt	[/V][Prs.NDef.2Pl]	1.952517684470458	76825	s	t	2	termestetek	termesztetek	etek	32	-1.427834906138052	tek	termesttek	termeszttek	1	-2.932984884457958	32	3.4657359027997265	TRUE	Prs.NDef.2Pl (mondotok)	3308	test	termesttek	t	stt	st	tt	linking vowel varies
ölt	ölt	[/V][Prs.NDef.2Pl]	2.2726768182003068	160569	l	t	1	öltötök	öltötök	ötök	32	-1.427834906138052	NA	NA	NA	NA	NA	NA	NA	FALSE	Prs.NDef.2Pl (mondotok)	3308	cc training	öltötök	NA	NA	lt	NA	linking vowel always
čavarint	csavarint	[/V][Prs.NDef.3Pl]	-0.01970098269753937	819	n	t	3	čavarintanak	csavarintanak	anak	31	-1.4416231906236852	NA	NA	NA	NA	NA	NA	NA	FALSE	Prs.NDef.3Pl (mondanak)	4938	cc training	čavarintanak	NA	NA	nt	NA	linking vowel always
füṯṯent	füttyent	[/V][Prs.NDef.2Sg]	0.5728431493968784	3205	n	t	2	füṯṯentes	füttyentesz	es	31	-1.4416231906236852	s	füṯṯents	füttyentsz	1	-2.932984884457958	31	3.4339872044851463	TRUE	Prs.NDef.2Sg (mondas)	4096	test	füṯṯents	s	nts	nt	ts	linking vowel varies
guṉṉast	gunnyaszt	[/V][Prs.NDef.3Pl]	-0.30052759227323356	429	s	t	2	guṉṉastanak	gunnyasztanak	anak	31	-1.4416231906236852	NA	NA	NA	NA	NA	NA	NA	FALSE	Prs.NDef.3Pl (mondanak)	4938	cc training	guṉṉastanak	NA	NA	st	NA	linking vowel always
megšért	megsért	[/V][Prs.NDef.2Pl]	2.1871545349738746	131868	r	t	2	megšértetek	megsértetek	etek	31	-1.4416231906236852	NA	NA	NA	NA	NA	NA	NA	FALSE	Prs.NDef.2Pl (mondotok)	3308	cc training	megšértetek	NA	NA	rt	NA	linking vowel always
serkest	szerkeszt	[/V][Prs.NDef.2Pl]	2.4176584720723215	224204	s	t	2	serkestetek	szerkesztetek	etek	31	-1.4416231906236852	NA	NA	NA	NA	NA	NA	NA	FALSE	Prs.NDef.2Pl (mondotok)	3308	cc training	serkestetek	NA	NA	st	NA	linking vowel always
akast	akaszt	[/V][Prs.1Sg›2]	2.0187556513332554	89483	s	t	2	akastalak	akasztalak	alak	30	-1.4558636297382954	lak	akastlak	akasztlak	1	-2.932984884457958	30	3.4011973816621555	TRUE	Prs.1Sg›2 (mondalak)	1749	test	akastlak	l	stl	st	tl	linking vowel varies
fešt	fest	[/V][Prs.1Sg›2]	2.6777795819372385	408098	š	t	1	feštelek	festelek	elek	30	-1.4558636297382954	lek	feštlek	festlek	2	-2.6319548887939765	15	2.70805020110221	TRUE	Prs.1Sg›2 (mondalak)	1749	test	feštlek	l	štl	št	tl	linking vowel varies
fost	foszt	[/V][Prs.NDef.2Sg]	1.6726648740591443	40332	s	t	1	fostas	fosztasz	as	30	-1.4558636297382954	NA	NA	NA	NA	NA	NA	NA	FALSE	Prs.NDef.2Sg (mondas)	4096	cc training	fostas	NA	NA	st	NA	linking vowel always
hámlast	hámlaszt	[/V][Prs.NDef.2Sg]	0.4651288072725447	2501	s	t	2	hámlastas	hámlasztasz	as	30	-1.4558636297382954	NA	NA	NA	NA	NA	NA	NA	FALSE	Prs.NDef.2Sg (mondas)	4096	cc training	hámlastas	NA	NA	st	NA	linking vowel always
hőzöng	hőzöng	[/V][Prs.NDef.2Pl]	0.5271609330337924	2885	n	g	2	hőzöngötök	hőzöngötök	ötök	1	-2.932984884457958	tök	hőzöngtök	hőzöngtök	30	-1.4558636297382954	0.03333333333333333	-3.4011973816621555	TRUE	Prs.NDef.2Pl (mondotok)	3308	test	hőzöngtök	t	ngt	ng	gt	linking vowel varies
kukkant	kukkant	[/V][Prs.NDef.2Sg]	0.995564582543706	8483	n	t	2	kukkantas	kukkantasz	as	30	-1.4558636297382954	s	kukkants	kukkantsz	1	-2.932984884457958	30	3.4011973816621555	TRUE	Prs.NDef.2Sg (mondas)	4096	test	kukkants	s	nts	nt	ts	linking vowel varies
puffant	puffant	[/V][Prs.NDef.3Pl]	-0.22286751934614157	513	n	t	2	puffantanak	puffantanak	anak	30	-1.4558636297382954	NA	NA	NA	NA	NA	NA	NA	FALSE	Prs.NDef.3Pl (mondanak)	4938	cc training	puffantanak	NA	NA	nt	NA	linking vowel always
šarjast	sarjaszt	[/V][Prs.NDef.2Sg]	-0.08295162676818883	708	s	t	2	šarjastas	sarjasztasz	as	30	-1.4558636297382954	NA	NA	NA	NA	NA	NA	NA	FALSE	Prs.NDef.2Sg (mondas)	4096	cc training	šarjastas	NA	NA	st	NA	linking vowel always
šejt	sejt	[/V][Prs.1Sg›2]	2.9107709750098145	697840	j	t	1	šejtelek	sejtelek	elek	30	-1.4558636297382954	lek	šejtlek	sejtlek	3	-2.455863629738295	10	2.302585092994046	TRUE	Prs.1Sg›2 (mondalak)	1749	test	šejtlek	l	jtl	jt	tl	linking vowel varies
ságuld	száguld	[/V][Prs.NDef.2Pl]	1.6960677532704322	42565	l	d	2	ságuldotok	száguldotok	otok	30	-1.4558636297382954	tok	ságuldtok	száguldtok	2	-2.6319548887939765	15	2.70805020110221	TRUE	Prs.NDef.2Pl (mondotok)	3308	test	ságuldtok	t	ldt	ld	dt	linking vowel varies
teṉést	tenyészt	[/V][Prs.NDef.2Pl]	1.5248516132674836	28697	s	t	2	teṉéstetek	tenyésztetek	etek	30	-1.4558636297382954	NA	NA	NA	NA	NA	NA	NA	FALSE	Prs.NDef.2Pl (mondotok)	3308	cc training	teṉéstetek	NA	NA	st	NA	linking vowel always
beért	beért	[/V][Prs.NDef.2Pl]	-0.8058800860931502	134	r	t	2	beértetek	beértetek	etek	29	-1.4705868865590015	NA	NA	NA	NA	NA	NA	NA	FALSE	Prs.NDef.2Pl (mondotok)	3308	cc training	beértetek	NA	NA	rt	NA	linking vowel always
čüng	csüng	[/V][Prs.NDef.2Pl]	1.166350393228	12570	n	g	1	NA	NA	NA	NA	NA	tök	čüngtök	csüngtök	29	-1.4705868865590015	NA	NA	FALSE	Prs.NDef.2Pl (mondotok)	3308	cc training	čüngtök	t	ngt	ng	gt	linking vowel never
hejtáll	helytáll	[/V][Prs.NDef.2Pl]	1.785201141146585	52262	l	l	2	NA	NA	NA	NA	NA	tok	hejtálltok	helytálltok	29	-1.4705868865590015	NA	NA	FALSE	Prs.NDef.2Pl (mondotok)	3308	cc training	hejtálltok	t	llt	ll	lt	linking vowel never
horpast	horpaszt	[/V][Prs.NDef.3Pl]	-0.11873728872603764	652	s	t	2	horpastanak	horpasztanak	anak	29	-1.4705868865590015	NA	NA	NA	NA	NA	NA	NA	FALSE	Prs.NDef.3Pl (mondanak)	4938	cc training	horpastanak	NA	NA	st	NA	linking vowel always
jukast	lyukaszt	[/V][Prs.NDef.2Sg]	0.8337996310399011	5845	s	t	2	jukastas	lyukasztasz	as	29	-1.4705868865590015	NA	NA	NA	NA	NA	NA	NA	FALSE	Prs.NDef.2Sg (mondas)	4096	cc training	jukastas	NA	NA	st	NA	linking vowel always
mets	metsz	[/V][Prs.NDef.2Sg]	1.660411957842249	39210	t	s	1	NA	NA	NA	NA	NA	el	metsel	metszel	29	-1.4705868865590015	NA	NA	FALSE	Prs.NDef.2Sg (mondas)	4096	cc training	metsel	e	tse	ts	se	linking vowel never
šuhint	suhint	[/V][Prs.NDef.2Sg]	0.7173226386739786	4470	n	t	2	šuhintas	suhintasz	as	29	-1.4705868865590015	s	šuhints	suhintsz	1	-2.932984884457958	29	3.367295829986474	TRUE	Prs.NDef.2Sg (mondas)	4096	test	šuhints	s	nts	nt	ts	linking vowel varies
tapast	tapaszt	[/V][Prs.NDef.2Sg]	1.133564654303976	11656	s	t	2	tapastas	tapasztasz	as	29	-1.4705868865590015	NA	NA	NA	NA	NA	NA	NA	FALSE	Prs.NDef.2Sg (mondas)	4096	cc training	tapastas	NA	NA	st	NA	linking vowel always
ujjong	ujjong	[/V][Prs.NDef.2Pl]	1.3958430545563227	21322	n	g	2	NA	NA	NA	NA	NA	tok	ujjongtok	ujjongtok	29	-1.4705868865590015	NA	NA	FALSE	Prs.NDef.2Pl (mondotok)	3308	cc training	ujjongtok	t	ngt	ng	gt	linking vowel never
ešeng	eseng	[/V][Prs.NDef.2Pl]	0.2304746673120323	1457	n	g	2	NA	NA	NA	NA	NA	tek	ešengtek	esengtek	28	-1.4858268531157386	NA	NA	FALSE	Prs.NDef.2Pl (mondotok)	3308	cc training	ešengtek	t	ngt	ng	gt	linking vowel never
hajt	hajt	[/V][Prs.1Sg›2]	2.919594521957997	712163	j	t	1	hajtalak	hajtalak	alak	28	-1.4858268531157386	lak	hajtlak	hajtlak	3	-2.455863629738295	9.333333333333334	2.2335922215070942	TRUE	Prs.1Sg›2 (mondalak)	1749	test	hajtlak	l	jtl	jt	tl	linking vowel varies
kelest	keleszt	[/V][Prs.NDef.3Pl]	1.463231903833014	24901	s	t	2	kelestenek	kelesztenek	enek	28	-1.4858268531157386	NA	NA	NA	NA	NA	NA	NA	FALSE	Prs.NDef.3Pl (mondanak)	4938	cc training	kelestenek	NA	NA	st	NA	linking vowel always
meghökkent	meghökkent	[/V][Prs.1Sg›2]	0.7318450566851327	4622	n	t	3	meghökkentelek	meghökkentelek	elek	28	-1.4858268531157386	NA	NA	NA	NA	NA	NA	NA	FALSE	Prs.1Sg›2 (mondalak)	1749	cc training	meghökkentelek	NA	NA	nt	NA	linking vowel always
rikkant	rikkant	[/V][Prs.NDef.3Pl]	0.4522637979452621	2428	n	t	2	rikkantanak	rikkantanak	anak	28	-1.4858268531157386	NA	NA	NA	NA	NA	NA	NA	FALSE	Prs.NDef.3Pl (mondanak)	4938	cc training	rikkantanak	NA	NA	nt	NA	linking vowel always
šuvast	suvaszt	[/V][Prs.NDef.3Pl]	-0.07989535460609229	713	s	t	2	šuvastanak	suvasztanak	anak	28	-1.4858268531157386	NA	NA	NA	NA	NA	NA	NA	FALSE	Prs.NDef.3Pl (mondanak)	4938	cc training	šuvastanak	NA	NA	st	NA	linking vowel always
salajt	szalajt	[/V][Prs.NDef.3Pl]	0.31938263000194106	1788	j	t	2	salajtanak	szalajtanak	anak	28	-1.4858268531157386	NA	NA	NA	NA	NA	NA	NA	FALSE	Prs.NDef.3Pl (mondanak)	4938	cc training	salajtanak	NA	NA	jt	NA	linking vowel always
fejt	fejt	[/V][Prs.NDef.2Pl]	2.4782289537346416	257759	j	t	1	fejtetek	fejtetek	etek	27	-1.5016211202989704	NA	NA	NA	NA	NA	NA	NA	FALSE	Prs.NDef.2Pl (mondotok)	3308	cc training	fejtetek	NA	NA	jt	NA	linking vowel always
firkant	firkant	[/V][Prs.NDef.3Pl]	0.35816187727392773	1955	n	t	2	firkantanak	firkantanak	anak	27	-1.5016211202989704	NA	NA	NA	NA	NA	NA	NA	FALSE	Prs.NDef.3Pl (mondanak)	4938	cc training	firkantanak	NA	NA	nt	NA	linking vowel always
kólint	kólint	[/V][Prs.NDef.3Pl]	0.27866951609522456	1628	n	t	2	kólintanak	kólintanak	anak	27	-1.5016211202989704	nak	kólintnak	kólintnak	2	-2.6319548887939765	13.5	2.6026896854443837	TRUE	Prs.NDef.3Pl (mondanak)	4938	test	kólintnak	n	ntn	nt	tn	linking vowel varies
orront	orront	[/V][Prs.NDef.3Pl]	-0.32126157645061604	409	n	t	2	orrontanak	orrontanak	anak	27	-1.5016211202989704	NA	NA	NA	NA	NA	NA	NA	FALSE	Prs.NDef.3Pl (mondanak)	4938	cc training	orrontanak	NA	NA	nt	NA	linking vowel always
toppant	toppant	[/V][Prs.NDef.3Pl]	0.13889712284816755	1180	n	t	2	toppantanak	toppantanak	anak	27	-1.5016211202989704	NA	NA	NA	NA	NA	NA	NA	FALSE	Prs.NDef.3Pl (mondanak)	4938	cc training	toppantanak	NA	NA	nt	NA	linking vowel always
čillant	csillant	[/V][Prs.NDef.3Pl]	0.24627957988106755	1511	n	t	2	čillantanak	csillantanak	anak	26	-1.5180115364871398	NA	NA	NA	NA	NA	NA	NA	FALSE	Prs.NDef.3Pl (mondanak)	4938	cc training	čillantanak	NA	NA	nt	NA	linking vowel always
hánt	hánt	[/V][Prs.NDef.3Pl]	0.31005316422833656	1750	n	t	1	hántanak	hántanak	anak	26	-1.5180115364871398	NA	NA	NA	NA	NA	NA	NA	FALSE	Prs.NDef.3Pl (mondanak)	4938	cc training	hántanak	NA	NA	nt	NA	linking vowel always
röštell	röstell	[/V][Prs.NDef.2Pl]	0.6188309378930578	3563	l	l	2	NA	NA	NA	NA	NA	tek	röštelltek	röstelltek	26	-1.5180115364871398	NA	NA	FALSE	Prs.NDef.2Pl (mondotok)	3308	cc training	röštelltek	t	llt	ll	lt	linking vowel never
šarkall	sarkall	[/V][Prs.NDef.2Sg]	1.673009313043713	40364	l	l	2	NA	NA	NA	NA	NA	s	šarkalls	sarkallsz	26	-1.5180115364871398	NA	NA	FALSE	Prs.NDef.2Sg (mondas)	4096	cc training	šarkalls	s	lls	ll	ls	linking vowel never
šóhajt	sóhajt	[/V][Prs.NDef.2Pl]	1.812815728087108	55693	j	t	2	šóhajtotok	sóhajtotok	otok	26	-1.5180115364871398	NA	NA	NA	NA	NA	NA	NA	FALSE	Prs.NDef.2Pl (mondotok)	3308	cc training	šóhajtotok	NA	NA	jt	NA	linking vowel always
vissaért	visszaért	[/V][Prs.NDef.2Pl]	-0.9645019359040228	93	r	t	3	vissaértetek	visszaértetek	etek	26	-1.5180115364871398	NA	NA	NA	NA	NA	NA	NA	FALSE	Prs.NDef.2Pl (mondotok)	3308	cc training	vissaértetek	NA	NA	rt	NA	linking vowel always
agg	agg	[/V][Prs.NDef.2Sg]	1.346978483000779	19053	g	g	1	aggas	aggasz	as	25	-1.5350448757859203	s	aggs	aggsz	6	-2.1548336340743144	4.166666666666667	1.4271163556401458	TRUE	Prs.NDef.2Sg (mondas)	4096	test	aggs	s	ggs	gg	gs	linking vowel varies
čügg	csügg	[/V][Prs.NDef.2Sg]	0.5277626573862391	2889	g	g	1	čügges	csüggesz	es	11	-1.8915921992997329	s	čüggs	csüggsz	25	-1.5350448757859203	0.44	-0.8209805520698302	TRUE	Prs.NDef.2Sg (mondas)	4096	test	čüggs	s	ggs	gg	gs	linking vowel varies
döbbent	döbbent	[/V][Prs.NDef.2Pl]	1.650270582217736	38305	n	t	2	döbbentetek	döbbentetek	etek	25	-1.5350448757859203	NA	NA	NA	NA	NA	NA	NA	FALSE	Prs.NDef.2Pl (mondotok)	3308	cc training	döbbentetek	NA	NA	nt	NA	linking vowel always
forrong	forrong	[/V][Prs.NDef.2Sg]	0.7458975302127779	4774	n	g	2	forrongas	forrongasz	as	1	-2.932984884457958	s	forrongs	forrongsz	25	-1.5350448757859203	0.04	-3.218875824868201	TRUE	Prs.NDef.2Sg (mondas)	4096	test	forrongs	s	ngs	ng	gs	linking vowel varies
hökkent	hökkent	[/V][Prs.NDef.3Pl]	0.16218446697379732	1245	n	t	2	hökkentenek	hökkentenek	enek	25	-1.5350448757859203	NA	NA	NA	NA	NA	NA	NA	FALSE	Prs.NDef.3Pl (mondanak)	4938	cc training	hökkentenek	NA	NA	nt	NA	linking vowel always
rejt	rejt	[/V][Prs.NDef.2Pl]	2.5010631926907587	271674	j	t	1	rejtetek	rejtetek	etek	25	-1.5350448757859203	tek	rejttek	rejttek	5	-2.234014880121939	5	1.6094379124341005	TRUE	Prs.NDef.2Pl (mondotok)	3308	test	rejttek	t	jtt	jt	tt	linking vowel varies
reštell	restell	[/V][Prs.NDef.2Sg]	0.8460340874569128	6012	l	l	2	reštelles	restellesz	es	6	-2.1548336340743144	s	reštells	restellsz	25	-1.5350448757859203	0.24	-1.4271163556401458	TRUE	Prs.NDef.2Sg (mondas)	4096	test	reštells	s	lls	ll	ls	linking vowel varies
utolért	utolért	[/V][Prs.1Sg›2]	0.844876739718284	5996	r	t	3	utolértelek	utolértelek	elek	25	-1.5350448757859203	NA	NA	NA	NA	NA	NA	NA	FALSE	Prs.1Sg›2 (mondalak)	1749	cc training	utolértelek	NA	NA	rt	NA	linking vowel always
čapong	csapong	[/V][Prs.NDef.2Pl]	0.9335977926055912	7355	n	g	2	NA	NA	NA	NA	NA	tok	čapongtok	csapongtok	24	-1.552773642746352	NA	NA	FALSE	Prs.NDef.2Pl (mondotok)	3308	cc training	čapongtok	t	ngt	ng	gt	linking vowel never
dönt	dönt	[/V][Prs.1Sg›2]	3.394476429170933	2125501	n	t	1	döntelek	döntelek	elek	24	-1.552773642746352	lek	döntlek	döntlek	7	-2.087886844443701	3.4285714285714284	1.2321436812926323	TRUE	Prs.1Sg›2 (mondalak)	1749	test	döntlek	l	ntl	nt	tl	linking vowel varies
loččant	loccsant	[/V][Prs.NDef.3Pl]	-0.04593050640700087	771	n	t	2	loččantanak	loccsantanak	anak	24	-1.552773642746352	NA	NA	NA	NA	NA	NA	NA	FALSE	Prs.NDef.3Pl (mondanak)	4938	cc training	loččantanak	NA	NA	nt	NA	linking vowel always
sikkast	szikkaszt	[/V][Prs.NDef.3Pl]	0.21407278657040207	1403	s	t	2	sikkastanak	szikkasztanak	anak	24	-1.552773642746352	NA	NA	NA	NA	NA	NA	NA	FALSE	Prs.NDef.3Pl (mondanak)	4938	cc training	sikkastanak	NA	NA	st	NA	linking vowel always
vált	vált	[/V][Prs.1Sg›2]	3.138701646345799	1179469	l	t	1	váltalak	váltalak	alak	24	-1.552773642746352	lak	váltlak	váltlak	7	-2.087886844443701	3.4285714285714284	1.2321436812926323	TRUE	Prs.1Sg›2 (mondalak)	1749	test	váltlak	l	ltl	lt	tl	linking vowel varies
züllest	zülleszt	[/V][Prs.NDef.3Pl]	0.5057156484427785	2746	s	t	2	züllestenek	züllesztenek	enek	24	-1.552773642746352	NA	NA	NA	NA	NA	NA	NA	FALSE	Prs.NDef.3Pl (mondanak)	4938	cc training	züllestenek	NA	NA	st	NA	linking vowel always
árast	áraszt	[/V][Prs.NDef.2Pl]	2.0384301389270374	93630	s	t	2	árastotok	árasztotok	otok	24	-1.552773642746352	NA	NA	NA	NA	NA	NA	NA	FALSE	Prs.NDef.2Pl (mondotok)	3308	cc training	árastotok	NA	NA	st	NA	linking vowel always
bont	bont	[/V][Prs.NDef.2Pl]	2.508831177112865	276577	n	t	1	bontotok	bontotok	otok	23	-1.571257048440365	NA	NA	NA	NA	NA	NA	NA	FALSE	Prs.NDef.2Pl (mondotok)	3308	cc training	bontotok	NA	NA	nt	NA	linking vowel always
hint	hint	[/V][Prs.NDef.2Pl]	1.5869611793795713	33109	n	t	1	hintetek	hintetek	etek	23	-1.571257048440365	tek	hinttek	hinttek	2	-2.6319548887939765	11.5	2.4423470353692043	TRUE	Prs.NDef.2Pl (mondotok)	3308	test	hinttek	t	ntt	nt	tt	linking vowel varies
kell	kell	[/V][Prs.1Sg›2]	4.529006843156771	28972884	l	l	1	NA	NA	NA	NA	NA	ek	kellek	kellek	23	-1.571257048440365	NA	NA	FALSE	Prs.1Sg›2 (mondalak)	1749	cc training	kellek	e	lle	ll	le	linking vowel never
kárörvend	kárörvend	[/V][Prs.NDef.2Pl]	0.26622159470369994	1582	n	d	3	kárörvendetek	kárörvendetek	etek	1	-2.932984884457958	tek	kárörvendtek	kárörvendtek	23	-1.571257048440365	0.04347826086956521	-3.1354942159291497	TRUE	Prs.NDef.2Pl (mondotok)	3308	test	kárörvendtek	t	ndt	nd	dt	linking vowel varies
rekest	rekeszt	[/V][Prs.NDef.2Sg]	1.1855443730737816	13138	s	t	2	rekestes	rekesztesz	es	23	-1.571257048440365	NA	NA	NA	NA	NA	NA	NA	FALSE	Prs.NDef.2Sg (mondas)	4096	cc training	rekestes	NA	NA	st	NA	linking vowel always
šorvast	sorvaszt	[/V][Prs.NDef.3Pl]	0.3012792399208315	1715	s	t	2	šorvastanak	sorvasztanak	anak	23	-1.571257048440365	NA	NA	NA	NA	NA	NA	NA	FALSE	Prs.NDef.3Pl (mondanak)	4938	cc training	šorvastanak	NA	NA	st	NA	linking vowel always
borong	borong	[/V][Prs.NDef.2Sg]	0.4584795273811454	2463	n	g	2	borongas	borongasz	as	7	-2.087886844443701	s	borongs	borongsz	22	-1.5905622036357516	0.3181818181818182	-1.1451323043030026	TRUE	Prs.NDef.2Sg (mondas)	4096	test	borongs	s	ngs	ng	gs	linking vowel varies
hajlong	hajlong	[/V][Prs.NDef.2Pl]	0.787339832959484	5252	n	g	2	NA	NA	NA	NA	NA	tok	hajlongtok	hajlongtok	22	-1.5905622036357516	NA	NA	FALSE	Prs.NDef.2Pl (mondotok)	3308	cc training	hajlongtok	t	ngt	ng	gt	linking vowel never
pukkast	pukkaszt	[/V][Prs.NDef.3Pl]	0.07858555913932033	1027	s	t	2	pukkastanak	pukkasztanak	anak	22	-1.5905622036357516	NA	NA	NA	NA	NA	NA	NA	FALSE	Prs.NDef.3Pl (mondanak)	4938	cc training	pukkastanak	NA	NA	st	NA	linking vowel always
sökell	szökell	[/V][Prs.NDef.2Sg]	0.4649551242140798	2500	l	l	2	NA	NA	NA	NA	NA	s	sökells	szökellsz	22	-1.5905622036357516	NA	NA	FALSE	Prs.NDef.2Sg (mondas)	4096	cc training	sökells	s	lls	ll	ls	linking vowel never
rivall	rivall	[/V][Prs.NDef.3Pl]	0.438452432946143	2352	l	l	2	rivallanak	rivallanak	anak	6	-2.1548336340743144	nak	rivallnak	rivallnak	21	-1.6107655897240385	0.2857142857142857	-1.252762968495368	TRUE	Prs.NDef.3Pl (mondanak)	4938	test	rivallnak	n	lln	ll	ln	linking vowel varies
šokall	sokall	[/V][Prs.NDef.2Sg]	1.272002819729194	16032	l	l	2	šokallas	sokallasz	as	9	-1.978742375018633	s	šokalls	sokallsz	21	-1.6107655897240385	0.42857142857142855	-0.8472978603872037	TRUE	Prs.NDef.2Sg (mondas)	4096	test	šokalls	s	lls	ll	ls	linking vowel varies
tilt	tilt	[/V][Prs.NDef.2Pl]	2.4688841658205796	252272	l	t	1	tiltotok	tiltotok	otok	21	-1.6107655897240385	NA	NA	NA	NA	NA	NA	NA	FALSE	Prs.NDef.2Pl (mondotok)	3308	cc training	tiltotok	NA	NA	lt	NA	linking vowel always
čüggest	csüggeszt	[/V][Prs.NDef.3Pl]	-0.08975210635994839	697	s	t	2	čüggestenek	csüggesztenek	enek	20	-1.6319548887939763	NA	NA	NA	NA	NA	NA	NA	FALSE	Prs.NDef.3Pl (mondanak)	4938	cc training	čüggestenek	NA	NA	st	NA	linking vowel always
hullong	hullong	[/V][Prs.NDef.3Pl]	-0.6385186582963649	197	n	g	2	hullonganak	hullonganak	anak	20	-1.6319548887939763	nak	hullongnak	hullongnak	2	-2.6319548887939765	10	2.302585092994046	TRUE	Prs.NDef.3Pl (mondanak)	4938	test	hullongnak	n	ngn	ng	gn	linking vowel varies
ideért	ideért	[/V][Prs.NDef.2Pl]	2.3820844674594666	206571	r	t	3	ideértetek	ideértetek	etek	20	-1.6319548887939763	NA	NA	NA	NA	NA	NA	NA	FALSE	Prs.NDef.2Pl (mondotok)	3308	cc training	ideértetek	NA	NA	rt	NA	linking vowel always
köhint	köhint	[/V][Prs.NDef.2Sg]	0.30731469754475466	1739	n	t	2	köhintes	köhintesz	es	20	-1.6319548887939763	NA	NA	NA	NA	NA	NA	NA	FALSE	Prs.NDef.2Sg (mondas)	4096	cc training	köhintes	NA	NA	nt	NA	linking vowel always
kösönt	köszönt	[/V][Prs.NDef.2Pl]	2.6232584999815622	359951	n	t	2	kösöntötök	köszöntötök	ötök	20	-1.6319548887939763	NA	NA	NA	NA	NA	NA	NA	FALSE	Prs.NDef.2Pl (mondotok)	3308	cc training	kösöntötök	NA	NA	nt	NA	linking vowel always
lázong	lázong	[/V][Prs.NDef.2Sg]	0.478803120085911	2581	n	g	2	lázongas	lázongasz	as	4	-2.3309248931299953	s	lázongs	lázongsz	20	-1.6319548887939763	0.2	-1.6094379124341005	TRUE	Prs.NDef.2Sg (mondas)	4096	test	lázongs	s	ngs	ng	gs	linking vowel varies
ṉalint	nyalint	[/V][Prs.NDef.3Pl]	-0.4529779415008072	302	n	t	2	ṉalintanak	nyalintanak	anak	20	-1.6319548887939763	NA	NA	NA	NA	NA	NA	NA	FALSE	Prs.NDef.3Pl (mondanak)	4938	cc training	ṉalintanak	NA	NA	nt	NA	linking vowel always
ojt	ojt	[/V][Prs.NDef.3Pl]	-0.10951065528765676	666	j	t	1	ojtanak	ojtanak	anak	20	-1.6319548887939763	NA	NA	NA	NA	NA	NA	NA	FALSE	Prs.NDef.3Pl (mondanak)	4938	cc training	ojtanak	NA	NA	jt	NA	linking vowel always
ost	oszt	[/V][Prs.1Sg›2]	3.0325272520246824	923660	s	t	1	ostalak	osztalak	alak	20	-1.6319548887939763	NA	NA	NA	NA	NA	NA	NA	FALSE	Prs.1Sg›2 (mondalak)	1749	cc training	ostalak	NA	NA	st	NA	linking vowel always
reštell	restell	[/V][Prs.1Sg›2]	0.8460340874569128	6012	l	l	2	NA	NA	NA	NA	NA	ek	reštellek	restellek	20	-1.6319548887939763	NA	NA	FALSE	Prs.1Sg›2 (mondalak)	1749	cc training	reštellek	e	lle	ll	le	linking vowel never
šikkast	sikkaszt	[/V][Prs.NDef.2Sg]	0.6841203460444203	4141	s	t	2	šikkastas	sikkasztasz	as	20	-1.6319548887939763	NA	NA	NA	NA	NA	NA	NA	FALSE	Prs.NDef.2Sg (mondas)	4096	cc training	šikkastas	NA	NA	st	NA	linking vowel always
šújt	sújt	[/V][Prs.NDef.2Pl]	2.2020777650972594	136478	j	t	1	šújtotok	sújtotok	otok	20	-1.6319548887939763	NA	NA	NA	NA	NA	NA	NA	FALSE	Prs.NDef.2Pl (mondotok)	3308	cc training	šújtotok	NA	NA	jt	NA	linking vowel always
tévest	téveszt	[/V][Prs.1Sg›2]	1.7844276275827178	52169	s	t	2	tévestelek	tévesztelek	elek	20	-1.6319548887939763	lek	tévestlek	tévesztlek	4	-2.3309248931299953	5	1.6094379124341005	TRUE	Prs.1Sg›2 (mondalak)	1749	test	tévestlek	l	stl	st	tl	linking vowel varies
vesejt	veszejt	[/V][Prs.NDef.3Pl]	0.22987810886396828	1455	j	t	2	vesejtenek	veszejtenek	enek	20	-1.6319548887939763	NA	NA	NA	NA	NA	NA	NA	FALSE	Prs.NDef.3Pl (mondanak)	4938	cc training	vesejtenek	NA	NA	jt	NA	linking vowel always
átall	átall	[/V][Prs.NDef.2Sg]	1.0077805511732596	8725	l	l	2	átallas	átallasz	as	20	-1.6319548887939763	s	átalls	átallsz	13	-1.819041532151121	1.5384615384615383	0.43078291609245434	TRUE	Prs.NDef.2Sg (mondas)	4096	test	átalls	s	lls	ll	ls	linking vowel varies
ömleng	ömleng	[/V][Prs.NDef.2Sg]	0.2612518642658714	1564	n	g	2	ömlenges	ömlengesz	es	4	-2.3309248931299953	s	ömlengs	ömlengsz	20	-1.6319548887939763	0.2	-1.6094379124341005	TRUE	Prs.NDef.2Sg (mondas)	4096	test	ömlengs	s	ngs	ng	gs	linking vowel varies
ömleng	ömleng	[/V][Prs.NDef.2Pl]	0.2612518642658714	1564	n	g	2	NA	NA	NA	NA	NA	tek	ömlengtek	ömlengtek	20	-1.6319548887939763	NA	NA	FALSE	Prs.NDef.2Pl (mondotok)	3308	cc training	ömlengtek	t	ngt	ng	gt	linking vowel never
jelent	jelent	[/V][Prs.1Sg›2]	3.848512349249592	6046405	n	t	2	jelentelek	jelentelek	elek	19	-1.654231283505129	lek	jelentlek	jelentlek	5	-2.234014880121939	3.8	1.33500106673234	TRUE	Prs.1Sg›2 (mondalak)	1749	test	jelentlek	l	ntl	nt	tl	linking vowel varies
löṯṯint	löttyint	[/V][Prs.NDef.2Sg]	0.512307884968014	2788	n	t	2	löṯṯintes	löttyintesz	es	19	-1.654231283505129	NA	NA	NA	NA	NA	NA	NA	FALSE	Prs.NDef.2Sg (mondas)	4096	cc training	löṯṯintes	NA	NA	nt	NA	linking vowel always
megrettent	megrettent	[/V][Prs.NDef.3Pl]	0.09599282075082018	1069	n	t	3	megrettentenek	megrettentenek	enek	19	-1.654231283505129	NA	NA	NA	NA	NA	NA	NA	FALSE	Prs.NDef.3Pl (mondanak)	4938	cc training	megrettentenek	NA	NA	nt	NA	linking vowel always
tasajt	taszajt	[/V][Prs.NDef.3Pl]	-0.05850306675849135	749	j	t	2	tasajtanak	taszajtanak	anak	19	-1.654231283505129	NA	NA	NA	NA	NA	NA	NA	FALSE	Prs.NDef.3Pl (mondanak)	4938	cc training	tasajtanak	NA	NA	jt	NA	linking vowel always
tévest	téveszt	[/V][Prs.NDef.2Pl]	1.7844276275827178	52169	s	t	2	tévestetek	tévesztetek	etek	19	-1.654231283505129	NA	NA	NA	NA	NA	NA	NA	FALSE	Prs.NDef.2Pl (mondotok)	3308	cc training	tévestetek	NA	NA	st	NA	linking vowel always
bomlast	bomlaszt	[/V][Prs.NDef.2Sg]	0.7934978123268719	5327	s	t	2	bomlastas	bomlasztasz	as	18	-1.6777123793546518	NA	NA	NA	NA	NA	NA	NA	FALSE	Prs.NDef.2Sg (mondas)	4096	cc training	bomlastas	NA	NA	st	NA	linking vowel always
dühöng	dühöng	[/V][Prs.NDef.2Pl]	1.3723234834061857	20198	n	g	2	dühöngötök	dühöngötök	ötök	3	-2.455863629738295	tök	dühöngtök	dühöngtök	18	-1.6777123793546518	0.16666666666666666	-1.791759469228055	TRUE	Prs.NDef.2Pl (mondotok)	3308	test	dühöngtök	t	ngt	ng	gt	linking vowel varies
felbujt	felbujt	[/V][Prs.NDef.3Pl]	-0.02023158078663485	818	j	t	2	felbujtanak	felbujtanak	anak	18	-1.6777123793546518	NA	NA	NA	NA	NA	NA	NA	FALSE	Prs.NDef.3Pl (mondanak)	4938	cc training	felbujtanak	NA	NA	jt	NA	linking vowel always
fullast	fullaszt	[/V][Prs.NDef.3Pl]	0.3806714621600735	2059	s	t	2	fullastanak	fullasztanak	anak	18	-1.6777123793546518	NA	NA	NA	NA	NA	NA	NA	FALSE	Prs.NDef.3Pl (mondanak)	4938	cc training	fullastanak	NA	NA	st	NA	linking vowel always
gerjest	gerjeszt	[/V][Prs.1Sg›2]	1.5671280377017365	31631	s	t	2	gerjestelek	gerjesztelek	elek	18	-1.6777123793546518	lek	gerjestlek	gerjesztlek	1	-2.932984884457958	18	2.8903717578961645	TRUE	Prs.1Sg›2 (mondalak)	1749	test	gerjestlek	l	stl	st	tl	linking vowel varies
kaparint	kaparint	[/V][Prs.NDef.2Sg]	1.021257624981367	9000	n	t	3	kaparintas	kaparintasz	as	18	-1.6777123793546518	NA	NA	NA	NA	NA	NA	NA	FALSE	Prs.NDef.2Sg (mondas)	4096	cc training	kaparintas	NA	NA	nt	NA	linking vowel always
šarjast	sarjaszt	[/V][Prs.NDef.3Pl]	-0.08295162676818883	708	s	t	2	šarjastanak	sarjasztanak	anak	18	-1.6777123793546518	NA	NA	NA	NA	NA	NA	NA	FALSE	Prs.NDef.3Pl (mondanak)	4938	cc training	šarjastanak	NA	NA	st	NA	linking vowel always
vest	veszt	[/V][Prs.1Sg›2]	2.6514582920249814	384099	s	t	1	vestelek	vesztelek	elek	18	-1.6777123793546518	lek	vestlek	vesztlek	3	-2.455863629738295	6	1.791759469228055	TRUE	Prs.1Sg›2 (mondalak)	1749	test	vestlek	l	stl	st	tl	linking vowel varies
bont	bont	[/V][Prs.1Sg›2]	2.508831177112865	276577	n	t	1	bontalak	bontalak	alak	17	-1.702535963079684	NA	NA	NA	NA	NA	NA	NA	FALSE	Prs.1Sg›2 (mondalak)	1749	cc training	bontalak	NA	NA	nt	NA	linking vowel always
bólint	bólint	[/V][Prs.NDef.2Pl]	1.825949705664744	57403	n	t	2	bólintotok	bólintotok	otok	17	-1.702535963079684	NA	NA	NA	NA	NA	NA	NA	FALSE	Prs.NDef.2Pl (mondotok)	3308	cc training	bólintotok	NA	NA	nt	NA	linking vowel always
čippent	csippent	[/V][Prs.NDef.2Sg]	0.4818213950430548	2599	n	t	2	čippentes	csippentesz	es	17	-1.702535963079684	NA	NA	NA	NA	NA	NA	NA	FALSE	Prs.NDef.2Sg (mondas)	4096	cc training	čippentes	NA	NA	nt	NA	linking vowel always
fakast	fakaszt	[/V][Prs.NDef.2Pl]	1.1098661580928315	11037	s	t	2	fakastotok	fakasztotok	otok	17	-1.702535963079684	NA	NA	NA	NA	NA	NA	NA	FALSE	Prs.NDef.2Pl (mondotok)	3308	cc training	fakastotok	NA	NA	st	NA	linking vowel always
kelt	kelt	[/V][Prs.1Sg›2]	2.7981185534768014	538398	l	t	1	keltelek	keltelek	elek	17	-1.702535963079684	lek	keltlek	keltlek	1	-2.932984884457958	17	2.833213344056216	TRUE	Prs.1Sg›2 (mondalak)	1749	test	keltlek	l	ltl	lt	tl	linking vowel varies
kepest	kepeszt	[/V][Prs.NDef.2Sg]	-0.20870901485716883	530	s	t	2	kepestes	kepesztesz	es	17	-1.702535963079684	NA	NA	NA	NA	NA	NA	NA	FALSE	Prs.NDef.2Sg (mondas)	4096	cc training	kepestes	NA	NA	st	NA	linking vowel always
merest	mereszt	[/V][Prs.NDef.2Sg]	0.9516972197480672	7668	s	t	2	merestes	meresztesz	es	17	-1.702535963079684	NA	NA	NA	NA	NA	NA	NA	FALSE	Prs.NDef.2Sg (mondas)	4096	cc training	merestes	NA	NA	st	NA	linking vowel always
ṉissant	nyisszant	[/V][Prs.NDef.3Pl]	-0.141996409369142	618	n	t	2	ṉissantanak	nyisszantanak	anak	17	-1.702535963079684	NA	NA	NA	NA	NA	NA	NA	FALSE	Prs.NDef.3Pl (mondanak)	4938	cc training	ṉissantanak	NA	NA	nt	NA	linking vowel always
pöccint	pöccint	[/V][Prs.NDef.3Pl]	0.38612117485181846	2085	n	t	2	pöccintenek	pöccintenek	enek	17	-1.702535963079684	NA	NA	NA	NA	NA	NA	NA	FALSE	Prs.NDef.3Pl (mondanak)	4938	cc training	pöccintenek	NA	NA	nt	NA	linking vowel always
riast	riaszt	[/V][Prs.1Sg›2]	1.8228823519462607	56999	s	t	2	riastalak	riasztalak	alak	17	-1.702535963079684	lak	riastlak	riasztlak	9	-1.978742375018633	1.8888888888888888	0.6359887667199967	TRUE	Prs.1Sg›2 (mondalak)	1749	test	riastlak	l	stl	st	tl	linking vowel varies
akast	akaszt	[/V][Prs.NDef.2Pl]	2.0187556513332554	89483	s	t	2	akastotok	akasztotok	otok	16	-1.728864901802033	NA	NA	NA	NA	NA	NA	NA	FALSE	Prs.NDef.2Pl (mondotok)	3308	cc training	akastotok	NA	NA	st	NA	linking vowel always
fedd	fedd	[/V][Prs.NDef.3Pl]	0.5069790514629471	2754	d	d	1	NA	NA	NA	NA	NA	nek	feddnek	feddnek	16	-1.728864901802033	NA	NA	FALSE	Prs.NDef.3Pl (mondanak)	4938	cc training	feddnek	n	ddn	dd	dn	linking vowel never
gerjest	gerjeszt	[/V][Prs.NDef.2Pl]	1.5671280377017365	31631	s	t	2	gerjestetek	gerjesztetek	etek	16	-1.728864901802033	NA	NA	NA	NA	NA	NA	NA	FALSE	Prs.NDef.2Pl (mondotok)	3308	cc training	gerjestetek	NA	NA	st	NA	linking vowel always
kevešell	kevesell	[/V][Prs.NDef.2Pl]	1.1297098888844357	11553	l	l	3	NA	NA	NA	NA	NA	tek	kevešelltek	keveselltek	16	-1.728864901802033	NA	NA	FALSE	Prs.NDef.2Pl (mondotok)	3308	cc training	kevešelltek	t	llt	ll	lt	linking vowel never
lövell	lövell	[/V][Prs.NDef.2Sg]	0.8506328807327909	6076	l	l	2	NA	NA	NA	NA	NA	s	lövells	lövellsz	16	-1.728864901802033	NA	NA	FALSE	Prs.NDef.2Sg (mondas)	4096	cc training	lövells	s	lls	ll	ls	linking vowel never
rühell	rühell	[/V][Prs.NDef.2Pl]	1.1255929646752671	11444	l	l	2	NA	NA	NA	NA	NA	tek	rühelltek	rühelltek	16	-1.728864901802033	NA	NA	FALSE	Prs.NDef.2Pl (mondotok)	3308	cc training	rühelltek	t	llt	ll	lt	linking vowel never
tolong	tolong	[/V][Prs.NDef.2Sg]	1.2105607427804643	13917	n	g	2	tolongas	tolongasz	as	2	-2.6319548887939765	s	tolongs	tolongsz	16	-1.728864901802033	0.125	-2.0794415416798357	TRUE	Prs.NDef.2Sg (mondas)	4096	test	tolongs	s	ngs	ng	gs	linking vowel varies
áld	áld	[/V][Prs.NDef.2Pl]	1.9847463785340496	82743	l	d	1	áldotok	áldotok	otok	16	-1.728864901802033	tok	áldtok	áldtok	2	-2.6319548887939765	8	2.0794415416798357	TRUE	Prs.NDef.2Pl (mondotok)	3308	test	áldtok	t	ldt	ld	dt	linking vowel varies
čattint	csattint	[/V][Prs.NDef.3Pl]	-0.12544985638910458	642	n	t	2	čattintanak	csattintanak	anak	15	-1.756893625402277	NA	NA	NA	NA	NA	NA	NA	FALSE	Prs.NDef.3Pl (mondanak)	4938	cc training	čattintanak	NA	NA	nt	NA	linking vowel always
fárast	fáraszt	[/V][Prs.NDef.2Pl]	1.459131449358052	24667	s	t	2	fárastotok	fárasztotok	otok	15	-1.756893625402277	NA	NA	NA	NA	NA	NA	NA	FALSE	Prs.NDef.2Pl (mondotok)	3308	cc training	fárastotok	NA	NA	st	NA	linking vowel always
függest	függeszt	[/V][Prs.NDef.2Sg]	1.769359473897811	50390	s	t	2	függestes	függesztesz	es	15	-1.756893625402277	NA	NA	NA	NA	NA	NA	NA	FALSE	Prs.NDef.2Sg (mondas)	4096	cc training	függestes	NA	NA	st	NA	linking vowel always
gubbast	gubbaszt	[/V][Prs.NDef.2Pl]	0.9826787190478152	8235	s	t	2	gubbastotok	gubbasztotok	otok	15	-1.756893625402277	NA	NA	NA	NA	NA	NA	NA	FALSE	Prs.NDef.2Pl (mondotok)	3308	cc training	gubbastotok	NA	NA	st	NA	linking vowel always
köhint	köhint	[/V][Prs.NDef.3Pl]	0.30731469754475466	1739	n	t	2	köhintenek	köhintenek	enek	15	-1.756893625402277	NA	NA	NA	NA	NA	NA	NA	FALSE	Prs.NDef.3Pl (mondanak)	4938	cc training	köhintenek	NA	NA	nt	NA	linking vowel always
lobbant	lobbant	[/V][Prs.NDef.2Sg]	1.0172338821839055	8917	n	t	2	lobbantas	lobbantasz	as	15	-1.756893625402277	NA	NA	NA	NA	NA	NA	NA	FALSE	Prs.NDef.2Sg (mondas)	4096	cc training	lobbantas	NA	NA	nt	NA	linking vowel always
megdöbbent	megdöbbent	[/V][Prs.NDef.2Sg]	1.3803971731201916	20577	n	t	3	megdöbbentes	megdöbbentesz	es	15	-1.756893625402277	NA	NA	NA	NA	NA	NA	NA	FALSE	Prs.NDef.2Sg (mondas)	4096	cc training	megdöbbentes	NA	NA	nt	NA	linking vowel always
naḏothall	nagyothall	[/V][Prs.NDef.2Sg]	-0.30973559406005735	420	l	l	3	naḏothallas	nagyothallasz	as	15	-1.756893625402277	NA	NA	NA	NA	NA	NA	NA	FALSE	Prs.NDef.2Sg (mondas)	4096	cc training	naḏothallas	NA	NA	ll	NA	linking vowel always
pukkant	pukkant	[/V][Prs.NDef.3Pl]	-0.2054436274294014	534	n	t	2	pukkantanak	pukkantanak	anak	15	-1.756893625402277	NA	NA	NA	NA	NA	NA	NA	FALSE	Prs.NDef.3Pl (mondanak)	4938	cc training	pukkantanak	NA	NA	nt	NA	linking vowel always
rothast	rothaszt	[/V][Prs.NDef.3Pl]	-0.25904288582387003	472	s	t	2	rothastanak	rothasztanak	anak	15	-1.756893625402277	NA	NA	NA	NA	NA	NA	NA	FALSE	Prs.NDef.3Pl (mondanak)	4938	cc training	rothastanak	NA	NA	st	NA	linking vowel always
žibbast	zsibbaszt	[/V][Prs.NDef.3Pl]	0.02366369474724546	905	s	t	2	žibbastanak	zsibbasztanak	anak	15	-1.756893625402277	NA	NA	NA	NA	NA	NA	NA	FALSE	Prs.NDef.3Pl (mondanak)	4938	cc training	žibbastanak	NA	NA	st	NA	linking vowel always
állong	állong	[/V][Prs.NDef.3Pl]	-0.623354717032059	204	n	g	2	állonganak	állonganak	anak	15	-1.756893625402277	nak	állongnak	állongnak	7	-2.087886844443701	2.142857142857143	0.7621400520468967	TRUE	Prs.NDef.3Pl (mondanak)	4938	test	állongnak	n	ngn	ng	gn	linking vowel varies
bossant	bosszant	[/V][Prs.NDef.2Pl]	1.6866614018736934	41653	n	t	2	bossantotok	bosszantotok	otok	14	-1.7868568487797198	NA	NA	NA	NA	NA	NA	NA	FALSE	Prs.NDef.2Pl (mondotok)	3308	cc training	bossantotok	NA	NA	nt	NA	linking vowel always
dagast	dagaszt	[/V][Prs.NDef.2Sg]	1.4185795307461468	22468	s	t	2	dagastas	dagasztasz	as	14	-1.7868568487797198	NA	NA	NA	NA	NA	NA	NA	FALSE	Prs.NDef.2Sg (mondas)	4096	cc training	dagastas	NA	NA	st	NA	linking vowel always
ellentmond	ellentmond	[/V][Prs.NDef.2Pl]	1.8501894968434336	60698	n	d	3	ellentmondotok	ellentmondotok	otok	2	-2.6319548887939765	tok	ellentmondtok	ellentmondtok	14	-1.7868568487797198	0.14285714285714285	-1.9459101490553137	TRUE	Prs.NDef.2Pl (mondotok)	3308	test	ellentmondtok	t	ndt	nd	dt	linking vowel varies
füröst	füröszt	[/V][Prs.1Sg›2]	0.5572546007883294	3092	s	t	2	füröstelek	fürösztelek	elek	14	-1.7868568487797198	lek	füröstlek	fürösztlek	3	-2.455863629738295	4.666666666666667	1.540445040947149	TRUE	Prs.1Sg›2 (mondalak)	1749	test	füröstlek	l	stl	st	tl	linking vowel varies
ideért	ideért	[/V][Prs.NDef.3Pl]	2.3820844674594666	206571	r	t	3	ideértenek	ideértenek	enek	14	-1.7868568487797198	NA	NA	NA	NA	NA	NA	NA	FALSE	Prs.NDef.3Pl (mondanak)	4938	cc training	ideértenek	NA	NA	rt	NA	linking vowel always
kiṉiffant	kinyiffant	[/V][Prs.NDef.3Pl]	-0.20382009476518784	536	n	t	3	kiṉiffantanak	kinyiffantanak	anak	14	-1.7868568487797198	NA	NA	NA	NA	NA	NA	NA	FALSE	Prs.NDef.3Pl (mondanak)	4938	cc training	kiṉiffantanak	NA	NA	nt	NA	linking vowel always
korṯint	kortyint	[/V][Prs.NDef.3Pl]	-0.2730686843881076	457	n	t	2	korṯintanak	kortyintanak	anak	14	-1.7868568487797198	NA	NA	NA	NA	NA	NA	NA	FALSE	Prs.NDef.3Pl (mondanak)	4938	cc training	korṯintanak	NA	NA	nt	NA	linking vowel always
olt	olt	[/V][Prs.NDef.2Pl]	2.01363438478017	88434	l	t	1	oltotok	oltotok	otok	14	-1.7868568487797198	NA	NA	NA	NA	NA	NA	NA	FALSE	Prs.NDef.2Pl (mondotok)	3308	cc training	oltotok	NA	NA	lt	NA	linking vowel always
ottfelejt	ottfelejt	[/V][Prs.NDef.2Sg]	0.4829895269186081	2606	j	t	3	ottfelejtes	ottfelejtesz	es	14	-1.7868568487797198	NA	NA	NA	NA	NA	NA	NA	FALSE	Prs.NDef.2Sg (mondas)	4096	cc training	ottfelejtes	NA	NA	jt	NA	linking vowel always
riast	riaszt	[/V][Prs.NDef.2Sg]	1.8228823519462607	56999	s	t	2	riastas	riasztasz	as	14	-1.7868568487797198	s	riasts	riasztsz	3	-2.455863629738295	4.666666666666667	1.540445040947149	TRUE	Prs.NDef.2Sg (mondas)	4096	test	riasts	s	sts	st	ts	linking vowel varies
šüjjest	süllyeszt	[/V][Prs.NDef.2Sg]	1.4007847164155167	21566	s	t	2	šüjjestes	süllyesztesz	es	14	-1.7868568487797198	NA	NA	NA	NA	NA	NA	NA	FALSE	Prs.NDef.2Sg (mondas)	4096	cc training	šüjjestes	NA	NA	st	NA	linking vowel always
ébrest	ébreszt	[/V][Prs.NDef.2Pl]	2.0144439356578423	88599	s	t	2	ébrestetek	ébresztetek	etek	14	-1.7868568487797198	NA	NA	NA	NA	NA	NA	NA	FALSE	Prs.NDef.2Pl (mondotok)	3308	cc training	ébrestetek	NA	NA	st	NA	linking vowel always
fedd	fedd	[/V][Prs.NDef.2Pl]	0.5069790514629471	2754	d	d	1	NA	NA	NA	NA	NA	tek	feddtek	feddtek	13	-1.819041532151121	NA	NA	FALSE	Prs.NDef.2Pl (mondotok)	3308	cc training	feddtek	t	ddt	dd	dt	linking vowel never
foṉṉast	fonnyaszt	[/V][Prs.NDef.3Pl]	0.4528000743853779	2431	s	t	2	foṉṉastanak	fonnyasztanak	anak	13	-1.819041532151121	NA	NA	NA	NA	NA	NA	NA	FALSE	Prs.NDef.3Pl (mondanak)	4938	cc training	foṉṉastanak	NA	NA	st	NA	linking vowel always
furčáll	furcsáll	[/V][Prs.NDef.2Sg]	1.280240588315443	16339	l	l	2	NA	NA	NA	NA	NA	s	furčálls	furcsállsz	13	-1.819041532151121	NA	NA	FALSE	Prs.NDef.2Sg (mondas)	4096	cc training	furčálls	s	lls	ll	ls	linking vowel never
hegest	hegeszt	[/V][Prs.NDef.2Pl]	1.2270031659240292	14454	s	t	2	hegestetek	hegesztetek	etek	13	-1.819041532151121	NA	NA	NA	NA	NA	NA	NA	FALSE	Prs.NDef.2Pl (mondotok)	3308	cc training	hegestetek	NA	NA	st	NA	linking vowel always
kiért	kiért	[/V][Prs.NDef.2Pl]	-0.29649698810459235	433	r	t	2	kiértetek	kiértetek	etek	13	-1.819041532151121	NA	NA	NA	NA	NA	NA	NA	FALSE	Prs.NDef.2Pl (mondotok)	3308	cc training	kiértetek	NA	NA	rt	NA	linking vowel always
lázong	lázong	[/V][Prs.NDef.2Pl]	0.478803120085911	2581	n	g	2	NA	NA	NA	NA	NA	tok	lázongtok	lázongtok	13	-1.819041532151121	NA	NA	FALSE	Prs.NDef.2Pl (mondotok)	3308	cc training	lázongtok	t	ngt	ng	gt	linking vowel never
méjest	mélyeszt	[/V][Prs.NDef.3Pl]	0.435487953982404	2336	s	t	2	méjestenek	mélyesztenek	enek	13	-1.819041532151121	NA	NA	NA	NA	NA	NA	NA	FALSE	Prs.NDef.3Pl (mondanak)	4938	cc training	méjestenek	NA	NA	st	NA	linking vowel always
növest	növeszt	[/V][Prs.1Sg›2]	1.5623235102166582	31283	s	t	2	növestelek	növesztelek	elek	13	-1.819041532151121	NA	NA	NA	NA	NA	NA	NA	FALSE	Prs.1Sg›2 (mondalak)	1749	cc training	növestelek	NA	NA	st	NA	linking vowel always
odábbáll	odábbáll	[/V][Prs.NDef.3Pl]	-0.6128385983469038	209	l	l	3	NA	NA	NA	NA	NA	nak	odábbállnak	odábbállnak	13	-1.819041532151121	NA	NA	FALSE	Prs.NDef.3Pl (mondanak)	4938	cc training	odábbállnak	n	lln	ll	ln	linking vowel never
šerkent	serkent	[/V][Prs.NDef.2Sg]	2.050384267520748	96243	n	t	2	šerkentes	serkentesz	es	13	-1.819041532151121	NA	NA	NA	NA	NA	NA	NA	FALSE	Prs.NDef.2Sg (mondas)	4096	cc training	šerkentes	NA	NA	nt	NA	linking vowel always
sakast	szakaszt	[/V][Prs.NDef.3Pl]	0.4360453373511952	2339	s	t	2	sakastanak	szakasztanak	anak	13	-1.819041532151121	NA	NA	NA	NA	NA	NA	NA	FALSE	Prs.NDef.3Pl (mondanak)	4938	cc training	sakastanak	NA	NA	st	NA	linking vowel always
told	told	[/V][Prs.NDef.2Sg]	1.2461933447518363	15107	l	d	1	toldas	toldasz	as	13	-1.819041532151121	NA	NA	NA	NA	NA	NA	NA	FALSE	Prs.NDef.2Sg (mondas)	4096	cc training	toldas	NA	NA	ld	NA	linking vowel always
támast	támaszt	[/V][Prs.1Sg›2]	2.412676973025972	221647	s	t	2	támastalak	támasztalak	alak	13	-1.819041532151121	lak	támastlak	támasztlak	1	-2.932984884457958	13	2.5649493574615367	TRUE	Prs.1Sg›2 (mondalak)	1749	test	támastlak	l	stl	st	tl	linking vowel varies
átért	átért	[/V][Prs.NDef.2Pl]	-0.4827357761385967	282	r	t	2	átértetek	átértetek	etek	13	-1.819041532151121	NA	NA	NA	NA	NA	NA	NA	FALSE	Prs.NDef.2Pl (mondotok)	3308	cc training	átértetek	NA	NA	rt	NA	linking vowel always
apast	apaszt	[/V][Prs.NDef.3Pl]	0.5697152908526049	3182	s	t	2	apastanak	apasztanak	anak	12	-1.853803638410333	nak	apastnak	apasztnak	1	-2.932984884457958	12	2.4849066497880004	TRUE	Prs.NDef.3Pl (mondanak)	4938	test	apastnak	n	stn	st	tn	linking vowel varies
böffent	böffent	[/V][Prs.NDef.2Sg]	-0.08975210635994839	697	n	t	2	böffentes	böffentesz	es	12	-1.853803638410333	NA	NA	NA	NA	NA	NA	NA	FALSE	Prs.NDef.2Sg (mondas)	4096	cc training	böffentes	NA	NA	nt	NA	linking vowel always
erest	ereszt	[/V][Prs.NDef.2Pl]	2.0182700425231386	89383	s	t	2	erestetek	eresztetek	etek	12	-1.853803638410333	NA	NA	NA	NA	NA	NA	NA	FALSE	Prs.NDef.2Pl (mondotok)	3308	cc training	erestetek	NA	NA	st	NA	linking vowel always
félt	félt	[/V][Prs.NDef.2Pl]	2.065662355068752	99689	l	t	1	féltetek	féltetek	etek	12	-1.853803638410333	NA	NA	NA	NA	NA	NA	NA	FALSE	Prs.NDef.2Pl (mondotok)	3308	cc training	féltetek	NA	NA	lt	NA	linking vowel always
hörpint	hörpint	[/V][Prs.NDef.2Sg]	0.264846808870945	1577	n	t	2	hörpintes	hörpintesz	es	12	-1.853803638410333	NA	NA	NA	NA	NA	NA	NA	FALSE	Prs.NDef.2Sg (mondas)	4096	cc training	hörpintes	NA	NA	nt	NA	linking vowel always
karbantart	karbantart	[/V][Prs.NDef.2Sg]	1.719029254892051	44876	r	t	3	karbantartas	karbantartasz	as	12	-1.853803638410333	NA	NA	NA	NA	NA	NA	NA	FALSE	Prs.NDef.2Sg (mondas)	4096	cc training	karbantartas	NA	NA	rt	NA	linking vowel always
rettent	rettent	[/V][Prs.NDef.2Sg]	0.951243885174646	7660	n	t	2	rettentes	rettentesz	es	12	-1.853803638410333	NA	NA	NA	NA	NA	NA	NA	FALSE	Prs.NDef.2Sg (mondas)	4096	cc training	rettentes	NA	NA	nt	NA	linking vowel always
šikkant	sikkant	[/V][Prs.NDef.3Pl]	-0.01917103207424114	820	n	t	2	šikkantanak	sikkantanak	anak	12	-1.853803638410333	NA	NA	NA	NA	NA	NA	NA	FALSE	Prs.NDef.3Pl (mondanak)	4938	cc training	šikkantanak	NA	NA	nt	NA	linking vowel always
vakkant	vakkant	[/V][Prs.NDef.2Sg]	0.34324707346387573	1889	n	t	2	vakkantas	vakkantasz	as	12	-1.853803638410333	NA	NA	NA	NA	NA	NA	NA	FALSE	Prs.NDef.2Sg (mondas)	4096	cc training	vakkantas	NA	NA	nt	NA	linking vowel always
végrehajt	végrehajt	[/V][Prs.NDef.2Pl]	2.3635815912942486	197955	j	t	3	végrehajtotok	végrehajtotok	otok	12	-1.853803638410333	NA	NA	NA	NA	NA	NA	NA	FALSE	Prs.NDef.2Pl (mondotok)	3308	cc training	végrehajtotok	NA	NA	jt	NA	linking vowel always
čügg	csügg	[/V][Prs.NDef.2Pl]	0.5277626573862391	2889	g	g	1	čüggötök	csüggötök	ötök	1	-2.932984884457958	tök	čüggtök	csüggtök	11	-1.8915921992997329	0.09090909090909093	-2.3978952727983707	TRUE	Prs.NDef.2Pl (mondotok)	3308	test	čüggtök	t	ggt	gg	gt	linking vowel varies
dermest	dermeszt	[/V][Prs.NDef.3Pl]	0.6115792130380853	3504	s	t	2	dermestenek	dermesztenek	enek	11	-1.8915921992997329	NA	NA	NA	NA	NA	NA	NA	FALSE	Prs.NDef.3Pl (mondanak)	4938	cc training	dermestenek	NA	NA	st	NA	linking vowel always
durrant	durrant	[/V][Prs.NDef.2Sg]	0.6315628272979901	3669	n	t	2	durrantas	durrantasz	as	11	-1.8915921992997329	NA	NA	NA	NA	NA	NA	NA	FALSE	Prs.NDef.2Sg (mondas)	4096	cc training	durrantas	NA	NA	nt	NA	linking vowel always
erjest	erjeszt	[/V][Prs.NDef.2Sg]	0.9300404117715124	7295	s	t	2	erjestes	erjesztesz	es	11	-1.8915921992997329	NA	NA	NA	NA	NA	NA	NA	FALSE	Prs.NDef.2Sg (mondas)	4096	cc training	erjestes	NA	NA	st	NA	linking vowel always
hint	hint	[/V][Prs.1Sg›2]	1.5869611793795713	33109	n	t	1	hintelek	hintelek	elek	11	-1.8915921992997329	lek	hintlek	hintlek	1	-2.932984884457958	11	2.3978952727983707	TRUE	Prs.1Sg›2 (mondalak)	1749	test	hintlek	l	ntl	nt	tl	linking vowel varies
hozzáért	hozzáért	[/V][Prs.NDef.3Pl]	-0.38031666834576466	357	r	t	3	hozzáértenek	hozzáértenek	enek	11	-1.8915921992997329	NA	NA	NA	NA	NA	NA	NA	FALSE	Prs.NDef.3Pl (mondanak)	4938	cc training	hozzáértenek	NA	NA	rt	NA	linking vowel always
hozzáért	hozzáért	[/V][Prs.NDef.2Pl]	-0.38031666834576466	357	r	t	3	hozzáértetek	hozzáértetek	etek	11	-1.8915921992997329	NA	NA	NA	NA	NA	NA	NA	FALSE	Prs.NDef.2Pl (mondotok)	3308	cc training	hozzáértetek	NA	NA	rt	NA	linking vowel always
pöccint	pöccint	[/V][Prs.NDef.2Sg]	0.38612117485181846	2085	n	t	2	pöccintes	pöccintesz	es	11	-1.8915921992997329	NA	NA	NA	NA	NA	NA	NA	FALSE	Prs.NDef.2Sg (mondas)	4096	cc training	pöccintes	NA	NA	nt	NA	linking vowel always
rossall	rosszall	[/V][Prs.NDef.3Pl]	0.28291692874607377	1644	l	l	2	rossallanak	rosszallanak	anak	11	-1.8915921992997329	nak	rossallnak	rosszallnak	8	-2.0298948974660145	1.375	0.3184537311185346	TRUE	Prs.NDef.3Pl (mondanak)	4938	test	rossallnak	n	lln	ll	ln	linking vowel varies
šercint	sercint	[/V][Prs.NDef.3Pl]	-0.4616931733990192	296	n	t	2	šercintenek	sercintenek	enek	11	-1.8915921992997329	NA	NA	NA	NA	NA	NA	NA	FALSE	Prs.NDef.3Pl (mondanak)	4938	cc training	šercintenek	NA	NA	nt	NA	linking vowel always
sánt	szánt	[/V][Prs.1Sg›2]	2.6324130648880937	367619	n	t	1	sántalak	szántalak	alak	11	-1.8915921992997329	lak	sántlak	szántlak	3	-2.455863629738295	3.6666666666666665	1.2992829841302609	TRUE	Prs.1Sg›2 (mondalak)	1749	test	sántlak	l	ntl	nt	tl	linking vowel varies
zöldell	zöldell	[/V][Prs.NDef.2Sg]	0.8296186651088456	5789	l	l	2	NA	NA	NA	NA	NA	s	zöldells	zöldellsz	11	-1.8915921992997329	NA	NA	FALSE	Prs.NDef.2Sg (mondas)	4096	cc training	zöldells	s	lls	ll	ls	linking vowel never
önt	önt	[/V][Prs.1Sg›2]	2.628092636201345	363980	n	t	1	öntelek	öntelek	elek	11	-1.8915921992997329	lek	öntlek	öntlek	9	-1.978742375018633	1.2222222222222223	0.20067069546215124	TRUE	Prs.1Sg›2 (mondalak)	1749	test	öntlek	l	ntl	nt	tl	linking vowel varies
agg	agg	[/V][Prs.NDef.3Pl]	1.346978483000779	19053	g	g	1	agganak	agganak	anak	3	-2.455863629738295	nak	aggnak	aggnak	10	-1.9329848844579576	0.3	-1.203972804325936	TRUE	Prs.NDef.3Pl (mondanak)	4938	test	aggnak	n	ggn	gg	gn	linking vowel varies
ajz	ajz	[/V][Prs.NDef.3Pl]	0.1533749462167904	1220	j	z	1	ajzanak	ajzanak	anak	10	-1.9329848844579576	NA	NA	NA	NA	NA	NA	NA	FALSE	Prs.NDef.3Pl (mondanak)	4938	cc training	ajzanak	NA	NA	jz	NA	linking vowel always
búšong	búsong	[/V][Prs.NDef.2Sg]	0.03736199177213555	934	n	g	2	búšongas	búsongasz	as	2	-2.6319548887939765	s	búšongs	búsongsz	10	-1.9329848844579576	0.2	-1.6094379124341005	TRUE	Prs.NDef.2Sg (mondas)	4096	test	búšongs	s	ngs	ng	gs	linking vowel varies
dereng	dereng	[/V][Prs.NDef.2Sg]	1.2369245574431114	14788	n	g	2	NA	NA	NA	NA	NA	s	derengs	derengsz	10	-1.9329848844579576	NA	NA	FALSE	Prs.NDef.2Sg (mondas)	4096	cc training	derengs	s	ngs	ng	gs	linking vowel never
fedd	fedd	[/V][Prs.1Sg›2]	0.5069790514629471	2754	d	d	1	NA	NA	NA	NA	NA	lek	feddlek	feddlek	10	-1.9329848844579576	NA	NA	FALSE	Prs.1Sg›2 (mondalak)	1749	cc training	feddlek	l	ddl	dd	dl	linking vowel never
kereng	kereng	[/V][Prs.NDef.2Sg]	0.4808176323113937	2593	n	g	2	kerenges	kerengesz	es	2	-2.6319548887939765	s	kerengs	kerengsz	10	-1.9329848844579576	0.2	-1.6094379124341005	TRUE	Prs.NDef.2Sg (mondas)	4096	test	kerengs	s	ngs	ng	gs	linking vowel varies
keṯṯint	kettyint	[/V][Prs.NDef.3Pl]	-0.4544183888641145	301	n	t	2	keṯṯintenek	kettyintenek	enek	10	-1.9329848844579576	NA	NA	NA	NA	NA	NA	NA	FALSE	Prs.NDef.3Pl (mondanak)	4938	cc training	keṯṯintenek	NA	NA	nt	NA	linking vowel always
kérd	kérd	[/V][Prs.NDef.2Pl]	1.9986204382455903	85429	r	d	1	kérdetek	kérdetek	etek	6	-2.1548336340743144	tek	kérdtek	kérdtek	10	-1.9329848844579576	0.6	-0.5108256237659907	TRUE	Prs.NDef.2Pl (mondotok)	3308	test	kérdtek	t	rdt	rd	dt	linking vowel varies
leért	leért	[/V][Prs.NDef.2Pl]	-1.0941357937207026	69	r	t	2	leértetek	leértetek	etek	10	-1.9329848844579576	NA	NA	NA	NA	NA	NA	NA	FALSE	Prs.NDef.2Pl (mondotok)	3308	cc training	leértetek	NA	NA	rt	NA	linking vowel always
löṯṯint	löttyint	[/V][Prs.NDef.2Pl]	0.512307884968014	2788	n	t	2	löṯṯintetek	löttyintetek	etek	10	-1.9329848844579576	NA	NA	NA	NA	NA	NA	NA	FALSE	Prs.NDef.2Pl (mondotok)	3308	cc training	löṯṯintetek	NA	NA	nt	NA	linking vowel always
omlast	omlaszt	[/V][Prs.NDef.3Pl]	-0.07867884265687722	715	s	t	2	omlastanak	omlasztanak	anak	10	-1.9329848844579576	NA	NA	NA	NA	NA	NA	NA	FALSE	Prs.NDef.3Pl (mondanak)	4938	cc training	omlastanak	NA	NA	st	NA	linking vowel always
sakajt	szakajt	[/V][Prs.NDef.3Pl]	-0.1384968377987882	623	j	t	2	sakajtanak	szakajtanak	anak	10	-1.9329848844579576	NA	NA	NA	NA	NA	NA	NA	FALSE	Prs.NDef.3Pl (mondanak)	4938	cc training	sakajtanak	NA	NA	jt	NA	linking vowel always
utolért	utolért	[/V][Prs.NDef.2Pl]	0.844876739718284	5996	r	t	3	utolértetek	utolértetek	etek	10	-1.9329848844579576	NA	NA	NA	NA	NA	NA	NA	FALSE	Prs.NDef.2Pl (mondotok)	3308	cc training	utolértetek	NA	NA	rt	NA	linking vowel always
végigért	végigért	[/V][Prs.NDef.2Pl]	-1.0139067920818838	83	r	t	3	végigértetek	végigértetek	etek	10	-1.9329848844579576	NA	NA	NA	NA	NA	NA	NA	FALSE	Prs.NDef.2Pl (mondotok)	3308	cc training	végigértetek	NA	NA	rt	NA	linking vowel always
billent	billent	[/V][Prs.1Sg›2]	1.2721111631205262	16036	n	t	2	billentelek	billentelek	elek	9	-1.978742375018633	lek	billentlek	billentlek	1	-2.932984884457958	9	2.1972245773362196	TRUE	Prs.1Sg›2 (mondalak)	1749	test	billentlek	l	ntl	nt	tl	linking vowel varies
čökkent	csökkent	[/V][Prs.NDef.2Pl]	3.104972005299955	1091332	n	t	2	čökkentetek	csökkentetek	etek	9	-1.978742375018633	NA	NA	NA	NA	NA	NA	NA	FALSE	Prs.NDef.2Pl (mondotok)	3308	cc training	čökkentetek	NA	NA	nt	NA	linking vowel always
dülöng	dülöng	[/V][Prs.NDef.3Pl]	-0.627633515011334	202	n	g	2	dülöngenek	dülöngenek	enek	9	-1.978742375018633	nek	dülöngnek	dülöngnek	6	-2.1548336340743144	1.5	0.4054651081081644	TRUE	Prs.NDef.3Pl (mondanak)	4938	test	dülöngnek	n	ngn	ng	gn	linking vowel varies
emést	emészt	[/V][Prs.NDef.2Pl]	1.792510213214763	53149	s	t	2	eméstetek	emésztetek	etek	9	-1.978742375018633	NA	NA	NA	NA	NA	NA	NA	FALSE	Prs.NDef.2Pl (mondotok)	3308	cc training	eméstetek	NA	NA	st	NA	linking vowel always
epest	epeszt	[/V][Prs.NDef.3Pl]	-0.43744054691150935	313	s	t	2	epestenek	epesztenek	enek	9	-1.978742375018633	NA	NA	NA	NA	NA	NA	NA	FALSE	Prs.NDef.3Pl (mondanak)	4938	cc training	epestenek	NA	NA	st	NA	linking vowel always
firkant	firkant	[/V][Prs.NDef.2Sg]	0.35816187727392773	1955	n	t	2	firkantas	firkantasz	as	9	-1.978742375018633	s	firkants	firkantsz	1	-2.932984884457958	9	2.1972245773362196	TRUE	Prs.NDef.2Sg (mondas)	4096	test	firkants	s	nts	nt	ts	linking vowel varies
forr	forr	[/V][Prs.NDef.2Pl]	1.836569668505726	58824	r	r	1	forrotok	forrotok	otok	1	-2.932984884457958	tok	forrtok	forrtok	9	-1.978742375018633	0.1111111111111111	-2.1972245773362196	TRUE	Prs.NDef.2Pl (mondotok)	3308	test	forrtok	t	rrt	rr	rt	linking vowel varies
hervast	hervaszt	[/V][Prs.NDef.3Pl]	-0.2490377537064457	483	s	t	2	hervastanak	hervasztanak	anak	9	-1.978742375018633	NA	NA	NA	NA	NA	NA	NA	FALSE	Prs.NDef.3Pl (mondanak)	4938	cc training	hervastanak	NA	NA	st	NA	linking vowel always
jajong	jajong	[/V][Prs.NDef.2Pl]	0.38214543272564394	2066	n	g	2	NA	NA	NA	NA	NA	tok	jajongtok	jajongtok	9	-1.978742375018633	NA	NA	FALSE	Prs.NDef.2Pl (mondotok)	3308	cc training	jajongtok	t	ngt	ng	gt	linking vowel never
jóltart	jóltart	[/V][Prs.NDef.3Pl]	-0.3864422209798268	352	r	t	2	jóltartanak	jóltartanak	anak	9	-1.978742375018633	NA	NA	NA	NA	NA	NA	NA	FALSE	Prs.NDef.3Pl (mondanak)	4938	cc training	jóltartanak	NA	NA	rt	NA	linking vowel always
koppant	koppant	[/V][Prs.NDef.2Sg]	0.00603489199070864	869	n	t	2	koppantas	koppantasz	as	9	-1.978742375018633	NA	NA	NA	NA	NA	NA	NA	FALSE	Prs.NDef.2Sg (mondas)	4096	cc training	koppantas	NA	NA	nt	NA	linking vowel always
képest	képeszt	[/V][Prs.NDef.3Pl]	-0.5420497773545787	246	s	t	2	képestenek	képesztenek	enek	9	-1.978742375018633	NA	NA	NA	NA	NA	NA	NA	FALSE	Prs.NDef.3Pl (mondanak)	4938	cc training	képestenek	NA	NA	st	NA	linking vowel always
lejt	lejt	[/V][Prs.NDef.2Pl]	1.1958342577365526	13453	j	t	1	lejtetek	lejtetek	etek	9	-1.978742375018633	NA	NA	NA	NA	NA	NA	NA	FALSE	Prs.NDef.2Pl (mondotok)	3308	cc training	lejtetek	NA	NA	jt	NA	linking vowel always
leng	leng	[/V][Prs.1Sg›2]	1.7526762559372897	48491	n	g	1	lengelek	lengelek	elek	9	-1.978742375018633	lek	lenglek	lenglek	2	-2.6319548887939765	4.5	1.5040773967762742	TRUE	Prs.1Sg›2 (mondalak)	1749	test	lenglek	l	ngl	ng	gl	linking vowel varies
növest	növeszt	[/V][Prs.NDef.2Pl]	1.5623235102166582	31283	s	t	2	növestetek	növesztetek	etek	9	-1.978742375018633	NA	NA	NA	NA	NA	NA	NA	FALSE	Prs.NDef.2Pl (mondotok)	3308	cc training	növestetek	NA	NA	st	NA	linking vowel always
rikolt	rikolt	[/V][Prs.NDef.2Sg]	0.39864483317197447	2146	l	t	2	rikoltas	rikoltasz	as	3	-2.455863629738295	s	rikolts	rikoltsz	9	-1.978742375018633	0.3333333333333333	-1.0986122886681098	TRUE	Prs.NDef.2Sg (mondas)	4096	test	rikolts	s	lts	lt	ts	linking vowel varies
ring	ring	[/V][Prs.NDef.2Pl]	1.9599496550527609	78151	n	g	1	ringotok	ringotok	otok	1	-2.932984884457958	tok	ringtok	ringtok	9	-1.978742375018633	0.1111111111111111	-2.1972245773362196	TRUE	Prs.NDef.2Pl (mondotok)	3308	test	ringtok	t	ngt	ng	gt	linking vowel varies
šugall	sugall	[/V][Prs.NDef.2Pl]	2.166726825892367	125809	l	l	2	NA	NA	NA	NA	NA	tok	šugalltok	sugalltok	9	-1.978742375018633	NA	NA	FALSE	Prs.NDef.2Pl (mondotok)	3308	cc training	šugalltok	t	llt	ll	lt	linking vowel never
terpest	terpeszt	[/V][Prs.NDef.2Sg]	0.1776048258412911	1290	s	t	2	terpestes	terpesztesz	es	9	-1.978742375018633	NA	NA	NA	NA	NA	NA	NA	FALSE	Prs.NDef.2Sg (mondas)	4096	cc training	terpestes	NA	NA	st	NA	linking vowel always
törlest	törleszt	[/V][Prs.NDef.2Pl]	1.6345355195171676	36942	s	t	2	törlestetek	törlesztetek	etek	9	-1.978742375018633	NA	NA	NA	NA	NA	NA	NA	FALSE	Prs.NDef.2Pl (mondotok)	3308	cc training	törlestetek	NA	NA	st	NA	linking vowel always
össeért	összeért	[/V][Prs.NDef.2Pl]	-0.771616882222983	145	r	t	3	össeértetek	összeértetek	etek	9	-1.978742375018633	NA	NA	NA	NA	NA	NA	NA	FALSE	Prs.NDef.2Pl (mondotok)	3308	cc training	össeértetek	NA	NA	rt	NA	linking vowel always
üvölt	üvölt	[/V][Prs.NDef.2Pl]	1.8333164000862288	58385	l	t	2	üvöltötök	üvöltötök	ötök	9	-1.978742375018633	NA	NA	NA	NA	NA	NA	NA	FALSE	Prs.NDef.2Pl (mondotok)	3308	cc training	üvöltötök	NA	NA	lt	NA	linking vowel always
beért	beért	[/V][Prs.1Sg›2]	-0.8058800860931502	134	r	t	2	beértelek	beértelek	elek	8	-2.0298948974660145	NA	NA	NA	NA	NA	NA	NA	FALSE	Prs.1Sg›2 (mondalak)	1749	cc training	beértelek	NA	NA	rt	NA	linking vowel always
buḏḏant	buggyant	[/V][Prs.NDef.3Pl]	0.18791793315656935	1321	n	t	2	buḏḏantanak	buggyantanak	anak	8	-2.0298948974660145	NA	NA	NA	NA	NA	NA	NA	FALSE	Prs.NDef.3Pl (mondanak)	4938	cc training	buḏḏantanak	NA	NA	nt	NA	linking vowel always
čattant	csattant	[/V][Prs.NDef.2Sg]	-0.6149215494951963	208	n	t	2	čattantas	csattantasz	as	8	-2.0298948974660145	NA	NA	NA	NA	NA	NA	NA	FALSE	Prs.NDef.2Sg (mondas)	4096	cc training	čattantas	NA	NA	nt	NA	linking vowel always
döng	döng	[/V][Prs.NDef.2Sg]	0.5861865793637012	3305	n	g	1	NA	NA	NA	NA	NA	s	döngs	döngsz	8	-2.0298948974660145	NA	NA	FALSE	Prs.NDef.2Sg (mondas)	4096	cc training	döngs	s	ngs	ng	gs	linking vowel never
fost	foszt	[/V][Prs.NDef.2Pl]	1.6726648740591443	40332	s	t	1	fostotok	fosztotok	otok	8	-2.0298948974660145	NA	NA	NA	NA	NA	NA	NA	FALSE	Prs.NDef.2Pl (mondotok)	3308	cc training	fostotok	NA	NA	st	NA	linking vowel always
kattant	kattant	[/V][Prs.NDef.3Pl]	-0.3914056405113769	348	n	t	2	kattantanak	kattantanak	anak	8	-2.0298948974660145	NA	NA	NA	NA	NA	NA	NA	FALSE	Prs.NDef.3Pl (mondanak)	4938	cc training	kattantanak	NA	NA	nt	NA	linking vowel always
kong	kong	[/V][Prs.NDef.2Sg]	1.684612987091838	41457	n	g	1	kongas	kongasz	as	1	-2.932984884457958	s	kongs	kongsz	8	-2.0298948974660145	0.125	-2.0794415416798357	TRUE	Prs.NDef.2Sg (mondas)	4096	test	kongs	s	ngs	ng	gs	linking vowel varies
megölt	megölt	[/V][Prs.NDef.3Pl]	1.15941992244105	12371	l	t	2	megöltenek	megöltenek	enek	8	-2.0298948974660145	NA	NA	NA	NA	NA	NA	NA	FALSE	Prs.NDef.3Pl (mondanak)	4938	cc training	megöltenek	NA	NA	lt	NA	linking vowel always
mulast	mulaszt	[/V][Prs.NDef.2Pl]	1.5291884202488326	28985	s	t	2	mulastotok	mulasztotok	otok	8	-2.0298948974660145	NA	NA	NA	NA	NA	NA	NA	FALSE	Prs.NDef.2Pl (mondotok)	3308	cc training	mulastotok	NA	NA	st	NA	linking vowel always
márt	márt	[/V][Prs.1Sg›2]	1.600189576284433	34133	r	t	1	mártalak	mártalak	alak	8	-2.0298948974660145	NA	NA	NA	NA	NA	NA	NA	FALSE	Prs.1Sg›2 (mondalak)	1749	cc training	mártalak	NA	NA	rt	NA	linking vowel always
ṉilall	nyilall	[/V][Prs.NDef.2Sg]	0.5229253559247852	2857	l	l	2	NA	NA	NA	NA	NA	s	ṉilalls	nyilallsz	8	-2.0298948974660145	NA	NA	FALSE	Prs.NDef.2Sg (mondas)	4096	cc training	ṉilalls	s	lls	ll	ls	linking vowel never
ráng	ráng	[/V][Prs.NDef.2Sg]	1.3527524056886966	19308	n	g	1	rángas	rángasz	as	8	-2.0298948974660145	s	rángs	rángsz	3	-2.455863629738295	2.6666666666666665	0.9808292530117262	TRUE	Prs.NDef.2Sg (mondas)	4096	test	rángs	s	ngs	ng	gs	linking vowel varies
ráért	ráért	[/V][Prs.NDef.2Pl]	-0.9934656318393392	87	r	t	2	ráértetek	ráértetek	etek	8	-2.0298948974660145	NA	NA	NA	NA	NA	NA	NA	FALSE	Prs.NDef.2Pl (mondotok)	3308	cc training	ráértetek	NA	NA	rt	NA	linking vowel always
röštell	röstell	[/V][Prs.NDef.2Sg]	0.6188309378930578	3563	l	l	2	röštelles	röstellesz	es	1	-2.932984884457958	s	röštells	röstellsz	8	-2.0298948974660145	0.125	-2.0794415416798357	TRUE	Prs.NDef.2Sg (mondas)	4096	test	röštells	s	lls	ll	ls	linking vowel varies
vesejt	veszejt	[/V][Prs.NDef.2Sg]	0.22987810886396828	1455	j	t	2	vesejtes	veszejtesz	es	8	-2.0298948974660145	NA	NA	NA	NA	NA	NA	NA	FALSE	Prs.NDef.2Sg (mondas)	4096	cc training	vesejtes	NA	NA	jt	NA	linking vowel always
villong	villong	[/V][Prs.NDef.3Pl]	-0.8685268952310394	116	n	g	2	villonganak	villonganak	anak	8	-2.0298948974660145	nak	villongnak	villongnak	2	-2.6319548887939765	4	1.3862943611198906	TRUE	Prs.NDef.3Pl (mondanak)	4938	test	villongnak	n	ngn	ng	gn	linking vowel varies
virrast	virraszt	[/V][Prs.1Sg›2]	1.3217323339652702	17977	s	t	2	virrastalak	virrasztalak	alak	8	-2.0298948974660145	NA	NA	NA	NA	NA	NA	NA	FALSE	Prs.1Sg›2 (mondalak)	1749	cc training	virrastalak	NA	NA	st	NA	linking vowel always
višong	visong	[/V][Prs.NDef.2Sg]	0.3176790350052857	1781	n	g	2	višongas	visongasz	as	2	-2.6319548887939765	s	višongs	visongsz	8	-2.0298948974660145	0.25	-1.3862943611198906	TRUE	Prs.NDef.2Sg (mondas)	4096	test	višongs	s	ngs	ng	gs	linking vowel varies
élest	éleszt	[/V][Prs.NDef.2Pl]	1.2735171731307278	16088	s	t	2	élestetek	élesztetek	etek	8	-2.0298948974660145	NA	NA	NA	NA	NA	NA	NA	FALSE	Prs.NDef.2Pl (mondotok)	3308	cc training	élestetek	NA	NA	st	NA	linking vowel always
aggast	aggaszt	[/V][Prs.NDef.2Sg]	1.550502563221635	30443	s	t	2	aggastas	aggasztasz	as	7	-2.087886844443701	NA	NA	NA	NA	NA	NA	NA	FALSE	Prs.NDef.2Sg (mondas)	4096	cc training	aggastas	NA	NA	st	NA	linking vowel always
billent	billent	[/V][Prs.NDef.2Sg]	1.2721111631205262	16036	n	t	2	billentes	billentesz	es	7	-2.087886844443701	NA	NA	NA	NA	NA	NA	NA	FALSE	Prs.NDef.2Sg (mondas)	4096	cc training	billentes	NA	NA	nt	NA	linking vowel always
čelleng	cselleng	[/V][Prs.NDef.2Sg]	0.30781388665937337	1741	n	g	2	NA	NA	NA	NA	NA	s	čellengs	csellengsz	7	-2.087886844443701	NA	NA	FALSE	Prs.NDef.2Sg (mondas)	4096	cc training	čellengs	s	ngs	ng	gs	linking vowel never
kevešell	kevesell	[/V][Prs.NDef.2Sg]	1.1297098888844357	11553	l	l	3	NA	NA	NA	NA	NA	s	kevešells	kevesellsz	7	-2.087886844443701	NA	NA	FALSE	Prs.NDef.2Sg (mondas)	4096	cc training	kevešells	s	lls	ll	ls	linking vowel never
kárörvend	kárörvend	[/V][Prs.NDef.2Sg]	0.26622159470369994	1582	n	d	3	kárörvendes	kárörvendesz	es	7	-2.087886844443701	s	kárörvends	kárörvendsz	2	-2.6319548887939765	3.5	1.252762968495368	TRUE	Prs.NDef.2Sg (mondas)	4096	test	kárörvends	s	nds	nd	ds	linking vowel varies
lebbent	lebbent	[/V][Prs.NDef.3Pl]	0.4351159672513936	2334	n	t	2	lebbentenek	lebbentenek	enek	7	-2.087886844443701	NA	NA	NA	NA	NA	NA	NA	FALSE	Prs.NDef.3Pl (mondanak)	4938	cc training	lebbentenek	NA	NA	nt	NA	linking vowel always
maradott	maradott	[/V][Prs.NDef.3Pl]	0.9191289763918036	7114	t	t	3	NA	NA	NA	NA	NA	nak	maradottnak	maradottnak	7	-2.087886844443701	NA	NA	FALSE	Prs.NDef.3Pl (mondanak)	4938	cc training	maradottnak	n	ttn	tt	tn	linking vowel never
mállast	mállaszt	[/V][Prs.NDef.3Pl]	-0.4616931733990192	296	s	t	2	mállastanak	mállasztanak	anak	7	-2.087886844443701	NA	NA	NA	NA	NA	NA	NA	FALSE	Prs.NDef.3Pl (mondanak)	4938	cc training	mállastanak	NA	NA	st	NA	linking vowel always
pöffent	pöffent	[/V][Prs.NDef.3Pl]	-0.7426531862876663	155	n	t	2	pöffentenek	pöffentenek	enek	7	-2.087886844443701	NA	NA	NA	NA	NA	NA	NA	FALSE	Prs.NDef.3Pl (mondanak)	4938	cc training	pöffentenek	NA	NA	nt	NA	linking vowel always
rekest	rekeszt	[/V][Prs.NDef.2Pl]	1.1855443730737816	13138	s	t	2	rekestetek	rekesztetek	etek	7	-2.087886844443701	NA	NA	NA	NA	NA	NA	NA	FALSE	Prs.NDef.2Pl (mondotok)	3308	cc training	rekestetek	NA	NA	st	NA	linking vowel always
rohast	rohaszt	[/V][Prs.NDef.2Sg]	0.2343324502902183	1470	s	t	2	rohastas	rohasztasz	as	7	-2.087886844443701	NA	NA	NA	NA	NA	NA	NA	FALSE	Prs.NDef.2Sg (mondas)	4096	cc training	rohastas	NA	NA	st	NA	linking vowel always
röštell	röstell	[/V][Prs.1Sg›2]	0.6188309378930578	3563	l	l	2	NA	NA	NA	NA	NA	ek	röštellek	röstellek	7	-2.087886844443701	NA	NA	FALSE	Prs.1Sg›2 (mondalak)	1749	cc training	röštellek	e	lle	ll	le	linking vowel never
šerkent	serkent	[/V][Prs.1Sg›2]	2.050384267520748	96243	n	t	2	šerkentelek	serkentelek	elek	7	-2.087886844443701	lek	šerkentlek	serkentlek	6	-2.1548336340743144	1.1666666666666667	0.15415067982725836	TRUE	Prs.1Sg›2 (mondalak)	1749	test	šerkentlek	l	ntl	nt	tl	linking vowel varies
zeng	zeng	[/V][Prs.1Sg›2]	1.7743979085034178	50978	n	g	1	NA	NA	NA	NA	NA	lek	zenglek	zenglek	7	-2.087886844443701	NA	NA	FALSE	Prs.1Sg›2 (mondalak)	1749	cc training	zenglek	l	ngl	ng	gl	linking vowel never
élest	éleszt	[/V][Prs.NDef.2Sg]	1.2735171731307278	16088	s	t	2	élestes	élesztesz	es	7	-2.087886844443701	NA	NA	NA	NA	NA	NA	NA	FALSE	Prs.NDef.2Sg (mondas)	4096	cc training	élestes	NA	NA	st	NA	linking vowel always
beleért	beleért	[/V][Prs.NDef.2Sg]	2.687566519794711	417399	r	t	3	beleértes	beleértesz	es	6	-2.1548336340743144	s	beleérts	beleértsz	1	-2.932984884457958	6	1.791759469228055	TRUE	Prs.NDef.2Sg (mondas)	4096	test	beleérts	s	rts	rt	ts	linking vowel varies
čeng	cseng	[/V][Prs.NDef.2Sg]	1.8314154384984305	58130	n	g	1	NA	NA	NA	NA	NA	s	čengs	csengsz	6	-2.1548336340743144	NA	NA	FALSE	Prs.NDef.2Sg (mondas)	4096	cc training	čengs	s	ngs	ng	gs	linking vowel never
cuppant	cuppant	[/V][Prs.1Sg›2]	0.03080294288759742	920	n	t	2	cuppantalak	cuppantalak	alak	2	-2.6319548887939765	lak	cuppantlak	cuppantlak	6	-2.1548336340743144	0.3333333333333333	-1.0986122886681098	TRUE	Prs.1Sg›2 (mondalak)	1749	test	cuppantlak	l	ntl	nt	tl	linking vowel varies
elagg	elagg	[/V][Prs.NDef.3Pl]	0.10998418893522229	1104	g	g	2	elagganak	elagganak	anak	6	-2.1548336340743144	nak	elaggnak	elaggnak	2	-2.6319548887939765	3	1.0986122886681098	TRUE	Prs.NDef.3Pl (mondanak)	4938	test	elaggnak	n	ggn	gg	gn	linking vowel varies
elért	elért	[/V][Prs.NDef.3Pl]	2.6439976421476525	377557	r	t	2	elértenek	elértenek	enek	6	-2.1548336340743144	NA	NA	NA	NA	NA	NA	NA	FALSE	Prs.NDef.3Pl (mondanak)	4938	cc training	elértenek	NA	NA	rt	NA	linking vowel always
elölt	elölt	[/V][Prs.NDef.3Pl]	0.4078556653543738	2192	l	t	2	elöltenek	elöltenek	enek	6	-2.1548336340743144	NA	NA	NA	NA	NA	NA	NA	FALSE	Prs.NDef.3Pl (mondanak)	4938	cc training	elöltenek	NA	NA	lt	NA	linking vowel always
epest	epeszt	[/V][Prs.NDef.2Sg]	-0.43744054691150935	313	s	t	2	epestes	epesztesz	es	6	-2.1548336340743144	NA	NA	NA	NA	NA	NA	NA	FALSE	Prs.NDef.2Sg (mondas)	4096	cc training	epestes	NA	NA	st	NA	linking vowel always
ešeng	eseng	[/V][Prs.NDef.2Sg]	0.2304746673120323	1457	n	g	2	ešenges	esengesz	es	6	-2.1548336340743144	s	ešengs	esengsz	5	-2.234014880121939	1.2	0.1823215567939546	TRUE	Prs.NDef.2Sg (mondas)	4096	test	ešengs	s	ngs	ng	gs	linking vowel varies
ing	ing	[/V][Prs.NDef.2Sg]	2.180008663585595	129716	n	g	1	ingas	ingasz	as	6	-2.1548336340743144	s	ings	ingsz	1	-2.932984884457958	6	1.791759469228055	TRUE	Prs.NDef.2Sg (mondas)	4096	test	ings	s	ngs	ng	gs	linking vowel varies
irt	irt	[/V][Prs.1Sg›2]	2.0216145648335377	90074	r	t	1	irtalak	irtalak	alak	6	-2.1548336340743144	NA	NA	NA	NA	NA	NA	NA	FALSE	Prs.1Sg›2 (mondalak)	1749	cc training	irtalak	NA	NA	rt	NA	linking vowel always
irt	irt	[/V][Prs.NDef.2Pl]	2.0216145648335377	90074	r	t	1	irtotok	irtotok	otok	6	-2.1548336340743144	NA	NA	NA	NA	NA	NA	NA	FALSE	Prs.NDef.2Pl (mondotok)	3308	cc training	irtotok	NA	NA	rt	NA	linking vowel always
kelest	keleszt	[/V][Prs.NDef.2Sg]	1.463231903833014	24901	s	t	2	kelestes	kelesztesz	es	6	-2.1548336340743144	NA	NA	NA	NA	NA	NA	NA	FALSE	Prs.NDef.2Sg (mondas)	4096	cc training	kelestes	NA	NA	st	NA	linking vowel always
költ	költ	[/V][Prs.1Sg›2]	2.6688025015437415	399749	l	t	1	költelek	költelek	elek	6	-2.1548336340743144	NA	NA	NA	NA	NA	NA	NA	FALSE	Prs.1Sg›2 (mondalak)	1749	cc training	költelek	NA	NA	lt	NA	linking vowel always
ṉomast	nyomaszt	[/V][Prs.NDef.2Sg]	1.3612608316801604	19690	s	t	2	ṉomastas	nyomasztasz	as	6	-2.1548336340743144	NA	NA	NA	NA	NA	NA	NA	FALSE	Prs.NDef.2Sg (mondas)	4096	cc training	ṉomastas	NA	NA	st	NA	linking vowel always
odébbáll	odébbáll	[/V][Prs.NDef.2Pl]	0.7400360226709383	4710	l	l	3	NA	NA	NA	NA	NA	tok	odébbálltok	odébbálltok	6	-2.1548336340743144	NA	NA	FALSE	Prs.NDef.2Pl (mondotok)	3308	cc training	odébbálltok	t	llt	ll	lt	linking vowel never
pattant	pattant	[/V][Prs.NDef.3Pl]	-0.38031666834576466	357	n	t	2	pattantanak	pattantanak	anak	6	-2.1548336340743144	NA	NA	NA	NA	NA	NA	NA	FALSE	Prs.NDef.3Pl (mondanak)	4938	cc training	pattantanak	NA	NA	nt	NA	linking vowel always
pedz	pedz	[/V][Prs.NDef.3Pl]	0.8305179810096391	5801	d	z	1	pedzenek	pedzenek	enek	6	-2.1548336340743144	NA	NA	NA	NA	NA	NA	NA	FALSE	Prs.NDef.3Pl (mondanak)	4938	cc training	pedzenek	NA	NA	dz	NA	linking vowel always
pukkast	pukkaszt	[/V][Prs.NDef.2Sg]	0.07858555913932033	1027	s	t	2	pukkastas	pukkasztasz	as	6	-2.1548336340743144	NA	NA	NA	NA	NA	NA	NA	FALSE	Prs.NDef.2Sg (mondas)	4096	cc training	pukkastas	NA	NA	st	NA	linking vowel always
pöccent	pöccent	[/V][Prs.NDef.3Pl]	-0.983594877813045	89	n	t	2	pöccentenek	pöccentenek	enek	6	-2.1548336340743144	NA	NA	NA	NA	NA	NA	NA	FALSE	Prs.NDef.3Pl (mondanak)	4938	cc training	pöccentenek	NA	NA	nt	NA	linking vowel always
pöṯṯent	pöttyent	[/V][Prs.NDef.3Pl]	-0.5788764453105569	226	n	t	2	pöṯṯentenek	pöttyentenek	enek	6	-2.1548336340743144	NA	NA	NA	NA	NA	NA	NA	FALSE	Prs.NDef.3Pl (mondanak)	4938	cc training	pöṯṯentenek	NA	NA	nt	NA	linking vowel always
rivall	rivall	[/V][Prs.NDef.2Sg]	0.438452432946143	2352	l	l	2	NA	NA	NA	NA	NA	s	rivalls	rivallsz	6	-2.1548336340743144	NA	NA	FALSE	Prs.NDef.2Sg (mondas)	4096	cc training	rivalls	s	lls	ll	ls	linking vowel never
šorvast	sorvaszt	[/V][Prs.NDef.2Sg]	0.3012792399208315	1715	s	t	2	šorvastas	sorvasztasz	as	6	-2.1548336340743144	NA	NA	NA	NA	NA	NA	NA	FALSE	Prs.NDef.2Sg (mondas)	4096	cc training	šorvastas	NA	NA	st	NA	linking vowel always
salast	szalaszt	[/V][Prs.NDef.2Pl]	1.165866422570047	12556	s	t	2	salastotok	szalasztotok	otok	6	-2.1548336340743144	NA	NA	NA	NA	NA	NA	NA	FALSE	Prs.NDef.2Pl (mondotok)	3308	cc training	salastotok	NA	NA	st	NA	linking vowel always
sussant	szusszant	[/V][Prs.NDef.3Pl]	-0.2934983951893718	436	n	t	2	sussantanak	szusszantanak	anak	6	-2.1548336340743144	NA	NA	NA	NA	NA	NA	NA	FALSE	Prs.NDef.3Pl (mondanak)	4938	cc training	sussantanak	NA	NA	nt	NA	linking vowel always
sökell	szökell	[/V][Prs.1Sg›2]	0.4649551242140798	2500	l	l	2	NA	NA	NA	NA	NA	ek	sökellek	szökellek	6	-2.1548336340743144	NA	NA	FALSE	Prs.1Sg›2 (mondalak)	1749	cc training	sökellek	e	lle	ll	le	linking vowel never
vesejt	veszejt	[/V][Prs.1Sg›2]	0.22987810886396828	1455	j	t	2	vesejtelek	veszejtelek	elek	6	-2.1548336340743144	lek	vesejtlek	veszejtlek	1	-2.932984884457958	6	1.791759469228055	TRUE	Prs.1Sg›2 (mondalak)	1749	test	vesejtlek	l	jtl	jt	tl	linking vowel varies
zöldell	zöldell	[/V][Prs.1Sg›2]	0.8296186651088456	5789	l	l	2	NA	NA	NA	NA	NA	ek	zöldellek	zöldellek	6	-2.1548336340743144	NA	NA	FALSE	Prs.1Sg›2 (mondalak)	1749	cc training	zöldellek	e	lle	ll	le	linking vowel never
ölt	ölt	[/V][Prs.1Sg›2]	2.2726768182003068	160569	l	t	1	öltelek	öltelek	elek	6	-2.1548336340743144	lek	öltlek	öltlek	1	-2.932984884457958	6	1.791759469228055	TRUE	Prs.1Sg›2 (mondalak)	1749	test	öltlek	l	ltl	lt	tl	linking vowel varies
biḏḏest	biggyeszt	[/V][Prs.NDef.2Pl]	0.9216247536378374	7155	s	t	2	biḏḏestetek	biggyesztetek	etek	5	-2.234014880121939	NA	NA	NA	NA	NA	NA	NA	FALSE	Prs.NDef.2Pl (mondotok)	3308	cc training	biḏḏestetek	NA	NA	st	NA	linking vowel always
borzong	borzong	[/V][Prs.NDef.2Pl]	1.0175746771538423	8924	n	g	2	NA	NA	NA	NA	NA	tok	borzongtok	borzongtok	5	-2.234014880121939	NA	NA	FALSE	Prs.NDef.2Pl (mondotok)	3308	cc training	borzongtok	t	ngt	ng	gt	linking vowel never
čattint	csattint	[/V][Prs.NDef.2Sg]	-0.12544985638910458	642	n	t	2	čattintas	csattintasz	as	5	-2.234014880121939	NA	NA	NA	NA	NA	NA	NA	FALSE	Prs.NDef.2Sg (mondas)	4096	cc training	čattintas	NA	NA	nt	NA	linking vowel always
čettint	csettint	[/V][Prs.NDef.2Pl]	0.981728402515666	8217	n	t	2	čettintetek	csettintetek	etek	5	-2.234014880121939	NA	NA	NA	NA	NA	NA	NA	FALSE	Prs.NDef.2Pl (mondotok)	3308	cc training	čettintetek	NA	NA	nt	NA	linking vowel always
cuppant	cuppant	[/V][Prs.NDef.2Sg]	0.03080294288759742	920	n	t	2	cuppantas	cuppantasz	as	5	-2.234014880121939	NA	NA	NA	NA	NA	NA	NA	FALSE	Prs.NDef.2Sg (mondas)	4096	cc training	cuppantas	NA	NA	nt	NA	linking vowel always
drágáll	drágáll	[/V][Prs.NDef.3Pl]	0.3857043854897881	2083	l	l	2	drágállanak	drágállanak	anak	1	-2.932984884457958	nak	drágállnak	drágállnak	5	-2.234014880121939	0.2	-1.6094379124341005	TRUE	Prs.NDef.3Pl (mondanak)	4938	test	drágállnak	n	lln	ll	ln	linking vowel varies
emést	emészt	[/V][Prs.1Sg›2]	1.792510213214763	53149	s	t	2	eméstelek	emésztelek	elek	5	-2.234014880121939	NA	NA	NA	NA	NA	NA	NA	FALSE	Prs.1Sg›2 (mondalak)	1749	cc training	eméstelek	NA	NA	st	NA	linking vowel always
feketéll	feketéll	[/V][Prs.NDef.2Pl]	-0.3180876684248232	412	l	l	3	feketélletek	feketélletek	etek	5	-2.234014880121939	NA	NA	NA	NA	NA	NA	NA	FALSE	Prs.NDef.2Pl (mondotok)	3308	cc training	feketélletek	NA	NA	ll	NA	linking vowel always
forrast	forraszt	[/V][Prs.1Sg›2]	1.1291832888938251	11539	s	t	2	forrastalak	forrasztalak	alak	5	-2.234014880121939	NA	NA	NA	NA	NA	NA	NA	FALSE	Prs.1Sg›2 (mondalak)	1749	cc training	forrastalak	NA	NA	st	NA	linking vowel always
függest	függeszt	[/V][Prs.NDef.2Pl]	1.769359473897811	50390	s	t	2	függestetek	függesztetek	etek	5	-2.234014880121939	NA	NA	NA	NA	NA	NA	NA	FALSE	Prs.NDef.2Pl (mondotok)	3308	cc training	függestetek	NA	NA	st	NA	linking vowel always
halast	halaszt	[/V][Prs.NDef.2Pl]	1.7242144340664431	45415	s	t	2	halastotok	halasztotok	otok	5	-2.234014880121939	NA	NA	NA	NA	NA	NA	NA	FALSE	Prs.NDef.2Pl (mondotok)	3308	cc training	halastotok	NA	NA	st	NA	linking vowel always
ind	ind	[/V][Prs.NDef.2Pl]	1.390122770727563	21043	n	d	1	NA	NA	NA	NA	NA	tok	indtok	indtok	5	-2.234014880121939	NA	NA	FALSE	Prs.NDef.2Pl (mondotok)	3308	cc training	indtok	t	ndt	nd	dt	linking vowel never
jóltart	jóltart	[/V][Prs.1Sg›2]	-0.3864422209798268	352	r	t	2	jóltartalak	jóltartalak	alak	5	-2.234014880121939	NA	NA	NA	NA	NA	NA	NA	FALSE	Prs.1Sg›2 (mondalak)	1749	cc training	jóltartalak	NA	NA	rt	NA	linking vowel always
kiált	kiált	[/V][Prs.1Sg›2]	2.355172642073583	194159	l	t	2	kiáltalak	kiáltalak	alak	5	-2.234014880121939	lak	kiáltlak	kiáltlak	4	-2.3309248931299953	1.25	0.22314355131420976	TRUE	Prs.1Sg›2 (mondalak)	1749	test	kiáltlak	l	ltl	lt	tl	linking vowel varies
kukkant	kukkant	[/V][Prs.NDef.2Pl]	0.995564582543706	8483	n	t	2	kukkantotok	kukkantotok	otok	5	-2.234014880121939	NA	NA	NA	NA	NA	NA	NA	FALSE	Prs.NDef.2Pl (mondotok)	3308	cc training	kukkantotok	NA	NA	nt	NA	linking vowel always
kólint	kólint	[/V][Prs.1Sg›2]	0.27866951609522456	1628	n	t	2	kólintalak	kólintalak	alak	5	-2.234014880121939	NA	NA	NA	NA	NA	NA	NA	FALSE	Prs.1Sg›2 (mondalak)	1749	cc training	kólintalak	NA	NA	nt	NA	linking vowel always
körbeért	körbeért	[/V][Prs.NDef.2Pl]	-1.427834906138052	32	r	t	3	körbeértetek	körbeértetek	etek	5	-2.234014880121939	NA	NA	NA	NA	NA	NA	NA	FALSE	Prs.NDef.2Pl (mondotok)	3308	cc training	körbeértetek	NA	NA	rt	NA	linking vowel always
megdöbbent	megdöbbent	[/V][Prs.NDef.2Pl]	1.3803971731201916	20577	n	t	3	megdöbbentetek	megdöbbentetek	etek	5	-2.234014880121939	NA	NA	NA	NA	NA	NA	NA	FALSE	Prs.NDef.2Pl (mondotok)	3308	cc training	megdöbbentetek	NA	NA	nt	NA	linking vowel always
ṉiffant	nyiffant	[/V][Prs.NDef.3Pl]	-0.5674968995670582	232	n	t	2	ṉiffantanak	nyiffantanak	anak	5	-2.234014880121939	NA	NA	NA	NA	NA	NA	NA	FALSE	Prs.NDef.3Pl (mondanak)	4938	cc training	ṉiffantanak	NA	NA	nt	NA	linking vowel always
ṉuvast	nyuvaszt	[/V][Prs.NDef.3Pl]	-0.5509678418830894	241	s	t	2	ṉuvastanak	nyuvasztanak	anak	5	-2.234014880121939	NA	NA	NA	NA	NA	NA	NA	FALSE	Prs.NDef.3Pl (mondanak)	4938	cc training	ṉuvastanak	NA	NA	st	NA	linking vowel always
olvast	olvaszt	[/V][Prs.NDef.2Pl]	1.807117150142854	54967	s	t	2	olvastotok	olvasztotok	otok	5	-2.234014880121939	NA	NA	NA	NA	NA	NA	NA	FALSE	Prs.NDef.2Pl (mondotok)	3308	cc training	olvastotok	NA	NA	st	NA	linking vowel always
poṯṯant	pottyant	[/V][Prs.NDef.2Sg]	0.7604782427615733	4937	n	t	2	poṯṯantas	pottyantasz	as	5	-2.234014880121939	NA	NA	NA	NA	NA	NA	NA	FALSE	Prs.NDef.2Sg (mondas)	4096	cc training	poṯṯantas	NA	NA	nt	NA	linking vowel always
poṯṯant	pottyant	[/V][Prs.1Sg›2]	0.7604782427615733	4937	n	t	2	NA	NA	NA	NA	NA	lak	poṯṯantlak	pottyantlak	5	-2.234014880121939	NA	NA	FALSE	Prs.1Sg›2 (mondalak)	1749	cc training	poṯṯantlak	l	ntl	nt	tl	linking vowel never
riast	riaszt	[/V][Prs.NDef.2Pl]	1.8228823519462607	56999	s	t	2	riastotok	riasztotok	otok	5	-2.234014880121939	NA	NA	NA	NA	NA	NA	NA	FALSE	Prs.NDef.2Pl (mondotok)	3308	cc training	riastotok	NA	NA	st	NA	linking vowel always
rémist	rémiszt	[/V][Prs.NDef.2Sg]	0.8152806882107829	5601	s	t	2	rémistes	rémisztesz	es	5	-2.234014880121939	NA	NA	NA	NA	NA	NA	NA	FALSE	Prs.NDef.2Sg (mondas)	4096	cc training	rémistes	NA	NA	st	NA	linking vowel always
tekint	tekint	[/V][Prs.NDef.2Pl]	3.253129436802632	1535021	n	t	2	tekintetek	tekintetek	etek	5	-2.234014880121939	tek	tekinttek	tekinttek	3	-2.455863629738295	1.6666666666666667	0.5108256237659907	TRUE	Prs.NDef.2Pl (mondotok)	3308	test	tekinttek	t	ntt	nt	tt	linking vowel varies
žibbast	zsibbaszt	[/V][Prs.1Sg›2]	0.02366369474724546	905	s	t	2	žibbastalak	zsibbasztalak	alak	5	-2.234014880121939	NA	NA	NA	NA	NA	NA	NA	FALSE	Prs.1Sg›2 (mondalak)	1749	cc training	žibbastalak	NA	NA	st	NA	linking vowel always
žong	zsong	[/V][Prs.NDef.2Sg]	0.9725411639770906	8045	n	g	1	žongas	zsongasz	as	3	-2.455863629738295	s	žongs	zsongsz	5	-2.234014880121939	0.6	-0.5108256237659907	TRUE	Prs.NDef.2Sg (mondas)	4096	test	žongs	s	ngs	ng	gs	linking vowel varies
zökkent	zökkent	[/V][Prs.NDef.2Sg]	0.802614015240222	5440	n	t	2	zökkentes	zökkentesz	es	5	-2.234014880121939	NA	NA	NA	NA	NA	NA	NA	FALSE	Prs.NDef.2Sg (mondas)	4096	cc training	zökkentes	NA	NA	nt	NA	linking vowel always
alvast	alvaszt	[/V][Prs.NDef.3Pl]	-0.983594877813045	89	s	t	2	alvastanak	alvasztanak	anak	4	-2.3309248931299953	NA	NA	NA	NA	NA	NA	NA	FALSE	Prs.NDef.3Pl (mondanak)	4938	cc training	alvastanak	NA	NA	st	NA	linking vowel always
alábbsáll	alábbszáll	[/V][Prs.NDef.3Pl]	-0.5509678418830894	241	l	l	3	NA	NA	NA	NA	NA	nak	alábbsállnak	alábbszállnak	4	-2.3309248931299953	NA	NA	FALSE	Prs.NDef.3Pl (mondanak)	4938	cc training	alábbsállnak	n	lln	ll	ln	linking vowel never
billent	billent	[/V][Prs.NDef.2Pl]	1.2721111631205262	16036	n	t	2	billentetek	billentetek	etek	4	-2.3309248931299953	NA	NA	NA	NA	NA	NA	NA	FALSE	Prs.NDef.2Pl (mondotok)	3308	cc training	billentetek	NA	NA	nt	NA	linking vowel always
čavarint	csavarint	[/V][Prs.NDef.2Sg]	-0.01970098269753937	819	n	t	3	čavarintas	csavarintasz	as	4	-2.3309248931299953	s	čavarints	csavarintsz	1	-2.932984884457958	4	1.3862943611198906	TRUE	Prs.NDef.2Sg (mondas)	4096	test	čavarints	s	nts	nt	ts	linking vowel varies
erjest	erjeszt	[/V][Prs.NDef.2Pl]	0.9300404117715124	7295	s	t	2	erjestetek	erjesztetek	etek	4	-2.3309248931299953	NA	NA	NA	NA	NA	NA	NA	FALSE	Prs.NDef.2Pl (mondotok)	3308	cc training	erjestetek	NA	NA	st	NA	linking vowel always
fedd	fedd	[/V][Prs.NDef.2Sg]	0.5069790514629471	2754	d	d	1	NA	NA	NA	NA	NA	s	fedds	feddsz	4	-2.3309248931299953	NA	NA	FALSE	Prs.NDef.2Sg (mondas)	4096	cc training	fedds	s	dds	dd	ds	linking vowel never
fejlest	fejleszt	[/V][Prs.1Sg›2]	2.9435296996301	752514	s	t	2	fejlestelek	fejlesztelek	elek	4	-2.3309248931299953	NA	NA	NA	NA	NA	NA	NA	FALSE	Prs.1Sg›2 (mondalak)	1749	cc training	fejlestelek	NA	NA	st	NA	linking vowel always
foḏast	fogyaszt	[/V][Prs.1Sg›2]	2.9152615186654556	705093	s	t	2	foḏastalak	fogyasztalak	alak	4	-2.3309248931299953	NA	NA	NA	NA	NA	NA	NA	FALSE	Prs.1Sg›2 (mondalak)	1749	cc training	foḏastalak	NA	NA	st	NA	linking vowel always
forrong	forrong	[/V][Prs.NDef.2Pl]	0.7458975302127779	4774	n	g	2	NA	NA	NA	NA	NA	tok	forrongtok	forrongtok	4	-2.3309248931299953	NA	NA	FALSE	Prs.NDef.2Pl (mondotok)	3308	cc training	forrongtok	t	ngt	ng	gt	linking vowel never
fullast	fullaszt	[/V][Prs.NDef.2Sg]	0.3806714621600735	2059	s	t	2	fullastas	fullasztasz	as	4	-2.3309248931299953	NA	NA	NA	NA	NA	NA	NA	FALSE	Prs.NDef.2Sg (mondas)	4096	cc training	fullastas	NA	NA	st	NA	linking vowel always
füllent	füllent	[/V][Prs.NDef.2Pl]	0.6628418926152654	3943	n	t	2	füllentetek	füllentetek	etek	4	-2.3309248931299953	NA	NA	NA	NA	NA	NA	NA	FALSE	Prs.NDef.2Pl (mondotok)	3308	cc training	füllentetek	NA	NA	nt	NA	linking vowel always
füllest	fülleszt	[/V][Prs.NDef.3Pl]	-0.8876619056713004	111	s	t	2	füllestenek	füllesztenek	enek	4	-2.3309248931299953	NA	NA	NA	NA	NA	NA	NA	FALSE	Prs.NDef.3Pl (mondanak)	4938	cc training	füllestenek	NA	NA	st	NA	linking vowel always
füröst	füröszt	[/V][Prs.NDef.2Sg]	0.5572546007883294	3092	s	t	2	füröstes	fürösztesz	es	4	-2.3309248931299953	NA	NA	NA	NA	NA	NA	NA	FALSE	Prs.NDef.2Sg (mondas)	4096	cc training	füröstes	NA	NA	st	NA	linking vowel always
hall	hall	[/V][Prs.1Sg›2]	3.340736603116228	1878112	l	l	1	NA	NA	NA	NA	NA	ak	hallak	hallak	4	-2.3309248931299953	NA	NA	FALSE	Prs.1Sg›2 (mondalak)	1749	cc training	hallak	a	lla	ll	la	linking vowel never
horkant	horkant	[/V][Prs.NDef.2Sg]	0.16322970088844735	1248	n	t	2	horkantas	horkantasz	as	4	-2.3309248931299953	NA	NA	NA	NA	NA	NA	NA	FALSE	Prs.NDef.2Sg (mondas)	4096	cc training	horkantas	NA	NA	nt	NA	linking vowel always
ing	ing	[/V][Prs.NDef.2Pl]	2.180008663585595	129716	n	g	1	ingotok	ingotok	otok	4	-2.3309248931299953	NA	NA	NA	NA	NA	NA	NA	FALSE	Prs.NDef.2Pl (mondotok)	3308	cc training	ingotok	NA	NA	ng	NA	linking vowel always
jótáll	jótáll	[/V][Prs.NDef.2Sg]	0.26069614508332367	1562	l	l	2	NA	NA	NA	NA	NA	s	jótálls	jótállsz	4	-2.3309248931299953	NA	NA	FALSE	Prs.NDef.2Sg (mondas)	4096	cc training	jótálls	s	lls	ll	ls	linking vowel never
kaffant	kaffant	[/V][Prs.NDef.3Pl]	-1.019171032074241	82	n	t	2	kaffantanak	kaffantanak	anak	4	-2.3309248931299953	NA	NA	NA	NA	NA	NA	NA	FALSE	Prs.NDef.3Pl (mondanak)	4938	cc training	kaffantanak	NA	NA	nt	NA	linking vowel always
kiriṯṯent	kirittyent	[/V][Prs.NDef.3Pl]	-0.43744054691150935	313	n	t	3	kiriṯṯentenek	kirittyentenek	enek	4	-2.3309248931299953	NA	NA	NA	NA	NA	NA	NA	FALSE	Prs.NDef.3Pl (mondanak)	4938	cc training	kiriṯṯentenek	NA	NA	nt	NA	linking vowel always
leölt	leölt	[/V][Prs.NDef.3Pl]	0.5241397418454509	2865	l	t	2	leöltenek	leöltenek	enek	4	-2.3309248931299953	NA	NA	NA	NA	NA	NA	NA	FALSE	Prs.NDef.3Pl (mondanak)	4938	cc training	leöltenek	NA	NA	lt	NA	linking vowel always
leölt	leölt	[/V][Prs.NDef.2Sg]	0.5241397418454509	2865	l	t	2	leöltes	leöltesz	es	4	-2.3309248931299953	NA	NA	NA	NA	NA	NA	NA	FALSE	Prs.NDef.2Sg (mondas)	4096	cc training	leöltes	NA	NA	lt	NA	linking vowel always
loččant	loccsant	[/V][Prs.NDef.2Sg]	-0.04593050640700087	771	n	t	2	loččantas	loccsantasz	as	4	-2.3309248931299953	NA	NA	NA	NA	NA	NA	NA	FALSE	Prs.NDef.2Sg (mondas)	4096	cc training	loččantas	NA	NA	nt	NA	linking vowel always
marast	maraszt	[/V][Prs.NDef.3Pl]	0.00951922171012292	876	s	t	2	marastanak	marasztanak	anak	4	-2.3309248931299953	NA	NA	NA	NA	NA	NA	NA	FALSE	Prs.NDef.3Pl (mondanak)	4938	cc training	marastanak	NA	NA	st	NA	linking vowel always
megrettent	megrettent	[/V][Prs.NDef.2Pl]	0.09599282075082018	1069	n	t	3	megrettentetek	megrettentetek	etek	4	-2.3309248931299953	tek	megrettenttek	megrettenttek	3	-2.455863629738295	1.3333333333333333	0.28768207245178085	TRUE	Prs.NDef.2Pl (mondotok)	3308	test	megrettenttek	t	ntt	nt	tt	linking vowel varies
méjest	mélyeszt	[/V][Prs.NDef.2Sg]	0.435487953982404	2336	s	t	2	méjestes	mélyesztesz	es	4	-2.3309248931299953	NA	NA	NA	NA	NA	NA	NA	FALSE	Prs.NDef.2Sg (mondas)	4096	cc training	méjestes	NA	NA	st	NA	linking vowel always
odaért	odaért	[/V][Prs.NDef.2Sg]	-0.5385332036317415	248	r	t	3	NA	NA	NA	NA	NA	s	odaérts	odaértsz	4	-2.3309248931299953	NA	NA	FALSE	Prs.NDef.2Sg (mondas)	4096	cc training	odaérts	s	rts	rt	ts	linking vowel never
pang	pang	[/V][Prs.NDef.2Pl]	0.8573002795752839	6170	n	g	1	NA	NA	NA	NA	NA	tok	pangtok	pangtok	4	-2.3309248931299953	NA	NA	FALSE	Prs.NDef.2Pl (mondotok)	3308	cc training	pangtok	t	ngt	ng	gt	linking vowel never
pišlant	pislant	[/V][Prs.NDef.2Pl]	0.4486715981278291	2408	n	t	2	pišlantotok	pislantotok	otok	4	-2.3309248931299953	NA	NA	NA	NA	NA	NA	NA	FALSE	Prs.NDef.2Pl (mondotok)	3308	cc training	pišlantotok	NA	NA	nt	NA	linking vowel always
porlast	porlaszt	[/V][Prs.NDef.2Sg]	0.7020965515529153	4316	s	t	2	porlastas	porlasztasz	as	4	-2.3309248931299953	NA	NA	NA	NA	NA	NA	NA	FALSE	Prs.NDef.2Sg (mondas)	4096	cc training	porlastas	NA	NA	st	NA	linking vowel always
pukkant	pukkant	[/V][Prs.NDef.2Sg]	-0.2054436274294014	534	n	t	2	pukkantas	pukkantasz	as	4	-2.3309248931299953	NA	NA	NA	NA	NA	NA	NA	FALSE	Prs.NDef.2Sg (mondas)	4096	cc training	pukkantas	NA	NA	nt	NA	linking vowel always
riṯṯent	rittyent	[/V][Prs.NDef.2Pl]	0.7603902665672274	4936	n	t	2	riṯṯentetek	rittyentetek	etek	4	-2.3309248931299953	NA	NA	NA	NA	NA	NA	NA	FALSE	Prs.NDef.2Pl (mondotok)	3308	cc training	riṯṯentetek	NA	NA	nt	NA	linking vowel always
ront	ront	[/V][Prs.1Sg›2]	2.498256616638663	269924	n	t	1	rontalak	rontalak	alak	3	-2.455863629738295	lak	rontlak	rontlak	4	-2.3309248931299953	0.75	-0.2876820724517809	TRUE	Prs.1Sg›2 (mondalak)	1749	test	rontlak	l	ntl	nt	tl	linking vowel varies
ráért	ráért	[/V][Prs.NDef.2Sg]	-0.9934656318393392	87	r	t	2	NA	NA	NA	NA	NA	s	ráérts	ráértsz	4	-2.3309248931299953	NA	NA	FALSE	Prs.NDef.2Sg (mondas)	4096	cc training	ráérts	s	rts	rt	ts	linking vowel never
sakast	szakaszt	[/V][Prs.NDef.2Sg]	0.4360453373511952	2339	s	t	2	sakastas	szakasztasz	as	4	-2.3309248931299953	NA	NA	NA	NA	NA	NA	NA	FALSE	Prs.NDef.2Sg (mondas)	4096	cc training	sakastas	NA	NA	st	NA	linking vowel always
sellent	szellent	[/V][Prs.NDef.2Pl]	0.3218048029392521	1798	n	t	2	sellentetek	szellentetek	etek	4	-2.3309248931299953	NA	NA	NA	NA	NA	NA	NA	FALSE	Prs.NDef.2Pl (mondotok)	3308	cc training	sellentetek	NA	NA	nt	NA	linking vowel always
šüjjest	süllyeszt	[/V][Prs.NDef.2Pl]	1.4007847164155167	21566	s	t	2	šüjjestetek	süllyesztetek	etek	4	-2.3309248931299953	NA	NA	NA	NA	NA	NA	NA	FALSE	Prs.NDef.2Pl (mondotok)	3308	cc training	šüjjestetek	NA	NA	st	NA	linking vowel always
teremt	teremt	[/V][Prs.1Sg›2]	2.9969798872652507	851069	m	t	2	NA	NA	NA	NA	NA	lek	teremtlek	teremtlek	4	-2.3309248931299953	NA	NA	FALSE	Prs.1Sg›2 (mondalak)	1749	cc training	teremtlek	l	mtl	mt	tl	linking vowel never
terjest	terjeszt	[/V][Prs.1Sg›2]	2.4984882437993483	270068	s	t	2	terjestelek	terjesztelek	elek	4	-2.3309248931299953	NA	NA	NA	NA	NA	NA	NA	FALSE	Prs.1Sg›2 (mondalak)	1749	cc training	terjestelek	NA	NA	st	NA	linking vowel always
ugrast	ugraszt	[/V][Prs.NDef.2Sg]	0.8064292182407374	5488	s	t	2	ugrastas	ugrasztasz	as	4	-2.3309248931299953	NA	NA	NA	NA	NA	NA	NA	FALSE	Prs.NDef.2Sg (mondas)	4096	cc training	ugrastas	NA	NA	st	NA	linking vowel always
višong	visong	[/V][Prs.NDef.2Pl]	0.3176790350052857	1781	n	g	2	NA	NA	NA	NA	NA	tok	višongtok	visongtok	4	-2.3309248931299953	NA	NA	FALSE	Prs.NDef.2Pl (mondotok)	3308	cc training	višongtok	t	ngt	ng	gt	linking vowel never
átall	átall	[/V][Prs.NDef.2Pl]	1.0077805511732596	8725	l	l	2	átallotok	átallotok	otok	1	-2.932984884457958	tok	átalltok	átalltok	4	-2.3309248931299953	0.25	-1.3862943611198906	TRUE	Prs.NDef.2Pl (mondotok)	3308	test	átalltok	t	llt	ll	lt	linking vowel varies
ömlest	ömleszt	[/V][Prs.NDef.2Sg]	1.0226066659477666	9028	s	t	2	ömlestes	ömlesztesz	es	4	-2.3309248931299953	NA	NA	NA	NA	NA	NA	NA	FALSE	Prs.NDef.2Sg (mondas)	4096	cc training	ömlestes	NA	NA	st	NA	linking vowel always
beleölt	beleölt	[/V][Prs.NDef.2Sg]	0.15692022698144012	1230	l	t	3	beleöltes	beleöltesz	es	3	-2.455863629738295	NA	NA	NA	NA	NA	NA	NA	FALSE	Prs.NDef.2Sg (mondas)	4096	cc training	beleöltes	NA	NA	lt	NA	linking vowel always
báḏast	bágyaszt	[/V][Prs.NDef.3Pl]	-0.7128767964179027	166	s	t	2	báḏastanak	bágyasztanak	anak	3	-2.455863629738295	NA	NA	NA	NA	NA	NA	NA	FALSE	Prs.NDef.3Pl (mondanak)	4938	cc training	báḏastanak	NA	NA	st	NA	linking vowel always
dagast	dagaszt	[/V][Prs.NDef.2Pl]	1.4185795307461468	22468	s	t	2	dagastotok	dagasztotok	otok	3	-2.455863629738295	NA	NA	NA	NA	NA	NA	NA	FALSE	Prs.NDef.2Pl (mondotok)	3308	cc training	dagastotok	NA	NA	st	NA	linking vowel always
dong	dong	[/V][Prs.NDef.2Sg]	0.9073721747453984	6924	n	g	1	dongas	dongasz	as	1	-2.932984884457958	s	dongs	dongsz	3	-2.455863629738295	0.3333333333333333	-1.0986122886681098	TRUE	Prs.NDef.2Sg (mondas)	4096	test	dongs	s	ngs	ng	gs	linking vowel varies
döglest	dögleszt	[/V][Prs.NDef.3Pl]	-0.6924356361753581	174	s	t	2	döglestenek	döglesztenek	enek	3	-2.455863629738295	NA	NA	NA	NA	NA	NA	NA	FALSE	Prs.NDef.3Pl (mondanak)	4938	cc training	döglestenek	NA	NA	st	NA	linking vowel always
erṉest	ernyeszt	[/V][Prs.NDef.3Pl]	-0.5230517611266633	257	s	t	2	erṉestenek	ernyesztenek	enek	3	-2.455863629738295	NA	NA	NA	NA	NA	NA	NA	FALSE	Prs.NDef.3Pl (mondanak)	4938	cc training	erṉestenek	NA	NA	st	NA	linking vowel always
erṉest	ernyeszt	[/V][Prs.NDef.2Sg]	-0.5230517611266633	257	s	t	2	erṉestes	ernyesztesz	es	3	-2.455863629738295	NA	NA	NA	NA	NA	NA	NA	FALSE	Prs.NDef.2Sg (mondas)	4096	cc training	erṉestes	NA	NA	st	NA	linking vowel always
felbujt	felbujt	[/V][Prs.NDef.2Sg]	-0.02023158078663485	818	j	t	2	felbujtas	felbujtasz	as	3	-2.455863629738295	NA	NA	NA	NA	NA	NA	NA	FALSE	Prs.NDef.2Sg (mondas)	4096	cc training	felbujtas	NA	NA	jt	NA	linking vowel always
felšért	felsért	[/V][Prs.NDef.3Pl]	0.7555239231985634	4881	r	t	2	felšértenek	felsértenek	enek	3	-2.455863629738295	NA	NA	NA	NA	NA	NA	NA	FALSE	Prs.NDef.3Pl (mondanak)	4938	cc training	felšértenek	NA	NA	rt	NA	linking vowel always
fold	fold	[/V][Prs.1Sg›2]	1.3591603833561636	19595	l	d	1	foldalak	foldalak	alak	3	-2.455863629738295	lak	foldlak	foldlak	1	-2.932984884457958	3	1.0986122886681098	TRUE	Prs.1Sg›2 (mondalak)	1749	test	foldlak	l	ldl	ld	dl	linking vowel varies
fuvall	fuvall	[/V][Prs.NDef.3Pl]	-0.5885926107728471	221	l	l	2	fuvallanak	fuvallanak	anak	2	-2.6319548887939765	nak	fuvallnak	fuvallnak	3	-2.455863629738295	0.6666666666666666	-0.4054651081081645	TRUE	Prs.NDef.3Pl (mondanak)	4938	test	fuvallnak	n	lln	ll	ln	linking vowel varies
görṉest	görnyeszt	[/V][Prs.NDef.3Pl]	-0.6407288131014818	196	s	t	2	görṉestenek	görnyesztenek	enek	3	-2.455863629738295	NA	NA	NA	NA	NA	NA	NA	FALSE	Prs.NDef.3Pl (mondanak)	4938	cc training	görṉestenek	NA	NA	st	NA	linking vowel always
hazaért	hazaért	[/V][Prs.NDef.2Sg]	-0.7370852320487241	157	r	t	3	NA	NA	NA	NA	NA	s	hazaérts	hazaértsz	3	-2.455863629738295	NA	NA	FALSE	Prs.NDef.2Sg (mondas)	4096	cc training	hazaérts	s	rts	rt	ts	linking vowel never
horpast	horpaszt	[/V][Prs.NDef.2Sg]	-0.11873728872603764	652	s	t	2	horpastas	horpasztasz	as	3	-2.455863629738295	NA	NA	NA	NA	NA	NA	NA	FALSE	Prs.NDef.2Sg (mondas)	4096	cc training	horpastas	NA	NA	st	NA	linking vowel always
javall	javall	[/V][Prs.NDef.2Sg]	1.2947990163957603	16896	l	l	2	javallas	javallasz	as	3	-2.455863629738295	s	javalls	javallsz	2	-2.6319548887939765	1.5	0.4054651081081644	TRUE	Prs.NDef.2Sg (mondas)	4096	test	javalls	s	lls	ll	ls	linking vowel varies
kačint	kacsint	[/V][Prs.NDef.2Pl]	1.3762192952124497	20380	n	t	2	kačintotok	kacsintotok	otok	3	-2.455863629738295	NA	NA	NA	NA	NA	NA	NA	FALSE	Prs.NDef.2Pl (mondotok)	3308	cc training	kačintotok	NA	NA	nt	NA	linking vowel always
kelest	keleszt	[/V][Prs.NDef.2Pl]	1.463231903833014	24901	s	t	2	kelestetek	kelesztetek	etek	3	-2.455863629738295	NA	NA	NA	NA	NA	NA	NA	FALSE	Prs.NDef.2Pl (mondotok)	3308	cc training	kelestetek	NA	NA	st	NA	linking vowel always
kepest	kepeszt	[/V][Prs.NDef.2Pl]	-0.20870901485716883	530	s	t	2	kepestetek	kepesztetek	etek	3	-2.455863629738295	NA	NA	NA	NA	NA	NA	NA	FALSE	Prs.NDef.2Pl (mondotok)	3308	cc training	kepestetek	NA	NA	st	NA	linking vowel always
koccant	koccant	[/V][Prs.NDef.3Pl]	-0.4458465089807714	307	n	t	2	koccantanak	koccantanak	anak	3	-2.455863629738295	NA	NA	NA	NA	NA	NA	NA	FALSE	Prs.NDef.3Pl (mondanak)	4938	cc training	koccantanak	NA	NA	nt	NA	linking vowel always
kólint	kólint	[/V][Prs.NDef.2Sg]	0.27866951609522456	1628	n	t	2	kólintas	kólintasz	as	3	-2.455863629738295	NA	NA	NA	NA	NA	NA	NA	FALSE	Prs.NDef.2Sg (mondas)	4096	cc training	kólintas	NA	NA	nt	NA	linking vowel always
köhent	köhent	[/V][Prs.NDef.2Sg]	-1.0035659587436652	85	n	t	2	köhentes	köhentesz	es	3	-2.455863629738295	NA	NA	NA	NA	NA	NA	NA	FALSE	Prs.NDef.2Sg (mondas)	4096	cc training	köhentes	NA	NA	nt	NA	linking vowel always
küzd	küzd	[/V][Prs.1Sg›2]	2.8842471998392543	656496	z	d	1	küzdelek	küzdelek	elek	3	-2.455863629738295	lek	küzdlek	küzdlek	1	-2.932984884457958	3	1.0986122886681098	TRUE	Prs.1Sg›2 (mondalak)	1749	test	küzdlek	l	zdl	zd	dl	linking vowel varies
loṯṯant	lottyant	[/V][Prs.NDef.3Pl]	-1.3532012878411477	38	n	t	2	loṯṯantanak	lottyantanak	anak	3	-2.455863629738295	NA	NA	NA	NA	NA	NA	NA	FALSE	Prs.NDef.3Pl (mondanak)	4938	cc training	loṯṯantanak	NA	NA	nt	NA	linking vowel always
lukast	lukaszt	[/V][Prs.NDef.3Pl]	-0.30973559406005735	420	s	t	2	lukastanak	lukasztanak	anak	3	-2.455863629738295	NA	NA	NA	NA	NA	NA	NA	FALSE	Prs.NDef.3Pl (mondanak)	4938	cc training	lukastanak	NA	NA	st	NA	linking vowel always
megdöbbent	megdöbbent	[/V][Prs.1Sg›2]	1.3803971731201916	20577	n	t	3	megdöbbentelek	megdöbbentelek	elek	3	-2.455863629738295	lek	megdöbbentlek	megdöbbentlek	1	-2.932984884457958	3	1.0986122886681098	TRUE	Prs.1Sg›2 (mondalak)	1749	test	megdöbbentlek	l	ntl	nt	tl	linking vowel varies
meghökkent	meghökkent	[/V][Prs.NDef.2Pl]	0.7318450566851327	4622	n	t	3	meghökkentetek	meghökkentetek	etek	3	-2.455863629738295	NA	NA	NA	NA	NA	NA	NA	FALSE	Prs.NDef.2Pl (mondotok)	3308	cc training	meghökkentetek	NA	NA	nt	NA	linking vowel always
menest	meneszt	[/V][Prs.NDef.2Sg]	1.30284645295256	17212	s	t	2	menestes	menesztesz	es	3	-2.455863629738295	NA	NA	NA	NA	NA	NA	NA	FALSE	Prs.NDef.2Sg (mondas)	4096	cc training	menestes	NA	NA	st	NA	linking vowel always
mets	metsz	[/V][Prs.1Sg›2]	1.660411957842249	39210	t	s	1	metselek	metszelek	elek	3	-2.455863629738295	NA	NA	NA	NA	NA	NA	NA	FALSE	Prs.1Sg›2 (mondalak)	1749	cc training	metselek	NA	NA	ts	NA	linking vowel always
mulast	mulaszt	[/V][Prs.1Sg›2]	1.5291884202488326	28985	s	t	2	mulastalak	mulasztalak	alak	3	-2.455863629738295	NA	NA	NA	NA	NA	NA	NA	FALSE	Prs.1Sg›2 (mondalak)	1749	cc training	mulastalak	NA	NA	st	NA	linking vowel always
naḏothall	nagyothall	[/V][Prs.NDef.3Pl]	-0.30973559406005735	420	l	l	3	naḏothallanak	nagyothallanak	anak	3	-2.455863629738295	NA	NA	NA	NA	NA	NA	NA	FALSE	Prs.NDef.3Pl (mondanak)	4938	cc training	naḏothallanak	NA	NA	ll	NA	linking vowel always
ṉilvántart	nyilvántart	[/V][Prs.NDef.2Sg]	1.7962285175679678	53606	r	t	3	ṉilvántartas	nyilvántartasz	as	3	-2.455863629738295	NA	NA	NA	NA	NA	NA	NA	FALSE	Prs.NDef.2Sg (mondas)	4096	cc training	ṉilvántartas	NA	NA	rt	NA	linking vowel always
ṉomast	nyomaszt	[/V][Prs.1Sg›2]	1.3612608316801604	19690	s	t	2	ṉomastalak	nyomasztalak	alak	3	-2.455863629738295	NA	NA	NA	NA	NA	NA	NA	FALSE	Prs.1Sg›2 (mondalak)	1749	cc training	ṉomastalak	NA	NA	st	NA	linking vowel always
ṉuvast	nyuvaszt	[/V][Prs.1Sg›2]	-0.5509678418830894	241	s	t	2	ṉuvastalak	nyuvasztalak	alak	3	-2.455863629738295	NA	NA	NA	NA	NA	NA	NA	FALSE	Prs.1Sg›2 (mondalak)	1749	cc training	ṉuvastalak	NA	NA	st	NA	linking vowel always
reng	reng	[/V][Prs.NDef.2Sg]	1.2320515955366076	14623	n	g	1	renges	rengesz	es	3	-2.455863629738295	s	rengs	rengsz	3	-2.455863629738295	1	0	TRUE	Prs.NDef.2Sg (mondas)	4096	test	rengs	s	ngs	ng	gs	linking vowel varies
robbant	robbant	[/V][Prs.NDef.2Pl]	1.758706491233094	49169	n	t	2	robbantotok	robbantotok	otok	3	-2.455863629738295	NA	NA	NA	NA	NA	NA	NA	FALSE	Prs.NDef.2Pl (mondotok)	3308	cc training	robbantotok	NA	NA	nt	NA	linking vowel always
šarkall	sarkall	[/V][Prs.NDef.2Pl]	1.673009313043713	40364	l	l	2	NA	NA	NA	NA	NA	tok	šarkalltok	sarkalltok	3	-2.455863629738295	NA	NA	FALSE	Prs.NDef.2Pl (mondotok)	3308	cc training	šarkalltok	t	llt	ll	lt	linking vowel never
šercint	sercint	[/V][Prs.NDef.2Sg]	-0.4616931733990192	296	n	t	2	šercintes	sercintesz	es	3	-2.455863629738295	NA	NA	NA	NA	NA	NA	NA	FALSE	Prs.NDef.2Sg (mondas)	4096	cc training	šercintes	NA	NA	nt	NA	linking vowel always
šerkent	serkent	[/V][Prs.NDef.2Pl]	2.050384267520748	96243	n	t	2	šerkentetek	serkentetek	etek	3	-2.455863629738295	NA	NA	NA	NA	NA	NA	NA	FALSE	Prs.NDef.2Pl (mondotok)	3308	cc training	šerkentetek	NA	NA	nt	NA	linking vowel always
šikkant	sikkant	[/V][Prs.NDef.2Sg]	-0.01917103207424114	820	n	t	2	šikkantas	sikkantasz	as	3	-2.455863629738295	NA	NA	NA	NA	NA	NA	NA	FALSE	Prs.NDef.2Sg (mondas)	4096	cc training	šikkantas	NA	NA	nt	NA	linking vowel always
šikolt	sikolt	[/V][Prs.1Sg›2]	1.0121388856641615	8813	l	t	2	šikoltalak	sikoltalak	alak	3	-2.455863629738295	NA	NA	NA	NA	NA	NA	NA	FALSE	Prs.1Sg›2 (mondalak)	1749	cc training	šikoltalak	NA	NA	lt	NA	linking vowel always
šokall	sokall	[/V][Prs.NDef.2Pl]	1.272002819729194	16032	l	l	2	NA	NA	NA	NA	NA	tok	šokalltok	sokalltok	3	-2.455863629738295	NA	NA	FALSE	Prs.NDef.2Pl (mondotok)	3308	cc training	šokalltok	t	llt	ll	lt	linking vowel never
šugall	sugall	[/V][Prs.1Sg›2]	2.166726825892367	125809	l	l	2	NA	NA	NA	NA	NA	ak	šugallak	sugallak	3	-2.455863629738295	NA	NA	FALSE	Prs.1Sg›2 (mondalak)	1749	cc training	šugallak	a	lla	ll	la	linking vowel never
šuhint	suhint	[/V][Prs.NDef.2Pl]	0.7173226386739786	4470	n	t	2	šuhintotok	suhintotok	otok	3	-2.455863629738295	NA	NA	NA	NA	NA	NA	NA	FALSE	Prs.NDef.2Pl (mondotok)	3308	cc training	šuhintotok	NA	NA	nt	NA	linking vowel always
sakajt	szakajt	[/V][Prs.NDef.2Sg]	-0.1384968377987882	623	j	t	2	sakajtas	szakajtasz	as	3	-2.455863629738295	NA	NA	NA	NA	NA	NA	NA	FALSE	Prs.NDef.2Sg (mondas)	4096	cc training	sakajtas	NA	NA	jt	NA	linking vowel always
salajt	szalajt	[/V][Prs.NDef.2Sg]	0.31938263000194106	1788	j	t	2	salajtas	szalajtasz	as	3	-2.455863629738295	s	salajts	szalajtsz	2	-2.6319548887939765	1.5	0.4054651081081644	TRUE	Prs.NDef.2Sg (mondas)	4096	test	salajts	s	jts	jt	ts	linking vowel varies
salast	szalaszt	[/V][Prs.1Sg›2]	1.165866422570047	12556	s	t	2	NA	NA	NA	NA	NA	lak	salastlak	szalasztlak	3	-2.455863629738295	NA	NA	FALSE	Prs.1Sg›2 (mondalak)	1749	cc training	salastlak	l	stl	st	tl	linking vowel never
sippant	szippant	[/V][Prs.NDef.2Pl]	1.4127220368204705	22167	n	t	2	sippantotok	szippantotok	otok	3	-2.455863629738295	NA	NA	NA	NA	NA	NA	NA	FALSE	Prs.NDef.2Pl (mondotok)	3308	cc training	sippantotok	NA	NA	nt	NA	linking vowel always
sussant	szusszant	[/V][Prs.NDef.2Sg]	-0.2934983951893718	436	n	t	2	sussantas	szusszantasz	as	3	-2.455863629738295	NA	NA	NA	NA	NA	NA	NA	FALSE	Prs.NDef.2Sg (mondas)	4096	cc training	sussantas	NA	NA	nt	NA	linking vowel always
sánt	szánt	[/V][Prs.NDef.2Pl]	2.6324130648880937	367619	n	t	1	sántotok	szántotok	otok	3	-2.455863629738295	NA	NA	NA	NA	NA	NA	NA	FALSE	Prs.NDef.2Pl (mondotok)	3308	cc training	sántotok	NA	NA	nt	NA	linking vowel always
tapint	tapint	[/V][Prs.1Sg›2]	1.2683849248851644	15899	n	t	2	tapintalak	tapintalak	alak	3	-2.455863629738295	lak	tapintlak	tapintlak	2	-2.6319548887939765	1.5	0.4054651081081644	TRUE	Prs.1Sg›2 (mondalak)	1749	test	tapintlak	l	ntl	nt	tl	linking vowel varies
teng	teng	[/V][Prs.NDef.2Sg]	1.0082283031273636	8734	n	g	1	tenges	tengesz	es	3	-2.455863629738295	s	tengs	tengsz	3	-2.455863629738295	1	0	TRUE	Prs.NDef.2Sg (mondas)	4096	test	tengs	s	ngs	ng	gs	linking vowel varies
tüssent	tüsszent	[/V][Prs.NDef.2Pl]	0.8046847428986841	5466	n	t	2	tüssentetek	tüsszentetek	etek	3	-2.455863629738295	NA	NA	NA	NA	NA	NA	NA	FALSE	Prs.NDef.2Pl (mondotok)	3308	cc training	tüssentetek	NA	NA	nt	NA	linking vowel always
züllest	zülleszt	[/V][Prs.NDef.2Sg]	0.5057156484427785	2746	s	t	2	züllestes	züllesztesz	es	3	-2.455863629738295	NA	NA	NA	NA	NA	NA	NA	FALSE	Prs.NDef.2Sg (mondas)	4096	cc training	züllestes	NA	NA	st	NA	linking vowel always
árt	árt	[/V][Prs.1Sg›2]	2.658968559291343	390799	r	t	1	ártalak	ártalak	alak	3	-2.455863629738295	NA	NA	NA	NA	NA	NA	NA	FALSE	Prs.1Sg›2 (mondalak)	1749	cc training	ártalak	NA	NA	rt	NA	linking vowel always
átért	átért	[/V][Prs.NDef.2Sg]	-0.4827357761385967	282	r	t	2	NA	NA	NA	NA	NA	s	átérts	átértsz	3	-2.455863629738295	NA	NA	FALSE	Prs.NDef.2Sg (mondas)	4096	cc training	átérts	s	rts	rt	ts	linking vowel never
beleölt	beleölt	[/V][Prs.NDef.3Pl]	0.15692022698144012	1230	l	t	3	beleöltenek	beleöltenek	enek	2	-2.6319548887939765	NA	NA	NA	NA	NA	NA	NA	FALSE	Prs.NDef.3Pl (mondanak)	4938	cc training	beleöltenek	NA	NA	lt	NA	linking vowel always
biccent	biccent	[/V][Prs.NDef.2Pl]	0.9530543911084844	7692	n	t	2	biccentetek	biccentetek	etek	2	-2.6319548887939765	NA	NA	NA	NA	NA	NA	NA	FALSE	Prs.NDef.2Pl (mondotok)	3308	cc training	biccentetek	NA	NA	nt	NA	linking vowel always
buḏḏant	buggyant	[/V][Prs.NDef.2Sg]	0.18791793315656935	1321	n	t	2	buḏḏantas	buggyantasz	as	2	-2.6319548887939765	NA	NA	NA	NA	NA	NA	NA	FALSE	Prs.NDef.2Sg (mondas)	4096	cc training	buḏḏantas	NA	NA	nt	NA	linking vowel always
bujt	bujt	[/V][Prs.NDef.2Sg]	0.6578569503236448	3898	j	t	1	bujtas	bujtasz	as	2	-2.6319548887939765	NA	NA	NA	NA	NA	NA	NA	FALSE	Prs.NDef.2Sg (mondas)	4096	cc training	bujtas	NA	NA	jt	NA	linking vowel always
čiččent	csiccsent	[/V][Prs.NDef.3Pl]	-0.6565230802847137	189	n	t	2	čiččentenek	csiccsentenek	enek	2	-2.6319548887939765	NA	NA	NA	NA	NA	NA	NA	FALSE	Prs.NDef.3Pl (mondanak)	4938	cc training	čiččentenek	NA	NA	nt	NA	linking vowel always
čöppent	csöppent	[/V][Prs.1Sg›2]	0.2749186459280938	1614	n	t	2	čöppentelek	csöppentelek	elek	2	-2.6319548887939765	NA	NA	NA	NA	NA	NA	NA	FALSE	Prs.1Sg›2 (mondalak)	1749	cc training	čöppentelek	NA	NA	nt	NA	linking vowel always
dermest	dermeszt	[/V][Prs.1Sg›2]	0.6115792130380853	3504	s	t	2	dermestelek	dermesztelek	elek	2	-2.6319548887939765	NA	NA	NA	NA	NA	NA	NA	FALSE	Prs.1Sg›2 (mondalak)	1749	cc training	dermestelek	NA	NA	st	NA	linking vowel always
dong	dong	[/V][Prs.NDef.2Pl]	0.9073721747453984	6924	n	g	1	NA	NA	NA	NA	NA	tok	dongtok	dongtok	2	-2.6319548887939765	NA	NA	FALSE	Prs.NDef.2Pl (mondotok)	3308	cc training	dongtok	t	ngt	ng	gt	linking vowel never
faḏast	fagyaszt	[/V][Prs.NDef.2Pl]	1.478803120085911	25810	s	t	2	faḏastotok	fagyasztotok	otok	2	-2.6319548887939765	NA	NA	NA	NA	NA	NA	NA	FALSE	Prs.NDef.2Pl (mondotok)	3308	cc training	faḏastotok	NA	NA	st	NA	linking vowel always
fečkend	fecskend	[/V][Prs.NDef.3Pl]	-0.5656289634319388	233	n	d	2	fečkendenek	fecskendenek	enek	2	-2.6319548887939765	NA	NA	NA	NA	NA	NA	NA	FALSE	Prs.NDef.3Pl (mondanak)	4938	cc training	fečkendenek	NA	NA	nd	NA	linking vowel always
feketéll	feketéll	[/V][Prs.NDef.3Pl]	-0.3180876684248232	412	l	l	3	feketéllenek	feketéllenek	enek	1	-2.932984884457958	nek	feketéllnek	feketéllnek	2	-2.6319548887939765	0.5	-0.6931471805599453	TRUE	Prs.NDef.3Pl (mondanak)	4938	test	feketéllnek	n	lln	ll	ln	linking vowel varies
fojt	fojt	[/V][Prs.NDef.2Pl]	1.5716626503360749	31963	j	t	1	fojtotok	fojtotok	otok	2	-2.6319548887939765	NA	NA	NA	NA	NA	NA	NA	FALSE	Prs.NDef.2Pl (mondotok)	3308	cc training	fojtotok	NA	NA	jt	NA	linking vowel always
foṉṉast	fonnyaszt	[/V][Prs.NDef.2Sg]	0.4528000743853779	2431	s	t	2	foṉṉastas	fonnyasztasz	as	2	-2.6319548887939765	NA	NA	NA	NA	NA	NA	NA	FALSE	Prs.NDef.2Sg (mondas)	4096	cc training	foṉṉastas	NA	NA	st	NA	linking vowel always
forrast	forraszt	[/V][Prs.NDef.2Pl]	1.1291832888938251	11539	s	t	2	forrastotok	forrasztotok	otok	2	-2.6319548887939765	NA	NA	NA	NA	NA	NA	NA	FALSE	Prs.NDef.2Pl (mondotok)	3308	cc training	forrastotok	NA	NA	st	NA	linking vowel always
fröččent	fröccsent	[/V][Prs.NDef.2Pl]	-0.2954951549454472	434	n	t	2	fröččentetek	fröccsentetek	etek	2	-2.6319548887939765	NA	NA	NA	NA	NA	NA	NA	FALSE	Prs.NDef.2Pl (mondotok)	3308	cc training	fröččentetek	NA	NA	nt	NA	linking vowel always
ḏullast	gyullaszt	[/V][Prs.NDef.3Pl]	-0.4558636297382954	300	s	t	2	ḏullastanak	gyullasztanak	anak	2	-2.6319548887939765	NA	NA	NA	NA	NA	NA	NA	FALSE	Prs.NDef.3Pl (mondanak)	4938	cc training	ḏullastanak	NA	NA	st	NA	linking vowel always
ḏújt	gyújt	[/V][Prs.1Sg›2]	2.117290442944573	112273	j	t	1	ḏújtalak	gyújtalak	alak	2	-2.6319548887939765	NA	NA	NA	NA	NA	NA	NA	FALSE	Prs.1Sg›2 (mondalak)	1749	cc training	ḏújtalak	NA	NA	jt	NA	linking vowel always
hánt	hánt	[/V][Prs.1Sg›2]	0.31005316422833656	1750	n	t	1	hántalak	hántalak	alak	2	-2.6319548887939765	NA	NA	NA	NA	NA	NA	NA	FALSE	Prs.1Sg›2 (mondalak)	1749	cc training	hántalak	NA	NA	nt	NA	linking vowel always
hánt	hánt	[/V][Prs.NDef.2Sg]	0.31005316422833656	1750	n	t	1	hántas	hántasz	as	2	-2.6319548887939765	NA	NA	NA	NA	NA	NA	NA	FALSE	Prs.NDef.2Sg (mondas)	4096	cc training	hántas	NA	NA	nt	NA	linking vowel always
ijest	ijeszt	[/V][Prs.NDef.2Pl]	1.3020382750372657	17180	s	t	2	ijestetek	ijesztetek	etek	2	-2.6319548887939765	NA	NA	NA	NA	NA	NA	NA	FALSE	Prs.NDef.2Pl (mondotok)	3308	cc training	ijestetek	NA	NA	st	NA	linking vowel always
izzast	izzaszt	[/V][Prs.NDef.2Sg]	0.5758140809459471	3227	s	t	2	izzastas	izzasztasz	as	2	-2.6319548887939765	NA	NA	NA	NA	NA	NA	NA	FALSE	Prs.NDef.2Sg (mondas)	4096	cc training	izzastas	NA	NA	st	NA	linking vowel always
javall	javall	[/V][Prs.NDef.2Pl]	1.2947990163957603	16896	l	l	2	javallotok	javallotok	otok	2	-2.6319548887939765	tok	javalltok	javalltok	1	-2.932984884457958	2	0.6931471805599453	TRUE	Prs.NDef.2Pl (mondotok)	3308	test	javalltok	t	llt	ll	lt	linking vowel varies
jóltart	jóltart	[/V][Prs.NDef.2Sg]	-0.3864422209798268	352	r	t	2	jóltartas	jóltartasz	as	2	-2.6319548887939765	NA	NA	NA	NA	NA	NA	NA	FALSE	Prs.NDef.2Sg (mondas)	4096	cc training	jóltartas	NA	NA	rt	NA	linking vowel always
jövest	jöveszt	[/V][Prs.NDef.3Pl]	-1.4144709445800705	33	s	t	2	jövestenek	jövesztenek	enek	2	-2.6319548887939765	NA	NA	NA	NA	NA	NA	NA	FALSE	Prs.NDef.3Pl (mondanak)	4938	cc training	jövestenek	NA	NA	st	NA	linking vowel always
kering	kering	[/V][Prs.1Sg›2]	1.9960046439135095	84916	n	g	2	keringelek	keringelek	elek	1	-2.932984884457958	lek	keringlek	keringlek	2	-2.6319548887939765	0.5	-0.6931471805599453	TRUE	Prs.1Sg›2 (mondalak)	1749	test	keringlek	l	ngl	ng	gl	linking vowel varies
keṯṯint	kettyint	[/V][Prs.1Sg›2]	-0.4544183888641145	301	n	t	2	keṯṯintelek	kettyintelek	elek	2	-2.6319548887939765	NA	NA	NA	NA	NA	NA	NA	FALSE	Prs.1Sg›2 (mondalak)	1749	cc training	keṯṯintelek	NA	NA	nt	NA	linking vowel always
keṯṯint	kettyint	[/V][Prs.NDef.2Sg]	-0.4544183888641145	301	n	t	2	keṯṯintes	kettyintesz	es	2	-2.6319548887939765	NA	NA	NA	NA	NA	NA	NA	FALSE	Prs.NDef.2Sg (mondas)	4096	cc training	keṯṯintes	NA	NA	nt	NA	linking vowel always
keṯṯint	kettyint	[/V][Prs.NDef.2Pl]	-0.4544183888641145	301	n	t	2	keṯṯintetek	kettyintetek	etek	2	-2.6319548887939765	NA	NA	NA	NA	NA	NA	NA	FALSE	Prs.NDef.2Pl (mondotok)	3308	cc training	keṯṯintetek	NA	NA	nt	NA	linking vowel always
kilukast	kilukaszt	[/V][Prs.NDef.2Sg]	-0.3939087856651812	346	s	t	3	kilukastas	kilukasztasz	as	2	-2.6319548887939765	NA	NA	NA	NA	NA	NA	NA	FALSE	Prs.NDef.2Sg (mondas)	4096	cc training	kilukastas	NA	NA	st	NA	linking vowel always
kiṉiffant	kinyiffant	[/V][Prs.NDef.2Pl]	-0.20382009476518784	536	n	t	3	kiṉiffantotok	kinyiffantotok	otok	2	-2.6319548887939765	NA	NA	NA	NA	NA	NA	NA	FALSE	Prs.NDef.2Pl (mondotok)	3308	cc training	kiṉiffantotok	NA	NA	nt	NA	linking vowel always
kiriṯṯent	kirittyent	[/V][Prs.NDef.2Sg]	-0.43744054691150935	313	n	t	3	kiriṯṯentes	kirittyentesz	es	2	-2.6319548887939765	NA	NA	NA	NA	NA	NA	NA	FALSE	Prs.NDef.2Sg (mondas)	4096	cc training	kiriṯṯentes	NA	NA	nt	NA	linking vowel always
kiért	kiért	[/V][Prs.NDef.3Pl]	-0.29649698810459235	433	r	t	2	kiértenek	kiértenek	enek	2	-2.6319548887939765	NA	NA	NA	NA	NA	NA	NA	FALSE	Prs.NDef.3Pl (mondanak)	4938	cc training	kiértenek	NA	NA	rt	NA	linking vowel always
kong	kong	[/V][Prs.NDef.2Pl]	1.684612987091838	41457	n	g	1	kongotok	kongotok	otok	2	-2.6319548887939765	tok	kongtok	kongtok	1	-2.932984884457958	2	0.6931471805599453	TRUE	Prs.NDef.2Pl (mondotok)	3308	test	kongtok	t	ngt	ng	gt	linking vowel varies
koppint	koppint	[/V][Prs.NDef.2Pl]	1.548242693541363	30285	n	t	2	koppintotok	koppintotok	otok	2	-2.6319548887939765	NA	NA	NA	NA	NA	NA	NA	FALSE	Prs.NDef.2Pl (mondotok)	3308	cc training	koppintotok	NA	NA	nt	NA	linking vowel always
koṯṯant	kottyant	[/V][Prs.NDef.3Pl]	-0.27022705277638376	460	n	t	2	koṯṯantanak	kottyantanak	anak	2	-2.6319548887939765	NA	NA	NA	NA	NA	NA	NA	FALSE	Prs.NDef.3Pl (mondanak)	4938	cc training	koṯṯantanak	NA	NA	nt	NA	linking vowel always
koṯṯant	kottyant	[/V][Prs.NDef.2Sg]	-0.27022705277638376	460	n	t	2	koṯṯantas	kottyantasz	as	2	-2.6319548887939765	NA	NA	NA	NA	NA	NA	NA	FALSE	Prs.NDef.2Sg (mondas)	4096	cc training	koṯṯantas	NA	NA	nt	NA	linking vowel always
kurjant	kurjant	[/V][Prs.NDef.2Sg]	0.31523367673211694	1771	n	t	2	kurjantas	kurjantasz	as	2	-2.6319548887939765	NA	NA	NA	NA	NA	NA	NA	FALSE	Prs.NDef.2Sg (mondas)	4096	cc training	kurjantas	NA	NA	nt	NA	linking vowel always
kövest	köveszt	[/V][Prs.NDef.3Pl]	-1.1476550494471909	61	s	t	2	kövestenek	kövesztenek	enek	2	-2.6319548887939765	NA	NA	NA	NA	NA	NA	NA	FALSE	Prs.NDef.3Pl (mondanak)	4938	cc training	kövestenek	NA	NA	st	NA	linking vowel always
lankast	lankaszt	[/V][Prs.NDef.3Pl]	-0.4661172641038483	293	s	t	2	lankastanak	lankasztanak	anak	2	-2.6319548887939765	NA	NA	NA	NA	NA	NA	NA	FALSE	Prs.NDef.3Pl (mondanak)	4938	cc training	lankastanak	NA	NA	st	NA	linking vowel always
lappang	lappang	[/V][Prs.NDef.2Sg]	1.2723819034085184	16046	n	g	2	NA	NA	NA	NA	NA	s	lappangs	lappangsz	2	-2.6319548887939765	NA	NA	FALSE	Prs.NDef.2Sg (mondas)	4096	cc training	lappangs	s	ngs	ng	gs	linking vowel never
lukast	lukaszt	[/V][Prs.NDef.2Sg]	-0.30973559406005735	420	s	t	2	lukastas	lukasztasz	as	2	-2.6319548887939765	NA	NA	NA	NA	NA	NA	NA	FALSE	Prs.NDef.2Sg (mondas)	4096	cc training	lukastas	NA	NA	st	NA	linking vowel always
löṯṯent	löttyent	[/V][Prs.NDef.3Pl]	-0.8190415321511211	130	n	t	2	löṯṯentenek	löttyentenek	enek	2	-2.6319548887939765	NA	NA	NA	NA	NA	NA	NA	FALSE	Prs.NDef.3Pl (mondanak)	4938	cc training	löṯṯentenek	NA	NA	nt	NA	linking vowel always
löṯṯint	löttyint	[/V][Prs.1Sg›2]	0.512307884968014	2788	n	t	2	löṯṯintelek	löttyintelek	elek	2	-2.6319548887939765	NA	NA	NA	NA	NA	NA	NA	FALSE	Prs.1Sg›2 (mondalak)	1749	cc training	löṯṯintelek	NA	NA	nt	NA	linking vowel always
meghökkent	meghökkent	[/V][Prs.NDef.2Sg]	0.7318450566851327	4622	n	t	3	meghökkentes	meghökkentesz	es	2	-2.6319548887939765	s	meghökkents	meghökkentsz	2	-2.6319548887939765	1	0	TRUE	Prs.NDef.2Sg (mondas)	4096	test	meghökkents	s	nts	nt	ts	linking vowel varies
megkeṯṯint	megkettyint	[/V][Prs.NDef.3Pl]	-0.7398602861034962	156	n	t	3	megkeṯṯintenek	megkettyintenek	enek	2	-2.6319548887939765	NA	NA	NA	NA	NA	NA	NA	FALSE	Prs.NDef.3Pl (mondanak)	4938	cc training	megkeṯṯintenek	NA	NA	nt	NA	linking vowel always
megkeṯṯint	megkettyint	[/V][Prs.NDef.2Sg]	-0.7398602861034962	156	n	t	3	megkeṯṯintes	megkettyintesz	es	2	-2.6319548887939765	NA	NA	NA	NA	NA	NA	NA	FALSE	Prs.NDef.2Sg (mondas)	4096	cc training	megkeṯṯintes	NA	NA	nt	NA	linking vowel always
mellékelt	mellékelt	[/V][Prs.NDef.2Pl]	2.2051156223085515	137436	l	t	3	mellékeltetek	mellékeltetek	etek	2	-2.6319548887939765	NA	NA	NA	NA	NA	NA	NA	FALSE	Prs.NDef.2Pl (mondotok)	3308	cc training	mellékeltetek	NA	NA	lt	NA	linking vowel always
menest	meneszt	[/V][Prs.NDef.2Pl]	1.30284645295256	17212	s	t	2	menestetek	menesztetek	etek	2	-2.6319548887939765	NA	NA	NA	NA	NA	NA	NA	FALSE	Prs.NDef.2Pl (mondotok)	3308	cc training	menestetek	NA	NA	st	NA	linking vowel always
ṉissant	nyisszant	[/V][Prs.NDef.2Sg]	-0.141996409369142	618	n	t	2	ṉissantas	nyisszantasz	as	2	-2.6319548887939765	NA	NA	NA	NA	NA	NA	NA	FALSE	Prs.NDef.2Sg (mondas)	4096	cc training	ṉissantas	NA	NA	nt	NA	linking vowel always
ṉomast	nyomaszt	[/V][Prs.NDef.2Pl]	1.3612608316801604	19690	s	t	2	ṉomastotok	nyomasztotok	otok	2	-2.6319548887939765	NA	NA	NA	NA	NA	NA	NA	FALSE	Prs.NDef.2Pl (mondotok)	3308	cc training	ṉomastotok	NA	NA	st	NA	linking vowel always
ṉuvast	nyuvaszt	[/V][Prs.NDef.2Sg]	-0.5509678418830894	241	s	t	2	ṉuvastas	nyuvasztasz	as	2	-2.6319548887939765	NA	NA	NA	NA	NA	NA	NA	FALSE	Prs.NDef.2Sg (mondas)	4096	cc training	ṉuvastas	NA	NA	st	NA	linking vowel always
ṉújt	nyújt	[/V][Prs.1Sg›2]	3.490448433130639	2651144	j	t	1	ṉújtalak	nyújtalak	alak	2	-2.6319548887939765	NA	NA	NA	NA	NA	NA	NA	FALSE	Prs.1Sg›2 (mondalak)	1749	cc training	ṉújtalak	NA	NA	jt	NA	linking vowel always
omlast	omlaszt	[/V][Prs.NDef.2Sg]	-0.07867884265687722	715	s	t	2	omlastas	omlasztasz	as	2	-2.6319548887939765	NA	NA	NA	NA	NA	NA	NA	FALSE	Prs.NDef.2Sg (mondas)	4096	cc training	omlastas	NA	NA	st	NA	linking vowel always
ont	ont	[/V][Prs.1Sg›2]	1.7436264299947593	47491	n	t	1	ontalak	ontalak	alak	2	-2.6319548887939765	NA	NA	NA	NA	NA	NA	NA	FALSE	Prs.1Sg›2 (mondalak)	1749	cc training	ontalak	NA	NA	nt	NA	linking vowel always
orront	orront	[/V][Prs.NDef.2Sg]	-0.32126157645061604	409	n	t	2	orrontas	orrontasz	as	2	-2.6319548887939765	NA	NA	NA	NA	NA	NA	NA	FALSE	Prs.NDef.2Sg (mondas)	4096	cc training	orrontas	NA	NA	nt	NA	linking vowel always
pattint	pattint	[/V][Prs.1Sg›2]	1.1739875154287156	12793	n	t	2	pattintalak	pattintalak	alak	2	-2.6319548887939765	NA	NA	NA	NA	NA	NA	NA	FALSE	Prs.1Sg›2 (mondalak)	1749	cc training	pattintalak	NA	NA	nt	NA	linking vowel always
pattint	pattint	[/V][Prs.NDef.2Pl]	1.1739875154287156	12793	n	t	2	pattintotok	pattintotok	otok	2	-2.6319548887939765	NA	NA	NA	NA	NA	NA	NA	FALSE	Prs.NDef.2Pl (mondotok)	3308	cc training	pattintotok	NA	NA	nt	NA	linking vowel always
pedz	pedz	[/V][Prs.NDef.2Sg]	0.8305179810096391	5801	d	z	1	NA	NA	NA	NA	NA	el	pedzel	pedzel	2	-2.6319548887939765	NA	NA	FALSE	Prs.NDef.2Sg (mondas)	4096	cc training	pedzel	e	dze	dz	ze	linking vowel never
peṯṯent	pettyent	[/V][Prs.NDef.2Sg]	-1.853803638410333	12	n	t	2	peṯṯentes	pettyentesz	es	2	-2.6319548887939765	NA	NA	NA	NA	NA	NA	NA	FALSE	Prs.NDef.2Sg (mondas)	4096	cc training	peṯṯentes	NA	NA	nt	NA	linking vowel always
pöccint	pöccint	[/V][Prs.NDef.2Pl]	0.38612117485181846	2085	n	t	2	pöccintetek	pöccintetek	etek	2	-2.6319548887939765	NA	NA	NA	NA	NA	NA	NA	FALSE	Prs.NDef.2Pl (mondotok)	3308	cc training	pöccintetek	NA	NA	nt	NA	linking vowel always
pöffent	pöffent	[/V][Prs.NDef.2Sg]	-0.7426531862876663	155	n	t	2	pöffentes	pöffentesz	es	2	-2.6319548887939765	NA	NA	NA	NA	NA	NA	NA	FALSE	Prs.NDef.2Sg (mondas)	4096	cc training	pöffentes	NA	NA	nt	NA	linking vowel always
rettent	rettent	[/V][Prs.1Sg›2]	0.951243885174646	7660	n	t	2	rettentelek	rettentelek	elek	2	-2.6319548887939765	lek	rettentlek	rettentlek	2	-2.6319548887939765	1	0	TRUE	Prs.1Sg›2 (mondalak)	1749	test	rettentlek	l	ntl	nt	tl	linking vowel varies
robbant	robbant	[/V][Prs.1Sg›2]	1.758706491233094	49169	n	t	2	robbantalak	robbantalak	alak	2	-2.6319548887939765	NA	NA	NA	NA	NA	NA	NA	FALSE	Prs.1Sg›2 (mondalak)	1749	cc training	robbantalak	NA	NA	nt	NA	linking vowel always
roppant	roppant	[/V][Prs.NDef.2Sg]	2.329031693498454	182817	n	t	2	roppantas	roppantasz	as	2	-2.6319548887939765	NA	NA	NA	NA	NA	NA	NA	FALSE	Prs.NDef.2Sg (mondas)	4096	cc training	roppantas	NA	NA	nt	NA	linking vowel always
rossall	rosszall	[/V][Prs.NDef.2Sg]	0.28291692874607377	1644	l	l	2	NA	NA	NA	NA	NA	s	rossalls	rosszallsz	2	-2.6319548887939765	NA	NA	FALSE	Prs.NDef.2Sg (mondas)	4096	cc training	rossalls	s	lls	ll	ls	linking vowel never
rémist	rémiszt	[/V][Prs.1Sg›2]	0.8152806882107829	5601	s	t	2	rémistelek	rémisztelek	elek	2	-2.6319548887939765	NA	NA	NA	NA	NA	NA	NA	FALSE	Prs.1Sg›2 (mondalak)	1749	cc training	rémistelek	NA	NA	st	NA	linking vowel always
šercent	sercent	[/V][Prs.NDef.3Pl]	-1.2995164288783714	43	n	t	2	šercentenek	sercentenek	enek	2	-2.6319548887939765	NA	NA	NA	NA	NA	NA	NA	FALSE	Prs.NDef.3Pl (mondanak)	4938	cc training	šercentenek	NA	NA	nt	NA	linking vowel always
šetteng	setteng	[/V][Prs.NDef.3Pl]	-0.9645019359040228	93	n	g	2	šettengenek	settengenek	enek	2	-2.6319548887939765	nek	šettengnek	settengnek	2	-2.6319548887939765	1	0	TRUE	Prs.NDef.3Pl (mondanak)	4938	test	šettengnek	n	ngn	ng	gn	linking vowel varies
šetteng	setteng	[/V][Prs.NDef.2Sg]	-0.9645019359040228	93	n	g	2	NA	NA	NA	NA	NA	s	šettengs	settengsz	2	-2.6319548887939765	NA	NA	FALSE	Prs.NDef.2Sg (mondas)	4096	cc training	šettengs	s	ngs	ng	gs	linking vowel never
šorvast	sorvaszt	[/V][Prs.1Sg›2]	0.3012792399208315	1715	s	t	2	šorvastalak	sorvasztalak	alak	2	-2.6319548887939765	NA	NA	NA	NA	NA	NA	NA	FALSE	Prs.1Sg›2 (mondalak)	1749	cc training	šorvastalak	NA	NA	st	NA	linking vowel always
ságuld	száguld	[/V][Prs.1Sg›2]	1.6960677532704322	42565	l	d	2	ságuldalak	száguldalak	alak	2	-2.6319548887939765	NA	NA	NA	NA	NA	NA	NA	FALSE	Prs.1Sg›2 (mondalak)	1749	cc training	ságuldalak	NA	NA	ld	NA	linking vowel always
sámfejt	számfejt	[/V][Prs.NDef.2Sg]	0.4032746675562354	2169	j	t	2	sámfejtes	számfejtesz	es	2	-2.6319548887939765	NA	NA	NA	NA	NA	NA	NA	FALSE	Prs.NDef.2Sg (mondas)	4096	cc training	sámfejtes	NA	NA	jt	NA	linking vowel always
sélest	széleszt	[/V][Prs.NDef.3Pl]	-0.4889400885398816	278	s	t	2	sélestenek	szélesztenek	enek	2	-2.6319548887939765	NA	NA	NA	NA	NA	NA	NA	FALSE	Prs.NDef.3Pl (mondanak)	4938	cc training	sélestenek	NA	NA	st	NA	linking vowel always
šíkrasáll	síkraszáll	[/V][Prs.NDef.2Pl]	0.1816260997742153	1302	l	l	3	NA	NA	NA	NA	NA	tok	šíkrasálltok	síkraszálltok	2	-2.6319548887939765	NA	NA	FALSE	Prs.NDef.2Pl (mondotok)	3308	cc training	šíkrasálltok	t	llt	ll	lt	linking vowel never
šóhajt	sóhajt	[/V][Prs.1Sg›2]	1.812815728087108	55693	j	t	2	šóhajtalak	sóhajtalak	alak	1	-2.932984884457958	lak	šóhajtlak	sóhajtlak	2	-2.6319548887939765	0.5	-0.6931471805599453	TRUE	Prs.1Sg›2 (mondalak)	1749	test	šóhajtlak	l	jtl	jt	tl	linking vowel varies
šüppest	süppeszt	[/V][Prs.NDef.3Pl]	-1.046494159285476	77	s	t	2	šüppestenek	süppesztenek	enek	2	-2.6319548887939765	NA	NA	NA	NA	NA	NA	NA	FALSE	Prs.NDef.3Pl (mondanak)	4938	cc training	šüppestenek	NA	NA	st	NA	linking vowel always
tapint	tapint	[/V][Prs.NDef.2Pl]	1.2683849248851644	15899	n	t	2	tapintotok	tapintotok	otok	2	-2.6319548887939765	NA	NA	NA	NA	NA	NA	NA	FALSE	Prs.NDef.2Pl (mondotok)	3308	cc training	tapintotok	NA	NA	nt	NA	linking vowel always
túlért	túlért	[/V][Prs.NDef.2Pl]	-1.5350448757859203	25	r	t	2	túlértetek	túlértetek	etek	2	-2.6319548887939765	NA	NA	NA	NA	NA	NA	NA	FALSE	Prs.NDef.2Pl (mondotok)	3308	cc training	túlértetek	NA	NA	rt	NA	linking vowel always
ugrast	ugraszt	[/V][Prs.NDef.2Pl]	0.8064292182407374	5488	s	t	2	ugrastotok	ugrasztotok	otok	2	-2.6319548887939765	NA	NA	NA	NA	NA	NA	NA	FALSE	Prs.NDef.2Pl (mondotok)	3308	cc training	ugrastotok	NA	NA	st	NA	linking vowel always
zuhint	zuhint	[/V][Prs.NDef.3Pl]	-0.99848643321439	86	n	t	2	zuhintanak	zuhintanak	anak	2	-2.6319548887939765	NA	NA	NA	NA	NA	NA	NA	FALSE	Prs.NDef.3Pl (mondanak)	4938	cc training	zuhintanak	NA	NA	nt	NA	linking vowel always
élest	éleszt	[/V][Prs.1Sg›2]	1.2735171731307278	16088	s	t	2	élestelek	élesztelek	elek	2	-2.6319548887939765	NA	NA	NA	NA	NA	NA	NA	FALSE	Prs.1Sg›2 (mondalak)	1749	cc training	élestelek	NA	NA	st	NA	linking vowel always
ődöng	ődöng	[/V][Prs.NDef.2Sg]	0.09150078324120914	1058	n	g	2	NA	NA	NA	NA	NA	s	ődöngs	ődöngsz	2	-2.6319548887939765	NA	NA	FALSE	Prs.NDef.2Sg (mondas)	4096	cc training	ődöngs	s	ngs	ng	gs	linking vowel never
ajz	ajz	[/V][Prs.NDef.2Sg]	0.1533749462167904	1220	j	z	1	NA	NA	NA	NA	NA	ol	ajzol	ajzol	1	-2.932984884457958	NA	NA	FALSE	Prs.NDef.2Sg (mondas)	4096	cc training	ajzol	o	jzo	jz	zo	linking vowel never
alvast	alvaszt	[/V][Prs.NDef.2Sg]	-0.983594877813045	89	s	t	2	alvastas	alvasztasz	as	1	-2.932984884457958	NA	NA	NA	NA	NA	NA	NA	FALSE	Prs.NDef.2Sg (mondas)	4096	cc training	alvastas	NA	NA	st	NA	linking vowel always
alábbsáll	alábbszáll	[/V][Prs.NDef.2Pl]	-0.5509678418830894	241	l	l	3	NA	NA	NA	NA	NA	tok	alábbsálltok	alábbszálltok	1	-2.932984884457958	NA	NA	FALSE	Prs.NDef.2Pl (mondotok)	3308	cc training	alábbsálltok	t	llt	ll	lt	linking vowel never
apast	apaszt	[/V][Prs.NDef.2Sg]	0.5697152908526049	3182	s	t	2	apastas	apasztasz	as	1	-2.932984884457958	NA	NA	NA	NA	NA	NA	NA	FALSE	Prs.NDef.2Sg (mondas)	4096	cc training	apastas	NA	NA	st	NA	linking vowel always
beleért	beleért	[/V][Prs.1Sg›2]	2.687566519794711	417399	r	t	3	beleértelek	beleértelek	elek	1	-2.932984884457958	NA	NA	NA	NA	NA	NA	NA	FALSE	Prs.1Sg›2 (mondalak)	1749	cc training	beleértelek	NA	NA	rt	NA	linking vowel always
beleért	beleért	[/V][Prs.NDef.2Pl]	2.687566519794711	417399	r	t	3	beleértetek	beleértetek	etek	1	-2.932984884457958	NA	NA	NA	NA	NA	NA	NA	FALSE	Prs.NDef.2Pl (mondotok)	3308	cc training	beleértetek	NA	NA	rt	NA	linking vowel always
benn	benn	[/V][Prs.NDef.2Pl]	1.993259783446265	84381	n	n	1	bennetek	bennetek	etek	1	-2.932984884457958	tek	benntek	benntek	1	-2.932984884457958	1	0	TRUE	Prs.NDef.2Pl (mondotok)	3308	test	benntek	t	nnt	nn	nt	linking vowel varies
beért	beért	[/V][Prs.NDef.2Sg]	-0.8058800860931502	134	r	t	2	NA	NA	NA	NA	NA	s	beérts	beértsz	1	-2.932984884457958	NA	NA	FALSE	Prs.NDef.2Sg (mondas)	4096	cc training	beérts	s	rts	rt	ts	linking vowel never
borong	borong	[/V][Prs.NDef.2Pl]	0.4584795273811454	2463	n	g	2	NA	NA	NA	NA	NA	tok	borongtok	borongtok	1	-2.932984884457958	NA	NA	FALSE	Prs.NDef.2Pl (mondotok)	3308	cc training	borongtok	t	ngt	ng	gt	linking vowel never
borzast	borzaszt	[/V][Prs.1Sg›2]	0.32565239826611864	1814	s	t	2	borzastalak	borzasztalak	alak	1	-2.932984884457958	NA	NA	NA	NA	NA	NA	NA	FALSE	Prs.1Sg›2 (mondalak)	1749	cc training	borzastalak	NA	NA	st	NA	linking vowel always
böffent	böffent	[/V][Prs.NDef.2Pl]	-0.08975210635994839	697	n	t	2	böffentetek	böffentetek	etek	1	-2.932984884457958	NA	NA	NA	NA	NA	NA	NA	FALSE	Prs.NDef.2Pl (mondotok)	3308	cc training	böffentetek	NA	NA	nt	NA	linking vowel always
čahint	csahint	[/V][Prs.NDef.2Sg]	-1.5350448757859203	25	n	t	2	čahintas	csahintasz	as	1	-2.932984884457958	NA	NA	NA	NA	NA	NA	NA	FALSE	Prs.NDef.2Sg (mondas)	4096	cc training	čahintas	NA	NA	nt	NA	linking vowel always
čappant	csappant	[/V][Prs.NDef.2Sg]	-0.8360748714499014	125	n	t	2	čappantas	csappantasz	as	1	-2.932984884457958	NA	NA	NA	NA	NA	NA	NA	FALSE	Prs.NDef.2Sg (mondas)	4096	cc training	čappantas	NA	NA	nt	NA	linking vowel always
čillant	csillant	[/V][Prs.NDef.2Sg]	0.24627957988106755	1511	n	t	2	čillantas	csillantasz	as	1	-2.932984884457958	NA	NA	NA	NA	NA	NA	NA	FALSE	Prs.NDef.2Sg (mondas)	4096	cc training	čillantas	NA	NA	nt	NA	linking vowel always
čippent	csippent	[/V][Prs.NDef.2Pl]	0.4818213950430548	2599	n	t	2	čippentetek	csippentetek	etek	1	-2.932984884457958	NA	NA	NA	NA	NA	NA	NA	FALSE	Prs.NDef.2Pl (mondotok)	3308	cc training	čippentetek	NA	NA	nt	NA	linking vowel always
čörrent	csörrent	[/V][Prs.NDef.2Sg]	-0.8685268952310394	116	n	t	2	čörrentes	csörrentesz	es	1	-2.932984884457958	NA	NA	NA	NA	NA	NA	NA	FALSE	Prs.NDef.2Sg (mondas)	4096	cc training	čörrentes	NA	NA	nt	NA	linking vowel always
dagast	dagaszt	[/V][Prs.1Sg›2]	1.4185795307461468	22468	s	t	2	dagastalak	dagasztalak	alak	1	-2.932984884457958	NA	NA	NA	NA	NA	NA	NA	FALSE	Prs.1Sg›2 (mondalak)	1749	cc training	dagastalak	NA	NA	st	NA	linking vowel always
dermest	dermeszt	[/V][Prs.NDef.2Sg]	0.6115792130380853	3504	s	t	2	dermestes	dermesztesz	es	1	-2.932984884457958	NA	NA	NA	NA	NA	NA	NA	FALSE	Prs.NDef.2Sg (mondas)	4096	cc training	dermestes	NA	NA	st	NA	linking vowel always
dobbant	dobbant	[/V][Prs.1Sg›2]	0.8037302491476532	5454	n	t	2	NA	NA	NA	NA	NA	lak	dobbantlak	dobbantlak	1	-2.932984884457958	NA	NA	FALSE	Prs.1Sg›2 (mondalak)	1749	cc training	dobbantlak	l	ntl	nt	tl	linking vowel never
dobbant	dobbant	[/V][Prs.NDef.2Pl]	0.8037302491476532	5454	n	t	2	dobbantotok	dobbantotok	otok	1	-2.932984884457958	NA	NA	NA	NA	NA	NA	NA	FALSE	Prs.NDef.2Pl (mondotok)	3308	cc training	dobbantotok	NA	NA	nt	NA	linking vowel always
döbbent	döbbent	[/V][Prs.NDef.2Sg]	1.650270582217736	38305	n	t	2	döbbentes	döbbentesz	es	1	-2.932984884457958	NA	NA	NA	NA	NA	NA	NA	FALSE	Prs.NDef.2Sg (mondas)	4096	cc training	döbbentes	NA	NA	nt	NA	linking vowel always
döng	döng	[/V][Prs.1Sg›2]	0.5861865793637012	3305	n	g	1	NA	NA	NA	NA	NA	lek	dönglek	dönglek	1	-2.932984884457958	NA	NA	FALSE	Prs.1Sg›2 (mondalak)	1749	cc training	dönglek	l	ngl	ng	gl	linking vowel never
düllest	dülleszt	[/V][Prs.NDef.3Pl]	-0.2683429089018323	462	s	t	2	düllestenek	düllesztenek	enek	1	-2.932984884457958	NA	NA	NA	NA	NA	NA	NA	FALSE	Prs.NDef.3Pl (mondanak)	4938	cc training	düllestenek	NA	NA	st	NA	linking vowel always
düllest	dülleszt	[/V][Prs.NDef.2Sg]	-0.2683429089018323	462	s	t	2	düllestes	düllesztesz	es	1	-2.932984884457958	NA	NA	NA	NA	NA	NA	NA	FALSE	Prs.NDef.2Sg (mondas)	4096	cc training	düllestes	NA	NA	st	NA	linking vowel always
dülöng	dülöng	[/V][Prs.NDef.2Sg]	-0.627633515011334	202	n	g	2	dülönges	dülöngesz	es	1	-2.932984884457958	NA	NA	NA	NA	NA	NA	NA	FALSE	Prs.NDef.2Sg (mondas)	4096	cc training	dülönges	NA	NA	ng	NA	linking vowel always
faḏast	fagyaszt	[/V][Prs.1Sg›2]	1.478803120085911	25810	s	t	2	NA	NA	NA	NA	NA	lak	faḏastlak	fagyasztlak	1	-2.932984884457958	NA	NA	FALSE	Prs.1Sg›2 (mondalak)	1749	cc training	faḏastlak	l	stl	st	tl	linking vowel never
fejt	fejt	[/V][Prs.1Sg›2]	2.4782289537346416	257759	j	t	1	fejtelek	fejtelek	elek	1	-2.932984884457958	lek	fejtlek	fejtlek	1	-2.932984884457958	1	0	TRUE	Prs.1Sg›2 (mondalak)	1749	test	fejtlek	l	jtl	jt	tl	linking vowel varies
feketéll	feketéll	[/V][Prs.1Sg›2]	-0.3180876684248232	412	l	l	3	NA	NA	NA	NA	NA	ek	feketéllek	feketéllek	1	-2.932984884457958	NA	NA	FALSE	Prs.1Sg›2 (mondalak)	1749	cc training	feketéllek	e	lle	ll	le	linking vowel never
feketéll	feketéll	[/V][Prs.NDef.2Sg]	-0.3180876684248232	412	l	l	3	NA	NA	NA	NA	NA	s	feketélls	feketéllsz	1	-2.932984884457958	NA	NA	FALSE	Prs.NDef.2Sg (mondas)	4096	cc training	feketélls	s	lls	ll	ls	linking vowel never
fullast	fullaszt	[/V][Prs.1Sg›2]	0.3806714621600735	2059	s	t	2	fullastalak	fullasztalak	alak	1	-2.932984884457958	NA	NA	NA	NA	NA	NA	NA	FALSE	Prs.1Sg›2 (mondalak)	1749	cc training	fullastalak	NA	NA	st	NA	linking vowel always
fullast	fullaszt	[/V][Prs.NDef.2Pl]	0.3806714621600735	2059	s	t	2	fullastotok	fullasztotok	otok	1	-2.932984884457958	NA	NA	NA	NA	NA	NA	NA	FALSE	Prs.NDef.2Pl (mondotok)	3308	cc training	fullastotok	NA	NA	st	NA	linking vowel always
furčáll	furcsáll	[/V][Prs.NDef.2Pl]	1.280240588315443	16339	l	l	2	NA	NA	NA	NA	NA	tok	furčálltok	furcsálltok	1	-2.932984884457958	NA	NA	FALSE	Prs.NDef.2Pl (mondotok)	3308	cc training	furčálltok	t	llt	ll	lt	linking vowel never
függest	függeszt	[/V][Prs.1Sg›2]	1.769359473897811	50390	s	t	2	függestelek	függesztelek	elek	1	-2.932984884457958	lek	függestlek	függesztlek	1	-2.932984884457958	1	0	TRUE	Prs.1Sg›2 (mondalak)	1749	test	függestlek	l	stl	st	tl	linking vowel varies
füṯṯent	füttyent	[/V][Prs.NDef.2Pl]	0.5728431493968784	3205	n	t	2	füṯṯentetek	füttyentetek	etek	1	-2.932984884457958	NA	NA	NA	NA	NA	NA	NA	FALSE	Prs.NDef.2Pl (mondotok)	3308	cc training	füṯṯentetek	NA	NA	nt	NA	linking vowel always
guṉṉast	gunnyaszt	[/V][Prs.NDef.2Sg]	-0.30052759227323356	429	s	t	2	guṉṉastas	gunnyasztasz	as	1	-2.932984884457958	NA	NA	NA	NA	NA	NA	NA	FALSE	Prs.NDef.2Sg (mondas)	4096	cc training	guṉṉastas	NA	NA	st	NA	linking vowel always
guṉṉast	gunnyaszt	[/V][Prs.NDef.2Pl]	-0.30052759227323356	429	s	t	2	guṉṉastotok	gunnyasztotok	otok	1	-2.932984884457958	NA	NA	NA	NA	NA	NA	NA	FALSE	Prs.NDef.2Pl (mondotok)	3308	cc training	guṉṉastotok	NA	NA	st	NA	linking vowel always
hervast	hervaszt	[/V][Prs.1Sg›2]	-0.2490377537064457	483	s	t	2	hervastalak	hervasztalak	alak	1	-2.932984884457958	NA	NA	NA	NA	NA	NA	NA	FALSE	Prs.1Sg›2 (mondalak)	1749	cc training	hervastalak	NA	NA	st	NA	linking vowel always
hervast	hervaszt	[/V][Prs.NDef.2Sg]	-0.2490377537064457	483	s	t	2	hervastas	hervasztasz	as	1	-2.932984884457958	NA	NA	NA	NA	NA	NA	NA	FALSE	Prs.NDef.2Sg (mondas)	4096	cc training	hervastas	NA	NA	st	NA	linking vowel always
heššent	hessent	[/V][Prs.NDef.3Pl]	-0.3718835008089018	364	n	t	2	heššentenek	hessentenek	enek	1	-2.932984884457958	NA	NA	NA	NA	NA	NA	NA	FALSE	Prs.NDef.3Pl (mondanak)	4938	cc training	heššentenek	NA	NA	nt	NA	linking vowel always
hullajt	hullajt	[/V][Prs.NDef.2Pl]	0.7836860911021777	5208	j	t	2	hullajtotok	hullajtotok	otok	1	-2.932984884457958	NA	NA	NA	NA	NA	NA	NA	FALSE	Prs.NDef.2Pl (mondotok)	3308	cc training	hullajtotok	NA	NA	jt	NA	linking vowel always
hörpint	hörpint	[/V][Prs.1Sg›2]	0.264846808870945	1577	n	t	2	hörpintelek	hörpintelek	elek	1	-2.932984884457958	NA	NA	NA	NA	NA	NA	NA	FALSE	Prs.1Sg›2 (mondalak)	1749	cc training	hörpintelek	NA	NA	nt	NA	linking vowel always
izzast	izzaszt	[/V][Prs.1Sg›2]	0.5758140809459471	3227	s	t	2	izzastalak	izzasztalak	alak	1	-2.932984884457958	NA	NA	NA	NA	NA	NA	NA	FALSE	Prs.1Sg›2 (mondalak)	1749	cc training	izzastalak	NA	NA	st	NA	linking vowel always
javall	javall	[/V][Prs.1Sg›2]	1.2947990163957603	16896	l	l	2	NA	NA	NA	NA	NA	ak	javallak	javallak	1	-2.932984884457958	NA	NA	FALSE	Prs.1Sg›2 (mondalak)	1749	cc training	javallak	a	lla	ll	la	linking vowel never
kaffant	kaffant	[/V][Prs.NDef.2Sg]	-1.019171032074241	82	n	t	2	kaffantas	kaffantasz	as	1	-2.932984884457958	NA	NA	NA	NA	NA	NA	NA	FALSE	Prs.NDef.2Sg (mondas)	4096	cc training	kaffantas	NA	NA	nt	NA	linking vowel always
kaparint	kaparint	[/V][Prs.1Sg›2]	1.021257624981367	9000	n	t	3	kaparintalak	kaparintalak	alak	1	-2.932984884457958	NA	NA	NA	NA	NA	NA	NA	FALSE	Prs.1Sg›2 (mondalak)	1749	cc training	kaparintalak	NA	NA	nt	NA	linking vowel always
karbantart	karbantart	[/V][Prs.NDef.2Pl]	1.719029254892051	44876	r	t	3	karbantartotok	karbantartotok	otok	1	-2.932984884457958	NA	NA	NA	NA	NA	NA	NA	FALSE	Prs.NDef.2Pl (mondotok)	3308	cc training	karbantartotok	NA	NA	rt	NA	linking vowel always
kattant	kattant	[/V][Prs.NDef.2Sg]	-0.3914056405113769	348	n	t	2	kattantas	kattantasz	as	1	-2.932984884457958	NA	NA	NA	NA	NA	NA	NA	FALSE	Prs.NDef.2Sg (mondas)	4096	cc training	kattantas	NA	NA	nt	NA	linking vowel always
kattint	kattint	[/V][Prs.1Sg›2]	3.101250403862836	1082020	n	t	2	kattintalak	kattintalak	alak	1	-2.932984884457958	NA	NA	NA	NA	NA	NA	NA	FALSE	Prs.1Sg›2 (mondalak)	1749	cc training	kattintalak	NA	NA	nt	NA	linking vowel always
kilukast	kilukaszt	[/V][Prs.NDef.3Pl]	-0.3939087856651812	346	s	t	3	kilukastanak	kilukasztanak	anak	1	-2.932984884457958	NA	NA	NA	NA	NA	NA	NA	FALSE	Prs.NDef.3Pl (mondanak)	4938	cc training	kilukastanak	NA	NA	st	NA	linking vowel always
kilukast	kilukaszt	[/V][Prs.1Sg›2]	-0.3939087856651812	346	s	t	3	NA	NA	NA	NA	NA	lak	kilukastlak	kilukasztlak	1	-2.932984884457958	NA	NA	FALSE	Prs.1Sg›2 (mondalak)	1749	cc training	kilukastlak	l	stl	st	tl	linking vowel never
kiṉiffant	kinyiffant	[/V][Prs.NDef.2Sg]	-0.20382009476518784	536	n	t	3	kiṉiffantas	kinyiffantasz	as	1	-2.932984884457958	NA	NA	NA	NA	NA	NA	NA	FALSE	Prs.NDef.2Sg (mondas)	4096	cc training	kiṉiffantas	NA	NA	nt	NA	linking vowel always
kiriṯṯent	kirittyent	[/V][Prs.1Sg›2]	-0.43744054691150935	313	n	t	3	NA	NA	NA	NA	NA	lek	kiriṯṯentlek	kirittyentlek	1	-2.932984884457958	NA	NA	FALSE	Prs.1Sg›2 (mondalak)	1749	cc training	kiriṯṯentlek	l	ntl	nt	tl	linking vowel never
kiért	kiért	[/V][Prs.NDef.2Sg]	-0.29649698810459235	433	r	t	2	NA	NA	NA	NA	NA	s	kiérts	kiértsz	1	-2.932984884457958	NA	NA	FALSE	Prs.NDef.2Sg (mondas)	4096	cc training	kiérts	s	rts	rt	ts	linking vowel never
koccant	koccant	[/V][Prs.NDef.2Sg]	-0.4458465089807714	307	n	t	2	koccantas	koccantasz	as	1	-2.932984884457958	NA	NA	NA	NA	NA	NA	NA	FALSE	Prs.NDef.2Sg (mondas)	4096	cc training	koccantas	NA	NA	nt	NA	linking vowel always
koppant	koppant	[/V][Prs.NDef.2Pl]	0.00603489199070864	869	n	t	2	koppantotok	koppantotok	otok	1	-2.932984884457958	NA	NA	NA	NA	NA	NA	NA	FALSE	Prs.NDef.2Pl (mondotok)	3308	cc training	koppantotok	NA	NA	nt	NA	linking vowel always
koppint	koppint	[/V][Prs.1Sg›2]	1.548242693541363	30285	n	t	2	koppintalak	koppintalak	alak	1	-2.932984884457958	NA	NA	NA	NA	NA	NA	NA	FALSE	Prs.1Sg›2 (mondalak)	1749	cc training	koppintalak	NA	NA	nt	NA	linking vowel always
kurjant	kurjant	[/V][Prs.NDef.2Pl]	0.31523367673211694	1771	n	t	2	kurjantotok	kurjantotok	otok	1	-2.932984884457958	NA	NA	NA	NA	NA	NA	NA	FALSE	Prs.NDef.2Pl (mondotok)	3308	cc training	kurjantotok	NA	NA	nt	NA	linking vowel always
kéšőll	későll	[/V][Prs.NDef.3Pl]	-2.455863629738295	3	l	l	2	NA	NA	NA	NA	NA	nek	kéšőllnek	későllnek	1	-2.932984884457958	NA	NA	FALSE	Prs.NDef.3Pl (mondanak)	4938	cc training	kéšőllnek	n	lln	ll	ln	linking vowel never
kólint	kólint	[/V][Prs.NDef.2Pl]	0.27866951609522456	1628	n	t	2	kólintotok	kólintotok	otok	1	-2.932984884457958	NA	NA	NA	NA	NA	NA	NA	FALSE	Prs.NDef.2Pl (mondotok)	3308	cc training	kólintotok	NA	NA	nt	NA	linking vowel always
köpest	köpeszt	[/V][Prs.NDef.3Pl]	-1.5180115364871398	26	s	t	2	köpestenek	köpesztenek	enek	1	-2.932984884457958	NA	NA	NA	NA	NA	NA	NA	FALSE	Prs.NDef.3Pl (mondanak)	4938	cc training	köpestenek	NA	NA	st	NA	linking vowel always
lebbent	lebbent	[/V][Prs.NDef.2Sg]	0.4351159672513936	2334	n	t	2	lebbentes	lebbentesz	es	1	-2.932984884457958	NA	NA	NA	NA	NA	NA	NA	FALSE	Prs.NDef.2Sg (mondas)	4096	cc training	lebbentes	NA	NA	nt	NA	linking vowel always
lobbant	lobbant	[/V][Prs.NDef.2Pl]	1.0172338821839055	8917	n	t	2	lobbantotok	lobbantotok	otok	1	-2.932984884457958	NA	NA	NA	NA	NA	NA	NA	FALSE	Prs.NDef.2Pl (mondotok)	3308	cc training	lobbantotok	NA	NA	nt	NA	linking vowel always
lohast	lohaszt	[/V][Prs.NDef.3Pl]	0.00653436816066066	870	s	t	2	lohastanak	lohasztanak	anak	1	-2.932984884457958	NA	NA	NA	NA	NA	NA	NA	FALSE	Prs.NDef.3Pl (mondanak)	4938	cc training	lohastanak	NA	NA	st	NA	linking vowel always
jukast	lyukaszt	[/V][Prs.1Sg›2]	0.8337996310399011	5845	s	t	2	jukastalak	lyukasztalak	alak	1	-2.932984884457958	NA	NA	NA	NA	NA	NA	NA	FALSE	Prs.1Sg›2 (mondalak)	1749	cc training	jukastalak	NA	NA	st	NA	linking vowel always
löṯṯent	löttyent	[/V][Prs.NDef.2Sg]	-0.8190415321511211	130	n	t	2	löṯṯentes	löttyentesz	es	1	-2.932984884457958	NA	NA	NA	NA	NA	NA	NA	FALSE	Prs.NDef.2Sg (mondas)	4096	cc training	löṯṯentes	NA	NA	nt	NA	linking vowel always
lövell	lövell	[/V][Prs.1Sg›2]	0.8506328807327909	6076	l	l	2	NA	NA	NA	NA	NA	ek	lövellek	lövellek	1	-2.932984884457958	NA	NA	FALSE	Prs.1Sg›2 (mondalak)	1749	cc training	lövellek	e	lle	ll	le	linking vowel never
marast	maraszt	[/V][Prs.1Sg›2]	0.00951922171012292	876	s	t	2	marastalak	marasztalak	alak	1	-2.932984884457958	lak	marastlak	marasztlak	1	-2.932984884457958	1	0	TRUE	Prs.1Sg›2 (mondalak)	1749	test	marastlak	l	stl	st	tl	linking vowel varies
marast	maraszt	[/V][Prs.NDef.2Sg]	0.00951922171012292	876	s	t	2	marastas	marasztasz	as	1	-2.932984884457958	NA	NA	NA	NA	NA	NA	NA	FALSE	Prs.NDef.2Sg (mondas)	4096	cc training	marastas	NA	NA	st	NA	linking vowel always
megrettent	megrettent	[/V][Prs.NDef.2Sg]	0.09599282075082018	1069	n	t	3	megrettentes	megrettentesz	es	1	-2.932984884457958	NA	NA	NA	NA	NA	NA	NA	FALSE	Prs.NDef.2Sg (mondas)	4096	cc training	megrettentes	NA	NA	nt	NA	linking vowel always
meṉṉ	menny	[/V][Prs.NDef.2Pl]	2.293176638965162	168330	ṉ	ṉ	1	meṉṉetek	mennyetek	etek	1	-2.932984884457958	tek	meṉṉtek	mennytek	1	-2.932984884457958	1	0	TRUE	Prs.NDef.2Pl (mondotok)	3308	test	meṉṉtek	t	ṉṉt	ṉṉ	ṉt	linking vowel varies
merest	mereszt	[/V][Prs.NDef.2Pl]	0.9516972197480672	7668	s	t	2	merestetek	meresztetek	etek	1	-2.932984884457958	NA	NA	NA	NA	NA	NA	NA	FALSE	Prs.NDef.2Pl (mondotok)	3308	cc training	merestetek	NA	NA	st	NA	linking vowel always
modern	modern	[/V][Prs.NDef.3Pl]	3.2002882565744417	1359168	r	n	2	NA	NA	NA	NA	NA	nek	modernnek	modernnek	1	-2.932984884457958	NA	NA	FALSE	Prs.NDef.3Pl (mondanak)	4938	cc training	modernnek	n	rnn	rn	nn	linking vowel never
méjest	mélyeszt	[/V][Prs.NDef.2Pl]	0.435487953982404	2336	s	t	2	méjestetek	mélyesztetek	etek	1	-2.932984884457958	NA	NA	NA	NA	NA	NA	NA	FALSE	Prs.NDef.2Pl (mondotok)	3308	cc training	méjestetek	NA	NA	st	NA	linking vowel always
ṉalint	nyalint	[/V][Prs.NDef.2Sg]	-0.4529779415008072	302	n	t	2	ṉalintas	nyalintasz	as	1	-2.932984884457958	NA	NA	NA	NA	NA	NA	NA	FALSE	Prs.NDef.2Sg (mondas)	4096	cc training	ṉalintas	NA	NA	nt	NA	linking vowel always
ṉiffant	nyiffant	[/V][Prs.1Sg›2]	-0.5674968995670582	232	n	t	2	ṉiffantalak	nyiffantalak	alak	1	-2.932984884457958	NA	NA	NA	NA	NA	NA	NA	FALSE	Prs.1Sg›2 (mondalak)	1749	cc training	ṉiffantalak	NA	NA	nt	NA	linking vowel always
ṉilvántart	nyilvántart	[/V][Prs.NDef.2Pl]	1.7962285175679678	53606	r	t	3	ṉilvántartotok	nyilvántartotok	otok	1	-2.932984884457958	NA	NA	NA	NA	NA	NA	NA	FALSE	Prs.NDef.2Pl (mondotok)	3308	cc training	ṉilvántartotok	NA	NA	rt	NA	linking vowel always
odábbáll	odábbáll	[/V][Prs.NDef.2Sg]	-0.6128385983469038	209	l	l	3	NA	NA	NA	NA	NA	s	odábbálls	odábbállsz	1	-2.932984884457958	NA	NA	FALSE	Prs.NDef.2Sg (mondas)	4096	cc training	odábbálls	s	lls	ll	ls	linking vowel never
olvast	olvaszt	[/V][Prs.1Sg›2]	1.807117150142854	54967	s	t	2	NA	NA	NA	NA	NA	lak	olvastlak	olvasztlak	1	-2.932984884457958	NA	NA	FALSE	Prs.1Sg›2 (mondalak)	1749	cc training	olvastlak	l	stl	st	tl	linking vowel never
pang	pang	[/V][Prs.NDef.2Sg]	0.8573002795752839	6170	n	g	1	pangas	pangasz	as	1	-2.932984884457958	s	pangs	pangsz	1	-2.932984884457958	1	0	TRUE	Prs.NDef.2Sg (mondas)	4096	test	pangs	s	ngs	ng	gs	linking vowel varies
pillant	pillant	[/V][Prs.1Sg›2]	2.0275762625908595	91319	n	t	2	pillantalak	pillantalak	alak	1	-2.932984884457958	lak	pillantlak	pillantlak	1	-2.932984884457958	1	0	TRUE	Prs.1Sg›2 (mondalak)	1749	test	pillantlak	l	ntl	nt	tl	linking vowel varies
prüssent	prüsszent	[/V][Prs.NDef.2Pl]	-0.6407288131014818	196	n	t	2	prüssentetek	prüsszentetek	etek	1	-2.932984884457958	NA	NA	NA	NA	NA	NA	NA	FALSE	Prs.NDef.2Pl (mondotok)	3308	cc training	prüssentetek	NA	NA	nt	NA	linking vowel always
pussant	pusszant	[/V][Prs.NDef.3Pl]	-0.4766188513289148	286	n	t	2	pussantanak	pusszantanak	anak	1	-2.932984884457958	NA	NA	NA	NA	NA	NA	NA	FALSE	Prs.NDef.3Pl (mondanak)	4938	cc training	pussantanak	NA	NA	nt	NA	linking vowel always
pöṯṯent	pöttyent	[/V][Prs.NDef.2Sg]	-0.5788764453105569	226	n	t	2	pöṯṯentes	pöttyentesz	es	1	-2.932984884457958	NA	NA	NA	NA	NA	NA	NA	FALSE	Prs.NDef.2Sg (mondas)	4096	cc training	pöṯṯentes	NA	NA	nt	NA	linking vowel always
ragast	ragaszt	[/V][Prs.1Sg›2]	2.1034803212938553	108759	s	t	2	ragastalak	ragasztalak	alak	1	-2.932984884457958	NA	NA	NA	NA	NA	NA	NA	FALSE	Prs.1Sg›2 (mondalak)	1749	cc training	ragastalak	NA	NA	st	NA	linking vowel always
rajong	rajong	[/V][Prs.1Sg›2]	2.0252970219361894	90841	n	g	2	rajongalak	rajongalak	alak	1	-2.932984884457958	lak	rajonglak	rajonglak	1	-2.932984884457958	1	0	TRUE	Prs.1Sg›2 (mondalak)	1749	test	rajonglak	l	ngl	ng	gl	linking vowel varies
rezzent	rezzent	[/V][Prs.NDef.3Pl]	-0.4766188513289148	286	n	t	2	rezzentenek	rezzentenek	enek	1	-2.932984884457958	NA	NA	NA	NA	NA	NA	NA	FALSE	Prs.NDef.3Pl (mondanak)	4938	cc training	rezzentenek	NA	NA	nt	NA	linking vowel always
rezzent	rezzent	[/V][Prs.NDef.2Pl]	-0.4766188513289148	286	n	t	2	rezzentetek	rezzentetek	etek	1	-2.932984884457958	NA	NA	NA	NA	NA	NA	NA	FALSE	Prs.NDef.2Pl (mondotok)	3308	cc training	rezzentetek	NA	NA	nt	NA	linking vowel always
rikkant	rikkant	[/V][Prs.NDef.2Sg]	0.4522637979452621	2428	n	t	2	rikkantas	rikkantasz	as	1	-2.932984884457958	s	rikkants	rikkantsz	1	-2.932984884457958	1	0	TRUE	Prs.NDef.2Sg (mondas)	4096	test	rikkants	s	nts	nt	ts	linking vowel varies
rohast	rohaszt	[/V][Prs.1Sg›2]	0.2343324502902183	1470	s	t	2	rohastalak	rohasztalak	alak	1	-2.932984884457958	NA	NA	NA	NA	NA	NA	NA	FALSE	Prs.1Sg›2 (mondalak)	1749	cc training	rohastalak	NA	NA	st	NA	linking vowel always
ráért	ráért	[/V][Prs.1Sg›2]	-0.9934656318393392	87	r	t	2	ráértelek	ráértelek	elek	1	-2.932984884457958	NA	NA	NA	NA	NA	NA	NA	FALSE	Prs.1Sg›2 (mondalak)	1749	cc training	ráértelek	NA	NA	rt	NA	linking vowel always
röppent	röppent	[/V][Prs.NDef.2Pl]	-0.2436760253343376	489	n	t	2	röppentetek	röppentetek	etek	1	-2.932984884457958	NA	NA	NA	NA	NA	NA	NA	FALSE	Prs.NDef.2Pl (mondotok)	3308	cc training	röppentetek	NA	NA	nt	NA	linking vowel always
šeṉvest	senyveszt	[/V][Prs.NDef.3Pl]	-1.0139067920818838	83	s	t	2	šeṉvestenek	senyvesztenek	enek	1	-2.932984884457958	NA	NA	NA	NA	NA	NA	NA	FALSE	Prs.NDef.3Pl (mondanak)	4938	cc training	šeṉvestenek	NA	NA	st	NA	linking vowel always
seppent	szeppent	[/V][Prs.NDef.2Pl]	-0.7315877601375064	159	n	t	2	seppentetek	szeppentetek	etek	1	-2.932984884457958	NA	NA	NA	NA	NA	NA	NA	FALSE	Prs.NDef.2Pl (mondotok)	3308	cc training	seppentetek	NA	NA	nt	NA	linking vowel always
sippant	szippant	[/V][Prs.1Sg›2]	1.4127220368204705	22167	n	t	2	sippantalak	szippantalak	alak	1	-2.932984884457958	NA	NA	NA	NA	NA	NA	NA	FALSE	Prs.1Sg›2 (mondalak)	1749	cc training	sippantalak	NA	NA	nt	NA	linking vowel always
sállong	szállong	[/V][Prs.NDef.2Sg]	0.08321246905448124	1038	n	g	2	NA	NA	NA	NA	NA	s	sállongs	szállongsz	1	-2.932984884457958	NA	NA	FALSE	Prs.NDef.2Sg (mondas)	4096	cc training	sállongs	s	ngs	ng	gs	linking vowel never
sárast	száraszt	[/V][Prs.NDef.3Pl]	-0.9329848844579578	100	s	t	2	sárastanak	szárasztanak	anak	1	-2.932984884457958	NA	NA	NA	NA	NA	NA	NA	FALSE	Prs.NDef.3Pl (mondanak)	4938	cc training	sárastanak	NA	NA	st	NA	linking vowel always
šápast	sápaszt	[/V][Prs.NDef.2Sg]	-0.04200528746826889	778	s	t	2	šápastas	sápasztasz	as	1	-2.932984884457958	NA	NA	NA	NA	NA	NA	NA	FALSE	Prs.NDef.2Sg (mondas)	4096	cc training	šápastas	NA	NA	st	NA	linking vowel always
šíkrasáll	síkraszáll	[/V][Prs.NDef.2Sg]	0.1816260997742153	1302	l	l	3	NA	NA	NA	NA	NA	s	šíkrasálls	síkraszállsz	1	-2.932984884457958	NA	NA	FALSE	Prs.NDef.2Sg (mondas)	4096	cc training	šíkrasálls	s	lls	ll	ls	linking vowel never
šüvölt	süvölt	[/V][Prs.NDef.2Sg]	0.4673803888919811	2514	l	t	2	šüvöltes	süvöltesz	es	1	-2.932984884457958	NA	NA	NA	NA	NA	NA	NA	FALSE	Prs.NDef.2Sg (mondas)	4096	cc training	šüvöltes	NA	NA	lt	NA	linking vowel always
tasajt	taszajt	[/V][Prs.1Sg›2]	-0.05850306675849135	749	j	t	2	tasajtalak	taszajtalak	alak	1	-2.932984884457958	NA	NA	NA	NA	NA	NA	NA	FALSE	Prs.1Sg›2 (mondalak)	1749	cc training	tasajtalak	NA	NA	jt	NA	linking vowel always
tasajt	taszajt	[/V][Prs.NDef.2Sg]	-0.05850306675849135	749	j	t	2	tasajtas	taszajtasz	as	1	-2.932984884457958	NA	NA	NA	NA	NA	NA	NA	FALSE	Prs.NDef.2Sg (mondas)	4096	cc training	tasajtas	NA	NA	jt	NA	linking vowel always
tönkrement	tönkrement	[/V][Prs.NDef.2Pl]	1.1638556358734315	12498	n	t	3	tönkrementetek	tönkrementetek	etek	1	-2.932984884457958	NA	NA	NA	NA	NA	NA	NA	FALSE	Prs.NDef.2Pl (mondotok)	3308	cc training	tönkrementetek	NA	NA	nt	NA	linking vowel always
ugrast	ugraszt	[/V][Prs.1Sg›2]	0.8064292182407374	5488	s	t	2	NA	NA	NA	NA	NA	lak	ugrastlak	ugrasztlak	1	-2.932984884457958	NA	NA	FALSE	Prs.1Sg›2 (mondalak)	1749	cc training	ugrastlak	l	stl	st	tl	linking vowel never
villant	villant	[/V][Prs.NDef.2Pl]	1.4953605237269272	26813	n	t	2	villantotok	villantotok	otok	1	-2.932984884457958	NA	NA	NA	NA	NA	NA	NA	FALSE	Prs.NDef.2Pl (mondotok)	3308	cc training	villantotok	NA	NA	nt	NA	linking vowel always
végrehajt	végrehajt	[/V][Prs.1Sg›2]	2.3635815912942486	197955	j	t	3	végrehajtalak	végrehajtalak	alak	1	-2.932984884457958	NA	NA	NA	NA	NA	NA	NA	FALSE	Prs.1Sg›2 (mondalak)	1749	cc training	végrehajtalak	NA	NA	jt	NA	linking vowel always
žibbast	zsibbaszt	[/V][Prs.NDef.2Sg]	0.02366369474724546	905	s	t	2	žibbastas	zsibbasztasz	as	1	-2.932984884457958	NA	NA	NA	NA	NA	NA	NA	FALSE	Prs.NDef.2Sg (mondas)	4096	cc training	žibbastas	NA	NA	st	NA	linking vowel always
žibong	zsibong	[/V][Prs.NDef.2Sg]	0.3890275541244426	2099	n	g	2	žibongas	zsibongasz	as	1	-2.932984884457958	NA	NA	NA	NA	NA	NA	NA	FALSE	Prs.NDef.2Sg (mondas)	4096	cc training	žibongas	NA	NA	ng	NA	linking vowel always
žong	zsong	[/V][Prs.NDef.2Pl]	0.9725411639770906	8045	n	g	1	NA	NA	NA	NA	NA	tok	žongtok	zsongtok	1	-2.932984884457958	NA	NA	FALSE	Prs.NDef.2Pl (mondotok)	3308	cc training	žongtok	t	ngt	ng	gt	linking vowel never
zökkent	zökkent	[/V][Prs.1Sg›2]	0.802614015240222	5440	n	t	2	zökkentelek	zökkentelek	elek	1	-2.932984884457958	NA	NA	NA	NA	NA	NA	NA	FALSE	Prs.1Sg›2 (mondalak)	1749	cc training	zökkentelek	NA	NA	nt	NA	linking vowel always
zökkent	zökkent	[/V][Prs.NDef.2Pl]	0.802614015240222	5440	n	t	2	zökkentetek	zökkentetek	etek	1	-2.932984884457958	NA	NA	NA	NA	NA	NA	NA	FALSE	Prs.NDef.2Pl (mondotok)	3308	cc training	zökkentetek	NA	NA	nt	NA	linking vowel always
állong	állong	[/V][Prs.NDef.2Sg]	-0.623354717032059	204	n	g	2	NA	NA	NA	NA	NA	s	állongs	állongsz	1	-2.932984884457958	NA	NA	FALSE	Prs.NDef.2Sg (mondas)	4096	cc training	állongs	s	ngs	ng	gs	linking vowel never
általért	általért	[/V][Prs.NDef.2Sg]	-1.7868568487797198	14	r	t	3	általértes	általértesz	es	1	-2.932984884457958	NA	NA	NA	NA	NA	NA	NA	FALSE	Prs.NDef.2Sg (mondas)	4096	cc training	általértes	NA	NA	rt	NA	linking vowel always
átall	átall	[/V][Prs.1Sg›2]	1.0077805511732596	8725	l	l	2	NA	NA	NA	NA	NA	ak	átallak	átallak	1	-2.932984884457958	NA	NA	FALSE	Prs.1Sg›2 (mondalak)	1749	cc training	átallak	a	lla	ll	la	linking vowel never
átért	átért	[/V][Prs.1Sg›2]	-0.4827357761385967	282	r	t	2	átértelek	átértelek	elek	1	-2.932984884457958	NA	NA	NA	NA	NA	NA	NA	FALSE	Prs.1Sg›2 (mondalak)	1749	cc training	átértelek	NA	NA	rt	NA	linking vowel always
átért	átért	[/V][Prs.NDef.3Pl]	-0.4827357761385967	282	r	t	2	átértenek	átértenek	enek	1	-2.932984884457958	NA	NA	NA	NA	NA	NA	NA	FALSE	Prs.NDef.3Pl (mondanak)	4938	cc training	átértenek	NA	NA	rt	NA	linking vowel always
